year,college_code,college_name,major_code,major_name,plan_count,min_score,min_rank
2022,0001,浙江大学（一流大学建设高校）,001,人文科学试验班,85,663,3573
2022,0001,浙江大学（一流大学建设高校）,002,新闻传播学类,59,664,3329
2022,0001,浙江大学（一流大学建设高校）,003,外国语言文学类,10,665,3044
2022,0001,浙江大学（一流大学建设高校）,006,社会科学试验班,182,668,2479
2022,0001,浙江大学（一流大学建设高校）,007,社会科学试验班(竺可桢学院人文社科实验班),5,683,491
2022,0001,浙江大学（一流大学建设高校）,008,社会科学试验班(数字法治卓越班),4,680,717
2022,0001,浙江大学（一流大学建设高校）,009,社会科学试验班(智能财务荣誉项目班),4,683,463
2022,0001,浙江大学（一流大学建设高校）,010,理科试验班类,95,671,1822
2022,0001,浙江大学（一流大学建设高校）,011,理科试验班(生命、环境、化学与地学),130,659,4733
2022,0001,浙江大学（一流大学建设高校）,012,工科试验班,394,664,3275
2022,0001,浙江大学（一流大学建设高校）,013,工科试验班(建筑与土木),170,659,4879
2022,0001,浙江大学（一流大学建设高校）,014,工科试验班(材料、化工与高分子),168,656,5713
2022,0001,浙江大学（一流大学建设高校）,015,工科试验班(信息),245,674,1397
2022,0001,浙江大学（一流大学建设高校）,016,工科试验班(竺可桢学院图灵班),3,686,349
2022,0001,浙江大学（一流大学建设高校）,017,医学试验班(竺可桢学院巴德年医学班),25,681,649
2022,0001,浙江大学（一流大学建设高校）,018,工科试验班(海洋),83,651,7697
2022,0001,浙江大学（一流大学建设高校）,019,海洋科学,24,653,6731
2022,0001,浙江大学（一流大学建设高校）,020,应用生物科学(农学),170,652,7137
2022,0001,浙江大学（一流大学建设高校）,021,应用生物科学(生工食品),24,656,5623
2022,0002,中国美术学院（一流学科建设高校）（省重点建设高校）,003,艺术学理论类,20,622,26361
2022,0002,中国美术学院（一流学科建设高校）（省重点建设高校）,009,风景园林,15,627,22262
2022,0002,中国美术学院（一流学科建设高校）（省重点建设高校）,010,工业设计,35,612,35158
2022,0003,浙江工业大学（入选“2011计划”高校）（省重点建设高校）,001,健行学院实验班(人文社科),10,641,13003
2022,0003,浙江工业大学（入选“2011计划”高校）（省重点建设高校）,002,健行学院实验班(理工),20,639,13721
2022,0003,浙江工业大学（入选“2011计划”高校）（省重点建设高校）,003,化工与制药类(化学工程类),154,605,42087
2022,0003,浙江工业大学（入选“2011计划”高校）（省重点建设高校）,004,化学工程与工艺(卓越工程师),30,616,31413
2022,0003,浙江工业大学（入选“2011计划”高校）（省重点建设高校）,005,安全工程,14,613,34090
2022,0003,浙江工业大学（入选“2011计划”高校）（省重点建设高校）,006,生物工程类,74,610,37452
2022,0003,浙江工业大学（入选“2011计划”高校）（省重点建设高校）,007,药学类(“2011计划”创新实验区),158,614,33421
2022,0003,浙江工业大学（入选“2011计划”高校）（省重点建设高校）,008,环境科学与工程类,55,608,39426
2022,0003,浙江工业大学（入选“2011计划”高校）（省重点建设高校）,009,材料类,41,602,45936
2022,0003,浙江工业大学（入选“2011计划”高校）（省重点建设高校）,010,食品科学与工程类,57,607,40230
2022,0003,浙江工业大学（入选“2011计划”高校）（省重点建设高校）,011,机械类,127,611,36389
2022,0003,浙江工业大学（入选“2011计划”高校）（省重点建设高校）,012,机械工程(卓越工程师),30,618,29523
2022,0003,浙江工业大学（入选“2011计划”高校）（省重点建设高校）,013,机器人工程,53,619,29019
2022,0003,浙江工业大学（入选“2011计划”高校）（省重点建设高校）,014,电气类,76,617,31055
2022,0003,浙江工业大学（入选“2011计划”高校）（省重点建设高校）,015,电子信息类,94,620,28002
2022,0003,浙江工业大学（入选“2011计划”高校）（省重点建设高校）,016,计算机类,214,624,24348
2022,0003,浙江工业大学（入选“2011计划”高校）（省重点建设高校）,017,数据科学与大数据技术,18,624,24855
2022,0003,浙江工业大学（入选“2011计划”高校）（省重点建设高校）,018,土木类,67,609,38434
2022,0003,浙江工业大学（入选“2011计划”高校）（省重点建设高校）,019,数学类,48,616,31359
2022,0003,浙江工业大学（入选“2011计划”高校）（省重点建设高校）,020,物理学类(物理与光电信息类),48,615,32558
2022,0003,浙江工业大学（入选“2011计划”高校）（省重点建设高校）,021,工商管理类,121,619,29360
2022,0003,浙江工业大学（入选“2011计划”高校）（省重点建设高校）,022,管理科学与工程类,44,613,34373
2022,0003,浙江工业大学（入选“2011计划”高校）（省重点建设高校）,023,金融学,68,622,26453
2022,0003,浙江工业大学（入选“2011计划”高校）（省重点建设高校）,024,国际经济与贸易,43,622,26478
2022,0003,浙江工业大学（入选“2011计划”高校）（省重点建设高校）,025,应用心理学,24,618,30321
2022,0003,浙江工业大学（入选“2011计划”高校）（省重点建设高校）,026,英语,132,613,34121
2022,0003,浙江工业大学（入选“2011计划”高校）（省重点建设高校）,027,日语,29,609,38235
2022,0003,浙江工业大学（入选“2011计划”高校）（省重点建设高校）,028,汉语言文学,74,627,22087
2022,0003,浙江工业大学（入选“2011计划”高校）（省重点建设高校）,029,新闻传播学类,75,625,24087
2022,0003,浙江工业大学（入选“2011计划”高校）（省重点建设高校）,030,建筑类,90,618,30214
2022,0003,浙江工业大学（入选“2011计划”高校）（省重点建设高校）,031,工业设计,34,619,29252
2022,0003,浙江工业大学（入选“2011计划”高校）（省重点建设高校）,033,法学,78,628,21884
2022,0003,浙江工业大学（入选“2011计划”高校）（省重点建设高校）,034,公共管理类,71,614,33414
2022,0003,浙江工业大学（入选“2011计划”高校）（省重点建设高校）,037,软件工程(中外合作办学),64,608,39396
2022,0003,浙江工业大学（入选“2011计划”高校）（省重点建设高校）,038,土木工程(中外合作办学),27,595,53119
2022,0004,浙江师范大学（省重点建设高校）,001,文科试验班类,28,651,7812
2022,0004,浙江师范大学（省重点建设高校）,002,理科试验班类,28,642,12191
2022,0004,浙江师范大学（省重点建设高校）,003,理科试验班类,30,636,15830
2022,0004,浙江师范大学（省重点建设高校）,004,理科试验班类,29,616,31291
2022,0004,浙江师范大学（省重点建设高校）,005,理科试验班,29,635,16280
2022,0004,浙江师范大学（省重点建设高校）,006,工商管理类,128,601,47143
2022,0004,浙江师范大学（省重点建设高校）,007,经济与贸易类,67,600,47543
2022,0004,浙江师范大学（省重点建设高校）,008,法学类,134,619,29390
2022,0004,浙江师范大学（省重点建设高校）,009,思想政治教育(师范),35,641,12630
2022,0004,浙江师范大学（省重点建设高校）,010,小学教育(师范),25,642,11955
2022,0004,浙江师范大学（省重点建设高校）,011,教育技术学(师范),35,623,25174
2022,0004,浙江师范大学（省重点建设高校）,012,应用心理学(师范),46,626,23314
2022,0004,浙江师范大学（省重点建设高校）,013,学前教育(师范),176,607,40793
2022,0004,浙江师范大学（省重点建设高校）,016,汉语言文学(师范),60,645,10482
2022,0004,浙江师范大学（省重点建设高校）,017,历史学(师范),30,642,11958
2022,0004,浙江师范大学（省重点建设高校）,018,外国语言文学类,176,628,21639
2022,0004,浙江师范大学（省重点建设高校）,019,法语,25,616,32054
2022,0004,浙江师范大学（省重点建设高校）,026,文化产业管理,20,613,34177
2022,0004,浙江师范大学（省重点建设高校）,029,计算机类,101,603,44612
2022,0004,浙江师范大学（省重点建设高校）,030,软件工程(中外合作办学),18,592,57167
2022,0004,浙江师范大学（省重点建设高校）,031,数学与应用数学(师范),63,631,18985
2022,0004,浙江师范大学（省重点建设高校）,032,物理学类,109,607,40374
2022,0004,浙江师范大学（省重点建设高校）,033,电子信息类,73,598,50378
2022,0004,浙江师范大学（省重点建设高校）,034,生物科学类,159,624,24525
2022,0004,浙江师范大学（省重点建设高校）,035,化学(师范),66,623,25425
2022,0004,浙江师范大学（省重点建设高校）,036,药学,25,606,41187
2022,0004,浙江师范大学（省重点建设高校）,037,地理科学(师范),29,640,13621
2022,0004,浙江师范大学（省重点建设高校）,038,城乡规划,30,603,44239
2022,0004,浙江师范大学（省重点建设高校）,039,环境科学与工程,35,599,48609
2022,0004,浙江师范大学（省重点建设高校）,040,交通运输,56,594,54067
2022,0004,浙江师范大学（省重点建设高校）,041,工业设计,15,593,55611
2022,0004,浙江师范大学（省重点建设高校）,042,智能制造工程,30,598,49683
2022,0004,浙江师范大学（省重点建设高校）,043,机器人工程,18,597,50719
2022,0004,浙江师范大学（省重点建设高校）,044,汉语国际教育(师范),54,626,22966
2022,0004,浙江师范大学（省重点建设高校）,045,人工智能,15,613,34615
2022,0005,宁波大学（一流学科建设高校）（省重点建设高校）,001,工程力学(拔尖人才创新班),5,627,22366
2022,0005,宁波大学（一流学科建设高校）（省重点建设高校）,002,通信工程(拔尖人才创新班),20,627,22199
2022,0005,宁波大学（一流学科建设高校）（省重点建设高校）,003,水产养殖学(拔尖人才创新班),5,612,34927
2022,0005,宁波大学（一流学科建设高校）（省重点建设高校）,004,经济学类,229,610,36964
2022,0005,宁波大学（一流学科建设高校）（省重点建设高校）,005,工商管理类,187,611,36334
2022,0005,宁波大学（一流学科建设高校）（省重点建设高校）,006,信息管理与信息系统,19,613,34431
2022,0005,宁波大学（一流学科建设高校）（省重点建设高校）,007,工商管理(中加学分互认),28,602,45823
2022,0005,宁波大学（一流学科建设高校）（省重点建设高校）,008,法学类,161,629,21092
2022,0005,宁波大学（一流学科建设高校）（省重点建设高校）,009,行政管理,30,614,33714
2022,0005,宁波大学（一流学科建设高校）（省重点建设高校）,010,应用心理学,53,617,31202
2022,0005,宁波大学（一流学科建设高校）（省重点建设高校）,011,小学教育(师范),30,629,20622
2022,0005,宁波大学（一流学科建设高校）（省重点建设高校）,012,学前教育(师范),10,607,40547
2022,0005,宁波大学（一流学科建设高校）（省重点建设高校）,014,思想政治教育(师范),28,631,19537
2022,0005,宁波大学（一流学科建设高校）（省重点建设高校）,015,中国语言文学类,55,631,19572
2022,0005,宁波大学（一流学科建设高校）（省重点建设高校）,016,传播学,50,624,24841
2022,0005,宁波大学（一流学科建设高校）（省重点建设高校）,017,历史学,36,624,24964
2022,0005,宁波大学（一流学科建设高校）（省重点建设高校）,018,地理科学(师范),10,629,20871
2022,0005,宁波大学（一流学科建设高校）（省重点建设高校）,019,英语,150,619,28779
2022,0005,宁波大学（一流学科建设高校）（省重点建设高校）,020,德语,42,608,39732
2022,0005,宁波大学（一流学科建设高校）（省重点建设高校）,021,日语,45,608,39119
2022,0005,宁波大学（一流学科建设高校）（省重点建设高校）,022,英语(师范),28,631,19025
2022,0005,宁波大学（一流学科建设高校）（省重点建设高校）,023,建筑学,25,613,34786
2022,0005,宁波大学（一流学科建设高校）（省重点建设高校）,024,工业设计,20,608,39378
2022,0005,宁波大学（一流学科建设高校）（省重点建设高校）,028,微电子科学与工程,20,613,34162
2022,0005,宁波大学（一流学科建设高校）（省重点建设高校）,029,物理学,10,608,38941
2022,0005,宁波大学（一流学科建设高校）（省重点建设高校）,030,数学类,36,618,29820
2022,0005,宁波大学（一流学科建设高校）（省重点建设高校）,031,化学类,31,602,46006
2022,0005,宁波大学（一流学科建设高校）（省重点建设高校）,032,化学工程与工艺,17,604,43538
2022,0005,宁波大学（一流学科建设高校）（省重点建设高校）,033,机械类,40,606,41510
2022,0005,宁波大学（一流学科建设高校）（省重点建设高校）,034,智能制造工程,20,615,32268
2022,0005,宁波大学（一流学科建设高校）（省重点建设高校）,035,机械设计制造及其自动化(国际贸易班),20,604,43224
2022,0005,宁波大学（一流学科建设高校）（省重点建设高校）,036,电子信息类,176,609,38259
2022,0005,宁波大学（一流学科建设高校）（省重点建设高校）,037,计算机科学与技术,72,618,29919
2022,0005,宁波大学（一流学科建设高校）（省重点建设高校）,038,土木工程,45,600,47970
2022,0005,宁波大学（一流学科建设高校）（省重点建设高校）,039,环境工程,5,610,37244
2022,0005,宁波大学（一流学科建设高校）（省重点建设高校）,042,船舶与海洋工程,5,601,46605
2022,0005,宁波大学（一流学科建设高校）（省重点建设高校）,043,物流管理,70,602,45927
2022,0005,宁波大学（一流学科建设高校）（省重点建设高校）,044,生物科学类,25,605,42816
2022,0005,宁波大学（一流学科建设高校）（省重点建设高校）,045,海洋药学,10,605,43066
2022,0005,宁波大学（一流学科建设高校）（省重点建设高校）,046,食品科学与工程,28,604,43583
2022,0005,宁波大学（一流学科建设高校）（省重点建设高校）,047,临床医学,180,610,37012
2022,0005,宁波大学（一流学科建设高校）（省重点建设高校）,048,预防医学,54,609,38335
2022,0005,宁波大学（一流学科建设高校）（省重点建设高校）,049,工程力学,15,616,31354
2022,0005,宁波大学（一流学科建设高校）（省重点建设高校）,050,物理学(师范),10,611,36066
2022,0005,宁波大学（一流学科建设高校）（省重点建设高校）,051,数学与应用数学(拔尖人才创新班),20,619,28862
2022,0005,宁波大学（一流学科建设高校）（省重点建设高校）,052,物理学(拔尖人才创新班),12,618,29621
2022,0005,宁波大学（一流学科建设高校）（省重点建设高校）,053,生物技术(拔尖人才创新班),7,622,26300
2022,0005,宁波大学（一流学科建设高校）（省重点建设高校）,054,旅游管理(中外合作办学)(中法合作),20,590,59432
2022,0005,宁波大学（一流学科建设高校）（省重点建设高校）,055,人文地理与城乡规划(中外合作办学)(中法合作),12,601,46471
2022,0005,宁波大学（一流学科建设高校）（省重点建设高校）,057,数学与应用数学(中外合作办学)(中美合作，精算科学与风险管理)投档单,15,599,48903
2022,0005,宁波大学（一流学科建设高校）（省重点建设高校）,058,阳明创新班(人文),10,644,11244
2022,0005,宁波大学（一流学科建设高校）（省重点建设高校）,059,阳明创新班(理工),20,634,16878
2022,0006,杭州电子科技大学（省重点建设高校）,001,计算机类,254,632,18339
2022,0006,杭州电子科技大学（省重点建设高校）,002,电子信息类(电子信息学院),234,621,27436
2022,0006,杭州电子科技大学（省重点建设高校）,003,数字媒体技术,65,622,26106
2022,0006,杭州电子科技大学（省重点建设高校）,004,网络工程,35,625,23877
2022,0006,杭州电子科技大学（省重点建设高校）,005,电子信息类(通信学院),175,617,30535
2022,0006,杭州电子科技大学（省重点建设高校）,006,电气工程及其自动化,35,617,30519
2022,0006,杭州电子科技大学（省重点建设高校）,007,自动化,85,616,31438
2022,0006,杭州电子科技大学（省重点建设高校）,008,管理科学与工程类,25,612,35017
2022,0006,杭州电子科技大学（省重点建设高校）,009,统计学,50,614,33789
2022,0006,杭州电子科技大学（省重点建设高校）,010,会计学,160,621,27343
2022,0006,杭州电子科技大学（省重点建设高校）,011,审计学,32,619,28690
2022,0006,杭州电子科技大学（省重点建设高校）,012,财务管理,33,617,30786
2022,0006,杭州电子科技大学（省重点建设高校）,013,工商管理类,79,607,40841
2022,0006,杭州电子科技大学（省重点建设高校）,014,经济学类,54,608,39425
2022,0006,杭州电子科技大学（省重点建设高校）,015,法学,58,616,32000
2022,0006,杭州电子科技大学（省重点建设高校）,016,英语,80,607,40689
2022,0006,杭州电子科技大学（省重点建设高校）,017,智能制造工程,105,620,27838
2022,0006,杭州电子科技大学（省重点建设高校）,018,智能科学与技术,156,628,21782
2022,0006,杭州电子科技大学（省重点建设高校）,019,网络空间安全,75,626,22776
2022,0006,杭州电子科技大学（省重点建设高校）,020,经管类实验班,15,636,15775
2022,0006,杭州电子科技大学（省重点建设高校）,021,理工类实验班,35,640,13197
2022,0006,杭州电子科技大学（省重点建设高校）,023,计算机科学与技术(中外合作办学),60,615,32871
2022,0006,杭州电子科技大学（省重点建设高校）,024,自动化(中外合作办学),25,609,38339
2022,0007,浙江工商大学（省重点建设高校）,001,哲学,15,609,38911
2022,0007,浙江工商大学（省重点建设高校）,002,经济学类,207,604,43909
2022,0007,浙江工商大学（省重点建设高校）,003,经济统计学,48,626,23256
2022,0007,浙江工商大学（省重点建设高校）,004,金融学类,166,613,34408
2022,0007,浙江工商大学（省重点建设高校）,005,保险学,11,602,46000
2022,0007,浙江工商大学（省重点建设高校）,006,法学类,140,632,18566
2022,0007,浙江工商大学（省重点建设高校）,007,社会工作,14,608,39876
2022,0007,浙江工商大学（省重点建设高校）,008,汉语言文学,23,624,24956
2022,0007,浙江工商大学（省重点建设高校）,009,法语,10,612,34906
2022,0007,浙江工商大学（省重点建设高校）,010,阿拉伯语,7,595,53237
2022,0007,浙江工商大学（省重点建设高校）,011,日语,52,600,48342
2022,0007,浙江工商大学（省重点建设高校）,012,新闻传播学类,50,616,31472
2022,0007,浙江工商大学（省重点建设高校）,013,历史学,14,622,25984
2022,0007,浙江工商大学（省重点建设高校）,014,数学与应用数学,12,604,43294
2022,0007,浙江工商大学（省重点建设高校）,015,应用统计学,33,624,24971
2022,0007,浙江工商大学（省重点建设高校）,016,电子信息类,64,602,45260
2022,0007,浙江工商大学（省重点建设高校）,017,计算机类,127,606,41223
2022,0007,浙江工商大学（省重点建设高校）,018,物联网工程,3,606,41289
2022,0007,浙江工商大学（省重点建设高校）,019,给排水科学与工程,2,600,47589
2022,0007,浙江工商大学（省重点建设高校）,020,环境科学与工程类,29,594,54788
2022,0007,浙江工商大学（省重点建设高校）,021,食品科学与工程类,61,594,54202
2022,0007,浙江工商大学（省重点建设高校）,022,城乡规划,30,601,46823
2022,0007,浙江工商大学（省重点建设高校）,023,生物工程,29,595,53431
2022,0007,浙江工商大学（省重点建设高校）,024,工商管理类,222,603,45059
2022,0007,浙江工商大学（省重点建设高校）,025,会计学,203,619,29403
2022,0007,浙江工商大学（省重点建设高校）,026,公共管理类,168,595,53949
2022,0007,浙江工商大学（省重点建设高校）,027,电子商务类,20,595,54023
2022,0007,浙江工商大学（省重点建设高校）,028,旅游管理类,45,593,56155
2022,0007,浙江工商大学（省重点建设高校）,033,数据科学与大数据技术,45,605,42782
2022,0007,浙江工商大学（省重点建设高校）,034,外国语言文学类,142,603,45111
2022,0007,浙江工商大学（省重点建设高校）,035,信息管理与信息系统(大数据管理创新班),30,602,45871
2022,0007,浙江工商大学（省重点建设高校）,036,金融学(培养小微、普惠金融人才),100,597,51396
2022,0007,浙江工商大学（省重点建设高校）,037,电子信息工程(中外合作办学),63,586,63382
2022,0007,浙江工商大学（省重点建设高校）,038,通信工程(中外合作办学),63,581,69050
2022,0008,浙江理工大学（省重点建设高校）,001,数学类(按数理类培养),44,601,46712
2022,0008,浙江理工大学（省重点建设高校）,002,化学类,28,595,53101
2022,0008,浙江理工大学（省重点建设高校）,003,应用心理学,30,607,40961
2022,0008,浙江理工大学（省重点建设高校）,004,新能源材料与器件,6,604,43307
2022,0008,浙江理工大学（省重点建设高校）,005,纺织类,15,594,54448
2022,0008,浙江理工大学（省重点建设高校）,006,丝绸设计与工程,5,595,53733
2022,0008,浙江理工大学（省重点建设高校）,007,材料类,28,593,55295
2022,0008,浙江理工大学（省重点建设高校）,008,服装设计与工程,38,595,53766
2022,0008,浙江理工大学（省重点建设高校）,009,电子信息类,47,608,39589
2022,0008,浙江理工大学（省重点建设高校）,010,计算机类,171,609,38486
2022,0008,浙江理工大学（省重点建设高校）,011,机械类,95,596,52190
2022,0008,浙江理工大学（省重点建设高校）,012,电气类,67,600,48208
2022,0008,浙江理工大学（省重点建设高校）,013,测控技术与仪器,7,600,48195
2022,0008,浙江理工大学（省重点建设高校）,014,能源与动力工程,15,605,42665
2022,0008,浙江理工大学（省重点建设高校）,015,土木类,30,595,55986
2022,0008,浙江理工大学（省重点建设高校）,016,建筑类,70,598,49749
2022,0008,浙江理工大学（省重点建设高校）,017,生物科学类,29,597,51091
2022,0008,浙江理工大学（省重点建设高校）,018,国际经济与贸易(英文授课班),20,596,52289
2022,0008,浙江理工大学（省重点建设高校）,019,工商管理(英文授课班),14,595,53957
2022,0008,浙江理工大学（省重点建设高校）,020,经济与贸易类,135,595,52983
2022,0008,浙江理工大学（省重点建设高校）,021,工商管理类,119,597,51569
2022,0008,浙江理工大学（省重点建设高校）,022,信息管理与信息系统,11,605,42525
2022,0008,浙江理工大学（省重点建设高校）,023,大数据管理与应用,25,606,41281
2022,0008,浙江理工大学（省重点建设高校）,024,工业设计,18,605,42154
2022,0008,浙江理工大学（省重点建设高校）,025,新闻传播学类,78,608,39375
2022,0008,浙江理工大学（省重点建设高校）,026,法学,79,614,33933
2022,0008,浙江理工大学（省重点建设高校）,027,外国语言文学类,94,597,50711
2022,0008,浙江理工大学（省重点建设高校）,028,公共管理类,36,599,49377
2022,0008,浙江理工大学（省重点建设高校）,029,启新卓越实验班,91,619,29146
2022,0008,浙江理工大学（省重点建设高校）,030,服装设计与工程(中外合作办学)(中美合作),30,580,70798
2022,0009,温州医科大学（省重点建设高校）,001,眼视光医学(5+3一体化),10,657,5298
2022,0009,温州医科大学（省重点建设高校）,002,眼视光医学,31,646,10240
2022,0009,温州医科大学（省重点建设高校）,003,眼视光医学(新医科班),9,654,6707
2022,0009,温州医科大学（省重点建设高校）,004,生物医学工程(眼视光工程新工科班),6,637,15244
2022,0009,温州医科大学（省重点建设高校）,005,临床医学(5+3一体化),41,651,7811
2022,0009,温州医科大学（省重点建设高校）,006,临床医学,303,631,19448
2022,0009,温州医科大学（省重点建设高校）,007,临床医学(5+3一体化，老年医学方向),5,646,10214
2022,0009,温州医科大学（省重点建设高校）,008,临床医学(新医科班),13,649,8631
2022,0009,温州医科大学（省重点建设高校）,009,医学影像技术,42,607,40528
2022,0009,温州医科大学（省重点建设高校）,010,临床医学(5+3一体化，儿科学方向),14,646,9995
2022,0009,温州医科大学（省重点建设高校）,011,儿科学,41,624,24758
2022,0009,温州医科大学（省重点建设高校）,012,临床医学(5+3一体化，麻醉学方向),5,649,8792
2022,0009,温州医科大学（省重点建设高校）,013,麻醉学,54,626,22703
2022,0009,温州医科大学（省重点建设高校）,014,临床医学(5+3一体化，精神医学方向),5,645,10655
2022,0009,温州医科大学（省重点建设高校）,015,精神医学,46,613,34656
2022,0009,温州医科大学（省重点建设高校）,016,临床医学(5+3一体化，放射医学方向),5,645,10622
2022,0009,温州医科大学（省重点建设高校）,017,放射医学,24,613,34355
2022,0009,温州医科大学（省重点建设高校）,018,口腔医学,28,647,9397
2022,0009,温州医科大学（省重点建设高校）,019,中医学,23,625,24125
2022,0009,温州医科大学（省重点建设高校）,020,临床医学(中外合作办学),50,619,28835
2022,0009,温州医科大学（省重点建设高校）,021,预防医学,82,613,34352
2022,0009,温州医科大学（省重点建设高校）,022,医学影像学,54,620,28106
2022,0009,温州医科大学（省重点建设高校）,023,临床药学,43,612,35156
2022,0009,温州医科大学（省重点建设高校）,024,基础医学,12,608,39947
2022,0009,温州医科大学（省重点建设高校）,025,卫生检验与检疫,28,607,40987
2022,0009,温州医科大学（省重点建设高校）,026,医学检验技术,82,606,41087
2022,0009,温州医科大学（省重点建设高校）,027,应用心理学,17,602,45715
2022,0009,温州医科大学（省重点建设高校）,028,药学类,129,596,52690
2022,0009,温州医科大学（省重点建设高校）,029,生物技术,16,595,53747
2022,0009,温州医科大学（省重点建设高校）,030,康复治疗学,96,591,58402
2022,0009,温州医科大学（省重点建设高校）,031,生物医学工程,31,592,56570
2022,0009,温州医科大学（省重点建设高校）,032,助产学,21,591,57797
2022,0009,温州医科大学（省重点建设高校）,033,信息管理与信息系统,63,580,70718
2022,0009,温州医科大学（省重点建设高校）,034,公共管理类,240,576,75626
2022,0009,温州医科大学（省重点建设高校）,035,护理学,555,573,78779
2022,0009,温州医科大学（省重点建设高校）,036,临床医学(5+3一体化，医学影像学方向),5,646,9831
2022,0009,温州医科大学（省重点建设高校）,037,临床医学(检验医师培养试验班),13,639,13840
2022,0009,温州医科大学（省重点建设高校）,038,药学(生物药学创新实验班),20,612,35452
2022,0009,温州医科大学（省重点建设高校）,501,眼视光技术,60,543,115393
2022,0010,浙江海洋大学（省市共建重点高校）,001,海洋科学类(星颉实验班),30,589,60268
2022,0010,浙江海洋大学（省市共建重点高校）,002,海洋科学类,87,574,77540
2022,0010,浙江海洋大学（省市共建重点高校）,003,生物科学,70,574,77775
2022,0010,浙江海洋大学（省市共建重点高校）,004,水产养殖学,26,572,80530
2022,0010,浙江海洋大学（省市共建重点高校）,005,海洋资源与环境,45,572,80507
2022,0010,浙江海洋大学（省市共建重点高校）,006,海洋渔业科学与技术,16,572,80712
2022,0010,浙江海洋大学（省市共建重点高校）,007,水族科学与技术,13,571,81484
2022,0010,浙江海洋大学（省市共建重点高校）,008,食品科学与工程,54,574,78318
2022,0010,浙江海洋大学（省市共建重点高校）,009,食品质量与安全,28,576,76231
2022,0010,浙江海洋大学（省市共建重点高校）,010,药学,72,577,74890
2022,0010,浙江海洋大学（省市共建重点高校）,011,船舶与海洋工程,11,572,80234
2022,0010,浙江海洋大学（省市共建重点高校）,012,船舶与海洋工程(中外合作办学),7,566,87249
2022,0010,浙江海洋大学（省市共建重点高校）,013,海洋工程与技术,8,573,79242
2022,0010,浙江海洋大学（省市共建重点高校）,014,轮机工程(船机修造方向),18,577,73997
2022,0010,浙江海洋大学（省市共建重点高校）,015,能源与动力工程,25,576,75618
2022,0010,浙江海洋大学（省市共建重点高校）,016,交通管理,25,581,69963
2022,0010,浙江海洋大学（省市共建重点高校）,017,电气工程及其自动化,49,576,75169
2022,0010,浙江海洋大学（省市共建重点高校）,018,机械设计制造及其自动化,35,575,76593
2022,0010,浙江海洋大学（省市共建重点高校）,019,机械电子工程,16,576,75417
2022,0010,浙江海洋大学（省市共建重点高校）,020,土木工程,32,573,79285
2022,0010,浙江海洋大学（省市共建重点高校）,021,港口航道与海岸工程,24,571,81927
2022,0010,浙江海洋大学（省市共建重点高校）,022,油气储运工程,17,570,83153
2022,0010,浙江海洋大学（省市共建重点高校）,023,海洋油气工程,10,570,82418
2022,0010,浙江海洋大学（省市共建重点高校）,024,化学工程与工艺,25,573,79854
2022,0010,浙江海洋大学（省市共建重点高校）,025,环境科学与工程,42,573,79693
2022,0010,浙江海洋大学（省市共建重点高校）,026,安全工程,17,572,81140
2022,0010,浙江海洋大学（省市共建重点高校）,027,数据科学与大数据技术,42,581,70033
2022,0010,浙江海洋大学（省市共建重点高校）,028,机器人工程,20,577,73927
2022,0010,浙江海洋大学（省市共建重点高校）,029,计算机科学与技术,50,583,67467
2022,0010,浙江海洋大学（省市共建重点高校）,030,电子信息工程,30,579,71673
2022,0010,浙江海洋大学（省市共建重点高校）,031,数学与应用数学(师范),54,583,66825
2022,0010,浙江海洋大学（省市共建重点高校）,032,物理学(师范),36,577,73877
2022,0010,浙江海洋大学（省市共建重点高校）,033,行政管理,68,581,69368
2022,0010,浙江海洋大学（省市共建重点高校）,034,经济学,65,584,65580
2022,0010,浙江海洋大学（省市共建重点高校）,035,财务管理,72,584,66145
2022,0010,浙江海洋大学（省市共建重点高校）,036,旅游管理,27,578,73801
2022,0010,浙江海洋大学（省市共建重点高校）,037,物流管理,45,579,72674
2022,0010,浙江海洋大学（省市共建重点高校）,038,汉语言文学(师范),117,595,54011
2022,0010,浙江海洋大学（省市共建重点高校）,039,汉语言文学(高级文秘方向),28,590,59493
2022,0010,浙江海洋大学（省市共建重点高校）,040,历史学(师范),65,595,53203
2022,0010,浙江海洋大学（省市共建重点高校）,041,小学教育(师范),89,599,48815
2022,0010,浙江海洋大学（省市共建重点高校）,042,英语(师范),35,594,54852
2022,0010,浙江海洋大学（省市共建重点高校）,043,英语,60,586,64152
2022,0010,浙江海洋大学（省市共建重点高校）,044,商务英语,60,582,69027
2022,0011,浙江农林大学（省重点建设高校）,001,新农科求真实验班,25,599,49391
2022,0011,浙江农林大学（省重点建设高校）,002,新工科求真实验班,25,604,44040
2022,0011,浙江农林大学（省重点建设高校）,003,新文科求真实验班,25,607,40980
2022,0011,浙江农林大学（省重点建设高校）,004,农学,30,585,65209
2022,0011,浙江农林大学（省重点建设高校）,005,植物保护,33,580,71359
2022,0011,浙江农林大学（省重点建设高校）,006,智慧农业,31,585,65172
2022,0011,浙江农林大学（省重点建设高校）,007,林学,70,582,68608
2022,0011,浙江农林大学（省重点建设高校）,008,林学(中外合作办学),10,576,75506
2022,0011,浙江农林大学（省重点建设高校）,009,生态学,38,580,70316
2022,0011,浙江农林大学（省重点建设高校）,010,生物技术,26,585,64674
2022,0011,浙江农林大学（省重点建设高校）,011,地理信息科学,58,591,57460
2022,0011,浙江农林大学（省重点建设高校）,012,测绘工程,30,587,62494
2022,0011,浙江农林大学（省重点建设高校）,013,农业资源与环境,34,580,70365
2022,0011,浙江农林大学（省重点建设高校）,014,环境科学与工程,39,579,72146
2022,0011,浙江农林大学（省重点建设高校）,015,木材科学与工程,29,577,74303
2022,0011,浙江农林大学（省重点建设高校）,016,家具设计与工程,45,582,68629
2022,0011,浙江农林大学（省重点建设高校）,017,应用化学,29,580,70738
2022,0011,浙江农林大学（省重点建设高校）,018,高分子材料与工程,18,584,65885
2022,0011,浙江农林大学（省重点建设高校）,019,园林,46,589,60052
2022,0011,浙江农林大学（省重点建设高校）,020,土木工程,44,580,71273
2022,0011,浙江农林大学（省重点建设高校）,021,建筑学,38,590,58577
2022,0011,浙江农林大学（省重点建设高校）,022,风景园林,58,592,57176
2022,0011,浙江农林大学（省重点建设高校）,023,城乡规划,53,589,60612
2022,0011,浙江农林大学（省重点建设高校）,025,工商管理,47,588,61544
2022,0011,浙江农林大学（省重点建设高校）,026,会计学,79,593,55874
2022,0011,浙江农林大学（省重点建设高校）,027,农林经济管理,49,586,63233
2022,0011,浙江农林大学（省重点建设高校）,028,国际经济与贸易,20,589,60547
2022,0011,浙江农林大学（省重点建设高校）,029,电子商务,33,587,62752
2022,0011,浙江农林大学（省重点建设高校）,030,金融工程,38,587,62665
2022,0011,浙江农林大学（省重点建设高校）,031,法学,88,596,52849
2022,0011,浙江农林大学（省重点建设高校）,032,城市管理,28,588,61946
2022,0011,浙江农林大学（省重点建设高校）,033,广告学,63,590,59027
2022,0011,浙江农林大学（省重点建设高校）,034,汉语言文学,80,595,53310
2022,0011,浙江农林大学（省重点建设高校）,035,英语,89,587,62693
2022,0011,浙江农林大学（省重点建设高校）,036,动物科学,11,577,74008
2022,0011,浙江农林大学（省重点建设高校）,037,动物医学,67,580,71346
2022,0011,浙江农林大学（省重点建设高校）,041,工业设计,14,586,63752
2022,0011,浙江农林大学（省重点建设高校）,042,应用统计学,31,589,60074
2022,0011,浙江农林大学（省重点建设高校）,043,数据科学与大数据技术,29,589,60183
2022,0011,浙江农林大学（省重点建设高校）,044,计算机科学与技术,77,591,57716
2022,0011,浙江农林大学（省重点建设高校）,045,智能科学与技术,30,587,62254
2022,0011,浙江农林大学（省重点建设高校）,046,物联网工程,30,588,61334
2022,0011,浙江农林大学（省重点建设高校）,047,机械设计制造及其自动化,43,584,66457
2022,0011,浙江农林大学（省重点建设高校）,048,电子信息工程,72,585,64760
2022,0011,浙江农林大学（省重点建设高校）,049,食品科学与工程,31,585,65250
2022,0011,浙江农林大学（省重点建设高校）,050,食品质量与安全,25,584,65854
2022,0011,浙江农林大学（省重点建设高校）,051,中药学,35,586,63221
2022,0011,浙江农林大学（省重点建设高校）,052,生物制药,30,588,61278
2022,0011,浙江农林大学（省重点建设高校）,053,园艺,49,578,73206
2022,0011,浙江农林大学（省重点建设高校）,054,设施农业科学与工程,33,578,73581
2022,0011,浙江农林大学（省重点建设高校）,055,茶学,33,578,72995
2022,0011,浙江农林大学（省重点建设高校）,056,文化产业管理(茶文化),22,586,63939
2022,0012,浙江中医药大学（省重点建设高校）,001,中医学(5+3一体化),68,635,16539
2022,0012,浙江中医药大学（省重点建设高校）,002,中医学(5+3一体化，国医丹溪实验班),15,644,11026
2022,0012,浙江中医药大学（省重点建设高校）,003,中医学,90,620,27721
2022,0012,浙江中医药大学（省重点建设高校）,004,中医骨伤科学,52,611,36273
2022,0012,浙江中医药大学（省重点建设高校）,005,医学影像学,16,603,44892
2022,0012,浙江中医药大学（省重点建设高校）,006,医学影像技术,18,585,64396
2022,0012,浙江中医药大学（省重点建设高校）,007,临床医学,450,607,40399
2022,0012,浙江中医药大学（省重点建设高校）,008,中西医临床医学(创新实验班),15,626,22881
2022,0012,浙江中医药大学（省重点建设高校）,009,中西医临床医学,65,610,37267
2022,0012,浙江中医药大学（省重点建设高校）,010,中医学(5+3一体化，针灸推拿学方向),25,627,22387
2022,0012,浙江中医药大学（省重点建设高校）,011,针灸推拿学,94,598,50057
2022,0012,浙江中医药大学（省重点建设高校）,012,中医康复学,65,593,55212
2022,0012,浙江中医药大学（省重点建设高校）,013,康复治疗学,52,588,61279
2022,0012,浙江中医药大学（省重点建设高校）,014,儿科学,7,606,41794
2022,0012,浙江中医药大学（省重点建设高校）,015,预防医学,79,601,47088
2022,0012,浙江中医药大学（省重点建设高校）,016,口腔医学,96,629,20404
2022,0012,浙江中医药大学（省重点建设高校）,017,中药学,109,598,50023
2022,0012,浙江中医药大学（省重点建设高校）,018,药学,110,590,59575
2022,0012,浙江中医药大学（省重点建设高校）,019,中草药栽培与鉴定,33,584,66455
2022,0012,浙江中医药大学（省重点建设高校）,020,食品卫生与营养学,47,582,68050
2022,0012,浙江中医药大学（省重点建设高校）,021,护理学,238,580,70366
2022,0012,浙江中医药大学（省重点建设高校）,022,助产学,36,579,71965
2022,0012,浙江中医药大学（省重点建设高校）,023,听力与言语康复学,61,581,70041
2022,0012,浙江中医药大学（省重点建设高校）,024,医学检验技术,94,592,57175
2022,0012,浙江中医药大学（省重点建设高校）,025,卫生检验与检疫,35,588,61961
2022,0012,浙江中医药大学（省重点建设高校）,026,医学信息工程,58,578,72864
2022,0012,浙江中医药大学（省重点建设高校）,027,计算机科学与技术,52,585,64476
2022,0012,浙江中医药大学（省重点建设高校）,028,数据科学与大数据技术,33,584,65863
2022,0012,浙江中医药大学（省重点建设高校）,029,生物科学,68,581,70112
2022,0012,浙江中医药大学（省重点建设高校）,030,生物技术,54,579,71600
2022,0012,浙江中医药大学（省重点建设高校）,031,医学实验技术,84,583,67559
2022,0012,浙江中医药大学（省重点建设高校）,032,公共事业管理,25,585,65462
2022,0012,浙江中医药大学（省重点建设高校）,033,健康服务与管理,39,580,70973
2022,0012,浙江中医药大学（省重点建设高校）,034,市场营销,21,581,70156
2022,0012,浙江中医药大学（省重点建设高校）,035,英语,30,586,64091
2022,0013,中国计量大学（省市共建重点高校）,001,自动化类,55,595,53745
2022,0013,中国计量大学（省市共建重点高校）,002,机械类,55,592,56353
2022,0013,中国计量大学（省市共建重点高校）,003,测控技术与仪器,25,594,54453
2022,0013,中国计量大学（省市共建重点高校）,004,能源与动力工程,10,598,49622
2022,0013,中国计量大学（省市共建重点高校）,005,智能感知工程,10,594,54603
2022,0013,中国计量大学（省市共建重点高校）,006,电子信息类,35,597,51624
2022,0013,中国计量大学（省市共建重点高校）,007,计算机科学与技术,105,597,50824
2022,0013,中国计量大学（省市共建重点高校）,008,计算机科学与技术(中外合作办学),120,578,73155
2022,0013,中国计量大学（省市共建重点高校）,009,人工智能,50,594,54072
2022,0013,中国计量大学（省市共建重点高校）,010,光电信息科学与工程,39,594,54907
2022,0013,中国计量大学（省市共建重点高校）,011,电子科学与技术,24,595,52987
2022,0013,中国计量大学（省市共建重点高校）,012,微电子科学与工程,13,602,45704
2022,0013,中国计量大学（省市共建重点高校）,013,功能材料,10,590,59010
2022,0013,中国计量大学（省市共建重点高校）,014,材料科学与工程,50,586,63762
2022,0013,中国计量大学（省市共建重点高校）,015,应用化学,45,590,59141
2022,0013,中国计量大学（省市共建重点高校）,016,质量管理工程,45,588,61020
2022,0013,中国计量大学（省市共建重点高校）,017,工业工程,5,598,50324
2022,0013,中国计量大学（省市共建重点高校）,018,安全工程,10,591,57958
2022,0013,中国计量大学（省市共建重点高校）,019,环境工程,10,591,58303
2022,0013,中国计量大学（省市共建重点高校）,020,信息管理与信息系统,6,595,53370
2022,0013,中国计量大学（省市共建重点高校）,021,工商管理类,185,591,58474
2022,0013,中国计量大学（省市共建重点高校）,022,金融学类,118,593,55683
2022,0013,中国计量大学（省市共建重点高校）,023,金融工程(中外合作办学),100,581,69928
2022,0013,中国计量大学（省市共建重点高校）,024,数学与应用数学,16,596,52580
2022,0013,中国计量大学（省市共建重点高校）,025,物理学类,19,592,57254
2022,0013,中国计量大学（省市共建重点高校）,026,数据科学与大数据技术,40,595,53095
2022,0013,中国计量大学（省市共建重点高校）,027,食品质量与安全,77,588,61560
2022,0013,中国计量大学（省市共建重点高校）,028,生物工程,21,590,58930
2022,0013,中国计量大学（省市共建重点高校）,029,药学,13,594,54256
2022,0013,中国计量大学（省市共建重点高校）,030,卫生检验与检疫,13,593,55636
2022,0013,中国计量大学（省市共建重点高校）,031,法学类,219,600,48332
2022,0013,中国计量大学（省市共建重点高校）,032,行政管理,67,591,58180
2022,0013,中国计量大学（省市共建重点高校）,033,汉语国际教育,73,593,56306
2022,0013,中国计量大学（省市共建重点高校）,034,汉语言文学,112,601,47139
2022,0013,中国计量大学（省市共建重点高校）,035,外国语言文学类,73,592,57174
2022,0013,中国计量大学（省市共建重点高校）,036,工业设计,10,594,54158
2022,0013,中国计量大学（省市共建重点高校）,037,广告学,70,595,53709
2022,0013,中国计量大学（省市共建重点高校）,039,标准化工程,97,589,60696
2022,0014,浙江万里学院,001,会展经济与管理(中德2+2双学位班),50,548,110232
2022,0014,浙江万里学院,002,广告学(中德2+2双学位班),40,551,106450
2022,0014,浙江万里学院,003,国际经济与贸易(中外2+2双学位班),30,549,108661
2022,0014,浙江万里学院,007,电气工程及其自动化,25,542,117148
2022,0014,浙江万里学院,008,物联网工程,20,541,117660
2022,0014,浙江万里学院,009,电子信息类,40,541,117974
2022,0014,浙江万里学院,010,机械电子工程,25,540,119002
2022,0014,浙江万里学院,011,网络空间安全,20,541,118245
2022,0014,浙江万里学院,012,人工智能,15,543,115226
2022,0014,浙江万里学院,013,计算机类,75,545,113885
2022,0014,浙江万里学院,014,统计学,35,553,104012
2022,0014,浙江万里学院,015,法学,130,558,97038
2022,0014,浙江万里学院,016,电子商务及法律,30,553,103700
2022,0014,浙江万里学院,017,社会工作,20,553,103042
2022,0014,浙江万里学院,018,知识产权,28,555,101235
2022,0014,浙江万里学院,019,财务管理,75,555,100957
2022,0014,浙江万里学院,020,经济与贸易类,100,551,106561
2022,0014,浙江万里学院,021,会计学,99,558,97581
2022,0014,浙江万里学院,022,金融学类,89,554,101756
2022,0014,浙江万里学院,023,会展经济与管理,34,554,102355
2022,0014,浙江万里学院,024,资产评估,30,553,103923
2022,0014,浙江万里学院,025,创业管理,27,550,107420
2022,0014,浙江万里学院,026,生物工程类,65,549,108809
2022,0014,浙江万里学院,027,生物技术,34,549,107946
2022,0014,浙江万里学院,028,环境科学与工程类,60,548,110057
2022,0014,浙江万里学院,029,食品科学与工程类,60,548,109351
2022,0014,浙江万里学院,030,日语,50,551,106276
2022,0014,浙江万里学院,031,商务英语,40,553,104085
2022,0014,浙江万里学院,032,英语,123,555,101502
2022,0014,浙江万里学院,033,汉语言文学,62,562,92336
2022,0014,浙江万里学院,034,新闻传播学类,163,556,99882
2022,0014,浙江万里学院,035,电子商务类,128,548,109350
2022,0014,浙江万里学院,036,物流管理,59,550,107821
2022,0014,浙江万里学院,037,工商管理,67,552,104505
2022,0014,浙江万里学院,038,供应链管理,25,550,107077
2022,0014,浙江万里学院,039,风景园林,35,553,103243
2022,0014,浙江万里学院,040,建筑学,32,556,100227
2022,0015,浙江科技学院,001,机械类,20,569,84407
2022,0015,浙江科技学院,002,能源与环境系统工程,47,570,82933
2022,0015,浙江科技学院,003,智能制造工程,34,569,83976
2022,0015,浙江科技学院,004,建筑电气与智能化,3,573,79735
2022,0015,浙江科技学院,005,自动化,23,571,81614
2022,0015,浙江科技学院,006,电气工程及其自动化,54,573,79146
2022,0015,浙江科技学院,007,机器人工程,34,570,82330
2022,0015,浙江科技学院,008,计算机类,153,577,74901
2022,0015,浙江科技学院,009,电子信息类,50,572,80144
2022,0015,浙江科技学院,010,人工智能,47,571,81551
2022,0015,浙江科技学院,011,土木工程,25,570,82451
2022,0015,浙江科技学院,012,城乡规划,41,577,74374
2022,0015,浙江科技学院,013,给排水科学与工程,5,569,83679
2022,0015,浙江科技学院,014,建筑学,47,579,72522
2022,0015,浙江科技学院,015,工程造价,5,569,83618
2022,0015,浙江科技学院,016,化学工程与工艺,7,572,80821
2022,0015,浙江科技学院,017,制药工程,24,567,86892
2022,0015,浙江科技学院,018,食品科学与工程,18,569,84335
2022,0015,浙江科技学院,019,生物工程,20,566,87235
2022,0015,浙江科技学院,020,材料科学与工程,11,566,87336
2022,0015,浙江科技学院,021,轻化工程,3,568,84812
2022,0015,浙江科技学院,022,环境工程,30,567,86812
2022,0015,浙江科技学院,023,工业设计,25,570,83317
2022,0015,浙江科技学院,024,服装设计与工程,48,569,84634
2022,0015,浙江科技学院,027,信息管理与信息系统,8,570,82311
2022,0015,浙江科技学院,028,工商管理类,344,570,83144
2022,0015,浙江科技学院,029,经济与贸易类,72,576,75192
2022,0015,浙江科技学院,030,国际商务(国际班),15,573,79486
2022,0015,浙江科技学院,031,国际经济与贸易(国际班),15,574,77872
2022,0015,浙江科技学院,032,汉语言文学,50,585,64971
2022,0015,浙江科技学院,033,信息与计算科学,50,573,79224
2022,0015,浙江科技学院,034,应用物理学,5,570,82517
2022,0015,浙江科技学院,035,数据科学与大数据技术,39,576,75552
2022,0015,浙江科技学院,036,英语,85,578,72969
2022,0015,浙江科技学院,037,德语,50,568,85401
2022,0015,浙江科技学院,038,机械类(中德联合培养),10,567,86880
2022,0015,浙江科技学院,039,计算机类(中德联合培养),16,573,79227
2022,0015,浙江科技学院,040,生物工程类(中德联合培养),10,565,89293
2022,0015,浙江科技学院,041,工业工程类(中德联合培养),8,575,77286
2022,0015,浙江科技学院,043,土木工程(中外合作办学)(中法合作办学),2,555,101275
2022,0015,浙江科技学院,044,经济学(中外合作办学)(中美合作办学),53,566,88314
2022,0015,浙江科技学院,045,数据科学与大数据技术(中外合作办学)(中法合作办学),32,559,95895
2022,0015,浙江科技学院,046,土木工程(中外合作办学)(中德合作办学),35,547,110536
2022,0015,浙江科技学院,047,工业工程(中外合作办学)(中德合作办学),55,559,96371
2022,0016,浙江财经大学（省重点建设高校）,001,财政学类,224,608,39929
2022,0016,浙江财经大学（省重点建设高校）,002,公共管理类,19,602,46154
2022,0016,浙江财经大学（省重点建设高校）,003,管理科学与工程类,15,593,55505
2022,0016,浙江财经大学（省重点建设高校）,004,建筑类,30,600,48419
2022,0016,浙江财经大学（省重点建设高校）,005,工商管理类(财会类),417,604,43634
2022,0016,浙江财经大学（省重点建设高校）,006,会计学(中外合作办学),60,597,51384
2022,0016,浙江财经大学（省重点建设高校）,007,金融学类,224,609,38106
2022,0016,浙江财经大学（省重点建设高校）,008,金融学(中外合作办学),50,594,54042
2022,0016,浙江财经大学（省重点建设高校）,009,工商管理类,153,597,51440
2022,0016,浙江财经大学（省重点建设高校）,010,市场营销(中外合作办学),5,594,54098
2022,0016,浙江财经大学（省重点建设高校）,011,计算机类,179,598,50218
2022,0016,浙江财经大学（省重点建设高校）,012,电子商务类,34,598,50320
2022,0016,浙江财经大学（省重点建设高校）,013,经济与贸易类,256,598,50073
2022,0016,浙江财经大学（省重点建设高校）,014,法学类,128,617,30861
2022,0016,浙江财经大学（省重点建设高校）,015,外国语言文学类,76,596,52688
2022,0016,浙江财经大学（省重点建设高校）,016,统计学类,156,601,46675
2022,0016,浙江财经大学（省重点建设高校）,017,计算机类(大数据),66,603,44526
2022,0016,浙江财经大学（省重点建设高校）,018,中国语言文学类,17,616,32113
2022,0016,浙江财经大学（省重点建设高校）,019,新闻传播学类,51,611,36561
2022,0016,浙江财经大学（省重点建设高校）,022,金融工程(金融科创),50,607,40603
2022,0016,浙江财经大学（省重点建设高校）,023,金融数学(金融科创),50,601,46672
2022,0017,嘉兴学院,001,经济学,75,574,77700
2022,0017,嘉兴学院,002,金融学,68,572,80898
2022,0017,嘉兴学院,003,国际经济与贸易,54,568,85223
2022,0017,嘉兴学院,004,跨境电子商务,28,567,87189
2022,0017,嘉兴学院,005,会计学,129,578,73374
2022,0017,嘉兴学院,006,财务管理,52,575,77013
2022,0017,嘉兴学院,007,工商管理,48,570,83160
2022,0017,嘉兴学院,008,人力资源管理,47,569,84275
2022,0017,嘉兴学院,009,物流管理,22,567,86882
2022,0017,嘉兴学院,010,市场营销,50,566,87756
2022,0017,嘉兴学院,011,信息管理与信息系统,7,565,88568
2022,0017,嘉兴学院,012,金融数学,35,568,85603
2022,0017,嘉兴学院,013,应用统计学,54,567,86018
2022,0017,嘉兴学院,014,数学与应用数学,23,567,86917
2022,0017,嘉兴学院,015,数据科学与大数据技术,10,569,84185
2022,0017,嘉兴学院,016,汉语言文学,61,583,67649
2022,0017,嘉兴学院,017,汉语国际教育,28,576,75867
2022,0017,嘉兴学院,018,法学,48,582,68650
2022,0017,嘉兴学院,019,知识产权,22,578,73843
2022,0017,嘉兴学院,020,英语,84,574,78305
2022,0017,嘉兴学院,021,日语,54,566,88300
2022,0017,嘉兴学院,022,临床医学,51,581,69334
2022,0017,嘉兴学院,023,药学,43,570,82608
2022,0017,嘉兴学院,024,护理学,68,568,84950
2022,0017,嘉兴学院,025,麻醉学,17,578,72699
2022,0017,嘉兴学院,026,电子信息工程,6,568,85381
2022,0017,嘉兴学院,027,电气工程及其自动化,6,568,85449
2022,0017,嘉兴学院,028,机械设计制造及其自动化,7,566,87307
2022,0017,嘉兴学院,029,计算机科学与技术,34,570,83455
2022,0017,嘉兴学院,030,软件工程,14,568,85527
2022,0017,嘉兴学院,031,通信工程,5,566,87369
2022,0017,嘉兴学院,032,生物工程,7,566,87663
2022,0017,嘉兴学院,033,环境工程,5,567,86690
2022,0017,嘉兴学院,034,制药工程,7,568,84827
2022,0017,嘉兴学院,035,建筑学,42,569,84258
2022,0017,嘉兴学院,036,服装设计与工程,37,563,91111
2022,0017,嘉兴学院,041,小学教育(师范),84,588,61108
2022,0017,嘉兴学院,042,学前教育(师范),64,579,71906
2022,0017,嘉兴学院,501,商务英语,90,518,145757
2022,0017,嘉兴学院,502,应用日语,90,514,151277
2022,0018,浙大城市学院,001,计算机类,103,588,60943
2022,0018,浙大城市学院,002,数据科学与大数据技术,11,588,61061
2022,0018,浙大城市学院,003,人工智能,11,587,62070
2022,0018,浙大城市学院,004,统计学,25,585,64311
2022,0018,浙大城市学院,005,电子信息类,65,585,64534
2022,0018,浙大城市学院,006,自动化,10,586,63504
2022,0018,浙大城市学院,007,土木工程,25,579,71537
2022,0018,浙大城市学院,008,机械电子工程,14,583,67706
2022,0018,浙大城市学院,009,智能制造工程,12,585,64749
2022,0018,浙大城市学院,010,建筑学,50,584,65533
2022,0018,浙大城市学院,011,城乡规划,43,583,67536
2022,0018,浙大城市学院,012,临床医学,125,594,55000
2022,0018,浙大城市学院,013,药学,56,580,70243
2022,0018,浙大城市学院,014,护理学,9,586,63993
2022,0018,浙大城市学院,015,金融学,46,587,62291
2022,0018,浙大城市学院,016,工商管理类,172,581,69742
2022,0018,浙大城市学院,017,旅游管理,26,579,71630
2022,0018,浙大城市学院,018,汉语言文学,66,590,58874
2022,0018,浙大城市学院,019,新闻传播学类,88,587,62528
2022,0018,浙大城市学院,020,英语,71,584,65868
2022,0018,浙大城市学院,021,商务英语,47,581,69594
2022,0018,浙大城市学院,022,日语,24,580,71173
2022,0018,浙大城市学院,023,德语,19,579,72668
2022,0018,浙大城市学院,024,法学,110,590,58999
2022,0018,浙大城市学院,025,行政管理,69,582,68784
2022,0018,浙大城市学院,026,考古学,30,588,61699
2022,0018,浙大城市学院,027,金融学(中外合作办学),70,574,78401
2022,0018,浙大城市学院,028,会展经济与管理(中外合作办学),25,570,83040
2022,0018,浙大城市学院,029,工业设计(中外合作办学),5,574,77711
2022,0019,浙大宁波理工学院,001,金融学,92,573,79704
2022,0019,浙大宁波理工学院,002,国际经济与贸易,70,569,83611
2022,0019,浙大宁波理工学院,003,财务管理,97,572,80012
2022,0019,浙大宁波理工学院,004,物流管理,50,567,87098
2022,0019,浙大宁波理工学院,005,电子商务,71,568,84868
2022,0019,浙大宁波理工学院,006,国际商务,70,567,86978
2022,0019,浙大宁波理工学院,007,法学,90,580,71107
2022,0019,浙大宁波理工学院,008,新闻学,80,576,75895
2022,0019,浙大宁波理工学院,009,网络与新媒体,97,578,73301
2022,0019,浙大宁波理工学院,010,英语,131,572,81061
2022,0019,浙大宁波理工学院,011,日语,50,567,87169
2022,0019,浙大宁波理工学院,012,材料科学与工程,6,566,87263
2022,0019,浙大宁波理工学院,013,高分子材料与工程,5,568,85068
2022,0019,浙大宁波理工学院,014,机械设计制造及其自动化,30,567,87054
2022,0019,浙大宁波理工学院,015,能源与环境系统工程,40,567,86500
2022,0019,浙大宁波理工学院,016,电气工程及其自动化,28,569,84163
2022,0019,浙大宁波理工学院,017,自动化,28,567,86145
2022,0019,浙大宁波理工学院,018,电子信息工程,45,569,83854
2022,0019,浙大宁波理工学院,019,计算机科学与技术,75,573,78848
2022,0019,浙大宁波理工学院,020,数据科学与大数据技术,35,572,80094
2022,0019,浙大宁波理工学院,021,信息与计算科学,32,569,83775
2022,0019,浙大宁波理工学院,022,土木工程,30,565,88742
2022,0019,浙大宁波理工学院,023,化学工程与工艺,17,566,88014
2022,0019,浙大宁波理工学院,024,生物工程,35,567,87094
2022,0019,浙大宁波理工学院,025,工业设计,25,565,88686
2022,0019,浙大宁波理工学院,026,建筑学,65,571,81554
2022,0019,浙大宁波理工学院,029,金融学(中外合作办学),39,558,97718
2022,0019,浙大宁波理工学院,030,国际经济与贸易(中外合作办学),14,558,97272
2022,0020,杭州师范大学（省重点建设高校）,001,经济学,40,601,46341
2022,0020,杭州师范大学（省重点建设高校）,002,金融工程,40,597,50936
2022,0020,杭州师范大学（省重点建设高校）,003,法学,53,621,27579
2022,0020,杭州师范大学（省重点建设高校）,004,知识产权,12,617,30633
2022,0020,杭州师范大学（省重点建设高校）,005,社会工作,12,617,30930
2022,0020,杭州师范大学（省重点建设高校）,006,行政管理,12,615,32199
2022,0020,杭州师范大学（省重点建设高校）,007,思想政治教育(师范),84,629,20825
2022,0020,杭州师范大学（省重点建设高校）,008,教育技术学(师范),48,607,40024
2022,0020,杭州师范大学（省重点建设高校）,009,小学教育(师范),38,637,15271
2022,0020,杭州师范大学（省重点建设高校）,010,学前教育(师范),40,607,40693
2022,0020,杭州师范大学（省重点建设高校）,011,应用心理学,36,611,36354
2022,0020,杭州师范大学（省重点建设高校）,014,汉语言文学,30,632,18543
2022,0020,杭州师范大学（省重点建设高校）,015,汉语国际教育,14,625,24275
2022,0020,杭州师范大学（省重点建设高校）,016,汉语言文学(经亨颐实验班)(师范),112,637,14998
2022,0020,杭州师范大学（省重点建设高校）,017,历史学(师范),56,633,18028
2022,0020,杭州师范大学（省重点建设高校）,018,英语,30,624,24709
2022,0020,杭州师范大学（省重点建设高校）,019,英语(经亨颐实验班)(师范),177,629,21095
2022,0020,杭州师范大学（省重点建设高校）,020,日语,49,603,44385
2022,0020,杭州师范大学（省重点建设高校）,021,朝鲜语,10,597,51458
2022,0020,杭州师范大学（省重点建设高校）,022,翻译,33,611,36059
2022,0020,杭州师范大学（省重点建设高校）,023,数据科学与大数据技术,8,612,35701
2022,0020,杭州师范大学（省重点建设高校）,024,数学与应用数学(经亨颐实验班)(师范),170,620,27874
2022,0020,杭州师范大学（省重点建设高校）,025,统计学,8,606,41626
2022,0020,杭州师范大学（省重点建设高校）,026,物理学(师范),80,613,34550
2022,0020,杭州师范大学（省重点建设高校）,027,科学教育(师范),60,627,22049
2022,0020,杭州师范大学（省重点建设高校）,028,化学(师范),160,604,43834
2022,0020,杭州师范大学（省重点建设高校）,029,应用化学,8,600,47918
2022,0020,杭州师范大学（省重点建设高校）,030,制药工程,8,597,51794
2022,0020,杭州师范大学（省重点建设高校）,031,高分子材料与工程,5,594,54507
2022,0020,杭州师范大学（省重点建设高校）,032,生物科学(师范),170,617,30714
2022,0020,杭州师范大学（省重点建设高校）,033,生物技术,10,609,38240
2022,0020,杭州师范大学（省重点建设高校）,034,生态学,8,598,50582
2022,0020,杭州师范大学（省重点建设高校）,035,环境工程,8,598,50543
2022,0020,杭州师范大学（省重点建设高校）,036,计算机科学与技术(师范),95,601,47269
2022,0020,杭州师范大学（省重点建设高校）,037,计算机科学与技术,7,603,44811
2022,0020,杭州师范大学（省重点建设高校）,038,计算机科学与技术(金融信息服务方向),7,600,47647
2022,0020,杭州师范大学（省重点建设高校）,039,软件工程,7,602,45858
2022,0020,杭州师范大学（省重点建设高校）,040,电子信息工程,7,600,47704
2022,0020,杭州师范大学（省重点建设高校）,041,地理信息科学,30,616,31389
2022,0020,杭州师范大学（省重点建设高校）,042,临床医学,193,602,46132
2022,0020,杭州师范大学（省重点建设高校）,043,口腔医学,73,624,24427
2022,0020,杭州师范大学（省重点建设高校）,044,药学,24,598,50251
2022,0020,杭州师范大学（省重点建设高校）,045,护理学,8,604,44111
2022,0020,杭州师范大学（省重点建设高校）,046,预防医学,25,599,48835
2022,0020,杭州师范大学（省重点建设高校）,047,公共事业管理(卫生事业管理方向),12,605,42985
2022,0020,杭州师范大学（省重点建设高校）,048,健康服务与管理,9,598,50531
2022,0020,杭州师范大学（省重点建设高校）,049,大数据管理与应用,7,601,46711
2022,0020,杭州师范大学（省重点建设高校）,050,国际商务,20,598,50356
2022,0020,杭州师范大学（省重点建设高校）,051,电子商务,6,594,54259
2022,0020,杭州师范大学（省重点建设高校）,052,电子商务(数字商务创新实验班),15,596,52301
2022,0020,杭州师范大学（省重点建设高校）,062,文化产业管理,24,601,46722
2022,0020,杭州师范大学（省重点建设高校）,063,基础医学,10,582,68291
2022,0020,杭州师范大学（省重点建设高校）,064,会计学,40,606,41126
2022,0020,杭州师范大学（省重点建设高校）,067,机械设计制造及其自动化,8,599,48862
2022,0020,杭州师范大学（省重点建设高校）,068,工业设计,8,595,53007
2022,0021,湖州师范学院,001,小学教育(胡瑗班)(师范),10,623,25738
2022,0021,湖州师范学院,002,计算机科学与技术(图灵班),10,581,69638
2022,0021,湖州师范学院,003,国际经济与贸易,18,573,78923
2022,0021,湖州师范学院,004,财务管理,44,572,80492
2022,0021,湖州师范学院,007,电子商务,13,571,82026
2022,0021,湖州师范学院,008,历史学(师范),57,600,47993
2022,0021,湖州师范学院,009,行政管理,19,579,71539
2022,0021,湖州师范学院,010,旅游管理,10,569,84249
2022,0021,湖州师范学院,011,知识产权,35,577,74958
2022,0021,湖州师范学院,012,思想政治教育(师范),60,609,38681
2022,0021,湖州师范学院,013,小学教育(师范),79,612,35243
2022,0021,湖州师范学院,014,教育技术学(师范),20,590,59661
2022,0021,湖州师范学院,015,学前教育(师范),8,596,51953
2022,0021,湖州师范学院,016,应用心理学(师范),17,591,57985
2022,0021,湖州师范学院,017,中国语言文学类,126,593,56243
2022,0021,湖州师范学院,018,新闻学,12,587,63017
2022,0021,湖州师范学院,019,英语(师范),95,595,53914
2022,0021,湖州师范学院,020,日语,30,576,75384
2022,0021,湖州师范学院,021,俄语,10,571,81797
2022,0021,湖州师范学院,022,数学与应用数学(师范),75,588,61439
2022,0021,湖州师范学院,023,数据科学与大数据技术,7,576,75389
2022,0021,湖州师范学院,024,物理学(师范),39,582,68749
2022,0021,湖州师范学院,025,科学教育(师范),51,595,53731
2022,0021,湖州师范学院,026,计算机类,31,572,81091
2022,0021,湖州师范学院,027,机械设计制造及其自动化(师范),5,568,85191
2022,0021,湖州师范学院,028,材料化学,5,566,87325
2022,0021,湖州师范学院,029,电气工程及其自动化,4,568,84745
2022,0021,湖州师范学院,030,建筑学,11,571,82256
2022,0021,湖州师范学院,031,化学(师范),8,591,58322
2022,0021,湖州师范学院,032,临床医学,58,576,75507
2022,0021,湖州师范学院,033,口腔医学,35,598,50054
2022,0021,湖州师范学院,034,护理学,64,570,82492
2022,0021,湖州师范学院,035,生物科学(师范),31,591,57845
2022,0021,湖州师范学院,036,金融工程,15,571,82009
2022,0021,湖州师范学院,037,电子信息工程,7,570,82340
2022,0021,湖州师范学院,038,生物工程类,2,570,83442
2022,0021,湖州师范学院,501,临床医学,45,527,135708
2022,0022,绍兴文理学院,001,汉语言文学(师范),131,601,47274
2022,0022,绍兴文理学院,002,小学教育(师范),60,595,53118
2022,0022,绍兴文理学院,003,英语(师范),50,592,57274
2022,0022,绍兴文理学院,004,数学与应用数学(师范),96,575,76269
2022,0022,绍兴文理学院,005,科学教育(师范),75,587,62877
2022,0022,绍兴文理学院,006,思想政治教育(师范),37,595,53863
2022,0022,绍兴文理学院,007,中国语言文学类,42,589,60068
2022,0022,绍兴文理学院,008,英语,30,584,66412
2022,0022,绍兴文理学院,009,日语,10,574,77724
2022,0022,绍兴文理学院,010,工商管理,61,570,83184
2022,0022,绍兴文理学院,011,会计学,96,577,74845
2022,0022,绍兴文理学院,012,国际经济与贸易,30,574,78406
2022,0022,绍兴文理学院,013,国际商务,31,568,84996
2022,0022,绍兴文理学院,014,法学,41,586,63161
2022,0022,绍兴文理学院,015,公共事业管理,44,569,84292
2022,0022,绍兴文理学院,016,应用心理学,55,572,81025
2022,0022,绍兴文理学院,017,临床医学,114,576,75969
2022,0022,绍兴文理学院,018,医学检验技术,15,578,72690
2022,0022,绍兴文理学院,019,医学影像学,30,579,72173
2022,0022,绍兴文理学院,020,康复治疗学,14,572,80568
2022,0022,绍兴文理学院,021,护理学,45,572,80971
2022,0022,绍兴文理学院,022,物理学,15,564,89815
2022,0022,绍兴文理学院,023,电子信息类,64,564,89556
2022,0022,绍兴文理学院,024,应用统计学,20,576,75230
2022,0022,绍兴文理学院,025,生物科学,45,571,81837
2022,0022,绍兴文理学院,026,环境科学,27,567,86544
2022,0022,绍兴文理学院,027,应用化学,30,566,88281
2022,0022,绍兴文理学院,028,高分子材料与工程,35,562,92234
2022,0022,绍兴文理学院,029,新能源材料与器件,35,563,91505
2022,0022,绍兴文理学院,030,药学,48,572,80401
2022,0022,绍兴文理学院,031,纺织工程,25,563,91658
2022,0022,绍兴文理学院,032,轻化工程,20,565,89546
2022,0022,绍兴文理学院,033,机械类,20,563,90745
2022,0022,绍兴文理学院,034,计算机类,107,567,86712
2022,0022,绍兴文理学院,035,电气类,24,563,91064
2022,0022,绍兴文理学院,036,土木类,33,558,97045
2022,0022,绍兴文理学院,037,建筑学,24,574,78263
2022,0022,绍兴文理学院,038,工程管理,35,556,99176
2022,0022,绍兴文理学院,502,学前教育(师范),60,534,127234
2022,0022,绍兴文理学院,503,大数据与会计,80,522,141735
2022,0022,绍兴文理学院,504,酒店管理与数字化运营,80,513,152310
2022,0022,绍兴文理学院,505,商务英语,80,517,146849
2022,0023,台州学院,005,工商管理,20,568,85448
2022,0023,台州学院,006,国际经济与贸易,61,564,90641
2022,0023,台州学院,007,财务管理,63,569,84393
2022,0023,台州学院,008,旅游管理(创新实验班),28,562,93094
2022,0023,台州学院,009,金融学,29,569,83685
2022,0023,台州学院,010,金融学(小微金融),31,566,88337
2022,0023,台州学院,011,英语,52,575,77147
2022,0023,台州学院,012,英语(师范),43,587,62954
2022,0023,台州学院,013,商务英语,97,564,90576
2022,0023,台州学院,014,俄语,17,563,91874
2022,0023,台州学院,015,计算机科学与技术,101,557,98405
2022,0023,台州学院,016,数学与应用数学(师范),62,571,81202
2022,0023,台州学院,017,电子信息工程,85,553,102867
2022,0023,台州学院,018,数据科学与大数据技术,37,556,99369
2022,0023,台州学院,019,生物科学,31,566,87819
2022,0023,台州学院,020,科学教育(师范),70,581,69936
2022,0023,台州学院,021,环境工程,22,562,92252
2022,0023,台州学院,022,生物制药,18,562,92224
2022,0023,台州学院,023,化学工程与工艺,22,561,93997
2022,0023,台州学院,024,制药工程,72,560,94767
2022,0023,台州学院,025,高分子材料与工程,17,560,94994
2022,0023,台州学院,026,应用化学,5,561,93508
2022,0023,台州学院,027,材料科学与工程,8,549,107847
2022,0023,台州学院,028,材料物理,10,550,106776
2022,0023,台州学院,029,材料成型及控制工程,8,549,108008
2022,0023,台州学院,030,汉语言文学,31,584,66647
2022,0023,台州学院,031,汉语言文学(师范),76,591,58375
2022,0023,台州学院,032,历史学(师范),26,589,60203
2022,0023,台州学院,033,网络与新媒体,42,571,81724
2022,0023,台州学院,034,小学教育(师范),33,593,55785
2022,0023,台州学院,035,学前教育(师范),62,575,77320
2022,0023,台州学院,037,机械设计制造及其自动化,43,548,109496
2022,0023,台州学院,038,机械电子工程,33,549,108206
2022,0023,台州学院,039,无人驾驶航空器系统工程,19,547,110491
2022,0023,台州学院,040,智能制造工程,40,551,105906
2022,0023,台州学院,041,机械电子工程(杰克卓越工程师班),14,552,104982
2022,0023,台州学院,042,电气工程及其自动化,56,551,106353
2022,0023,台州学院,043,土木工程,10,551,105648
2022,0023,台州学院,044,给排水科学与工程,10,548,109638
2022,0023,台州学院,045,道路桥梁与渡河工程,12,546,112261
2022,0023,台州学院,046,建筑学,32,566,87338
2022,0023,台州学院,047,土木工程(中外合作办学),67,528,134153
2022,0023,台州学院,048,护理学,146,563,91194
2022,0023,台州学院,049,临床医学,73,572,80723
2022,0023,台州学院,050,医学检验技术,35,572,80046
2022,0023,台州学院,051,康复治疗学,40,566,87748
2022,0023,台州学院,052,助产学,40,562,93076
2022,0023,台州学院,053,思想政治教育(师范),30,588,61135
2022,0024,温州大学（省市共建重点高校）,001,财务管理,75,590,58580
2022,0024,温州大学（省市共建重点高校）,002,工商管理,37,589,59864
2022,0024,温州大学（省市共建重点高校）,003,国际经济与贸易,39,589,60173
2022,0024,温州大学（省市共建重点高校）,004,金融工程,84,587,62541
2022,0024,温州大学（省市共建重点高校）,005,法学,102,598,50667
2022,0024,温州大学（省市共建重点高校）,006,行政管理,18,590,58698
2022,0024,温州大学（省市共建重点高校）,007,国际经贸规则,30,585,64539
2022,0024,温州大学（省市共建重点高校）,008,思想政治教育(师范),47,617,31033
2022,0024,温州大学（省市共建重点高校）,009,应用心理学(师范),27,600,47873
2022,0024,温州大学（省市共建重点高校）,010,学前教育(师范),29,602,45425
2022,0024,温州大学（省市共建重点高校）,011,小学教育(师范),67,618,29634
2022,0024,温州大学（省市共建重点高校）,012,教育技术学(师范),32,599,48911
2022,0024,温州大学（省市共建重点高校）,015,广告学,37,591,58517
2022,0024,温州大学（省市共建重点高校）,016,汉语言文学(创意中文实验班),27,610,37569
2022,0024,温州大学（省市共建重点高校）,017,汉语言文学(师范),79,621,27356
2022,0024,温州大学（省市共建重点高校）,018,历史学(师范),33,616,31245
2022,0024,温州大学（省市共建重点高校）,019,翻译,33,592,57416
2022,0024,温州大学（省市共建重点高校）,020,英语(师范),70,614,33647
2022,0024,温州大学（省市共建重点高校）,021,日语,31,587,62684
2022,0024,温州大学（省市共建重点高校）,025,服装设计与工程(卓工超豪示范班),10,586,63347
2022,0024,温州大学（省市共建重点高校）,028,数学与应用数学(师范),65,600,47637
2022,0024,温州大学（省市共建重点高校）,029,物理学(师范),36,595,53601
2022,0024,温州大学（省市共建重点高校）,030,信息与计算科学,11,585,64336
2022,0024,温州大学（省市共建重点高校）,031,应用统计学,47,587,62228
2022,0024,温州大学（省市共建重点高校）,032,材料科学与工程,52,574,77842
2022,0024,温州大学（省市共建重点高校）,033,化学(师范),59,595,53521
2022,0024,温州大学（省市共建重点高校）,034,应用化学,52,578,73099
2022,0024,温州大学（省市共建重点高校）,035,能源化学,21,578,73334
2022,0024,温州大学（省市共建重点高校）,036,环境工程,17,585,65242
2022,0024,温州大学（省市共建重点高校）,037,生物技术,23,585,64365
2022,0024,温州大学（省市共建重点高校）,038,生物科学(师范),65,606,41174
2022,0024,温州大学（省市共建重点高校）,039,生物制药,20,587,63130
2022,0024,温州大学（省市共建重点高校）,040,生态学,18,581,70148
2022,0024,温州大学（省市共建重点高校）,041,车辆工程,11,579,71966
2022,0024,温州大学（省市共建重点高校）,042,工业工程,27,586,63405
2022,0024,温州大学（省市共建重点高校）,043,机械工程(卓工超豪示范班),43,580,70953
2022,0024,温州大学（省市共建重点高校）,044,智能制造工程,18,583,66781
2022,0024,温州大学（省市共建重点高校）,045,建筑学,27,589,60029
2022,0024,温州大学（省市共建重点高校）,046,土木工程,25,577,74305
2022,0024,温州大学（省市共建重点高校）,047,城市地下空间工程,24,574,77898
2022,0024,温州大学（省市共建重点高校）,048,电气工程及其自动化,58,583,66934
2022,0024,温州大学（省市共建重点高校）,049,集成电路设计与集成系统,65,579,72094
2022,0024,温州大学（省市共建重点高校）,050,电子信息科学与技术,55,583,66818
2022,0024,温州大学（省市共建重点高校）,051,计算机科学与技术,75,592,56372
2022,0024,温州大学（省市共建重点高校）,052,人工智能,45,585,64449
2022,0024,温州大学（省市共建重点高校）,053,数据科学与大数据技术,69,586,64045
2022,0024,温州大学（省市共建重点高校）,054,网络工程(卓工超豪示范班),45,588,61100
2022,0025,浙江外国语学院,001,英语(师范),87,601,47287
2022,0025,浙江外国语学院,002,英语,25,595,53997
2022,0025,浙江外国语学院,003,商务英语,28,583,67308
2022,0025,浙江外国语学院,004,翻译,58,583,67790
2022,0025,浙江外国语学院,005,日语,64,579,72149
2022,0025,浙江外国语学院,006,阿拉伯语,12,574,78387
2022,0025,浙江外国语学院,007,朝鲜语,23,570,82947
2022,0025,浙江外国语学院,008,土耳其语,14,568,85234
2022,0025,浙江外国语学院,009,法语,20,587,62776
2022,0025,浙江外国语学院,010,西班牙语,16,579,72648
2022,0025,浙江外国语学院,011,西班牙语(中外合作办学)(旅游方向),24,565,89175
2022,0025,浙江外国语学院,012,意大利语,13,576,76012
2022,0025,浙江外国语学院,013,葡萄牙语,15,574,78427
2022,0025,浙江外国语学院,014,俄语,20,575,76666
2022,0025,浙江外国语学院,015,德语,26,579,72622
2022,0025,浙江外国语学院,016,汉语言文学(师范),61,599,49207
2022,0025,浙江外国语学院,017,汉语国际教育,31,587,62232
2022,0025,浙江外国语学院,018,网络与新媒体,17,590,59266
2022,0025,浙江外国语学院,019,旅游管理(全英教学),30,569,83754
2022,0025,浙江外国语学院,020,旅游管理,22,570,83511
2022,0025,浙江外国语学院,021,会展经济与管理,18,578,73730
2022,0025,浙江外国语学院,022,小学教育(师范),62,597,51165
2022,0025,浙江外国语学院,023,学前教育(师范),20,588,61665
2022,0025,浙江外国语学院,024,科学教育(师范),54,589,59896
2022,0025,浙江外国语学院,025,数学与应用数学(师范),25,582,68751
2022,0025,浙江外国语学院,026,金融工程,53,578,72681
2022,0025,浙江外国语学院,027,计算机科学与技术,19,574,77811
2022,0025,浙江外国语学院,028,电子商务,42,577,74862
2022,0025,浙江外国语学院,029,跨境电子商务,32,575,76642
2022,0025,浙江外国语学院,030,国际商务,27,578,73357
2022,0025,浙江外国语学院,031,国际经济与贸易,37,580,70618
2022,0025,浙江外国语学院,032,国际经济与贸易(全英教学),32,577,74757
2022,0025,浙江外国语学院,501,大数据与会计,45,530,131707
2022,0027,浙江传媒学院,028,广播电视学,22,614,33476
2022,0027,浙江传媒学院,029,新闻学,24,607,40455
2022,0027,浙江传媒学院,030,编辑出版学,24,596,52687
2022,0027,浙江传媒学院,031,传播学,23,604,43349
2022,0027,浙江传媒学院,032,汉语言文学(网络文学与创意写作),7,591,57962
2022,0027,浙江传媒学院,033,汉语言文学,24,589,60659
2022,0027,浙江传媒学院,034,文化产业管理,30,583,67197
2022,0027,浙江传媒学院,035,网络与新媒体,36,595,53907
2022,0027,浙江传媒学院,036,广告学,27,591,58554
2022,0027,浙江传媒学院,037,会展经济与管理,20,581,69655
2022,0027,浙江传媒学院,038,公共关系学,10,582,68290
2022,0027,浙江传媒学院,039,数字媒体技术,29,585,65147
2022,0027,浙江传媒学院,040,广播电视工程,22,574,77635
2022,0027,浙江传媒学院,041,软件工程(传媒大数据),14,582,67970
2022,0027,浙江传媒学院,042,电子科学与技术(演艺工程与舞台技术),13,575,77211
2022,0027,浙江传媒学院,043,网络工程,14,579,71740
2022,0027,浙江传媒学院,044,人工智能,13,580,71101
2022,0027,浙江传媒学院,045,英语,16,587,62875
2022,0027,浙江传媒学院,046,传播学(中外合作办学),40,582,68607
2022,0028,宁波工程学院,001,机械设计制造及其自动化,61,553,103146
2022,0028,宁波工程学院,002,材料成型及控制工程,35,544,114677
2022,0028,宁波工程学院,003,汽车服务工程,21,542,116670
2022,0028,宁波工程学院,004,车辆工程,28,549,108105
2022,0028,宁波工程学院,005,电子信息工程,60,558,96857
2022,0028,宁波工程学院,006,电子科学与技术,29,559,96281
2022,0028,宁波工程学院,007,电气工程及其自动化,31,562,92133
2022,0028,宁波工程学院,008,计算机科学与技术,42,566,87302
2022,0028,宁波工程学院,009,网络工程,15,562,92466
2022,0028,宁波工程学院,010,人工智能,47,564,90046
2022,0028,宁波工程学院,011,网络空间安全,20,560,94846
2022,0028,宁波工程学院,012,土木工程,85,547,110554
2022,0028,宁波工程学院,013,交通工程,32,546,111641
2022,0028,宁波工程学院,014,工程管理,28,546,111490
2022,0028,宁波工程学院,015,道路桥梁与渡河工程,15,545,113514
2022,0028,宁波工程学院,016,建筑环境与能源应用工程,35,545,113571
2022,0028,宁波工程学院,017,建筑学,25,575,77295
2022,0028,宁波工程学院,018,化学工程与工艺,84,555,100782
2022,0028,宁波工程学院,019,油气储运工程,25,556,99907
2022,0028,宁波工程学院,020,应用化学,38,559,96725
2022,0028,宁波工程学院,021,安全工程,29,544,114456
2022,0028,宁波工程学院,022,材料科学与工程,11,546,111447
2022,0028,宁波工程学院,023,材料物理,11,547,110563
2022,0028,宁波工程学院,024,会计学,64,571,82055
2022,0028,宁波工程学院,025,国际经济与贸易,44,565,88533
2022,0028,宁波工程学院,026,电子商务,37,565,88819
2022,0028,宁波工程学院,027,市场营销,35,562,92943
2022,0028,宁波工程学院,028,国际商务,36,562,92933
2022,0028,宁波工程学院,029,物流管理,43,562,92743
2022,0028,宁波工程学院,030,物流工程,38,561,93891
2022,0028,宁波工程学院,031,英语,39,569,83776
2022,0028,宁波工程学院,032,商务英语,79,562,93027
2022,0028,宁波工程学院,033,日语,43,561,93748
2022,0028,宁波工程学院,034,德语,20,562,92190
2022,0028,宁波工程学院,035,汉语言文学,40,576,75163
2022,0028,宁波工程学院,036,广告学,38,568,85766
2022,0028,宁波工程学院,037,工业设计,27,556,99206
2022,0028,宁波工程学院,038,城市管理,42,563,90876
2022,0028,宁波工程学院,039,网络与新媒体,19,570,83302
2022,0028,宁波工程学院,040,金融工程,44,558,96858
2022,0028,宁波工程学院,041,信息与计算科学,32,560,94417
2022,0028,宁波工程学院,042,应用统计学,44,560,94458
2022,0028,宁波工程学院,043,数据科学与大数据技术,40,563,91164
2022,0028,宁波工程学院,044,会计学(中外合作办学)(4+0),88,556,100252
2022,0028,宁波工程学院,045,会计学(中外合作办学)(3+1),15,555,100712
2022,0028,宁波工程学院,046,信息与计算科学(中外合作办学),88,528,133454
2022,0028,宁波工程学院,047,机械设计制造及其自动化(中外合作办学),66,532,128637
2022,0028,宁波工程学院,048,机器人工程,60,553,103498
2022,0028,宁波工程学院,049,电气工程及其自动化,25,560,94382
2022,0028,宁波工程学院,050,材料科学与工程,22,545,112947
2022,0029,衢州学院,001,化学工程与工艺,35,558,97955
2022,0029,衢州学院,002,环境工程,33,558,96859
2022,0029,衢州学院,003,材料科学与工程,16,556,99432
2022,0029,衢州学院,004,高分子材料与工程,61,555,100934
2022,0029,衢州学院,005,机械设计制造及其自动化,38,545,112932
2022,0029,衢州学院,006,材料成型及控制工程,6,544,114792
2022,0029,衢州学院,007,机械电子工程,40,542,116579
2022,0029,衢州学院,008,机器人工程,56,542,116344
2022,0029,衢州学院,009,智能制造工程,20,544,114556
2022,0029,衢州学院,010,土木工程,84,540,118925
2022,0029,衢州学院,011,工程管理,33,540,119076
2022,0029,衢州学院,012,建筑学,18,565,89036
2022,0029,衢州学院,013,电气工程及其自动化,31,547,110325
2022,0029,衢州学院,014,自动化,30,545,113638
2022,0029,衢州学院,015,数据科学与大数据技术,52,549,108855
2022,0029,衢州学院,016,人工智能,64,546,112124
2022,0029,衢州学院,017,人力资源管理,38,563,91698
2022,0029,衢州学院,018,电子商务,34,561,93457
2022,0029,衢州学院,019,互联网金融,49,554,101672
2022,0029,衢州学院,020,旅游管理与服务教育,19,558,97693
2022,0029,衢州学院,021,学前教育(师范),15,576,75138
2022,0029,衢州学院,022,小学教育(师范),10,586,63945
2022,0029,衢州学院,023,汉语言文学(师范),60,584,65862
2022,0029,衢州学院,024,数学与应用数学(师范),35,565,89263
2022,0029,衢州学院,025,英语(师范),44,583,67761
2022,0029,衢州学院,026,商务英语,40,561,93531
2022,0029,衢州学院,501,建筑工程技术,70,513,152482
2022,0029,衢州学院,502,商务英语,30,518,146028
2022,0030,浙江水利水电学院,001,水利水电工程,84,571,81818
2022,0030,浙江水利水电学院,002,农业水利工程,80,564,90595
2022,0030,浙江水利水电学院,003,水文与水资源工程,43,567,87028
2022,0030,浙江水利水电学院,004,港口航道与海岸工程,27,564,89626
2022,0030,浙江水利水电学院,005,环境生态工程,26,564,90285
2022,0030,浙江水利水电学院,006,测绘工程,2,556,100029
2022,0030,浙江水利水电学院,007,给排水科学与工程,45,550,107148
2022,0030,浙江水利水电学院,008,道路桥梁与渡河工程,9,550,106895
2022,0030,浙江水利水电学院,009,地理信息科学,53,568,85573
2022,0030,浙江水利水电学院,010,土木工程,41,551,105479
2022,0030,浙江水利水电学院,011,工程造价,66,552,104345
2022,0030,浙江水利水电学院,012,工程管理,14,550,106763
2022,0030,浙江水利水电学院,013,建筑环境与能源应用工程,29,548,109745
2022,0030,浙江水利水电学院,014,电气工程及其自动化,46,561,93580
2022,0030,浙江水利水电学院,015,新能源科学与工程,30,555,100521
2022,0030,浙江水利水电学院,016,自动化,32,557,98217
2022,0030,浙江水利水电学院,017,智能电网信息工程,47,553,103171
2022,0030,浙江水利水电学院,018,机械设计制造及其自动化,35,554,102108
2022,0030,浙江水利水电学院,019,机械设计制造及其自动化(中外合作办学),52,539,120388
2022,0030,浙江水利水电学院,020,材料成型及控制工程,10,551,105401
2022,0030,浙江水利水电学院,021,车辆工程,10,552,104191
2022,0030,浙江水利水电学院,022,机器人工程,48,555,100548
2022,0030,浙江水利水电学院,023,人力资源管理,28,569,84169
2022,0030,浙江水利水电学院,024,商务英语,75,565,89443
2022,0030,浙江水利水电学院,025,物流工程,27,564,89847
2022,0030,浙江水利水电学院,026,金融工程,19,568,85199
2022,0030,浙江水利水电学院,027,软件工程,77,563,91142
2022,0030,浙江水利水电学院,028,物联网工程,50,560,95173
2022,0030,浙江水利水电学院,029,数字媒体技术,79,557,98230
2022,0030,浙江水利水电学院,030,国际商务,40,565,89513
2022,0030,浙江水利水电学院,031,遥感科学与技术,53,549,107963
2022,0030,浙江水利水电学院,032,人工智能,45,556,99169
2022,0030,浙江水利水电学院,501,市政工程技术,120,513,152074
2022,0030,浙江水利水电学院,502,电子信息工程技术,95,514,150643
2022,0030,浙江水利水电学院,503,机电一体化技术,90,512,153505
2022,0030,浙江水利水电学院,504,工商企业管理,100,516,148138
2022,0030,浙江水利水电学院,505,计算机应用技术,120,522,140889
2022,0030,浙江水利水电学院,506,建筑装饰工程技术,125,515,150210
2022,0033,浙江树人学院(民办),001,工商管理,33,541,118199
2022,0033,浙江树人学院(民办),002,市场营销,48,534,127099
2022,0033,浙江树人学院(民办),003,财务管理,39,543,115369
2022,0033,浙江树人学院(民办),004,物业管理,64,531,130404
2022,0033,浙江树人学院(民办),005,公共事业管理,20,538,121793
2022,0033,浙江树人学院(民办),006,城乡规划,58,538,121610
2022,0033,浙江树人学院(民办),007,土木工程,160,508,157800
2022,0033,浙江树人学院(民办),008,建筑学,54,539,120504
2022,0033,浙江树人学院(民办),009,日语,36,536,124452
2022,0033,浙江树人学院(民办),010,英语,47,542,116846
2022,0033,浙江树人学院(民办),011,朝鲜语,26,531,129936
2022,0033,浙江树人学院(民办),012,商务英语,4,546,111966
2022,0033,浙江树人学院(民办),013,汉语言文学,48,550,106604
2022,0033,浙江树人学院(民办),014,新闻学,19,547,111255
2022,0033,浙江树人学院(民办),015,秘书学,12,539,121011
2022,0033,浙江树人学院(民办),016,网络与新媒体,41,548,110130
2022,0033,浙江树人学院(民办),017,汉语国际教育,11,552,105162
2022,0033,浙江树人学院(民办),018,国际经济与贸易,36,539,120158
2022,0033,浙江树人学院(民办),019,旅游管理,42,530,131367
2022,0033,浙江树人学院(民办),020,会展经济与管理,55,532,129416
2022,0033,浙江树人学院(民办),021,投资学,60,532,128918
2022,0033,浙江树人学院(民办),022,国际商务,43,532,128712
2022,0033,浙江树人学院(民办),023,社会工作,39,537,122607
2022,0033,浙江树人学院(民办),024,家政学,15,535,126104
2022,0033,浙江树人学院(民办),025,人工智能,57,518,146160
2022,0033,浙江树人学院(民办),026,计算机科学与技术,75,524,138682
2022,0033,浙江树人学院(民办),027,通信工程,52,514,150318
2022,0033,浙江树人学院(民办),028,数字媒体技术,44,519,145200
2022,0033,浙江树人学院(民办),029,物联网工程,52,515,149141
2022,0033,浙江树人学院(民办),030,数据科学与大数据技术,45,524,139242
2022,0033,浙江树人学院(民办),031,环境工程,106,531,130343
2022,0033,浙江树人学院(民办),032,生物工程,35,536,124051
2022,0033,浙江树人学院(民办),033,应用化学,69,533,128264
2022,0033,浙江树人学院(民办),034,食品科学与工程,29,536,124230
2022,0033,浙江树人学院(民办),035,食品质量与安全,29,539,121148
2022,0033,浙江树人学院(民办),036,环境生态工程,29,533,127393
2022,0033,浙江树人学院(民办),037,护理学,140,547,110521
2022,0033,浙江树人学院(民办),038,临床医学,94,553,103963
2022,0033,浙江树人学院(民办),039,医学检验技术,30,556,99908
2022,0033,浙江树人学院(民办),044,国际经济与贸易(茶文化贸易方向),25,533,128241
2022,0033,浙江树人学院(民办),501,护理,338,497,
2022,0033,浙江树人学院(民办),502,大数据与会计,89,509,156818
2022,0033,浙江树人学院(民办),503,应用英语,49,509,156006
2022,0033,浙江树人学院(民办),504,现代文秘(涉外方向),79,498,169185
2022,0036,杭州医学院,001,临床医学,185,589,60567
2022,0036,杭州医学院,002,儿科学,10,589,60568
2022,0036,杭州医学院,003,精神医学,24,580,71138
2022,0036,杭州医学院,004,麻醉学,31,587,62444
2022,0036,杭州医学院,005,医学影像学,79,571,81236
2022,0036,杭州医学院,006,口腔医学,72,607,40384
2022,0036,杭州医学院,007,预防医学,100,582,68498
2022,0036,杭州医学院,008,法医学,14,584,66017
2022,0036,杭州医学院,009,医学影像技术,81,582,68388
2022,0036,杭州医学院,010,医学检验技术,81,579,72258
2022,0036,杭州医学院,011,卫生检验与检疫,53,577,74856
2022,0036,杭州医学院,012,药学,68,578,73084
2022,0036,杭州医学院,013,护理学,70,573,79100
2022,0036,杭州医学院,014,助产学,16,573,79148
2022,0036,杭州医学院,015,康复治疗学,71,573,79144
2022,0036,杭州医学院,016,智能医学工程,13,578,73607
2022,0036,杭州医学院,017,医学信息工程,45,567,86854
2022,0036,杭州医学院,018,应用物理学,21,561,93767
2022,0036,杭州医学院,019,生物技术,24,572,81132
2022,0036,杭州医学院,501,口腔医学,60,552,104968
2022,0036,杭州医学院,502,医学检验技术,60,540,119452
2022,0036,杭州医学院,503,药学,141,530,131164
2022,0036,杭州医学院,504,卫生信息管理,50,529,133400
2022,0038,丽水学院,001,英语,32,573,79831
2022,0038,丽水学院,002,汉语言文学(师范),40,583,66734
2022,0038,丽水学院,004,思想政治教育(师范),16,585,64727
2022,0038,丽水学院,005,民族学,3,571,82165
2022,0038,丽水学院,007,学前教育(师范),18,579,72293
2022,0038,丽水学院,008,小学教育(师范),57,586,63736
2022,0038,丽水学院,009,应用化学,26,560,95383
2022,0038,丽水学院,010,生态学,15,561,94091
2022,0038,丽水学院,011,化学工程与工艺,20,559,96427
2022,0038,丽水学院,012,环境工程,22,559,95906
2022,0038,丽水学院,013,生物制药,25,562,92787
2022,0038,丽水学院,014,园艺,14,560,94678
2022,0038,丽水学院,015,园林,20,561,93488
2022,0038,丽水学院,016,数学与应用数学(师范),41,561,93501
2022,0038,丽水学院,017,物理学,25,548,109639
2022,0038,丽水学院,018,机械设计制造及其自动化,41,545,113532
2022,0038,丽水学院,019,电子信息工程,38,549,108450
2022,0038,丽水学院,020,自动化,21,548,109851
2022,0038,丽水学院,021,计算机科学与技术,40,553,103190
2022,0038,丽水学院,022,数字媒体技术,19,553,103763
2022,0038,丽水学院,023,土木工程,33,544,114916
2022,0038,丽水学院,024,口腔医学,32,593,55650
2022,0038,丽水学院,025,康复治疗学,25,566,88119
2022,0038,丽水学院,026,护理学,75,567,86161
2022,0038,丽水学院,027,临床医学,38,573,79354
2022,0038,丽水学院,028,国际商务,22,562,92810
2022,0038,丽水学院,029,国际经济与贸易,14,564,90597
2022,0038,丽水学院,030,财务管理,44,567,86859
2022,0038,丽水学院,031,电子商务,38,562,92292
2022,0038,丽水学院,032,旅游管理,16,561,94236
2022,0038,丽水学院,033,工业设计,19,546,111525
2022,0038,丽水学院,041,英语(少数民族班),3,557,98903
2022,0038,丽水学院,042,汉语言文学(少数民族班)(师范),3,573,79748
2022,0038,丽水学院,043,思想政治教育(少数民族班)(师范),3,569,84740
2022,0038,丽水学院,044,民族学(少数民族班),3,554,102802
2022,0038,丽水学院,045,小学教育(少数民族班)(师范),3,582,69040
2022,0038,丽水学院,046,应用化学(少数民族班),3,555,101150
2022,0038,丽水学院,047,生态学(少数民族班),3,547,111171
2022,0038,丽水学院,048,化学工程与工艺(少数民族班),3,547,111112
2022,0038,丽水学院,049,环境工程(少数民族班),3,550,107474
2022,0038,丽水学院,050,生物制药(少数民族班),3,557,98192
2022,0038,丽水学院,051,园艺(少数民族班),3,550,107141
2022,0038,丽水学院,052,园林(少数民族班),3,547,110304
2022,0038,丽水学院,053,口腔医学(少数民族班),3,588,61656
2022,0038,丽水学院,054,康复治疗学(少数民族班),3,558,97960
2022,0038,丽水学院,055,护理学(少数民族班),3,559,95798
2022,0038,丽水学院,056,国际商务(少数民族班),3,555,100918
2022,0038,丽水学院,057,国际经济与贸易(少数民族班),3,555,101309
2022,0038,丽水学院,058,财务管理(少数民族班),3,563,91887
2022,0038,丽水学院,059,电子商务(少数民族班),3,556,100359
2022,0038,丽水学院,060,旅游管理(少数民族班),3,552,104908
2022,0038,丽水学院,061,学前教育(少数民族班)(师范),3,570,83524
2022,0038,丽水学院,501,护理,114,523,140254
2022,0041,浙江艺术职业学院,510,影视制片管理,30,497,
2022,0041,浙江艺术职业学院,511,影视多媒体技术,58,497,
2022,0041,浙江艺术职业学院,512,音像技术,50,497,
2022,0041,浙江艺术职业学院,513,摄影摄像技术,64,497,
2022,0041,浙江艺术职业学院,514,影视编导,46,497,
2022,0041,浙江艺术职业学院,515,文化创意与策划,45,497,
2022,0041,浙江艺术职业学院,516,公共文化服务与管理,34,497,
2022,0041,浙江艺术职业学院,519,学前教育(师范),30,511,154860
2022,0042,浙江交通职业技术学院,501,道路与桥梁工程技术,80,497,
2022,0042,浙江交通职业技术学院,502,市政工程技术,22,497,169777
2022,0042,浙江交通职业技术学院,503,工程造价,45,508,157935
2022,0042,浙江交通职业技术学院,504,铁道工程技术,44,499,167817
2022,0042,浙江交通职业技术学院,505,汽车检测与维修技术,20,497,
2022,0042,浙江交通职业技术学院,506,新能源汽车检测与维修技术,23,497,169661
2022,0042,浙江交通职业技术学院,507,智能控制技术,28,497,
2022,0042,浙江交通职业技术学院,508,港口与航运管理,18,497,
2022,0042,浙江交通职业技术学院,509,飞机机电设备维修,22,497,
2022,0042,浙江交通职业技术学院,510,无人机应用技术,20,497,
2022,0042,浙江交通职业技术学院,511,城市轨道交通运营管理,135,504,162661
2022,0042,浙江交通职业技术学院,512,城市轨道车辆应用技术,90,497,
2022,0042,浙江交通职业技术学院,513,城市轨道交通机电技术,45,497,
2022,0042,浙江交通职业技术学院,514,机电一体化技术,35,497,
2022,0042,浙江交通职业技术学院,515,现代通信技术,25,497,
2022,0042,浙江交通职业技术学院,516,大数据技术,45,497,
2022,0042,浙江交通职业技术学院,517,物联网应用技术,30,497,
2022,0042,浙江交通职业技术学院,518,智能交通技术,30,497,
2022,0042,浙江交通职业技术学院,519,现代物流管理,15,497,169713
2022,0042,浙江交通职业技术学院,520,人力资源管理,35,497,
2022,0042,浙江交通职业技术学院,524,商务英语,19,512,153582
2022,0043,浙江工商职业技术学院,501,金融服务与管理,60,497,
2022,0043,浙江工商职业技术学院,502,财富管理,10,497,
2022,0043,浙江工商职业技术学院,503,大数据与会计,88,497,
2022,0043,浙江工商职业技术学院,505,国际经济与贸易,40,497,
2022,0043,浙江工商职业技术学院,506,关务与外贸服务,10,497,
2022,0043,浙江工商职业技术学院,507,市场营销,35,497,
2022,0043,浙江工商职业技术学院,508,电子商务,40,497,
2022,0043,浙江工商职业技术学院,509,跨境电子商务,20,497,
2022,0043,浙江工商职业技术学院,511,工业设计,30,497,
2022,0043,浙江工商职业技术学院,512,模具设计与制造,10,497,
2022,0043,浙江工商职业技术学院,513,机电一体化技术,25,497,
2022,0043,浙江工商职业技术学院,514,旅游管理,10,497,
2022,0043,浙江工商职业技术学院,515,应用英语,160,497,169706
2022,0043,浙江工商职业技术学院,516,建筑工程技术,15,497,
2022,0043,浙江工商职业技术学院,517,工程造价,40,497,
2022,0043,浙江工商职业技术学院,518,数字媒体技术,10,500,167021
2022,0043,浙江工商职业技术学院,522,传播与策划,90,497,
2022,0043,浙江工商职业技术学院,524,电气自动化技术,20,497,
2022,0043,浙江工商职业技术学院,525,应用电子技术,20,497,
2022,0043,浙江工商职业技术学院,526,计算机应用技术,43,497,
2022,0043,浙江工商职业技术学院,527,计算机网络技术,70,497,
2022,0043,浙江工商职业技术学院,528,软件技术,38,497,
2022,0043,浙江工商职业技术学院,529,人工智能技术应用,20,497,
2022,0044,浙江工贸职业技术学院,504,工业机器人技术,24,497,
2022,0044,浙江工贸职业技术学院,505,机电一体化技术,40,497,
2022,0044,浙江工贸职业技术学院,506,智能光电制造技术,5,497,
2022,0044,浙江工贸职业技术学院,508,环境工程技术,62,497,
2022,0044,浙江工贸职业技术学院,509,机械制造及自动化,10,497,
2022,0044,浙江工贸职业技术学院,510,商务英语,115,497,
2022,0044,浙江工贸职业技术学院,511,市场营销,29,497,
2022,0044,浙江工贸职业技术学院,512,国际经济与贸易,66,497,
2022,0044,浙江工贸职业技术学院,513,电子商务,38,497,
2022,0044,浙江工贸职业技术学院,517,电子信息工程技术,101,497,
2022,0044,浙江工贸职业技术学院,518,计算机应用技术,53,497,
2022,0044,浙江工贸职业技术学院,519,软件技术,110,497,
2022,0044,浙江工贸职业技术学院,520,人工智能技术应用,37,497,
2022,0044,浙江工贸职业技术学院,521,大数据技术,33,497,
2022,0044,浙江工贸职业技术学院,522,动漫制作技术,49,497,
2022,0044,浙江工贸职业技术学院,525,眼视光技术,94,497,
2022,0044,浙江工贸职业技术学院,528,视觉训练与康复,23,497,
2022,0044,浙江工贸职业技术学院,529,大数据与会计,96,497,
2022,0044,浙江工贸职业技术学院,532,人力资源管理,95,497,
2022,0044,浙江工贸职业技术学院,534,知识产权管理,60,497,
2022,0044,浙江工贸职业技术学院,535,新能源汽车技术,5,497,
2022,0045,浙江机电职业技术学院,501,数控技术,5,510,155908
2022,0045,浙江机电职业技术学院,502,机械制造及自动化,30,503,163571
2022,0045,浙江机电职业技术学院,503,工业设计,15,500,166794
2022,0045,浙江机电职业技术学院,504,材料成型及控制技术,5,497,
2022,0045,浙江机电职业技术学院,505,模具设计与制造,5,498,168249
2022,0045,浙江机电职业技术学院,506,智能制造装备技术,5,501,165627
2022,0045,浙江机电职业技术学院,507,机电一体化技术,20,502,164693
2022,0045,浙江机电职业技术学院,508,智能控制技术,10,506,159783
2022,0045,浙江机电职业技术学院,509,工业机器人技术,10,497,
2022,0045,浙江机电职业技术学院,510,电气自动化技术,20,500,166099
2022,0045,浙江机电职业技术学院,511,城市轨道交通机电技术,60,497,
2022,0045,浙江机电职业技术学院,512,物联网应用技术,42,498,168682
2022,0045,浙江机电职业技术学院,513,应用电子技术,10,499,167135
2022,0045,浙江机电职业技术学院,514,汽车智能技术,5,498,168653
2022,0045,浙江机电职业技术学院,515,计算机应用技术,89,504,162038
2022,0045,浙江机电职业技术学院,516,大数据技术,25,498,168539
2022,0045,浙江机电职业技术学院,517,市场营销,8,497,
2022,0045,浙江机电职业技术学院,518,电子商务,8,502,164469
2022,0045,浙江机电职业技术学院,519,跨境电子商务,8,497,
2022,0045,浙江机电职业技术学院,520,商务数据分析与应用,7,497,
2022,0045,浙江机电职业技术学院,521,云计算技术应用,20,497,
2022,0045,浙江机电职业技术学院,523,产品艺术设计,10,497,169711
2022,0045,浙江机电职业技术学院,525,影视多媒体技术,15,499,168177
2022,0045,浙江机电职业技术学院,527,大数据与会计,45,498,169063
2022,0045,浙江机电职业技术学院,528,计算机网络技术,83,500,166803
2022,0045,浙江机电职业技术学院,529,智能制造装备技术(中外合作办学),80,497,
2022,0045,浙江机电职业技术学院,530,物联网应用技术(中外合作办学),80,497,
2022,0046,浙江商业职业技术学院,501,金融服务与管理,20,497,
2022,0046,浙江商业职业技术学院,502,大数据与会计,144,497,
2022,0046,浙江商业职业技术学院,503,大数据与会计(注册会计),89,498,168937
2022,0046,浙江商业职业技术学院,504,财富管理,14,497,
2022,0046,浙江商业职业技术学院,505,电子商务,53,497,
2022,0046,浙江商业职业技术学院,507,跨境电子商务,16,497,
2022,0046,浙江商业职业技术学院,510,国际经济与贸易,19,497,
2022,0046,浙江商业职业技术学院,511,商务英语,50,497,
2022,0046,浙江商业职业技术学院,512,工商企业管理,39,497,
2022,0046,浙江商业职业技术学院,513,连锁经营与管理,15,497,
2022,0046,浙江商业职业技术学院,514,市场营销,13,497,
2022,0046,浙江商业职业技术学院,516,现代物流管理,54,497,
2022,0046,浙江商业职业技术学院,518,导游,7,497,
2022,0046,浙江商业职业技术学院,519,酒店管理与数字化运营,19,497,
2022,0046,浙江商业职业技术学院,522,西式烹饪工艺,26,497,
2022,0046,浙江商业职业技术学院,530,建筑智能化工程技术,18,497,
2022,0046,浙江商业职业技术学院,531,电子信息工程技术,50,497,
2022,0046,浙江商业职业技术学院,533,应用电子技术,20,497,
2022,0046,浙江商业职业技术学院,534,计算机网络技术,95,497,
2022,0047,浙江警官职业学院,503,司法警务,27,541,117875
2022,0047,浙江警官职业学院,504,法律事务,49,521,142227
2022,0047,浙江警官职业学院,505,社区矫正,84,512,153335
2022,0047,浙江警官职业学院,506,建筑消防技术,40,503,163650
2022,0047,浙江警官职业学院,507,安全防范技术,73,498,168454
2022,0047,浙江警官职业学院,509,信息安全技术应用,45,503,163458
2022,0047,浙江警官职业学院,510,密码技术应用,95,497,
2022,0048,浙江工业职业技术学院,501,机电一体化技术,78,497,
2022,0048,浙江工业职业技术学院,502,电气自动化技术,40,497,
2022,0048,浙江工业职业技术学院,503,工业机器人技术,48,497,
2022,0048,浙江工业职业技术学院,504,机械制造及自动化,78,497,
2022,0048,浙江工业职业技术学院,506,模具设计与制造,46,497,
2022,0048,浙江工业职业技术学院,507,智能控制技术,70,497,
2022,0048,浙江工业职业技术学院,508,数字媒体技术,30,497,
2022,0048,浙江工业职业技术学院,510,计算机应用技术(智能移动终端软件开发方向),53,497,
2022,0048,浙江工业职业技术学院,512,视觉传达设计,30,497,
2022,0048,浙江工业职业技术学院,513,大数据技术,29,497,
2022,0048,浙江工业职业技术学院,516,大数据与会计,124,497,
2022,0048,浙江工业职业技术学院,517,大数据与审计,80,497,
2022,0048,浙江工业职业技术学院,518,统计与大数据分析,80,497,
2022,0048,浙江工业职业技术学院,519,电子商务,68,497,
2022,0048,浙江工业职业技术学院,520,国际经济与贸易,65,497,
2022,0048,浙江工业职业技术学院,521,市场营销,42,497,
2022,0048,浙江工业职业技术学院,522,智能物流技术,41,497,
2022,0048,浙江工业职业技术学院,525,工程造价,106,497,
2022,0048,浙江工业职业技术学院,526,建筑装饰工程技术(室内装饰设计与施工方向),35,497,
2022,0048,浙江工业职业技术学院,532,新能源汽车技术,43,497,
2022,0048,浙江工业职业技术学院,533,无人机应用技术,68,497,
2022,0048,浙江工业职业技术学院,534,电子信息工程技术,64,497,
2022,0048,浙江工业职业技术学院,535,护理,80,501,165390
2022,0048,浙江工业职业技术学院,536,康复治疗技术,35,497,
2022,0048,浙江工业职业技术学院,537,食品检验检测技术,27,497,
2022,0049,浙江旅游职业学院,501,酒店管理与数字化运营,50,497,
2022,0049,浙江旅游职业学院,504,研学旅行管理与服务,40,497,
2022,0049,浙江旅游职业学院,505,电子商务,49,497,
2022,0049,浙江旅游职业学院,506,会展策划与管理,59,497,
2022,0049,浙江旅游职业学院,507,茶艺与茶文化,40,497,
2022,0049,浙江旅游职业学院,509,旅游管理,50,497,
2022,0049,浙江旅游职业学院,510,西式烹饪工艺,25,497,
2022,0049,浙江旅游职业学院,512,旅游英语,50,497,
2022,0049,浙江旅游职业学院,513,商务英语,102,497,
2022,0049,浙江旅游职业学院,514,旅游日语,35,497,
2022,0049,浙江旅游职业学院,518,人力资源管理,70,497,
2022,0049,浙江旅游职业学院,519,大数据与会计,86,497,
2022,0050,浙江金融职业学院,501,金融服务与管理,277,499,168182
2022,0050,浙江金融职业学院,502,农村金融,50,500,166731
2022,0050,浙江金融职业学院,503,国际金融,82,501,165303
2022,0050,浙江金融职业学院,504,金融科技应用,84,501,165804
2022,0050,浙江金融职业学院,505,财富管理,103,500,166981
2022,0050,浙江金融职业学院,506,保险实务,82,497,
2022,0050,浙江金融职业学院,507,大数据与会计,173,512,153309
2022,0050,浙江金融职业学院,508,大数据与会计(中外合作办学),80,497,
2022,0050,浙江金融职业学院,509,大数据与财务管理,107,512,153570
2022,0050,浙江金融职业学院,510,信用管理,36,505,160997
2022,0050,浙江金融职业学院,511,市场营销,121,497,169534
2022,0050,浙江金融职业学院,512,工商企业管理,28,512,153074
2022,0050,浙江金融职业学院,513,房地产经营与管理,34,497,
2022,0050,浙江金融职业学院,514,电子商务,32,515,150152
2022,0050,浙江金融职业学院,515,国际经济与贸易,84,504,162511
2022,0050,浙江金融职业学院,516,国际商务(中外合作办学),80,497,
2022,0050,浙江金融职业学院,517,会展策划与管理,58,502,164586
2022,0050,浙江金融职业学院,518,数字媒体技术,34,516,148833
2022,0050,浙江金融职业学院,519,大数据技术,123,507,158226
2022,0050,浙江金融职业学院,520,人工智能技术应用,78,507,159021
2022,0050,浙江金融职业学院,521,云计算技术应用,45,505,161457
2022,0050,浙江金融职业学院,523,商务英语,41,515,149878
2022,0050,浙江金融职业学院,524,跨境电子商务,23,511,154488
2022,0051,浙江经济职业技术学院,501,现代物流管理(跨境物流),10,510,155758
2022,0051,浙江经济职业技术学院,502,新能源汽车技术,12,509,156146
2022,0051,浙江经济职业技术学院,503,商务管理,11,501,165205
2022,0051,浙江经济职业技术学院,504,工商企业管理,18,501,165910
2022,0051,浙江经济职业技术学院,505,电子商务,50,503,163298
2022,0051,浙江经济职业技术学院,506,国际经济与贸易,35,497,170084
2022,0051,浙江经济职业技术学院,507,跨境电子商务,11,503,163637
2022,0051,浙江经济职业技术学院,508,大数据与会计,92,506,160136
2022,0051,浙江经济职业技术学院,509,大数据与财务管理,45,503,163205
2022,0051,浙江经济职业技术学院,510,金融服务与管理,18,498,168488
2022,0051,浙江经济职业技术学院,511,大数据技术,26,507,158810
2022,0051,浙江经济职业技术学院,512,计算机网络技术,20,507,158808
2022,0051,浙江经济职业技术学院,513,数字媒体技术,8,513,152432
2022,0051,浙江经济职业技术学院,514,应用英语,64,508,157809
2022,0051,浙江经济职业技术学院,515,现代物流管理(中外合作办学),10,497,
2022,0051,浙江经济职业技术学院,516,金融服务与管理(中外合作办学),30,497,
2022,0052,浙江建设职业技术学院,501,建筑工程技术(工业化设计与管理),22,497,
2022,0052,浙江建设职业技术学院,502,建筑工程技术,53,497,
2022,0052,浙江建设职业技术学院,505,建设工程管理,22,497,
2022,0052,浙江建设职业技术学院,506,市政工程技术,49,497,
2022,0052,浙江建设职业技术学院,507,工程造价,135,499,167277
2022,0052,浙江建设职业技术学院,508,智能建造技术(数字化技术应用),28,497,
2022,0052,浙江建设职业技术学院,510,给排水工程技术,25,497,
2022,0052,浙江建设职业技术学院,511,建筑智能化工程技术,20,497,
2022,0052,浙江建设职业技术学院,512,绿色低碳技术(环境污染控制与降碳),8,497,169785
2022,0052,浙江建设职业技术学院,515,城乡规划,26,497,
2022,0052,浙江建设职业技术学院,516,建筑设计,61,497,
2022,0052,浙江建设职业技术学院,517,建筑装饰工程技术,36,497,
2022,0052,浙江建设职业技术学院,518,园林工程技术,20,497,
2022,0052,浙江建设职业技术学院,519,现代文秘(工程档案智慧管理),10,497,
2022,0052,浙江建设职业技术学院,520,现代文秘(建筑文秘与管理),28,497,
2022,0052,浙江建设职业技术学院,521,人力资源管理,20,497,
2022,0053,浙江经贸职业技术学院,501,计算机应用技术,45,513,151711
2022,0053,浙江经贸职业技术学院,502,计算机网络技术,45,506,159403
2022,0053,浙江经贸职业技术学院,503,电子商务,70,505,160495
2022,0053,浙江经贸职业技术学院,504,软件技术,45,507,158334
2022,0053,浙江经贸职业技术学院,505,动漫制作技术,36,511,154225
2022,0053,浙江经贸职业技术学院,506,商务数据分析与应用,20,497,169796
2022,0053,浙江经贸职业技术学院,507,大数据与会计,120,506,159574
2022,0053,浙江经贸职业技术学院,508,财税大数据应用,38,497,
2022,0053,浙江经贸职业技术学院,509,金融科技应用,31,497,169801
2022,0053,浙江经贸职业技术学院,510,国际经济与贸易,50,497,
2022,0053,浙江经贸职业技术学院,511,应用英语,115,502,164738
2022,0053,浙江经贸职业技术学院,512,应用日语,45,497,
2022,0053,浙江经贸职业技术学院,513,跨境电子商务,30,500,167012
2022,0053,浙江经贸职业技术学院,514,市场营销,16,497,
2022,0053,浙江经贸职业技术学院,515,现代物流管理,15,497,
2022,0053,浙江经贸职业技术学院,516,工商企业管理,43,497,
2022,0053,浙江经贸职业技术学院,517,会展策划与管理,25,497,169634
2022,0053,浙江经贸职业技术学院,518,现代文秘,10,504,162270
2022,0053,浙江经贸职业技术学院,519,传播与策划,40,510,155383
2022,0053,浙江经贸职业技术学院,520,食品检验检测技术,8,501,165453
2022,0053,浙江经贸职业技术学院,521,食品质量与安全,8,500,166117
2022,0053,浙江经贸职业技术学院,522,食品营养与健康,15,499,167349
2022,0053,浙江经贸职业技术学院,523,生物制药技术,40,506,159666
2022,0054,浙江育英职业技术学院(民办),502,城市轨道交通运营管理,290,497,
2022,0054,浙江育英职业技术学院(民办),512,网络营销与直播电商,30,497,
2022,0055,浙江东方职业技术学院(民办),506,学前教育(师范),20,497,
2022,0055,浙江东方职业技术学院(民办),525,包装策划与设计,20,497,
2022,0056,浙江长征职业技术学院(民办),506,无人机应用技术,49,497,
2022,0058,浙江纺织服装职业技术学院,501,大数据技术(ERP应用与实施),43,497,
2022,0058,浙江纺织服装职业技术学院,506,动漫制作技术,20,497,
2022,0058,浙江纺织服装职业技术学院,514,城市轨道交通机电技术,45,497,
2022,0058,浙江纺织服装职业技术学院,518,服装设计与工艺,30,497,
2022,0058,浙江纺织服装职业技术学院,520,服装与服饰设计,63,497,
2022,0058,浙江纺织服装职业技术学院,526,大数据与会计,51,497,
2022,0058,浙江纺织服装职业技术学院,534,人物形象设计,8,497,
2022,0058,浙江纺织服装职业技术学院,540,机电一体化技术,47,497,
2022,0058,浙江纺织服装职业技术学院,545,城市轨道交通机电技术(宁波轨道),40,501,165699
2022,0058,浙江纺织服装职业技术学院,546,城市轨道交通机电技术(站务管理，宁波轨道),40,500,167020
2022,0058,浙江纺织服装职业技术学院,547,机电一体化技术(宁波华润兴光燃气),25,500,166391
2022,0059,浙江广厦建设职业技术大学(民办),001,建筑工程,88,498,168437
2022,0059,浙江广厦建设职业技术大学(民办),002,园林景观工程,75,522,141756
2022,0059,浙江广厦建设职业技术大学(民办),003,建筑设计,64,522,141029
2022,0059,浙江广厦建设职业技术大学(民办),004,智能建造工程,48,498,168722
2022,0059,浙江广厦建设职业技术大学(民办),005,工程造价,88,499,167450
2022,0059,浙江广厦建设职业技术大学(民办),006,建设工程管理,44,497,
2022,0059,浙江广厦建设职业技术大学(民办),007,大数据与会计,71,525,138164
2022,0059,浙江广厦建设职业技术大学(民办),011,电子商务,116,521,142016
2022,0059,浙江广厦建设职业技术大学(民办),012,现代物流管理,67,520,143515
2022,0059,浙江广厦建设职业技术大学(民办),013,民航运输服务与管理,69,519,144834
2022,0059,浙江广厦建设职业技术大学(民办),014,软件工程技术,68,504,162533
2022,0059,浙江广厦建设职业技术大学(民办),015,计算机应用工程,27,505,160850
2022,0059,浙江广厦建设职业技术大学(民办),017,机器人技术,118,499,167432
2022,0059,浙江广厦建设职业技术大学(民办),018,建筑电气与智能化工程,72,497,
2022,0059,浙江广厦建设职业技术大学(民办),501,建筑设计,22,497,
2022,0059,浙江广厦建设职业技术大学(民办),505,建筑经济信息化管理,21,497,
2022,0059,浙江广厦建设职业技术大学(民办),506,大数据与财务管理,21,497,
2022,0059,浙江广厦建设职业技术大学(民办),507,金融科技应用,21,497,
2022,0059,浙江广厦建设职业技术大学(民办),509,现代物流管理,30,497,
2022,0059,浙江广厦建设职业技术大学(民办),510,商务英语,10,497,
2022,0059,浙江广厦建设职业技术大学(民办),511,计算机应用技术,5,497,
2022,0059,浙江广厦建设职业技术大学(民办),512,虚拟现实技术应用,5,497,
2022,0059,浙江广厦建设职业技术大学(民办),513,机电一体化技术,27,497,
2022,0059,浙江广厦建设职业技术大学(民办),514,机械制造及自动化,8,497,
2022,0060,杭州职业技术学院,501,数字化设计与制造技术,25,503,163624
2022,0060,杭州职业技术学院,502,电气自动化技术,40,503,163503
2022,0060,杭州职业技术学院,503,智能控制技术,23,502,163894
2022,0060,杭州职业技术学院,504,工业设计,41,504,162049
2022,0060,杭州职业技术学院,505,城市轨道交通机电技术,24,503,163270
2022,0060,杭州职业技术学院,506,现代物业管理(智能楼宇管理),16,501,165571
2022,0060,杭州职业技术学院,507,大数据与会计,19,520,143934
2022,0060,杭州职业技术学院,508,电子商务,18,515,149132
2022,0060,杭州职业技术学院,509,跨境电子商务,43,504,162422
2022,0060,杭州职业技术学院,510,智慧旅游技术应用,39,497,
2022,0060,杭州职业技术学院,511,市场营销,36,504,162209
2022,0060,杭州职业技术学院,512,服装设计与工艺(服装智慧营销),20,508,157456
2022,0060,杭州职业技术学院,513,针织技术与针织服装,15,498,168619
2022,0060,杭州职业技术学院,514,精细化工技术,23,497,
2022,0060,杭州职业技术学院,515,环境工程技术,40,497,169963
2022,0060,杭州职业技术学院,516,食品检验检测技术,45,503,163699
2022,0060,杭州职业技术学院,517,生物制药技术,40,509,156707
2022,0060,杭州职业技术学院,518,软件技术,67,509,156333
2022,0060,杭州职业技术学院,519,信息安全技术应用,24,506,160422
2022,0060,杭州职业技术学院,520,物联网应用技术,46,503,162794
2022,0060,杭州职业技术学院,521,大数据技术,23,508,157364
2022,0060,杭州职业技术学院,522,人工智能技术应用,24,505,160553
2022,0060,杭州职业技术学院,523,新能源汽车技术,19,506,159300
2022,0060,杭州职业技术学院,525,园艺技术,43,506,159652
2022,0060,杭州职业技术学院,526,工业机器人技术,44,497,
2022,0060,杭州职业技术学院,527,机械设计与制造,46,497,169630
2022,0060,杭州职业技术学院,528,机电一体化技术,45,497,169381
2022,0060,杭州职业技术学院,529,电梯工程技术,10,501,165455
2022,0060,杭州职业技术学院,530,计量测试与应用技术,23,497,
2022,0060,杭州职业技术学院,531,服装设计与工艺(中外合作办学),30,497,
2022,0061,金华职业技术学院,501,物联网应用技术,6,532,128884
2022,0061,金华职业技术学院,502,应用电子技术,28,518,145937
2022,0061,金华职业技术学院,503,计算机应用技术,23,527,135146
2022,0061,金华职业技术学院,504,计算机网络技术,5,528,133738
2022,0061,金华职业技术学院,505,软件技术,16,525,137623
2022,0061,金华职业技术学院,506,人工智能技术应用,16,521,142239
2022,0061,金华职业技术学院,507,无人机应用技术,10,516,148270
2022,0061,金华职业技术学院,508,机械制造及自动化,55,516,148504
2022,0061,金华职业技术学院,509,工业设计,92,511,154392
2022,0061,金华职业技术学院,510,工业机器人技术,46,512,152873
2022,0061,金华职业技术学院,511,电气自动化技术,10,518,145523
2022,0061,金华职业技术学院,512,新能源汽车技术,46,515,149339
2022,0061,金华职业技术学院,513,飞机机电设备维修,48,508,157147
2022,0061,金华职业技术学院,514,数字化设计与制造技术,46,511,154093
2022,0061,金华职业技术学院,515,建筑装饰工程技术,20,515,149057
2022,0061,金华职业技术学院,516,建筑工程技术,95,508,157449
2022,0061,金华职业技术学院,517,工程造价,40,517,147837
2022,0061,金华职业技术学院,518,市政工程技术,38,509,156293
2022,0061,金华职业技术学院,519,大数据与会计,80,519,144528
2022,0061,金华职业技术学院,520,市场营销,35,515,149646
2022,0061,金华职业技术学院,521,电子商务,30,517,146902
2022,0061,金华职业技术学院,522,商务英语,45,517,146805
2022,0061,金华职业技术学院,523,应用阿拉伯语,42,505,161429
2022,0061,金华职业技术学院,524,学前教育(师范),33,532,128819
2022,0061,金华职业技术学院,525,小学教育(师范),20,546,112068
2022,0061,金华职业技术学院,526,美术教育(师范),28,518,145657
2022,0061,金华职业技术学院,527,现代文秘,49,515,149785
2022,0061,金华职业技术学院,528,体育运营与管理(中外合作办学),10,506,160180
2022,0061,金华职业技术学院,529,园艺技术,32,515,149581
2022,0061,金华职业技术学院,530,绿色食品生产技术,26,515,149290
2022,0061,金华职业技术学院,531,园林技术,63,512,153119
2022,0061,金华职业技术学院,532,动物医学,95,516,148520
2022,0061,金华职业技术学院,533,畜牧兽医,141,509,156147
2022,0061,金华职业技术学院,534,临床医学,50,529,132846
2022,0061,金华职业技术学院,535,护理,105,521,142436
2022,0061,金华职业技术学院,536,助产,42,515,149138
2022,0061,金华职业技术学院,537,中药学,85,517,147097
2022,0061,金华职业技术学院,538,医学检验技术,41,524,138553
2022,0061,金华职业技术学院,539,康复治疗技术,44,516,148684
2022,0061,金华职业技术学院,540,旅游管理,36,512,153520
2022,0061,金华职业技术学院,541,酒店管理与数字化运营,78,508,158191
2022,0061,金华职业技术学院,548,环境监测技术,35,512,152826
2022,0061,金华职业技术学院,549,职业健康安全技术,20,507,158856
2022,0061,金华职业技术学院,550,应用化工技术,30,510,155430
2022,0061,金华职业技术学院,551,药品生产技术,40,516,148980
2022,0061,金华职业技术学院,552,生物制药技术,51,515,150036
2022,0061,金华职业技术学院,553,药学,40,520,143832
2022,0062,义乌工商职业技术学院,503,会展策划与管理,44,497,
2022,0062,义乌工商职业技术学院,504,现代文秘,42,497,
2022,0062,义乌工商职业技术学院,505,社会工作,14,497,
2022,0062,义乌工商职业技术学院,506,机电一体化技术,48,497,
2022,0062,义乌工商职业技术学院,507,电气自动化技术,48,497,
2022,0062,义乌工商职业技术学院,513,大数据与会计,90,497,
2022,0062,义乌工商职业技术学院,514,工商企业管理,45,497,
2022,0062,义乌工商职业技术学院,516,国际经济与贸易,109,497,
2022,0062,义乌工商职业技术学院,517,国际商务,29,497,
2022,0062,义乌工商职业技术学院,519,应用英语,160,497,
2022,0062,义乌工商职业技术学院,525,数字媒体艺术设计,18,497,
2022,0062,义乌工商职业技术学院,528,电子商务,63,497,
2022,0062,义乌工商职业技术学院,531,网络营销与直播电商,45,497,
2022,0063,宁波职业技术学院,501,商务日语,62,497,
2022,0063,宁波职业技术学院,502,旅游管理(中外合作办学),20,497,
2022,0063,宁波职业技术学院,503,旅游管理,11,498,168474
2022,0063,宁波职业技术学院,504,商务英语,136,501,165792
2022,0063,宁波职业技术学院,505,国际经济与贸易,95,497,
2022,0063,宁波职业技术学院,506,研学旅行管理与服务,11,497,
2022,0063,宁波职业技术学院,507,计算机应用技术,66,512,153550
2022,0063,宁波职业技术学院,508,计算机网络技术,67,504,162372
2022,0063,宁波职业技术学院,509,电子信息工程技术,35,506,159471
2022,0063,宁波职业技术学院,510,人工智能技术应用,60,502,164933
2022,0063,宁波职业技术学院,511,应用化工技术,40,497,
2022,0063,宁波职业技术学院,512,化工智能制造技术,18,497,
2022,0063,宁波职业技术学院,513,环境监测技术,33,497,
2022,0063,宁波职业技术学院,514,药品生物技术,33,502,164896
2022,0063,宁波职业技术学院,515,机电一体化技术,29,499,167607
2022,0063,宁波职业技术学院,516,机械制造及自动化,54,501,165506
2022,0063,宁波职业技术学院,517,电气自动化技术,35,499,167339
2022,0063,宁波职业技术学院,518,建筑工程技术,27,499,167575
2022,0063,宁波职业技术学院,519,装配式建筑工程技术,27,497,
2022,0063,宁波职业技术学院,520,建设工程管理,27,497,169874
2022,0063,宁波职业技术学院,521,建筑室内设计,40,510,155532
2022,0063,宁波职业技术学院,524,市场营销,56,497,
2022,0063,宁波职业技术学院,525,跨境电子商务,56,497,
2022,0063,宁波职业技术学院,526,供应链运营,56,497,
2022,0063,宁波职业技术学院,527,现代物流管理,56,497,
2022,0063,宁波职业技术学院,528,大数据与会计,113,504,161664
2022,0064,温州职业技术学院,501,机械设计与制造,22,497,
2022,0064,温州职业技术学院,502,电机与电器技术,7,497,
2022,0064,温州职业技术学院,503,电气自动化技术,29,497,
2022,0064,温州职业技术学院,504,电子信息工程技术,32,497,
2022,0064,温州职业技术学院,505,工业机器人技术,17,497,
2022,0064,温州职业技术学院,506,机电一体化技术,27,497,
2022,0064,温州职业技术学院,507,大数据技术,37,497,169597
2022,0064,温州职业技术学院,508,电子商务,41,497,
2022,0064,温州职业技术学院,509,计算机网络技术,69,502,164355
2022,0064,温州职业技术学院,510,软件技术,69,500,166767
2022,0064,温州职业技术学院,511,虚拟现实技术应用,37,497,
2022,0064,温州职业技术学院,512,数字媒体技术,64,500,166611
2022,0064,温州职业技术学院,513,信息安全技术应用,32,497,
2022,0064,温州职业技术学院,514,大数据与会计,147,497,
2022,0064,温州职业技术学院,515,财富管理,32,497,
2022,0064,温州职业技术学院,516,工商企业管理,23,497,
2022,0064,温州职业技术学院,517,国际商务,27,497,
2022,0064,温州职业技术学院,518,酒店管理与数字化运营,5,497,
2022,0064,温州职业技术学院,519,市场营销,19,497,
2022,0064,温州职业技术学院,520,工程造价,40,500,166976
2022,0064,温州职业技术学院,521,建筑工程技术,20,497,
2022,0064,温州职业技术学院,522,建筑设计,21,497,
2022,0064,温州职业技术学院,523,传播与策划,64,499,168010
2022,0064,温州职业技术学院,524,服装与服饰设计(中外合作办学),45,497,
2022,0064,温州职业技术学院,525,鞋类设计与工艺,10,497,
2022,0064,温州职业技术学院,526,城市轨道交通运营管理,60,498,169076
2022,0064,温州职业技术学院,527,跨境电子商务,12,497,
2022,0064,温州职业技术学院,528,中小企业创业与经营,6,497,
2022,0064,温州职业技术学院,529,文化产业经营与管理,6,502,164176
2022,0065,浙江越秀外国语学院(民办),001,日语,162,523,140143
2022,0065,浙江越秀外国语学院(民办),002,朝鲜语,84,519,145180
2022,0065,浙江越秀外国语学院(民办),003,阿拉伯语,29,521,142361
2022,0065,浙江越秀外国语学院(民办),004,印度尼西亚语,10,519,144808
2022,0065,浙江越秀外国语学院(民办),005,泰语,24,519,144595
2022,0065,浙江越秀外国语学院(民办),006,法语,45,527,135254
2022,0065,浙江越秀外国语学院(民办),007,西班牙语,58,522,141807
2022,0065,浙江越秀外国语学院(民办),008,俄语,47,522,141337
2022,0065,浙江越秀外国语学院(民办),009,德语,32,523,140011
2022,0065,浙江越秀外国语学院(民办),010,意大利语,28,521,142572
2022,0065,浙江越秀外国语学院(民办),011,葡萄牙语,28,521,142987
2022,0065,浙江越秀外国语学院(民办),012,捷克语,20,518,145661
2022,0065,浙江越秀外国语学院(民办),013,工商管理,28,531,129840
2022,0065,浙江越秀外国语学院(民办),014,国际商务,56,527,135062
2022,0065,浙江越秀外国语学院(民办),015,物流管理,56,528,133737
2022,0065,浙江越秀外国语学院(民办),016,电子商务,28,530,131725
2022,0065,浙江越秀外国语学院(民办),017,大数据管理与应用,56,508,157930
2022,0065,浙江越秀外国语学院(民办),018,国际经济与贸易,33,530,131839
2022,0065,浙江越秀外国语学院(民办),019,金融工程,67,529,132944
2022,0065,浙江越秀外国语学院(民办),020,投资学,67,527,135712
2022,0065,浙江越秀外国语学院(民办),021,税收学,28,531,130540
2022,0065,浙江越秀外国语学院(民办),022,经济统计学,26,531,130204
2022,0065,浙江越秀外国语学院(民办),023,传播学,34,531,130377
2022,0065,浙江越秀外国语学院(民办),024,编辑出版学,65,530,131875
2022,0065,浙江越秀外国语学院(民办),025,网络与新媒体,49,538,122047
2022,0065,浙江越秀外国语学院(民办),026,新闻学,50,534,127332
2022,0065,浙江越秀外国语学院(民办),028,数字媒体技术,50,510,155307
2022,0065,浙江越秀外国语学院(民办),030,时尚传播,70,525,137140
2022,0065,浙江越秀外国语学院(民办),031,汉语国际教育,50,534,127091
2022,0065,浙江越秀外国语学院(民办),032,汉语言文学,115,540,119057
2022,0065,浙江越秀外国语学院(民办),034,会展经济与管理,42,528,134657
2022,0065,浙江越秀外国语学院(民办),035,酒店管理,82,522,141327
2022,0065,浙江越秀外国语学院(民办),038,大数据管理与应用(中外合作办学),50,501,165446
2022,0065,浙江越秀外国语学院(民办),039,网络与新媒体(中外合作办学),90,521,142625
2022,0065,浙江越秀外国语学院(民办),041,英语,101,529,133413
2022,0065,浙江越秀外国语学院(民办),042,商务英语,98,524,139388
2022,0065,浙江越秀外国语学院(民办),043,翻译,116,521,141968
2022,0065,浙江越秀外国语学院(民办),044,跨境电子商务,28,526,136268
2022,0065,浙江越秀外国语学院(民办),045,波斯语,12,520,144224
2022,0065,浙江越秀外国语学院(民办),501,应用英语,150,497,
2022,0065,浙江越秀外国语学院(民办),502,应用日语,100,497,
2022,0065,浙江越秀外国语学院(民办),503,应用西班牙语,60,497,
2022,0065,浙江越秀外国语学院(民办),504,应用法语,60,497,
2022,0065,浙江越秀外国语学院(民办),505,商务管理,80,497,
2022,0066,台州职业技术学院,501,机电一体化技术,75,497,
2022,0066,台州职业技术学院,506,电气自动化技术(智慧物联),40,497,
2022,0066,台州职业技术学院,513,新能源汽车技术,35,497,
2022,0066,台州职业技术学院,514,计算机应用技术,35,497,
2022,0066,台州职业技术学院,518,建筑工程技术,52,497,
2022,0066,台州职业技术学院,524,药品经营与管理,25,497,
2022,0066,台州职业技术学院,525,护理,80,497,169854
2022,0066,台州职业技术学院,528,工商企业管理,30,497,
2022,0066,台州职业技术学院,530,社区管理与服务,40,497,
2022,0067,绍兴职业技术学院(民办),501,计算机应用技术,45,497,
2022,0067,绍兴职业技术学院(民办),504,物联网应用技术,45,497,
2022,0067,绍兴职业技术学院(民办),515,城市轨道交通运营管理,90,497,
2022,0067,绍兴职业技术学院(民办),516,城市轨道交通机电技术,90,497,
2022,0067,绍兴职业技术学院(民办),524,护理,240,497,
2022,0067,绍兴职业技术学院(民办),528,中医学,50,497,
2022,0067,绍兴职业技术学院(民办),529,学前教育(师范),100,497,
2022,0067,绍兴职业技术学院(民办),531,书画艺术(书法),25,497,
2022,0069,嘉兴职业技术学院,502,动物医学,125,497,
2022,0069,嘉兴职业技术学院,503,环境工程技术,28,497,
2022,0069,嘉兴职业技术学院,506,工程造价,70,497,
2022,0069,嘉兴职业技术学院,509,电气自动化技术,75,497,
2022,0069,嘉兴职业技术学院,514,城市轨道交通运营管理,70,497,
2022,0069,嘉兴职业技术学院,515,物联网应用技术,70,497,
2022,0069,嘉兴职业技术学院,518,软件技术,95,497,
2022,0069,嘉兴职业技术学院,520,虚拟现实技术应用,65,497,
2022,0069,嘉兴职业技术学院,528,研学旅行管理与服务,35,497,
2022,0069,嘉兴职业技术学院,534,园艺技术,42,497,
2022,0070,湖州职业技术学院,502,建设工程管理,65,497,
2022,0070,湖州职业技术学院,505,工业机器人技术,20,497,
2022,0070,湖州职业技术学院,506,新能源汽车技术,30,497,
2022,0070,湖州职业技术学院,513,软件技术,95,497,
2022,0070,湖州职业技术学院,516,大数据与会计,40,497,
2022,0070,湖州职业技术学院,524,人力资源管理,23,497,
2022,0070,湖州职业技术学院,525,商务英语,80,497,
2022,0070,湖州职业技术学院,526,服装与服饰设计,20,497,
2022,0070,湖州职业技术学院,528,视觉传达设计,45,497,
2022,0071,衢州职业技术学院,501,护理,130,497,
2022,0071,衢州职业技术学院,502,助产,60,497,
2022,0071,衢州职业技术学院,503,中药学,55,497,
2022,0071,衢州职业技术学院,504,针灸推拿,44,497,
2022,0071,衢州职业技术学院,507,数字媒体艺术设计,20,497,
2022,0071,衢州职业技术学院,512,计算机应用技术,77,497,
2022,0071,衢州职业技术学院,521,应用英语,70,497,
2022,0072,丽水职业技术学院,501,林业技术,19,497,
2022,0072,丽水职业技术学院,502,绿色食品生产技术,29,497,
2022,0072,丽水职业技术学院,503,园艺技术,18,497,
2022,0072,丽水职业技术学院,521,计算机网络技术,19,497,
2022,0074,宁波财经学院(民办),001,财务管理,150,532,129654
2022,0074,宁波财经学院(民办),002,财务管理(中美2+2学分互认班),30,524,138786
2022,0074,宁波财经学院(民办),003,会计学,69,536,124585
2022,0074,宁波财经学院(民办),004,审计学,90,531,129881
2022,0074,宁波财经学院(民办),005,税收学,90,529,132290
2022,0074,宁波财经学院(民办),006,国际经济与贸易,135,525,137657
2022,0074,宁波财经学院(民办),007,国际经济与贸易(大宗商品交易),60,524,139217
2022,0074,宁波财经学院(民办),008,国际商务,90,524,139193
2022,0074,宁波财经学院(民办),009,电子商务,145,526,135936
2022,0074,宁波财经学院(民办),010,物流管理,125,524,138620
2022,0074,宁波财经学院(民办),011,工商管理,135,527,135611
2022,0074,宁波财经学院(民办),012,创业管理,40,524,138652
2022,0074,宁波财经学院(民办),013,市场营销,85,524,138471
2022,0074,宁波财经学院(民办),014,金融工程,110,526,136461
2022,0074,宁波财经学院(民办),015,金融科技,90,525,137926
2022,0074,宁波财经学院(民办),016,信息管理与信息系统,25,513,152575
2022,0074,宁波财经学院(民办),017,软件工程,42,516,147943
2022,0074,宁波财经学院(民办),018,数据科学与大数据技术,35,514,150453
2022,0074,宁波财经学院(民办),019,计算机科学与技术,60,520,143166
2022,0074,宁波财经学院(民办),020,数字媒体技术,30,513,151486
2022,0074,宁波财经学院(民办),021,机械电子工程,45,513,151993
2022,0074,宁波财经学院(民办),022,工业工程,90,525,137722
2022,0074,宁波财经学院(民办),023,工业设计,30,514,151159
2022,0074,宁波财经学院(民办),024,英语,30,533,127941
2022,0074,宁波财经学院(民办),025,商务英语,110,526,136156
2022,0074,宁波财经学院(民办),026,日语,55,526,136756
2022,0074,宁波财经学院(民办),027,汉语国际教育,70,530,131502
2022,0074,宁波财经学院(民办),028,秘书学,40,528,134596
2022,0074,宁波财经学院(民办),029,文化产业管理,80,525,137499
2022,0074,宁波财经学院(民办),030,文化产业管理(文遗保护与利用),50,525,138014
2022,0074,宁波财经学院(民办),031,广播电视学,50,530,132190
2022,0074,宁波财经学院(民办),032,广告学,55,532,129276
2022,0074,宁波财经学院(民办),033,广播电视编导,10,530,131229
2022,0074,宁波财经学院(民办),034,戏剧影视文学,15,525,137666
2022,0074,宁波财经学院(民办),501,传播与策划,93,497,
2022,0074,宁波财经学院(民办),502,摄影与摄像艺术,77,497,
2022,0074,宁波财经学院(民办),503,戏剧影视表演,15,497,
2022,0074,宁波财经学院(民办),504,播音与主持,37,501,165835
2022,0074,宁波财经学院(民办),505,广播影视节目制作,34,497,
2022,0075,台州科技职业学院,508,早期教育,40,497,
2022,0075,台州科技职业学院,518,智能控制技术,39,497,
2022,0075,台州科技职业学院,521,人工智能技术应用,40,497,
2022,0075,台州科技职业学院,523,工业互联网应用,40,497,
2022,0075,台州科技职业学院,527,学前教育(师范),86,497,170100
2022,0075,台州科技职业学院,530,园艺技术,38,497,
2022,0076,杭州科技职业技术学院,504,学前教育(师范),130,512,153191
2022,0076,杭州科技职业技术学院,505,大数据与会计,70,497,
2022,0076,杭州科技职业技术学院,506,电子商务,35,497,
2022,0076,杭州科技职业技术学院,507,工程造价,70,497,
2022,0076,杭州科技职业技术学院,508,人工智能技术应用,40,497,
2022,0076,杭州科技职业技术学院,509,工业互联网应用,130,497,
2022,0076,杭州科技职业技术学院,510,物联网应用技术,40,497,
2022,0076,杭州科技职业技术学院,511,应用电子技术,40,497,
2022,0076,杭州科技职业技术学院,512,机电一体化技术(智能管控与运维方向),15,497,
2022,0076,杭州科技职业技术学院,513,工业机器人技术,80,497,
2022,0076,杭州科技职业技术学院,514,数字化设计与制造技术(汽车模具方向),81,497,
2022,0076,杭州科技职业技术学院,515,汽车智能技术,80,497,
2022,0076,杭州科技职业技术学院,516,市政工程技术,80,497,
2022,0076,杭州科技职业技术学院,517,建筑工程技术(智慧建造技术方向),80,497,
2022,0076,杭州科技职业技术学院,518,建筑装饰工程技术,80,497,
2022,0076,杭州科技职业技术学院,519,跨境电子商务,70,497,
2022,0076,杭州科技职业技术学院,520,会展策划与管理,37,497,
2022,0076,杭州科技职业技术学院,521,酒店管理与数字化运营,113,497,
2022,0076,杭州科技职业技术学院,522,研学旅行管理与服务,40,497,
2022,0076,杭州科技职业技术学院,523,机电一体化技术(中外合作办学),90,497,
2022,0077,杭州万向职业技术学院(民办),515,城市轨道交通运营管理,65,497,
2022,0077,杭州万向职业技术学院(民办),516,护理,40,497,
2022,0085,温州科技职业学院,502,设施农业与装备,10,497,
2022,0085,温州科技职业学院,503,园艺技术,35,497,
2022,0085,温州科技职业学院,504,绿色食品生产技术,35,497,
2022,0085,温州科技职业学院,505,畜牧兽医,130,497,
2022,0085,温州科技职业学院,508,动物医学,90,497,
2022,0085,温州科技职业学院,509,宠物养护与驯导,43,497,
2022,0085,温州科技职业学院,514,食品质量与安全,36,497,
2022,0085,温州科技职业学院,515,计算机网络技术,160,497,
2022,0085,温州科技职业学院,516,软件技术,45,497,
2022,0085,温州科技职业学院,517,数字媒体技术,90,497,
2022,0085,温州科技职业学院,519,大数据与会计,135,497,
2022,0085,温州科技职业学院,520,国际商务,85,497,
2022,0086,浙江横店影视职业学院(民办),507,休闲体育,4,497,
2022,0086,浙江横店影视职业学院(民办),541,影视动画,5,497,
2022,0087,浙江汽车职业技术学院(民办),506,新能源汽车技术,50,497,
2022,0087,浙江汽车职业技术学院(民办),510,城市轨道交通运营管理,50,497,
2022,0092,浙江工业大学之江学院(独立学院),001,金融工程,40,541,118166
2022,0092,浙江工业大学之江学院(独立学院),002,财务管理,58,545,113896
2022,0092,浙江工业大学之江学院(独立学院),003,国际经济与贸易,58,540,119533
2022,0092,浙江工业大学之江学院(独立学院),004,市场营销,29,542,116489
2022,0092,浙江工业大学之江学院(独立学院),005,电子商务,38,546,112356
2022,0092,浙江工业大学之江学院(独立学院),006,工商管理,94,538,121575
2022,0092,浙江工业大学之江学院(独立学院),007,计算机科学与技术,64,532,129292
2022,0092,浙江工业大学之江学院(独立学院),008,软件工程,35,530,131429
2022,0092,浙江工业大学之江学院(独立学院),009,电子信息工程,55,522,141126
2022,0092,浙江工业大学之江学院(独立学院),010,自动化,28,524,138878
2022,0092,浙江工业大学之江学院(独立学院),011,广播电视学,52,550,107400
2022,0092,浙江工业大学之江学院(独立学院),012,广告学,54,550,106631
2022,0092,浙江工业大学之江学院(独立学院),013,汉语言文学,51,558,97564
2022,0092,浙江工业大学之江学院(独立学院),014,法学,43,557,98309
2022,0092,浙江工业大学之江学院(独立学院),015,机械工程,20,520,143295
2022,0092,浙江工业大学之江学院(独立学院),016,智能制造工程,30,522,140754
2022,0092,浙江工业大学之江学院(独立学院),017,英语,79,543,115739
2022,0092,浙江工业大学之江学院(独立学院),018,日语,32,545,113685
2022,0092,浙江工业大学之江学院(独立学院),019,建筑学,55,545,112926
2022,0092,浙江工业大学之江学院(独立学院),020,城乡规划,41,548,109915
2022,0092,浙江工业大学之江学院(独立学院),021,风景园林,23,548,109329
2022,0092,浙江工业大学之江学院(独立学院),026,工业设计,37,529,132331
2022,0092,浙江工业大学之江学院(独立学院),027,高分子材料与工程,31,545,113740
2022,0092,浙江工业大学之江学院(独立学院),028,数据科学与大数据技术,27,538,121639
2022,0092,浙江工业大学之江学院(独立学院),029,旅游管理,50,535,125169
2022,0092,浙江工业大学之江学院(独立学院),030,酒店管理,21,535,126008
2022,0093,浙江师范大学行知学院(独立学院),001,工商管理类,113,537,122906
2022,0093,浙江师范大学行知学院(独立学院),002,工商管理类(财务会计方向),147,535,126044
2022,0093,浙江师范大学行知学院(独立学院),003,国际经济与贸易(与英语专业复合班),63,534,127341
2022,0093,浙江师范大学行知学院(独立学院),004,金融学,72,536,124391
2022,0093,浙江师范大学行知学院(独立学院),005,法学类,132,544,114872
2022,0093,浙江师范大学行知学院(独立学院),006,汉语言文学(含汉语言、汉语言复合班),161,548,109769
2022,0093,浙江师范大学行知学院(独立学院),007,英语(含英语、英语复合班),192,536,124913
2022,0093,浙江师范大学行知学院(独立学院),009,应用化学,50,536,124660
2022,0093,浙江师范大学行知学院(独立学院),010,生物技术,26,548,110020
2022,0093,浙江师范大学行知学院(独立学院),011,环境工程,12,544,114657
2022,0093,浙江师范大学行知学院(独立学院),012,食品质量与安全,12,547,110910
2022,0093,浙江师范大学行知学院(独立学院),013,机械设计制造及其自动化,48,518,145652
2022,0093,浙江师范大学行知学院(独立学院),014,电子信息工程,57,522,140991
2022,0093,浙江师范大学行知学院(独立学院),015,网络空间安全,42,519,144264
2022,0093,浙江师范大学行知学院(独立学院),016,计算机科学与技术,13,530,131465
2022,0094,宁波大学科学技术学院(独立学院),001,工商管理,33,540,119580
2022,0094,宁波大学科学技术学院(独立学院),002,会计学,83,544,114236
2022,0094,宁波大学科学技术学院(独立学院),003,物流管理,29,538,121660
2022,0094,宁波大学科学技术学院(独立学院),004,旅游管理,36,533,128511
2022,0094,宁波大学科学技术学院(独立学院),005,金融学,68,539,120550
2022,0094,宁波大学科学技术学院(独立学院),006,国际经济与贸易,32,539,120454
2022,0094,宁波大学科学技术学院(独立学院),007,电子商务,38,544,114785
2022,0094,宁波大学科学技术学院(独立学院),008,法学,72,552,105291
2022,0094,宁波大学科学技术学院(独立学院),009,汉语言文学,29,554,101825
2022,0094,宁波大学科学技术学院(独立学院),010,英语,48,542,117540
2022,0094,宁波大学科学技术学院(独立学院),011,英语,30,544,115102
2022,0094,宁波大学科学技术学院(独立学院),012,翻译,50,540,118945
2022,0094,宁波大学科学技术学院(独立学院),013,商务英语,22,545,113347
2022,0094,宁波大学科学技术学院(独立学院),014,日语,22,542,116874
2022,0094,宁波大学科学技术学院(独立学院),015,计算机科学与技术,70,527,135235
2022,0094,宁波大学科学技术学院(独立学院),016,软件工程,31,523,140094
2022,0094,宁波大学科学技术学院(独立学院),017,电子信息工程,21,528,133640
2022,0094,宁波大学科学技术学院(独立学院),018,人工智能,20,523,139494
2022,0094,宁波大学科学技术学院(独立学院),019,应用化学,71,537,123117
2022,0094,宁波大学科学技术学院(独立学院),020,生物技术,33,543,115725
2022,0094,宁波大学科学技术学院(独立学院),021,环境工程,37,540,119210
2022,0094,宁波大学科学技术学院(独立学院),022,机器人工程,12,520,143175
2022,0094,宁波大学科学技术学院(独立学院),024,机械设计制造及其自动化,15,525,137540
2022,0094,宁波大学科学技术学院(独立学院),025,机械设计制造及其自动化,22,522,140877
2022,0094,宁波大学科学技术学院(独立学院),026,机械电子工程,12,524,138432
2022,0094,宁波大学科学技术学院(独立学院),027,电气工程及其自动化,30,525,137720
2022,0094,宁波大学科学技术学院(独立学院),028,土木工程,22,520,143574
2022,0094,宁波大学科学技术学院(独立学院),029,建筑学,42,542,116683
2022,0094,宁波大学科学技术学院(独立学院),030,工程管理,21,523,139519
2022,0094,宁波大学科学技术学院(独立学院),031,广告学(中外合作办学),45,531,129897
2022,0095,杭州电子科技大学信息工程学院(独立学院),001,计算机类,189,534,126168
2022,0095,杭州电子科技大学信息工程学院(独立学院),002,管理科学与工程类,44,528,134076
2022,0095,杭州电子科技大学信息工程学院(独立学院),003,通信工程,48,533,127886
2022,0095,杭州电子科技大学信息工程学院(独立学院),004,电子信息类,151,525,137389
2022,0095,杭州电子科技大学信息工程学院(独立学院),005,自动化(机器人方向),58,524,138371
2022,0095,杭州电子科技大学信息工程学院(独立学院),006,电气工程及其自动化(新能源电力方向),72,527,134752
2022,0095,杭州电子科技大学信息工程学院(独立学院),007,机械设计制造及其自动化(智能制造方向),95,520,143161
2022,0095,杭州电子科技大学信息工程学院(独立学院),008,工商管理类,97,543,115742
2022,0095,杭州电子科技大学信息工程学院(独立学院),009,国际经济与贸易,108,542,117534
2022,0095,杭州电子科技大学信息工程学院(独立学院),010,英语,109,547,111222
2022,0095,杭州电子科技大学信息工程学院(独立学院),011,会计学,115,548,109269
2022,0095,杭州电子科技大学信息工程学院(独立学院),012,金融学,155,541,118142
2022,0095,杭州电子科技大学信息工程学院(独立学院),013,财务管理,75,545,112979
2022,0096,浙江工商大学杭州商学院(独立学院),001,工商管理,65,542,116430
2022,0096,浙江工商大学杭州商学院(独立学院),002,市场营销,23,545,113287
2022,0096,浙江工商大学杭州商学院(独立学院),003,人力资源管理,33,548,109929
2022,0096,浙江工商大学杭州商学院(独立学院),004,会计学,95,548,110074
2022,0096,浙江工商大学杭州商学院(独立学院),005,会计学(智能会计方向),49,551,106222
2022,0096,浙江工商大学杭州商学院(独立学院),006,财务管理,30,547,110798
2022,0096,浙江工商大学杭州商学院(独立学院),007,旅游管理,16,540,119585
2022,0096,浙江工商大学杭州商学院(独立学院),008,经济学,46,553,103914
2022,0096,浙江工商大学杭州商学院(独立学院),009,经济统计学,34,547,110456
2022,0096,浙江工商大学杭州商学院(独立学院),010,应用统计学,23,551,105467
2022,0096,浙江工商大学杭州商学院(独立学院),011,金融学,51,546,111467
2022,0096,浙江工商大学杭州商学院(独立学院),012,互联网金融,20,547,111133
2022,0096,浙江工商大学杭州商学院(独立学院),013,国际经济与贸易,24,546,112432
2022,0096,浙江工商大学杭州商学院(独立学院),014,贸易经济,18,544,114160
2022,0096,浙江工商大学杭州商学院(独立学院),015,法学,81,552,105077
2022,0096,浙江工商大学杭州商学院(独立学院),016,英语,75,546,111837
2022,0096,浙江工商大学杭州商学院(独立学院),017,商务英语,33,545,113865
2022,0096,浙江工商大学杭州商学院(独立学院),018,新闻学,46,556,99833
2022,0096,浙江工商大学杭州商学院(独立学院),019,广告学,46,553,103659
2022,0096,浙江工商大学杭州商学院(独立学院),020,公共事业管理,17,547,110875
2022,0096,浙江工商大学杭州商学院(独立学院),021,行政管理,23,551,105930
2022,0096,浙江工商大学杭州商学院(独立学院),022,计算机科学与技术,15,537,122927
2022,0096,浙江工商大学杭州商学院(独立学院),023,物流管理,19,547,110647
2022,0096,浙江工商大学杭州商学院(独立学院),024,电子商务,22,548,109940
2022,0096,浙江工商大学杭州商学院(独立学院),025,跨境电子商务,16,543,116184
2022,0097,浙江理工大学科技与艺术学院(独立学院),001,国际经济与贸易,32,534,126611
2022,0097,浙江理工大学科技与艺术学院(独立学院),002,会计学,52,541,117965
2022,0097,浙江理工大学科技与艺术学院(独立学院),003,电子商务,28,535,124934
2022,0097,浙江理工大学科技与艺术学院(独立学院),004,信息管理与信息系统,15,519,145408
2022,0097,浙江理工大学科技与艺术学院(独立学院),005,工商管理,24,536,124607
2022,0097,浙江理工大学科技与艺术学院(独立学院),006,人力资源管理,25,541,118416
2022,0097,浙江理工大学科技与艺术学院(独立学院),007,市场营销,15,536,123875
2022,0097,浙江理工大学科技与艺术学院(独立学院),008,经济学,30,541,118275
2022,0097,浙江理工大学科技与艺术学院(独立学院),009,英语,30,539,120160
2022,0097,浙江理工大学科技与艺术学院(独立学院),017,计算机科学与技术,38,520,143226
2022,0097,浙江理工大学科技与艺术学院(独立学院),018,自动化,38,515,149292
2022,0097,浙江理工大学科技与艺术学院(独立学院),019,建筑学,29,542,117205
2022,0097,浙江理工大学科技与艺术学院(独立学院),020,土木工程,43,512,152880
2022,0097,浙江理工大学科技与艺术学院(独立学院),021,工程管理,15,520,143634
2022,0097,浙江理工大学科技与艺术学院(独立学院),022,纺织工程,17,533,128392
2022,0097,浙江理工大学科技与艺术学院(独立学院),023,服装设计与工程,42,533,128305
2022,0097,浙江理工大学科技与艺术学院(独立学院),024,应用化学,14,540,119215
2022,0097,浙江理工大学科技与艺术学院(独立学院),025,日语,16,540,119943
2022,0097,浙江理工大学科技与艺术学院(独立学院),026,法学,12,552,105242
2022,0097,浙江理工大学科技与艺术学院(独立学院),027,公共事业管理,12,540,119884
2022,0097,浙江理工大学科技与艺术学院(独立学院),028,酒店管理,17,533,128501
2022,0097,浙江理工大学科技与艺术学院(独立学院),029,行政管理,13,540,119199
2022,0097,浙江理工大学科技与艺术学院(独立学院),030,电子信息工程,40,514,150549
2022,0097,浙江理工大学科技与艺术学院(独立学院),031,通信工程,38,514,150611
2022,0099,温州医科大学仁济学院(独立学院),001,英语,47,550,107575
2022,0099,温州医科大学仁济学院(独立学院),002,日语,41,542,117290
2022,0099,温州医科大学仁济学院(独立学院),003,生物医学工程,36,554,102239
2022,0099,温州医科大学仁济学院(独立学院),004,临床医学,37,573,79205
2022,0099,温州医科大学仁济学院(独立学院),005,麻醉学,15,570,83256
2022,0099,温州医科大学仁济学院(独立学院),006,口腔医学,19,598,50394
2022,0099,温州医科大学仁济学院(独立学院),007,中医学,11,584,66011
2022,0099,温州医科大学仁济学院(独立学院),008,药学,13,565,88732
2022,0099,温州医科大学仁济学院(独立学院),009,中药学,14,563,90789
2022,0099,温州医科大学仁济学院(独立学院),010,法医学,12,567,86607
2022,0099,温州医科大学仁济学院(独立学院),011,医学检验技术,50,563,91593
2022,0099,温州医科大学仁济学院(独立学院),012,医学影像技术,31,566,87699
2022,0099,温州医科大学仁济学院(独立学院),013,眼视光学,13,570,83497
2022,0099,温州医科大学仁济学院(独立学院),014,康复治疗学,34,559,96362
2022,0099,温州医科大学仁济学院(独立学院),015,护理学,161,556,100075
2022,0099,温州医科大学仁济学院(独立学院),016,助产学,19,559,95745
2022,0099,温州医科大学仁济学院(独立学院),017,信息管理与信息系统,5,541,117664
2022,0099,温州医科大学仁济学院(独立学院),018,市场营销,14,546,111772
2022,0099,温州医科大学仁济学院(独立学院),019,公共事业管理,57,546,111703
2022,0101,浙江农林大学暨阳学院(独立学院),001,机械设计制造及其自动化,6,518,145947
2022,0101,浙江农林大学暨阳学院(独立学院),002,计算机科学与技术,3,522,141485
2022,0101,浙江农林大学暨阳学院(独立学院),003,数据科学与大数据技术,8,519,144281
2022,0101,浙江农林大学暨阳学院(独立学院),004,电子信息工程,5,524,139078
2022,0101,浙江农林大学暨阳学院(独立学院),005,园林,61,534,126656
2022,0101,浙江农林大学暨阳学院(独立学院),006,土木工程,11,523,140354
2022,0101,浙江农林大学暨阳学院(独立学院),010,会计学,81,540,119905
2022,0101,浙江农林大学暨阳学院(独立学院),011,财务管理,70,537,123693
2022,0101,浙江农林大学暨阳学院(独立学院),012,工商管理,53,533,127377
2022,0101,浙江农林大学暨阳学院(独立学院),013,市场营销,35,534,126427
2022,0101,浙江农林大学暨阳学院(独立学院),014,旅游管理,35,533,128452
2022,0101,浙江农林大学暨阳学院(独立学院),015,国际经济与贸易,54,535,126071
2022,0101,浙江农林大学暨阳学院(独立学院),016,电子商务,43,534,127231
2022,0101,浙江农林大学暨阳学院(独立学院),017,法学,50,548,109661
2022,0101,浙江农林大学暨阳学院(独立学院),018,英语,92,534,127033
2022,0101,浙江农林大学暨阳学院(独立学院),019,广告学,52,545,113406
2022,0101,浙江农林大学暨阳学院(独立学院),020,公共事业管理,35,536,124401
2022,0101,浙江农林大学暨阳学院(独立学院),021,城市管理,30,536,124225
2022,0101,浙江农林大学暨阳学院(独立学院),022,人文地理与城乡规划,25,541,118144
2022,0101,浙江农林大学暨阳学院(独立学院),023,中药学,58,542,116950
2022,0101,浙江农林大学暨阳学院(独立学院),024,食品科学与工程,40,536,124121
2022,0101,浙江农林大学暨阳学院(独立学院),025,环境工程,38,534,126437
2022,0106,浙江同济科技职业学院,501,水利工程,70,497,
2022,0106,浙江同济科技职业学院,504,水利水电建筑工程,55,497,
2022,0106,浙江同济科技职业学院,505,水利水电工程智能管理,32,497,
2022,0106,浙江同济科技职业学院,507,水生态修复技术,20,497,
2022,0106,浙江同济科技职业学院,511,市政工程技术,43,497,
2022,0106,浙江同济科技职业学院,512,工程造价,143,497,
2022,0106,浙江同济科技职业学院,513,发电厂及电力系统,43,497,
2022,0106,浙江同济科技职业学院,519,大数据与会计,54,497,
2022,0106,浙江同济科技职业学院,522,信息安全技术应用,34,497,
2022,0106,浙江同济科技职业学院,523,环境艺术设计,54,497,
2022,0106,浙江同济科技职业学院,524,风景园林设计,26,497,
2022,0106,浙江同济科技职业学院,525,建筑设计,32,497,
2022,0106,浙江同济科技职业学院,526,数字媒体艺术设计,15,497,
2022,0112,宁波卫生职业技术学院,501,护理,342,505,161220
2022,0112,宁波卫生职业技术学院,502,护理(老年护理方向),27,499,167978
2022,0112,宁波卫生职业技术学院,503,助产,64,497,169562
2022,0112,宁波卫生职业技术学院,504,中医学,100,510,155599
2022,0112,宁波卫生职业技术学院,505,中药学,60,503,163226
2022,0112,宁波卫生职业技术学院,506,口腔医学,110,523,140114
2022,0112,宁波卫生职业技术学院,507,口腔医学技术,42,511,154542
2022,0112,宁波卫生职业技术学院,508,医学检验技术,70,509,156487
2022,0112,宁波卫生职业技术学院,509,卫生检验与检疫技术,40,499,167679
2022,0112,宁波卫生职业技术学院,510,康复治疗技术,31,499,167778
2022,0112,宁波卫生职业技术学院,511,言语听觉康复技术,31,497,
2022,0112,宁波卫生职业技术学院,512,健康管理与促进类,34,497,
2022,0112,宁波卫生职业技术学院,513,医学美容技术,22,502,164390
2022,0112,宁波卫生职业技术学院,514,美容美体艺术,19,497,
2022,0112,宁波卫生职业技术学院,515,美容美体艺术(中外合作办学),10,497,
2022,0112,宁波卫生职业技术学院,516,现代家政服务与管理,5,497,
2022,0112,宁波卫生职业技术学院,517,婴幼儿托育服务与管理,88,497,
2022,0113,宁波城市职业技术学院,501,国际经济与贸易,30,497,
2022,0113,宁波城市职业技术学院,503,电子商务,35,497,
2022,0113,宁波城市职业技术学院,505,计算机应用技术,68,497,
2022,0113,宁波城市职业技术学院,506,计算机网络技术,35,497,
2022,0113,宁波城市职业技术学院,507,应用电子技术,35,497,
2022,0113,宁波城市职业技术学院,508,汽车智能技术,33,497,
2022,0113,宁波城市职业技术学院,510,工业互联网技术,35,497,
2022,0113,宁波城市职业技术学院,517,建筑装饰工程技术,32,497,
2022,0113,宁波城市职业技术学院,519,园林技术,32,497,
2022,0113,宁波城市职业技术学院,520,大数据与会计,88,497,
2022,0113,宁波城市职业技术学院,521,金融服务与管理,30,497,
2022,0113,宁波城市职业技术学院,523,应用英语,52,497,
2022,0115,浙江特殊教育职业学院,501,特殊教育(师范),64,499,167929
2022,0115,浙江特殊教育职业学院,502,特殊教育(手语翻译),5,514,151339
2022,0115,浙江特殊教育职业学院,503,学前教育(师范),18,502,164432
2022,0115,浙江特殊教育职业学院,504,康复治疗技术,60,497,
2022,0117,中国计量大学现代科技学院(独立学院),001,自动化类,32,517,147689
2022,0117,中国计量大学现代科技学院(独立学院),002,质量管理工程,5,521,142721
2022,0117,中国计量大学现代科技学院(独立学院),003,机械设计制造及其自动化,11,518,145798
2022,0117,中国计量大学现代科技学院(独立学院),004,机械电子工程,9,519,145271
2022,0117,中国计量大学现代科技学院(独立学院),005,人工智能,17,522,140907
2022,0117,中国计量大学现代科技学院(独立学院),006,安全工程,13,524,138923
2022,0117,中国计量大学现代科技学院(独立学院),008,生物工程,55,538,122134
2022,0117,中国计量大学现代科技学院(独立学院),009,电子信息类,70,519,144849
2022,0117,中国计量大学现代科技学院(独立学院),010,计算机科学与技术,51,526,136646
2022,0117,中国计量大学现代科技学院(独立学院),011,工商管理类,161,532,128936
2022,0117,中国计量大学现代科技学院(独立学院),012,国际经济与贸易,56,534,126300
2022,0117,中国计量大学现代科技学院(独立学院),013,金融工程,60,533,127848
2022,0117,中国计量大学现代科技学院(独立学院),014,工业设计,27,522,141231
2022,0117,中国计量大学现代科技学院(独立学院),015,法学,28,556,99707
2022,0117,中国计量大学现代科技学院(独立学院),016,广告学,28,553,103980
2022,0117,中国计量大学现代科技学院(独立学院),017,汉语言文学,28,556,99477
2022,0117,中国计量大学现代科技学院(独立学院),018,英语,58,548,109287
2022,0119,浙江财经大学东方学院(独立学院),001,金融学,92,537,123696
2022,0119,浙江财经大学东方学院(独立学院),002,保险学,25,535,125935
2022,0119,浙江财经大学东方学院(独立学院),003,国际经济与贸易,35,535,125300
2022,0119,浙江财经大学东方学院(独立学院),004,经济学,39,545,113817
2022,0119,浙江财经大学东方学院(独立学院),005,跨境电子商务,40,533,128557
2022,0119,浙江财经大学东方学院(独立学院),006,财政学,100,534,126424
2022,0119,浙江财经大学东方学院(独立学院),007,税收学,94,533,127728
2022,0119,浙江财经大学东方学院(独立学院),008,劳动与社会保障,30,536,124737
2022,0119,浙江财经大学东方学院(独立学院),009,工商管理,64,534,127108
2022,0119,浙江财经大学东方学院(独立学院),010,工程管理,22,517,147011
2022,0119,浙江财经大学东方学院(独立学院),011,市场营销,31,537,122953
2022,0119,浙江财经大学东方学院(独立学院),012,物流管理,31,536,123912
2022,0119,浙江财经大学东方学院(独立学院),013,人力资源管理,30,542,116603
2022,0119,浙江财经大学东方学院(独立学院),014,会计学(含ACA方向、税务会计方向),80,552,104947
2022,0119,浙江财经大学东方学院(独立学院),015,审计学(CIA方向、CISA方向),74,539,120249
2022,0119,浙江财经大学东方学院(独立学院),016,资产评估,20,543,116192
2022,0119,浙江财经大学东方学院(独立学院),017,财务管理(含CMA方向、资本运营方向),80,540,119185
2022,0119,浙江财经大学东方学院(独立学院),018,信息管理与信息系统(数据挖掘与信息系统审计方向),31,519,144824
2022,0119,浙江财经大学东方学院(独立学院),019,计算机科学与技术(大数据与智能技术方向),44,516,147881
2022,0119,浙江财经大学东方学院(独立学院),020,电子商务(商务数据分析方向),60,533,128014
2022,0119,浙江财经大学东方学院(独立学院),021,数据科学与大数据技术,44,516,147877
2022,0119,浙江财经大学东方学院(独立学院),022,互联网金融(智慧金融方向),37,537,123309
2022,0119,浙江财经大学东方学院(独立学院),023,法学,71,549,109016
2022,0119,浙江财经大学东方学院(独立学院),024,社会工作(司法社工方向),54,537,123001
2022,0119,浙江财经大学东方学院(独立学院),025,汉语言文学(文宣方向),25,555,101412
2022,0119,浙江财经大学东方学院(独立学院),026,广告学(新媒体传播方向),65,547,110975
2022,0119,浙江财经大学东方学院(独立学院),027,英语,78,535,126085
2022,0119,浙江财经大学东方学院(独立学院),028,日语,45,535,126014
2022,0121,湖州学院,001,国际经济与贸易,63,559,96769
2022,0121,湖州学院,002,经济与金融,66,560,95487
2022,0121,湖州学院,003,跨境电子商务,19,559,95594
2022,0121,湖州学院,004,物流管理,27,559,96277
2022,0121,湖州学院,005,汉语言文学,115,565,89305
2022,0121,湖州学院,006,广告学,28,564,90420
2022,0121,湖州学院,007,网络与新媒体,25,566,87806
2022,0121,湖州学院,008,英语,95,560,94872
2022,0121,湖州学院,010,护理学,45,566,88063
2022,0121,湖州学院,011,光电信息科学与工程,5,550,107027
2022,0121,湖州学院,012,计算机科学与技术,5,556,99362
2022,0121,湖州学院,013,电子信息工程,5,553,102928
2022,0121,湖州学院,014,软件工程,5,556,99317
2022,0121,湖州学院,015,电气工程及其自动化,5,550,106737
2022,0121,湖州学院,016,生物工程,5,562,92607
2022,0121,湖州学院,017,制药工程,5,561,93218
2022,0121,湖州学院,018,思想政治教育,45,563,91733
2022,0122,绍兴文理学院元培学院(独立学院),001,中国语言文学类,55,550,107419
2022,0122,绍兴文理学院元培学院(独立学院),002,外国语言文学类,45,546,112241
2022,0122,绍兴文理学院元培学院(独立学院),003,会计学,40,546,112319
2022,0122,绍兴文理学院元培学院(独立学院),004,财务管理,25,543,115371
2022,0122,绍兴文理学院元培学院(独立学院),005,电子商务,40,545,112816
2022,0122,绍兴文理学院元培学院(独立学院),006,工商管理,20,541,117933
2022,0122,绍兴文理学院元培学院(独立学院),007,国际经济与贸易,40,542,116900
2022,0122,绍兴文理学院元培学院(独立学院),008,法学,45,551,105821
2022,0122,绍兴文理学院元培学院(独立学院),009,计算机类,50,515,149265
2022,0122,绍兴文理学院元培学院(独立学院),010,数据科学与大数据技术,20,526,136998
2022,0122,绍兴文理学院元培学院(独立学院),011,机械类,45,515,149748
2022,0122,绍兴文理学院元培学院(独立学院),012,电子信息工程,30,516,148119
2022,0122,绍兴文理学院元培学院(独立学院),013,管理科学与工程类,35,515,149293
2022,0122,绍兴文理学院元培学院(独立学院),014,土木工程,35,515,149828
2022,0122,绍兴文理学院元培学院(独立学院),015,园林,35,544,115024
2022,0122,绍兴文理学院元培学院(独立学院),016,纺织类,60,537,123138
2022,0122,绍兴文理学院元培学院(独立学院),017,药学,75,544,114909
2022,0122,绍兴文理学院元培学院(独立学院),018,护理学,75,552,105274
2022,0123,温州理工学院,001,财务管理,120,562,92577
2022,0123,温州理工学院,002,工商管理(创业教育管理),10,564,90684
2022,0123,温州理工学院,003,金融科技,30,563,91169
2022,0123,温州理工学院,004,国际经济与贸易,88,560,94842
2022,0123,温州理工学院,005,跨境电子商务,30,561,94017
2022,0123,温州理工学院,006,法学,102,568,84988
2022,0123,温州理工学院,007,中国语言文学类,137,567,86352
2022,0123,温州理工学院,008,数学与应用数学,10,553,103165
2022,0123,温州理工学院,009,应用统计学,40,563,91788
2022,0123,温州理工学院,010,计算机科学与技术,86,552,104369
2022,0123,温州理工学院,011,数据科学与大数据技术,15,552,104501
2022,0123,温州理工学院,012,人工智能,10,552,104649
2022,0123,温州理工学院,013,机器人工程,10,550,106972
2022,0123,温州理工学院,014,物联网工程,10,550,106676
2022,0123,温州理工学院,015,电子信息工程,20,550,106640
2022,0123,温州理工学院,016,建筑学,50,562,92414
2022,0123,温州理工学院,017,土木工程,10,548,109145
2022,0123,温州理工学院,018,英语,130,561,93802
2022,0124,宁波幼儿师范高等专科学校,501,音乐教育(幼教方向)(师范),45,497,169876
2022,0124,宁波幼儿师范高等专科学校,502,体育教育(幼教方向)(师范),45,497,
2022,0124,宁波幼儿师范高等专科学校,504,新闻采编与制作(新媒体方向),90,497,
2022,0124,宁波幼儿师范高等专科学校,505,应用英语,90,497,
2022,0124,宁波幼儿师范高等专科学校,506,现代文秘,90,497,
2022,0124,宁波幼儿师范高等专科学校,507,学前教育(中外合作办学)(师范),45,497,
2022,0124,宁波幼儿师范高等专科学校,509,学前教育(师范),411,503,163122
2022,0125,嘉兴南湖学院,001,汉语言文学,54,569,84479
2022,0125,嘉兴南湖学院,002,秘书学,32,561,94082
2022,0125,嘉兴南湖学院,003,英语,51,563,91784
2022,0125,嘉兴南湖学院,004,日语,54,559,96692
2022,0125,嘉兴南湖学院,005,法学,56,568,85962
2022,0125,嘉兴南湖学院,006,思想政治教育,53,564,89629
2022,0125,嘉兴南湖学院,007,经济学,57,560,94591
2022,0125,嘉兴南湖学院,008,国际经济与贸易,70,559,96468
2022,0125,嘉兴南湖学院,009,金融学,119,559,96562
2022,0125,嘉兴南湖学院,010,市场营销,22,559,96090
2022,0125,嘉兴南湖学院,011,财务管理,52,561,93172
2022,0125,嘉兴南湖学院,012,会计学,107,563,91269
2022,0125,嘉兴南湖学院,013,工商管理,51,559,96045
2022,0125,嘉兴南湖学院,014,人力资源管理,61,559,96015
2022,0125,嘉兴南湖学院,015,电气工程及其自动化,5,553,103035
2022,0125,嘉兴南湖学院,016,智能制造工程,2,554,102080
2022,0125,嘉兴南湖学院,017,大数据管理与应用,9,553,103118
2022,0125,嘉兴南湖学院,018,电子信息工程,21,555,101460
2022,0125,嘉兴南湖学院,019,计算机科学与技术,26,556,99431
2022,0125,嘉兴南湖学院,020,网络工程,5,556,99527
2022,0125,嘉兴南湖学院,021,纺织工程,8,558,97243
2022,0125,嘉兴南湖学院,022,服装设计与工程,14,558,96990
2022,0125,嘉兴南湖学院,023,工业设计,5,552,104670
2022,0125,嘉兴南湖学院,024,土木工程,5,549,108090
2022,0125,嘉兴南湖学院,025,工程管理,3,551,105887
2022,0125,嘉兴南湖学院,026,工程造价,5,551,105394
2022,0126,温州商学院(民办),001,金融学,220,521,142877
2022,0126,温州商学院(民办),002,税收学,60,521,142221
2022,0126,温州商学院(民办),003,国际经济与贸易,70,520,144018
2022,0126,温州商学院(民办),004,外国语言文学类,165,519,144602
2022,0126,温州商学院(民办),005,新闻传播学类,220,520,143205
2022,0126,温州商学院(民办),006,工商管理类,300,519,144912
2022,0126,温州商学院(民办),007,会计学,220,522,141645
2022,0126,温州商学院(民办),008,计算机类,200,504,161720
2022,0126,温州商学院(民办),009,创业管理,45,519,144847
2022,0126,温州商学院(民办),501,国际经济与贸易,160,497,
2022,0126,温州商学院(民办),502,国际金融,80,497,
2022,0126,温州商学院(民办),503,工商企业管理,217,497,
2022,0126,温州商学院(民办),504,大数据与会计,85,497,
2022,0126,温州商学院(民办),505,商务英语,80,497,
2022,0126,温州商学院(民办),506,网络新闻与传播,90,497,
2022,0126,温州商学院(民办),507,电子商务,110,497,
2022,0126,温州商学院(民办),508,计算机应用技术,75,497,
2022,0126,温州商学院(民办),509,移动应用开发,70,497,
2022,0126,温州商学院(民办),511,视觉传达设计,50,497,
2022,0128,浙江邮电职业技术学院,501,现代通信技术,60,497,
2022,0128,浙江邮电职业技术学院,512,软件技术,70,497,
2022,0128,浙江邮电职业技术学院,513,电信服务与管理,65,497,
2022,0128,浙江邮电职业技术学院,518,安全技术与管理,50,497,
2022,0129,浙江农业商贸职业学院,501,大数据与会计,170,497,
2022,0129,浙江农业商贸职业学院,509,商务英语,152,497,
2022,0129,浙江农业商贸职业学院,512,茶叶生产与加工技术,20,497,
2022,0129,浙江农业商贸职业学院,514,园艺技术,55,497,
2022,0130,浙江师范大学（省重点建设高校）（金华职业技术学院教学点）,001,小学教育(师范),60,597,51628
2022,0133,浙江安防职业技术学院,501,酒店管理与数字化运营,30,497,
2022,0133,浙江安防职业技术学院,518,数字媒体技术,75,497,
2022,0150,浙江金华科贸职业技术学院(民办),508,大数据与会计,100,497,
2022,0168,温州肯恩大学(中外合作办学),001,经济学(中外合作办学),9,578,73557
2022,0168,温州肯恩大学(中外合作办学),002,金融学(中外合作办学)(国际金融方向),51,564,90300
2022,0168,温州肯恩大学(中外合作办学),003,国际商务(中外合作办学),20,563,90931
2022,0168,温州肯恩大学(中外合作办学),004,会计学(中外合作办学)(国际会计方向),49,562,92566
2022,0168,温州肯恩大学(中外合作办学),005,英语(中外合作办学),30,561,93657
2022,0168,温州肯恩大学(中外合作办学),006,心理学(中外合作办学),25,562,92890
2022,0168,温州肯恩大学(中外合作办学),007,传播学(中外合作办学),9,578,73825
2022,0168,温州肯恩大学(中外合作办学),008,生物科学(中外合作办学)(细胞与分子方向),9,564,89623
2022,0168,温州肯恩大学(中外合作办学),009,计算机科学与技术(中外合作办学),22,569,84408
2022,0182,宁波诺丁汉大学(中外合作办学),001,国际商务(中外合作办学),26,596,52842
2022,0182,宁波诺丁汉大学(中外合作办学),002,财务管理(中外合作办学),88,596,52061
2022,0182,宁波诺丁汉大学(中外合作办学),003,国际事务与国际关系(中外合作办学),7,603,45079
2022,0182,宁波诺丁汉大学(中外合作办学),004,传播学(中外合作办学),27,603,44894
2022,0182,宁波诺丁汉大学(中外合作办学),005,英语(中外合作办学),15,601,46658
2022,0182,宁波诺丁汉大学(中外合作办学),006,英语(中外合作办学)(2+2),11,600,47934
2022,0182,宁波诺丁汉大学(中外合作办学),007,计算机科学与技术(中外合作办学),32,600,48093
2022,0182,宁波诺丁汉大学(中外合作办学),008,计算机科学与技术(中外合作办学)(2+2),22,610,37322
2022,0182,宁波诺丁汉大学(中外合作办学),009,数学与应用数学(中外合作办学),21,600,47520
2022,0182,宁波诺丁汉大学(中外合作办学),010,数学与应用数学(中外合作办学)(2+2),12,617,30391
2022,0182,宁波诺丁汉大学(中外合作办学),011,化学(中外合作办学)(2+2),5,595,53493
2022,0182,宁波诺丁汉大学(中外合作办学),012,环境科学(中外合作办学)(2+2),3,595,52906
2022,0182,宁波诺丁汉大学(中外合作办学),013,统计学(中外合作办学)(2+2),13,624,25138
2022,0182,宁波诺丁汉大学(中外合作办学),014,建筑学(中外合作办学),15,607,40538
2022,0182,宁波诺丁汉大学(中外合作办学),015,电气类(中外合作办学),7,597,51343
2022,0182,宁波诺丁汉大学(中外合作办学),016,电气类(中外合作办学)(2+2),11,597,51374
2022,0182,宁波诺丁汉大学(中外合作办学),017,化工与制药类(中外合作办学),1,609,38334
2022,0182,宁波诺丁汉大学(中外合作办学),018,化工与制药类(中外合作办学)(2+2),3,596,52831
2022,0182,宁波诺丁汉大学(中外合作办学),019,经济学类(中外合作办学),60,612,35436
2022,0186,上海财经大学浙江学院(独立学院),001,会计学,100,546,112252
2022,0186,上海财经大学浙江学院(独立学院),002,会计学(国际会计ACCA),50,546,111775
2022,0186,上海财经大学浙江学院(独立学院),003,会计学(注册会计),50,552,104763
2022,0186,上海财经大学浙江学院(独立学院),004,财务管理,66,542,116654
2022,0186,上海财经大学浙江学院(独立学院),005,金融学,113,536,124224
2022,0186,上海财经大学浙江学院(独立学院),006,保险学,20,536,124674
2022,0186,上海财经大学浙江学院(独立学院),007,投资学,45,536,124608
2022,0186,上海财经大学浙江学院(独立学院),008,应用统计学(金融统计),48,540,119196
2022,0186,上海财经大学浙江学院(独立学院),009,经济统计学,22,545,113154
2022,0186,上海财经大学浙江学院(独立学院),010,数据科学与大数据技术,24,529,132970
2022,0186,上海财经大学浙江学院(独立学院),011,国际经济与贸易,45,536,124849
2022,0186,上海财经大学浙江学院(独立学院),012,物流管理,20,541,118213
2022,0186,上海财经大学浙江学院(独立学院),013,工商管理,44,537,122653
2022,0186,上海财经大学浙江学院(独立学院),014,创业管理,40,533,128362
2022,0186,上海财经大学浙江学院(独立学院),015,市场营销,20,540,119649
2022,0186,上海财经大学浙江学院(独立学院),016,人力资源管理,20,550,107168
2022,0186,上海财经大学浙江学院(独立学院),017,国际商务,20,540,118858
2022,0186,上海财经大学浙江学院(独立学院),018,会展经济与管理,24,537,123222
2022,0186,上海财经大学浙江学院(独立学院),019,经济学,20,550,107677
2022,0186,上海财经大学浙江学院(独立学院),020,电子商务,48,535,125264
2022,0186,上海财经大学浙江学院(独立学院),021,软件工程,24,525,137879
2022,0186,上海财经大学浙江学院(独立学院),022,英语,20,546,112547
2022,0186,上海财经大学浙江学院(独立学院),023,商务英语,45,541,118486
2022,0199,浙江药科职业大学,001,药学,139,551,106291
2022,0199,浙江药科职业大学,002,制药工程技术,85,545,113647
2022,0199,浙江药科职业大学,003,合成生物技术,95,538,121612
2022,0199,浙江药科职业大学,004,化妆品工程技术,100,534,126356
2022,0199,浙江药科职业大学,005,药品质量管理,56,548,110123
2022,0199,浙江药科职业大学,006,药事服务与管理,97,540,119735
2022,0199,浙江药科职业大学,007,企业数字化管理,150,539,120462
2022,0199,浙江药科职业大学,008,应用英语,65,545,113705
2022,0199,浙江药科职业大学,009,中药制药,115,546,112513
2022,0199,浙江药科职业大学,010,食品质量与安全,125,540,119717
2022,0199,浙江药科职业大学,011,食品工程技术,30,539,121174
2022,0199,浙江药科职业大学,012,食品营养与健康,90,540,119869
2022,0199,浙江药科职业大学,013,医疗器械工程技术,85,539,121195
2022,0199,浙江药科职业大学,014,新材料与应用技术,95,534,126461
2022,0199,浙江药科职业大学,015,康复辅助器具技术,70,535,124936
2022,0199,浙江药科职业大学,016,护理,118,552,105118
2022,0199,浙江药科职业大学,501,药品质量与安全(药品质量检测),90,503,163727
2022,0199,浙江药科职业大学,502,药物制剂技术,60,501,165929
2022,0199,浙江药科职业大学,503,药品质量与安全(药事管理),30,503,163194
2022,0199,浙江药科职业大学,504,中药学,200,507,158993
2022,0199,浙江药科职业大学,505,化妆品技术,95,497,
2022,0199,浙江药科职业大学,506,食品药品监督管理,30,499,167197
2022,0199,浙江药科职业大学,507,药品经营与管理,35,498,169176
2022,0199,浙江药科职业大学,508,食品检验检测技术,65,497,
2022,0199,浙江药科职业大学,509,食品智能加工技术,30,497,
2022,0199,浙江药科职业大学,510,医疗器械经营与服务,65,497,
2022,0232,浙江舟山群岛新区旅游与健康职业学院,503,护理,45,497,
2022,0259,浙江大学医学院（一流大学建设高校）,001,临床医学(5+3一体化培养),19,678,945
2022,0259,浙江大学医学院（一流大学建设高校）,002,口腔医学(5+3一体化培养),16,673,1468
2022,0259,浙江大学医学院（一流大学建设高校）,003,临床医学(5+3一体化培养，儿科方向),8,670,1956
2022,0259,浙江大学医学院（一流大学建设高校）,004,医学试验班类,29,669,2224
2022,0259,浙江大学医学院（一流大学建设高校）,005,预防医学,36,660,4374
2022,0259,浙江大学医学院（一流大学建设高校）,006,药学类,48,657,5271
2022,1102,北京城市学院(民办),007,金融学类,1,553,103299
2022,1102,北京城市学院(民办),008,法学,1,569,83838
2022,1102,北京城市学院(民办),009,社会工作,1,558,97290
2022,1102,北京城市学院(民办),010,学前教育,1,567,87008
2022,1102,北京城市学院(民办),011,文物与博物馆学,1,565,89494
2022,1102,北京城市学院(民办),012,建筑学(中国传统建筑文化与技艺),1,556,99627
2022,1102,北京城市学院(民办),013,城乡规划,2,550,107375
2022,1102,北京城市学院(民办),014,风景园林,2,546,112408
2022,1102,北京城市学院(民办),015,康复治疗学,2,547,110991
2022,1102,北京城市学院(民办),016,工商管理类,1,554,102512
2022,1102,北京城市学院(民办),017,跨境电子商务,1,551,106487
2022,1102,北京城市学院(民办),018,会展经济与管理,1,555,100936
2022,1103,北京大学（一流大学建设高校）,001,工商管理类,1,704,10
2022,1103,北京大学（一流大学建设高校）,002,文科试验班类(文科基础类专业),6,694,98
2022,1103,北京大学（一流大学建设高校）,005,理科试验班类,4,703,14
2022,1103,北京大学（一流大学建设高校）,006,理科试验班类(理科基础类专业),20,695,85
2022,1104,北京大学医学部（一流大学建设高校）,001,基础医学,2,687,270
2022,1104,北京大学医学部（一流大学建设高校）,002,临床医学,5,691,134
2022,1104,北京大学医学部（一流大学建设高校）,003,临床医学,1,690,161
2022,1104,北京大学医学部（一流大学建设高校）,004,口腔医学,1,693,99
2022,1104,北京大学医学部（一流大学建设高校）,005,口腔医学,1,688,235
2022,1104,北京大学医学部（一流大学建设高校）,006,预防医学,1,687,272
2022,1104,北京大学医学部（一流大学建设高校）,007,药学,1,684,400
2022,1104,北京大学医学部（一流大学建设高校）,008,英语(医学英语),2,684,407
2022,1105,北京第二外国语学院,001,英语(人文交流),2,640,13605
2022,1105,北京第二外国语学院,002,商务英语(国际文化贸易),1,639,13871
2022,1105,北京第二外国语学院,003,日语(同声传译),1,633,17470
2022,1105,北京第二外国语学院,004,日语(漫画文创),2,639,14180
2022,1105,北京第二外国语学院,005,朝鲜语(人文交流),2,621,27406
2022,1105,北京第二外国语学院,006,俄语(人文交流),1,629,21063
2022,1105,北京第二外国语学院,007,俄语(经贸合作),2,630,19934
2022,1105,北京第二外国语学院,008,德语(人文交流),2,636,15910
2022,1105,北京第二外国语学院,009,法语(经贸合作),1,635,16684
2022,1105,北京第二外国语学院,010,西班牙语,1,637,15370
2022,1105,北京第二外国语学院,011,葡萄牙语(经贸合作),1,633,17996
2022,1105,北京第二外国语学院,012,意大利语(旅游休闲),2,629,20484
2022,1105,北京第二外国语学院,013,保加利亚语,1,627,22268
2022,1105,北京第二外国语学院,014,翻译(中英法复语),2,639,14228
2022,1105,北京第二外国语学院,015,市场营销(大数据应用),1,626,23190
2022,1105,北京第二外国语学院,016,金融学(一带一路金融服务),2,635,16676
2022,1105,北京第二外国语学院,017,外交学(政党外交),2,636,16050
2022,1105,北京第二外国语学院,018,汉语言文学(多语复合),2,638,14800
2022,1105,北京第二外国语学院,019,阿拉伯语,2,629,21085
2022,1106,北京第二外国语学院中瑞酒店管理学院(独立学院),001,酒店管理,38,513,152043
2022,1106,北京第二外国语学院中瑞酒店管理学院(独立学院),002,酒店管理(国际课程班),13,512,152758
2022,1106,北京第二外国语学院中瑞酒店管理学院(独立学院),003,财务管理,11,517,147098
2022,1106,北京第二外国语学院中瑞酒店管理学院(独立学院),004,人力资源管理,8,515,149373
2022,1106,北京第二外国语学院中瑞酒店管理学院(独立学院),005,健康服务与管理,12,515,149699
2022,1106,北京第二外国语学院中瑞酒店管理学院(独立学院),006,市场营销,3,516,148658
2022,1107,北京电影学院,024,数字媒体技术,2,641,12688
2022,1107,北京电影学院,025,网络与新媒体,3,630,19730
2022,1109,北京电子科技职业学院,501,无人机应用技术,5,497,
2022,1110,北京服装学院,001,高分子材料与工程,1,567,86883
2022,1110,北京服装学院,002,轻化工程,1,560,95066
2022,1111,北京工商大学,001,金融学类,5,629,21002
2022,1111,北京工商大学,002,西班牙语,5,614,33526
2022,1111,北京工商大学,003,新闻传播学类,5,628,21758
2022,1111,北京工商大学,004,电子信息类,5,612,35851
2022,1111,北京工商大学,005,大数据管理与应用,5,610,37415
2022,1111,北京工商大学,006,材料类,5,593,55987
2022,1111,北京工商大学,007,化妆品技术与工程,5,598,50322
2022,1111,北京工商大学,008,环境工程,5,593,56013
2022,1112,北京工商大学嘉华学院(独立学院),001,金融学,5,531,130606
2022,1112,北京工商大学嘉华学院(独立学院),002,金融科技,5,521,142148
2022,1112,北京工商大学嘉华学院(独立学院),003,数字经济,5,519,144903
2022,1112,北京工商大学嘉华学院(独立学院),004,会计学,5,522,141082
2022,1112,北京工商大学嘉华学院(独立学院),005,财务管理,5,523,139886
2022,1112,北京工商大学嘉华学院(独立学院),006,金融工程,5,519,144796
2022,1112,北京工商大学嘉华学院(独立学院),007,国际商务,5,521,142665
2022,1112,北京工商大学嘉华学院(独立学院),008,审计学,5,519,144769
2022,1113,北京工业大学（一流学科建设高校）,001,生物医学工程,2,638,14662
2022,1113,北京工业大学（一流学科建设高校）,002,数字媒体技术,2,645,10386
2022,1113,北京工业大学（一流学科建设高校）,003,机械类,2,638,14653
2022,1113,北京工业大学（一流学科建设高校）,004,土木类,2,637,15046
2022,1113,北京工业大学（一流学科建设高校）,005,建筑学,2,641,12826
2022,1113,北京工业大学（一流学科建设高校）,006,物联网工程(中外合作办学),2,633,18131
2022,1113,北京工业大学（一流学科建设高校）,007,软件工程(中外合作办学),4,631,18979
2022,1113,北京工业大学（一流学科建设高校）,008,金融学(中外合作办学),4,635,16668
2022,1114,北京工业大学耿丹学院(独立学院),001,国际经济与贸易,2,525,137138
2022,1114,北京工业大学耿丹学院(独立学院),002,财务管理,3,527,134960
2022,1114,北京工业大学耿丹学院(独立学院),003,市场营销(品牌管理与策划),2,524,138500
2022,1114,北京工业大学耿丹学院(独立学院),004,金融工程,3,530,132063
2022,1114,北京工业大学耿丹学院(独立学院),005,机械设计制造及其自动化(机器人方向),1,509,156139
2022,1114,北京工业大学耿丹学院(独立学院),006,工程管理,1,508,157689
2022,1114,北京工业大学耿丹学院(独立学院),007,工业设计,1,517,147148
2022,1114,北京工业大学耿丹学院(独立学院),008,建筑学,1,530,132112
2022,1114,北京工业大学耿丹学院(独立学院),009,电子信息类,3,511,153821
2022,1114,北京工业大学耿丹学院(独立学院),010,计算机类,3,519,144756
2022,1114,北京工业大学耿丹学院(独立学院),011,应用心理学,3,538,122474
2022,1114,北京工业大学耿丹学院(独立学院),012,汉语国际教育,2,530,131758
2022,1116,北京航空航天大学（一流大学建设高校）,001,工科试验班类(计算机拔尖计划),1,674,1346
2022,1116,北京航空航天大学（一流大学建设高校）,002,理科试验班类(华罗庚数学拔尖计划),1,671,1915
2022,1116,北京航空航天大学（一流大学建设高校）,003,工科试验班类(未来空天领军计划),4,672,1728
2022,1116,北京航空航天大学（一流大学建设高校）,004,理科试验班类(国际卓越工程师试验班),5,662,3759
2022,1116,北京航空航天大学（一流大学建设高校）,005,工科试验班类(医工交叉试验班),3,660,4497
2022,1116,北京航空航天大学（一流大学建设高校）,006,工科试验班类(航空H航天类),25,658,4963
2022,1116,北京航空航天大学（一流大学建设高校）,007,工科试验班类(信息类),45,664,3305
2022,1116,北京航空航天大学（一流大学建设高校）,008,理科试验班类,6,659,4866
2022,1116,北京航空航天大学（一流大学建设高校）,009,社会科学试验班,6,659,4827
2022,1117,北京化工大学（一流学科建设高校）,001,工科试验班(宏德书院),4,637,15486
2022,1117,北京化工大学（一流学科建设高校）,002,化学(基础拔尖),1,634,17431
2022,1117,北京化工大学（一流学科建设高校）,003,法学(卓越实验班),2,643,11804
2022,1117,北京化工大学（一流学科建设高校）,004,工科试验班(绿色化工与生物医药),18,628,21120
2022,1117,北京化工大学（一流学科建设高校）,005,工科试验班(先进材料与绿色化学),18,627,22242
2022,1117,北京化工大学（一流学科建设高校）,006,自动化类(高端装备与智能制造),20,633,17731
2022,1117,北京化工大学（一流学科建设高校）,007,计算机类,14,637,14981
2022,1117,北京化工大学（一流学科建设高校）,008,理科试验班(数学、物理电子与管理),8,635,16269
2022,1117,北京化工大学（一流学科建设高校）,009,工商管理类(新文科经管法),14,637,15513
2022,1117,北京化工大学（一流学科建设高校）,010,英语,3,635,16774
2022,1117,北京化工大学（一流学科建设高校）,012,化工与制药类(中外合作办学)(中法精英工程教育试验班),8,606,41433
2022,1117,北京化工大学（一流学科建设高校）,013,生物工程(中外合作办学)(生物过程工程),5,605,42775
2022,1117,北京化工大学（一流学科建设高校）,014,机械设计制造及其自动化(中外合作办学)(机器人方向),6,613,34675
2022,1117,北京化工大学（一流学科建设高校）,015,工业设计(中外合作办学),3,615,32874
2022,1117,北京化工大学（一流学科建设高校）,016,化学工程与工艺,1,632,18254
2022,1117,北京化工大学（一流学科建设高校）,017,生物工程,1,632,18780
2022,1117,北京化工大学（一流学科建设高校）,018,化学,1,635,16784
2022,1119,吉利学院(民办),001,机械类,2,507,158232
2022,1119,吉利学院(民办),002,机器人工程,3,510,154992
2022,1119,吉利学院(民办),003,计算机类,6,518,146041
2022,1119,吉利学院(民办),004,金融学类,2,532,129547
2022,1119,吉利学院(民办),005,网络与新媒体,2,530,131286
2022,1119,吉利学院(民办),006,知识产权,2,525,137237
2022,1119,吉利学院(民办),007,飞行器制造工程,4,502,164535
2022,1119,吉利学院(民办),008,智能车辆工程,2,513,151834
2022,1120,北京建筑大学,001,建筑学,1,637,15272
2022,1120,北京建筑大学,002,风景园林,1,631,19285
2022,1120,北京建筑大学,003,土木工程(实验班),1,619,29266
2022,1120,北京建筑大学,004,土木工程(城市道路与桥梁工程),1,614,33177
2022,1120,北京建筑大学,005,土木工程(城市地下工程),1,616,31398
2022,1120,北京建筑大学,006,工程管理(实验班),2,591,57725
2022,1120,北京建筑大学,007,工程管理,1,589,60549
2022,1121,北京交通大学（一流学科建设高校）,001,理科试验班类(詹天佑本博直升试点班),7,650,8330
2022,1121,北京交通大学（一流学科建设高校）,002,电子信息类(通信与控制),4,648,9318
2022,1121,北京交通大学（一流学科建设高校）,003,计算机类,4,651,7828
2022,1121,北京交通大学（一流学科建设高校）,004,交通运输类,4,647,9362
2022,1121,北京交通大学（一流学科建设高校）,005,土木类(智慧建造与智能工程),7,637,15247
2022,1121,北京交通大学（一流学科建设高校）,006,机械类(智能制造与智能装备),4,640,13492
2022,1121,北京交通大学（一流学科建设高校）,007,电气类,7,645,10640
2022,1121,北京交通大学（一流学科建设高校）,008,软件工程,4,650,8179
2022,1121,北京交通大学（一流学科建设高校）,009,理科试验班(数学与统计),4,644,10873
2022,1121,北京交通大学（一流学科建设高校）,010,理科试验班(智能光电与纳米技术),4,644,10951
2022,1121,北京交通大学（一流学科建设高校）,011,建筑类(建筑与规划),3,640,13373
2022,1121,北京交通大学（一流学科建设高校）,012,经济管理试验班,4,646,9827
2022,1121,北京交通大学（一流学科建设高校）,013,外国语言文学类,3,644,10929
2022,1121,北京交通大学（一流学科建设高校）,014,新闻传播学类,4,648,8932
2022,1121,北京交通大学（一流学科建设高校）,016,纳米材料与技术(中外合作办学),5,626,22781
2022,1121,北京交通大学（一流学科建设高校）,017,机械电子工程(中外合作办学),5,630,19684
2022,1122,北京经贸职业学院(民办),506,学前教育,3,497,
2022,1123,北京科技大学（一流学科建设高校）,001,理科试验班,4,648,8888
2022,1123,北京科技大学（一流学科建设高校）,002,工科试验班类,5,646,9836
2022,1123,北京科技大学（一流学科建设高校）,003,材料科学与工程,11,637,15433
2022,1123,北京科技大学（一流学科建设高校）,004,工商管理类,5,644,10862
2022,1123,北京科技大学（一流学科建设高校）,005,管理科学与工程类,4,641,12612
2022,1123,北京科技大学（一流学科建设高校）,006,机械类,10,638,14578
2022,1123,北京科技大学（一流学科建设高校）,007,能源动力类(能源、环境专业),9,638,14650
2022,1123,北京科技大学（一流学科建设高校）,008,自动化类,11,642,11957
2022,1123,北京科技大学（一流学科建设高校）,009,计算机类,7,647,9795
2022,1123,北京科技大学（一流学科建设高校）,010,通信工程,4,645,10728
2022,1123,北京科技大学（一流学科建设高校）,011,储能科学与工程,5,638,14613
2022,1123,北京科技大学（一流学科建设高校）,012,土木类,6,636,16001
2022,1123,北京科技大学（一流学科建设高校）,013,数学类,5,643,11401
2022,1123,北京科技大学（一流学科建设高校）,014,应用物理学,3,641,12950
2022,1123,北京科技大学（一流学科建设高校）,015,应用化学,2,640,13314
2022,1123,北京科技大学（一流学科建设高校）,016,生物技术,2,642,12468
2022,1123,北京科技大学（一流学科建设高校）,017,社会科学试验班,8,645,10481
2022,1123,北京科技大学（一流学科建设高校）,018,外国语言文学类,7,641,12918
2022,1125,北京科技职业学院(民办),503,软件技术,1,512,153104
2022,1125,北京科技职业学院(民办),504,计算机网络技术,1,521,142710
2022,1127,北京理工大学（一流大学建设高校）,001,工科试验班(未来精工技术),1,673,1547
2022,1127,北京理工大学（一流大学建设高校）,002,工科试验班(徐特立英才班),10,662,3754
2022,1127,北京理工大学（一流大学建设高校）,003,工科试验班(宇航与机电类),8,652,7186
2022,1127,北京理工大学（一流大学建设高校）,004,工科试验班(智能制造与智能车辆精英班),5,652,7126
2022,1127,北京理工大学（一流大学建设高校）,005,工科试验班(信息科学技术),32,654,6600
2022,1127,北京理工大学（一流大学建设高校）,006,工科试验班(电子信息实验班),36,653,7009
2022,1127,北京理工大学（一流大学建设高校）,007,能源与动力工程(中外合作办学),1,649,8734
2022,1127,北京理工大学（一流大学建设高校）,008,自动化(中外合作办学),2,648,9178
2022,1128,北京林业大学（一流学科建设高校）,002,林学类,6,633,17984
2022,1128,北京林业大学（一流学科建设高校）,003,水土保持与荒漠化防治,3,627,21943
2022,1128,北京林业大学（一流学科建设高校）,004,自然地理与资源环境,3,637,15489
2022,1128,北京林业大学（一流学科建设高校）,005,土木工程,3,627,21924
2022,1128,北京林业大学（一流学科建设高校）,006,生物科学类,2,636,15539
2022,1128,北京林业大学（一流学科建设高校）,007,食品科学与工程,3,629,20835
2022,1128,北京林业大学（一流学科建设高校）,008,生物技术(中外合作办学),2,623,25507
2022,1128,北京林业大学（一流学科建设高校）,009,风景园林,7,644,10956
2022,1128,北京林业大学（一流学科建设高校）,010,园林,8,639,14146
2022,1128,北京林业大学（一流学科建设高校）,011,城乡规划,2,640,13629
2022,1128,北京林业大学（一流学科建设高校）,012,园艺(观赏园艺方向),2,635,16551
2022,1128,北京林业大学（一流学科建设高校）,013,国际经济与贸易,2,638,14486
2022,1128,北京林业大学（一流学科建设高校）,014,金融学,2,641,12901
2022,1128,北京林业大学（一流学科建设高校）,015,统计学,2,638,14285
2022,1128,北京林业大学（一流学科建设高校）,016,电子商务,2,636,15855
2022,1128,北京林业大学（一流学科建设高校）,017,工商管理类,9,637,15309
2022,1128,北京林业大学（一流学科建设高校）,018,农林经济管理(梁希实验班),2,645,10547
2022,1128,北京林业大学（一流学科建设高校）,019,机械设计制造及其自动化,4,629,20579
2022,1128,北京林业大学（一流学科建设高校）,020,车辆工程,3,624,24473
2022,1128,北京林业大学（一流学科建设高校）,021,自动化,2,632,18269
2022,1128,北京林业大学（一流学科建设高校）,022,电气工程及其自动化,3,635,16410
2022,1128,北京林业大学（一流学科建设高校）,023,林业工程类,9,625,23815
2022,1128,北京林业大学（一流学科建设高校）,024,木材科学与工程(中外合作办学),2,620,28113
2022,1128,北京林业大学（一流学科建设高校）,025,法学,2,644,11279
2022,1128,北京林业大学（一流学科建设高校）,026,应用心理学,2,641,12897
2022,1128,北京林业大学（一流学科建设高校）,027,英语,2,641,12958
2022,1128,北京林业大学（一流学科建设高校）,028,商务英语,4,637,15509
2022,1128,北京林业大学（一流学科建设高校）,029,日语,3,633,18050
2022,1128,北京林业大学（一流学科建设高校）,030,信息管理与信息系统,2,631,19060
2022,1128,北京林业大学（一流学科建设高校）,031,计算机类,9,634,17115
2022,1128,北京林业大学（一流学科建设高校）,032,数学与应用数学,3,635,16355
2022,1128,北京林业大学（一流学科建设高校）,033,电子信息科学与技术,2,634,17357
2022,1128,北京林业大学（一流学科建设高校）,034,野生动物与自然保护区管理,2,629,20588
2022,1128,北京林业大学（一流学科建设高校）,035,生态学,2,630,20267
2022,1128,北京林业大学（一流学科建设高校）,036,环境科学,2,632,18219
2022,1128,北京林业大学（一流学科建设高校）,037,环境工程,2,629,20388
2022,1128,北京林业大学（一流学科建设高校）,038,给排水科学与工程,2,624,24441
2022,1128,北京林业大学（一流学科建设高校）,039,草业科学,2,626,23313
2022,1128,北京林业大学（一流学科建设高校）,040,生物科学(拔尖班),2,634,16875
2022,1130,北京师范大学（一流大学建设高校）,001,教育学类,3,665,3147
2022,1130,北京师范大学（一流大学建设高校）,005,戏剧影视文学,3,659,4889
2022,1130,北京师范大学（一流大学建设高校）,006,人文科学试验班,10,665,3015
2022,1130,北京师范大学（一流大学建设高校）,007,历史学类,4,666,2780
2022,1130,北京师范大学（一流大学建设高校）,008,社会科学试验班,8,662,3733
2022,1130,北京师范大学（一流大学建设高校）,009,数学类,4,664,3286
2022,1130,北京师范大学（一流大学建设高校）,010,物理学类,5,657,5446
2022,1130,北京师范大学（一流大学建设高校）,011,理科试验班,9,658,5117
2022,1131,北京石油化工学院,001,化学工程与工艺,2,563,90904
2022,1131,北京石油化工学院,002,生物制药,2,565,88438
2022,1131,北京石油化工学院,003,机械工程,2,563,90962
2022,1131,北京石油化工学院,004,环境工程,2,560,94529
2022,1131,北京石油化工学院,005,新能源科学与工程,2,563,91484
2022,1131,北京石油化工学院,006,机器人工程,2,567,86814
2022,1131,北京石油化工学院,007,数据科学与大数据技术,2,564,90538
2022,1131,北京石油化工学院,008,会计学(注册会计师),2,571,81237
2022,1131,北京石油化工学院,009,电子商务(商务智能),4,563,90930
2022,1131,北京石油化工学院,010,大数据管理与应用,2,557,98795
2022,1131,北京石油化工学院,011,物流管理,2,565,89047
2022,1131,北京石油化工学院,012,高分子材料与工程,4,560,94930
2022,1132,北京体育大学（一流学科建设高校）,005,经济学,2,636,15912
2022,1132,北京体育大学（一流学科建设高校）,006,运动人体科学,2,626,23412
2022,1132,北京体育大学（一流学科建设高校）,007,运动康复,4,627,22034
2022,1132,北京体育大学（一流学科建设高校）,008,智能体育工程,2,631,19482
2022,1132,北京体育大学（一流学科建设高校）,009,汉语国际教育,1,634,16904
2022,1132,北京体育大学（一流学科建设高校）,010,英语,2,633,17906
2022,1132,北京体育大学（一流学科建设高校）,011,新闻学,4,638,14822
2022,1132,北京体育大学（一流学科建设高校）,012,网络与新媒体,1,637,14985
2022,1132,北京体育大学（一流学科建设高校）,013,应用心理学,3,630,19680
2022,1132,北京体育大学（一流学科建设高校）,014,数据科学与大数据技术,3,624,24573
2022,1132,北京体育大学（一流学科建设高校）,015,体育经济与管理,3,632,18294
2022,1132,北京体育大学（一流学科建设高校）,016,公共事业管理,1,635,16750
2022,1132,北京体育大学（一流学科建设高校）,017,旅游管理,1,629,21059
2022,1132,北京体育大学（一流学科建设高校）,022,汉语言文学,2,634,17250
2022,1132,北京体育大学（一流学科建设高校）,023,康复物理治疗,1,626,22882
2022,1132,北京体育大学（一流学科建设高校）,024,俄语(国际体育组织人才实验班),1,634,17411
2022,1132,北京体育大学（一流学科建设高校）,025,葡萄牙语(国际体育组织人才实验班),1,635,16567
2022,1133,北京外国语大学（一流学科建设高校）,001,金融学,3,653,6746
2022,1133,北京外国语大学（一流学科建设高校）,002,国际经济与贸易,4,654,6689
2022,1133,北京外国语大学（一流学科建设高校）,003,法学,3,655,6185
2022,1133,北京外国语大学（一流学科建设高校）,004,外交学,4,659,4907
2022,1133,北京外国语大学（一流学科建设高校）,005,汉语言文学,2,657,5436
2022,1133,北京外国语大学（一流学科建设高校）,006,英语,3,665,3153
2022,1133,北京外国语大学（一流学科建设高校）,007,英语(中国政法大学联合培养涉外法治人才),2,660,4511
2022,1133,北京外国语大学（一流学科建设高校）,008,俄语,2,655,6243
2022,1133,北京外国语大学（一流学科建设高校）,010,德语,3,659,4859
2022,1133,北京外国语大学（一流学科建设高校）,012,法语,4,657,5593
2022,1133,北京外国语大学（一流学科建设高校）,016,日语,3,658,5238
2022,1133,北京外国语大学（一流学科建设高校）,030,新闻学,2,656,5712
2022,1133,北京外国语大学（一流学科建设高校）,031,世界史,2,655,6050
2022,1133,北京外国语大学（一流学科建设高校）,032,工商管理类,3,653,7109
2022,1133,北京外国语大学（一流学科建设高校）,033,西班牙语(中国人民大学国际新闻传播专业联合培养),2,658,5063
2022,1135,北京物资学院,001,经济学,1,595,53728
2022,1135,北京物资学院,002,金融学,1,594,54043
2022,1135,北京物资学院,003,供应链管理,1,591,57984
2022,1135,北京物资学院,004,市场营销(数字化营销),1,592,57399
2022,1135,北京物资学院,005,商务英语,1,581,70237
2022,1135,北京物资学院,006,会计学(注册会计师),2,604,43919
2022,1135,北京物资学院,007,财务管理,1,603,44583
2022,1136,北京协和医学院（一流学科建设高校）,001,护理学,15,615,32344
2022,1138,北京信息科技大学,001,工业设计,2,595,52949
2022,1138,北京信息科技大学,002,机器人工程(勤信实验班),2,613,33976
2022,1138,北京信息科技大学,003,智能感知工程(勤信实验班),2,607,40800
2022,1138,北京信息科技大学,004,自动化,2,611,36670
2022,1138,北京信息科技大学,005,通信工程,2,615,32835
2022,1138,北京信息科技大学,006,物联网工程,2,614,33504
2022,1138,北京信息科技大学,007,国际经济与贸易,2,606,41381
2022,1138,北京信息科技大学,008,质量管理工程,2,595,53383
2022,1138,北京信息科技大学,009,信息管理与信息系统,2,599,48875
2022,1138,北京信息科技大学,010,信息安全,2,607,40397
2022,1138,北京信息科技大学,011,应用统计学(大数据统计),2,598,49929
2022,1139,北京印刷学院,005,新闻传播学类,1,603,44626
2022,1139,北京印刷学院,006,轻工类,3,566,87611
2022,1139,北京印刷学院,007,传播学(国际出版实验班),1,599,49412
2022,1140,北京邮电大学（一流学科建设高校）,001,计算机类(元班),3,661,4168
2022,1140,北京邮电大学（一流学科建设高校）,002,通信工程(大类招生),10,652,7384
2022,1140,北京邮电大学（一流学科建设高校）,003,电子信息类,4,651,7560
2022,1140,北京邮电大学（一流学科建设高校）,004,计算机类,5,659,4753
2022,1140,北京邮电大学（一流学科建设高校）,005,软件工程,2,657,5558
2022,1140,北京邮电大学（一流学科建设高校）,006,网络空间安全(大类招生),6,654,6640
2022,1140,北京邮电大学（一流学科建设高校）,007,人工智能(大类招生),4,653,7049
2022,1140,北京邮电大学（一流学科建设高校）,008,自动化类(智能机器人与智慧物流),2,651,7816
2022,1140,北京邮电大学（一流学科建设高校）,009,金融科技,2,650,8384
2022,1140,北京邮电大学（一流学科建设高校）,010,理科试验班(信息科学),3,651,7734
2022,1140,北京邮电大学（一流学科建设高校）,011,智能交互设计,2,650,7977
2022,1141,北京邮电大学世纪学院(独立学院),001,英语,3,530,131284
2022,1141,北京邮电大学世纪学院(独立学院),002,通信工程,1,520,143165
2022,1141,北京邮电大学世纪学院(独立学院),003,计算机科学与技术,2,526,136987
2022,1141,北京邮电大学世纪学院(独立学院),004,软件工程,2,514,150493
2022,1141,北京邮电大学世纪学院(独立学院),005,物联网工程,2,510,155620
2022,1141,北京邮电大学世纪学院(独立学院),006,数字媒体技术,1,515,149896
2022,1141,北京邮电大学世纪学院(独立学院),007,财务管理(国际注册会计师),2,543,115591
2022,1141,北京邮电大学世纪学院(独立学院),008,财务管理,6,532,128672
2022,1141,北京邮电大学世纪学院(独立学院),009,物流工程,1,532,128873
2022,1141,北京邮电大学世纪学院(独立学院),010,电子商务,1,542,117183
2022,1141,北京邮电大学世纪学院(独立学院),011,传播学,1,557,98982
2022,1142,北京语言大学,001,外国语言文学类,5,641,12878
2022,1142,北京语言大学,011,翻译(本地化),1,640,13444
2022,1142,北京语言大学,012,翻译(汉英法),1,643,11624
2022,1142,北京语言大学,013,汉语国际教育,1,644,11298
2022,1142,北京语言大学,014,汉语言文学,3,645,10637
2022,1142,北京语言大学,015,国际政治,1,640,13525
2022,1142,北京语言大学,016,国际事务与国际关系,1,634,17406
2022,1142,北京语言大学,017,新闻学(国际新闻传播),1,643,11717
2022,1142,北京语言大学,018,网络与新媒体,1,643,11536
2022,1142,北京语言大学,019,计算机类,5,616,31760
2022,1142,北京语言大学,020,金融学,3,633,17555
2022,1142,北京语言大学,021,会计学,1,633,17690
2022,1142,北京语言大学,022,国际经济与贸易,2,635,16753
2022,1142,北京语言大学,023,语言学,1,637,15467
2022,1142,北京语言大学,024,心理学,1,636,15611
2022,1143,北京中医药大学（一流学科建设高校）,001,中医学(领军人才培养计划),2,672,1634
2022,1143,北京中医药大学（一流学科建设高校）,002,中西医临床医学(华佗班),3,663,3615
2022,1143,北京中医药大学（一流学科建设高校）,003,中药学(时珍国药班),2,649,8830
2022,1143,北京中医药大学（一流学科建设高校）,004,中医学(卓越5+3一体化),12,656,5798
2022,1143,北京中医药大学（一流学科建设高校）,005,中医学(5+3一体化，卓越中医儿科班),1,658,4987
2022,1143,北京中医药大学（一流学科建设高校）,006,中医学,7,649,8515
2022,1143,北京中医药大学（一流学科建设高校）,007,中医学(实验班),5,652,7356
2022,1143,北京中医药大学（一流学科建设高校）,008,中医骨伤科学,1,654,6679
2022,1143,北京中医药大学（一流学科建设高校）,009,针灸推拿学,5,644,11215
2022,1143,北京中医药大学（一流学科建设高校）,010,中药学,10,635,16755
2022,1143,北京中医药大学（一流学科建设高校）,011,中药制药,2,634,17271
2022,1143,北京中医药大学（一流学科建设高校）,012,药学,1,644,11033
2022,1143,北京中医药大学（一流学科建设高校）,013,生物工程,2,633,18067
2022,1143,北京中医药大学（一流学科建设高校）,014,康复治疗学,1,640,13561
2022,1143,北京中医药大学（一流学科建设高校）,015,公共管理类,5,629,21086
2022,1143,北京中医药大学（一流学科建设高校）,016,药事管理,1,641,12841
2022,1143,北京中医药大学（一流学科建设高校）,017,大数据管理与应用,5,624,25063
2022,1143,北京中医药大学（一流学科建设高校）,018,法学(医药卫生),2,643,11886
2022,1143,北京中医药大学（一流学科建设高校）,019,英语(医学),2,632,18721
2022,1143,北京中医药大学（一流学科建设高校）,020,英语(中医药国际传播),2,632,18578
2022,1143,北京中医药大学（一流学科建设高校）,021,护理学,5,621,27087
2022,1144,对外经济贸易大学（一流学科建设高校）,001,金融学类,14,657,5303
2022,1144,对外经济贸易大学（一流学科建设高校）,002,经济学类,4,657,5314
2022,1144,对外经济贸易大学（一流学科建设高校）,003,国际经济与贸易(国际组织人才基地班),3,659,4848
2022,1144,对外经济贸易大学（一流学科建设高校）,004,金融工程,4,652,7165
2022,1144,对外经济贸易大学（一流学科建设高校）,005,金融工程(量化金融实验班),4,655,6042
2022,1144,对外经济贸易大学（一流学科建设高校）,006,工商管理类,7,657,5557
2022,1144,对外经济贸易大学（一流学科建设高校）,007,法学类,5,658,4925
2022,1144,对外经济贸易大学（一流学科建设高校）,017,人工智能,3,644,11208
2022,1144,对外经济贸易大学（一流学科建设高校）,018,精算学,3,652,7447
2022,1144,对外经济贸易大学（一流学科建设高校）,019,金融数学,3,653,6851
2022,1144,对外经济贸易大学（一流学科建设高校）,020,经济统计学,3,655,6120
2022,1146,华北电力大学(北京)（一流学科建设高校）,001,电气类,14,651,7809
2022,1146,华北电力大学(北京)（一流学科建设高校）,002,电子信息类,5,643,11700
2022,1146,华北电力大学(北京)（一流学科建设高校）,003,能源动力类(能动),8,637,14901
2022,1146,华北电力大学(北京)（一流学科建设高校）,004,能源动力类(储能),2,639,13784
2022,1146,华北电力大学(北京)（一流学科建设高校）,005,能源动力类(氢能),1,644,11274
2022,1146,华北电力大学(北京)（一流学科建设高校）,006,材料类,3,633,17946
2022,1146,华北电力大学(北京)（一流学科建设高校）,007,自动化类(自动化),5,642,12359
2022,1146,华北电力大学(北京)（一流学科建设高校）,008,自动化类(测控),2,641,12825
2022,1146,华北电力大学(北京)（一流学科建设高校）,009,计算机类(计算机),5,642,12327
2022,1146,华北电力大学(北京)（一流学科建设高校）,010,计算机类(智能),3,641,12491
2022,1146,华北电力大学(北京)（一流学科建设高校）,011,管理科学与工程类,3,636,15610
2022,1146,华北电力大学(北京)（一流学科建设高校）,012,经济学类,4,638,14321
2022,1146,华北电力大学(北京)（一流学科建设高校）,013,物流管理与工程类(供应链),1,635,16472
2022,1146,华北电力大学(北京)（一流学科建设高校）,014,能源动力类(新能源),5,638,14248
2022,1146,华北电力大学(北京)（一流学科建设高校）,015,水利类,2,635,16532
2022,1146,华北电力大学(北京)（一流学科建设高校）,016,核工程类,7,632,18484
2022,1146,华北电力大学(北京)（一流学科建设高校）,017,数学类,2,639,13724
2022,1146,华北电力大学(北京)（一流学科建设高校）,018,物理学类,1,638,14614
2022,1146,华北电力大学(北京)（一流学科建设高校）,019,工商管理类,7,633,17851
2022,1146,华北电力大学(北京)（一流学科建设高校）,020,法学类,2,645,10436
2022,1146,华北电力大学(北京)（一流学科建设高校）,021,公共管理类,2,641,12861
2022,1146,华北电力大学(北京)（一流学科建设高校）,022,网络与新媒体,2,640,13527
2022,1146,华北电力大学(北京)（一流学科建设高校）,023,外国语言文学类,2,638,14752
2022,1147,清华大学（一流大学建设高校）,004,临床医学类,5,696,67
2022,1147,清华大学（一流大学建设高校）,005,理科试验班类(物理基础类),23,695,83
2022,1147,清华大学（一流大学建设高校）,006,文科试验班类(通用基础类),1,710,1
2022,1148,首都经济贸易大学,001,国际经济与贸易,3,638,14843
2022,1148,首都经济贸易大学,002,工商管理类(劳经学院),3,633,17891
2022,1148,首都经济贸易大学,003,新闻传播学类,2,635,16466
2022,1148,首都经济贸易大学,004,信息管理与信息系统,2,628,21360
2022,1149,首都师范大学（一流学科建设高校）,003,中国语言文学类,3,649,8626
2022,1149,首都师范大学（一流学科建设高校）,004,汉语言文学(教育部拔尖计划实验班),2,650,8079
2022,1149,首都师范大学（一流学科建设高校）,005,历史学(教育部拔尖计划实验班),2,650,8212
2022,1149,首都师范大学（一流学科建设高校）,006,教育学,2,645,10727
2022,1149,首都师范大学（一流学科建设高校）,007,数学类,3,641,12936
2022,1149,首都师范大学（一流学科建设高校）,008,计算机科学与技术,4,633,17997
2022,1149,首都师范大学（一流学科建设高校）,009,英语,4,644,11257
2022,1149,首都师范大学（一流学科建设高校）,010,法语,2,636,16005
2022,1149,首都师范大学（一流学科建设高校）,011,国际经济与贸易,2,637,14968
2022,1149,首都师范大学（一流学科建设高校）,012,大数据管理与应用,2,631,19478
2022,1151,首都医科大学,001,临床医学(阶平班),2,668,2331
2022,1151,首都医科大学,002,临床医学(5+3一体化),5,663,3578
2022,1151,首都医科大学,003,口腔医学(5+3一体化),2,661,4072
2022,1151,首都医科大学,004,临床医学,4,657,5524
2022,1151,首都医科大学,005,精神医学,1,650,8209
2022,1151,首都医科大学,006,基础医学,2,633,17667
2022,1151,首都医科大学,007,中医学,2,645,10552
2022,1151,首都医科大学,008,临床药学,2,643,11798
2022,1151,首都医科大学,009,药学,2,636,15961
2022,1151,首都医科大学,010,康复治疗学(物理治疗),1,628,21772
2022,1151,首都医科大学,011,康复治疗学(作业治疗),1,626,22925
2022,1151,首都医科大学,012,医学实验技术,2,623,25584
2022,1151,首都医科大学,013,法学(卫生法学),2,639,14071
2022,1151,首都医科大学,014,护理学,2,615,32540
2022,1151,首都医科大学,015,助产学,2,611,36587
2022,1153,中国传媒大学（一流学科建设高校）,028,数字媒体技术(游戏设计技术方向),3,648,9076
2022,1153,中国传媒大学（一流学科建设高校）,029,广告学,2,658,5108
2022,1153,中国传媒大学（一流学科建设高校）,030,国际新闻与传播,2,659,4798
2022,1153,中国传媒大学（一流学科建设高校）,031,广播电视学,2,658,5155
2022,1153,中国传媒大学（一流学科建设高校）,032,数字出版,2,656,5962
2022,1153,中国传媒大学（一流学科建设高校）,033,新闻学(数据新闻方向),2,660,4494
2022,1153,中国传媒大学（一流学科建设高校）,034,传播学(舆情分析方向),2,657,5389
2022,1153,中国传媒大学（一流学科建设高校）,035,英语,2,650,8254
2022,1153,中国传媒大学（一流学科建设高校）,039,汉语言,3,653,6967
2022,1153,中国传媒大学（一流学科建设高校）,040,通信工程,2,642,12382
2022,1153,中国传媒大学（一流学科建设高校）,041,广播电视工程,4,642,12447
2022,1153,中国传媒大学（一流学科建设高校）,042,电子信息工程,2,642,11914
2022,1153,中国传媒大学（一流学科建设高校）,043,数字媒体技术,2,650,8203
2022,1153,中国传媒大学（一流学科建设高校）,044,物联网工程,2,643,11794
2022,1153,中国传媒大学（一流学科建设高校）,045,智能科学与技术,2,645,10367
2022,1153,中国传媒大学（一流学科建设高校）,046,数据科学与大数据技术,2,642,12289
2022,1153,中国传媒大学（一流学科建设高校）,047,网络空间安全,2,641,12481
2022,1153,中国传媒大学（一流学科建设高校）,048,传播学(中外合作办学),6,647,9786
2022,1153,中国传媒大学（一流学科建设高校）,049,广告学(中外合作办学),5,644,11350
2022,1153,中国传媒大学（一流学科建设高校）,050,艺术管理,2,649,8642
2022,1153,中国传媒大学（一流学科建设高校）,051,政治学与行政学(国家治理与政治传播方向),2,655,6334
2022,1153,中国传媒大学（一流学科建设高校）,052,智能科学与技术(中外合作办学),5,615,32319
2022,1154,中国地质大学(北京)（一流学科建设高校）,001,地质学(理科基地班),1,635,16330
2022,1154,中国地质大学(北京)（一流学科建设高校）,002,地质学类(地质地矿类),6,621,27432
2022,1154,中国地质大学(北京)（一流学科建设高校）,003,地质工程,2,625,24166
2022,1154,中国地质大学(北京)（一流学科建设高校）,004,土木工程,3,625,23878
2022,1154,中国地质大学(北京)（一流学科建设高校）,005,机械设计制造及其自动化,2,636,15595
2022,1154,中国地质大学(北京)（一流学科建设高校）,006,安全工程,2,625,24059
2022,1154,中国地质大学(北京)（一流学科建设高校）,007,材料类,4,622,26265
2022,1154,中国地质大学(北京)（一流学科建设高校）,008,计算机科学与技术,2,641,12824
2022,1154,中国地质大学(北京)（一流学科建设高校）,009,电子信息工程,2,638,14330
2022,1154,中国地质大学(北京)（一流学科建设高校）,010,地理信息科学,3,637,14860
2022,1154,中国地质大学(北京)（一流学科建设高校）,011,软件工程,3,640,13429
2022,1154,中国地质大学(北京)（一流学科建设高校）,012,数据科学与大数据技术,2,639,14181
2022,1154,中国地质大学(北京)（一流学科建设高校）,013,水文与水资源工程,1,620,28222
2022,1154,中国地质大学(北京)（一流学科建设高校）,014,环境工程,1,635,16658
2022,1154,中国地质大学(北京)（一流学科建设高校）,015,地下水科学与工程,2,619,28790
2022,1154,中国地质大学(北京)（一流学科建设高校）,016,环境生态工程,1,625,23859
2022,1154,中国地质大学(北京)（一流学科建设高校）,017,地质类(能源类),4,619,28929
2022,1154,中国地质大学(北京)（一流学科建设高校）,018,工商管理类,1,639,14034
2022,1154,中国地质大学(北京)（一流学科建设高校）,019,经济学,2,637,15330
2022,1154,中国地质大学(北京)（一流学科建设高校）,020,信息管理与信息系统,2,635,16593
2022,1154,中国地质大学(北京)（一流学科建设高校）,021,法学,2,643,11870
2022,1154,中国地质大学(北京)（一流学科建设高校）,022,英语,1,644,11365
2022,1154,中国地质大学(北京)（一流学科建设高校）,023,宝石及材料工艺学,3,616,31595
2022,1154,中国地质大学(北京)（一流学科建设高校）,025,勘查技术与工程,2,627,22437
2022,1154,中国地质大学(北京)（一流学科建设高校）,026,智能地球探测,2,629,20831
2022,1154,中国地质大学(北京)（一流学科建设高校）,027,测控技术与仪器,2,629,20327
2022,1154,中国地质大学(北京)（一流学科建设高校）,028,海洋科学,3,618,29966
2022,1154,中国地质大学(北京)（一流学科建设高校）,029,土地资源管理,3,640,13555
2022,1154,中国地质大学(北京)（一流学科建设高校）,030,测绘工程,2,625,23869
2022,1154,中国地质大学(北京)（一流学科建设高校）,031,土地整治工程,2,631,19226
2022,1154,中国地质大学(北京)（一流学科建设高校）,032,数学与应用数学,2,637,14866
2022,1155,中国矿业大学(北京)（一流学科建设高校）,001,安全科学与工程类,2,632,18249
2022,1155,中国矿业大学(北京)（一流学科建设高校）,002,地质类,3,628,21430
2022,1155,中国矿业大学(北京)（一流学科建设高校）,003,地球物理学,2,624,24561
2022,1155,中国矿业大学(北京)（一流学科建设高校）,004,环境工程,3,624,24413
2022,1155,中国矿业大学(北京)（一流学科建设高校）,005,化学工程与工艺,3,624,24830
2022,1155,中国矿业大学(北京)（一流学科建设高校）,006,碳储科学与工程,2,630,19778
2022,1155,中国矿业大学(北京)（一流学科建设高校）,007,计算机科学与技术,3,639,14050
2022,1155,中国矿业大学(北京)（一流学科建设高校）,008,材料科学与工程,2,631,19387
2022,1155,中国矿业大学(北京)（一流学科建设高校）,009,机械类,3,632,18367
2022,1155,中国矿业大学(北京)（一流学科建设高校）,010,工商管理类,4,631,18858
2022,1155,中国矿业大学(北京)（一流学科建设高校）,011,土木工程,2,631,19513
2022,1155,中国矿业大学(北京)（一流学科建设高校）,012,智能建造,2,633,18040
2022,1155,中国矿业大学(北京)（一流学科建设高校）,013,数学类,4,634,17135
2022,1155,中国矿业大学(北京)（一流学科建设高校）,014,法学,3,642,12453
2022,1155,中国矿业大学(北京)（一流学科建设高校）,015,英语,2,637,15198
2022,1155,中国矿业大学(北京)（一流学科建设高校）,016,行政管理,3,637,15528
2022,1156,中国劳动关系学院,001,劳动关系,2,590,59123
2022,1156,中国劳动关系学院,002,法学,8,593,55434
2022,1156,中国劳动关系学院,003,劳动与社会保障,4,586,64229
2022,1156,中国劳动关系学院,004,行政管理,3,578,73464
2022,1156,中国劳动关系学院,005,政治学与行政学,4,581,70207
2022,1156,中国劳动关系学院,006,安全工程,4,559,95723
2022,1156,中国劳动关系学院,007,社会工作,6,575,77156
2022,1156,中国劳动关系学院,008,社会学,4,579,72560
2022,1156,中国劳动关系学院,009,新闻学,2,585,64435
2022,1156,中国劳动关系学院,010,汉语言文学,2,583,67786
2022,1156,中国劳动关系学院,011,酒店管理,3,567,86799
2022,1156,中国劳动关系学院,012,计算机科学与技术,4,559,96612
2022,1156,中国劳动关系学院,501,酒店管理与数字化运营,6,513,151652
2022,1157,中国农业大学（一流大学建设高校）,001,农学,3,650,8097
2022,1157,中国农业大学（一流大学建设高校）,002,园艺,3,649,8729
2022,1157,中国农业大学（一流大学建设高校）,003,园林,1,647,9429
2022,1157,中国农业大学（一流大学建设高校）,004,植物保护,4,648,9268
2022,1157,中国农业大学（一流大学建设高校）,005,生物科学类,3,651,7687
2022,1157,中国农业大学（一流大学建设高校）,006,环境科学与工程类,5,645,10562
2022,1157,中国农业大学（一流大学建设高校）,007,草业科学,3,646,9939
2022,1157,中国农业大学（一流大学建设高校）,008,动物科学,3,647,9443
2022,1157,中国农业大学（一流大学建设高校）,009,动物医学类,5,646,10194
2022,1157,中国农业大学（一流大学建设高校）,010,食品科学与工程类,7,649,8505
2022,1157,中国农业大学（一流大学建设高校）,011,农业工程类,2,647,9356
2022,1157,中国农业大学（一流大学建设高校）,012,机械类,7,642,12136
2022,1157,中国农业大学（一流大学建设高校）,013,电子信息类,4,647,9600
2022,1157,中国农业大学（一流大学建设高校）,014,计算机类,2,649,8577
2022,1157,中国农业大学（一流大学建设高校）,015,水利类,7,641,12487
2022,1157,中国农业大学（一流大学建设高校）,016,化学类,4,644,11300
2022,1157,中国农业大学（一流大学建设高校）,017,数学与应用数学,2,649,8490
2022,1157,中国农业大学（一流大学建设高校）,018,工程力学,2,643,11519
2022,1157,中国农业大学（一流大学建设高校）,019,经济学类,3,651,7707
2022,1157,中国农业大学（一流大学建设高校）,020,工商管理类,4,650,8363
2022,1157,中国农业大学（一流大学建设高校）,021,法学,2,652,7404
2022,1157,中国农业大学（一流大学建设高校）,022,社会学类,3,651,7775
2022,1157,中国农业大学（一流大学建设高校）,023,英语,2,649,8618
2022,1157,中国农业大学（一流大学建设高校）,024,传播学,2,651,7944
2022,1157,中国农业大学（一流大学建设高校）,025,农村区域发展,1,651,7907
2022,1157,中国农业大学（一流大学建设高校）,026,地理科学类,3,645,10344
2022,1157,中国农业大学（一流大学建设高校）,027,国际经济与贸易(中外合作办学),2,641,12515
2022,1157,中国农业大学（一流大学建设高校）,028,传播学(中外合作办学),1,645,10570
2022,1157,中国农业大学（一流大学建设高校）,029,农林经济管理(中外合作办学),2,640,13485
2022,1157,中国农业大学（一流大学建设高校）,030,理科试验班类(生命科学),2,653,7026
2022,1157,中国农业大学（一流大学建设高校）,031,理科试验班(信息科学),2,650,8126
2022,1159,中国人民大学（一流大学建设高校）,001,人文科学试验班(拔尖人才培养基地),4,680,696
2022,1159,中国人民大学（一流大学建设高校）,002,社会科学试验班(管理学科类),7,676,1135
2022,1159,中国人民大学（一流大学建设高校）,003,经济学类(拔尖人才培养基地),10,682,558
2022,1159,中国人民大学（一流大学建设高校）,004,新闻传播学类,5,683,484
2022,1159,中国人民大学（一流大学建设高校）,005,工商管理类,10,679,755
2022,1159,中国人民大学（一流大学建设高校）,006,金融学类,6,685,360
2022,1159,中国人民大学（一流大学建设高校）,007,财政学类,2,685,367
2022,1159,中国人民大学（一流大学建设高校）,008,法学,5,689,201
2022,1159,中国人民大学（一流大学建设高校）,009,社会学类(含直博),4,679,793
2022,1159,中国人民大学（一流大学建设高校）,010,国际政治,5,677,947
2022,1159,中国人民大学（一流大学建设高校）,011,人力资源管理,5,675,1274
2022,1159,中国人民大学（一流大学建设高校）,012,理科试验班类(拔尖人才培养基地),12,678,883
2022,1160,中国石油大学(北京)（一流学科建设高校）,001,安全工程,1,628,21479
2022,1160,中国石油大学(北京)（一流学科建设高校）,002,材料科学与工程,2,627,22253
2022,1160,中国石油大学(北京)（一流学科建设高校）,003,地球物理学类,2,624,24833
2022,1160,中国石油大学(北京)（一流学科建设高校）,004,地质类,1,635,16528
2022,1160,中国石油大学(北京)（一流学科建设高校）,005,电子信息工程,1,636,15593
2022,1160,中国石油大学(北京)（一流学科建设高校）,006,工商管理类,2,638,14575
2022,1160,中国石油大学(北京)（一流学科建设高校）,007,化工与制药类,3,632,18677
2022,1160,中国石油大学(北京)（一流学科建设高校）,008,环境科学与工程类,2,632,18788
2022,1160,中国石油大学(北京)（一流学科建设高校）,009,机械类,2,629,20542
2022,1160,中国石油大学(北京)（一流学科建设高校）,010,计算机科学与技术,1,640,13165
2022,1160,中国石油大学(北京)（一流学科建设高校）,011,经济学类,1,641,12693
2022,1160,中国石油大学(北京)（一流学科建设高校）,012,人工智能,1,641,12739
2022,1160,中国石油大学(北京)（一流学科建设高校）,013,石油工程,2,630,19837
2022,1160,中国石油大学(北京)（一流学科建设高校）,014,数学类,2,632,18191
2022,1160,中国石油大学(北京)（一流学科建设高校）,015,新能源科学与工程,1,635,16212
2022,1160,中国石油大学(北京)（一流学科建设高校）,016,信息管理与信息系统,2,631,18968
2022,1160,中国石油大学(北京)（一流学科建设高校）,017,应用化学,2,633,17785
2022,1160,中国石油大学(北京)（一流学科建设高校）,018,油气储运工程,2,629,20500
2022,1160,中国石油大学(北京)（一流学科建设高校）,019,自动化,2,633,18091
2022,1160,中国石油大学(北京)（一流学科建设高校）,020,思想政治教育,1,639,13861
2022,1160,中国石油大学(北京)（一流学科建设高校）,021,英语,2,636,15842
2022,1161,中国戏曲学院,018,戏剧影视文学(戏曲文学),3,609,38906
2022,1161,中国戏曲学院,019,艺术管理(国际文化交流),2,604,43652
2022,1161,中国戏曲学院,020,文化产业管理,1,606,41811
2022,1163,中国政法大学（一流学科建设高校）,001,哲学(拔尖创新人才培养实验班),3,655,6288
2022,1163,中国政法大学（一流学科建设高校）,002,法学,22,667,2527
2022,1163,中国政法大学（一流学科建设高校）,003,法学(法学人才培养模式改革实验班),9,673,1542
2022,1163,中国政法大学（一流学科建设高校）,004,法学(涉外法治人才培养实验班),5,675,1200
2022,1163,中国政法大学（一流学科建设高校）,005,社会工作,1,658,5180
2022,1163,中国政法大学（一流学科建设高校）,006,英语(法律英语实验班),4,656,5915
2022,1163,中国政法大学（一流学科建设高校）,007,德语(法律德语实验班),2,652,7452
2022,1163,中国政法大学（一流学科建设高校）,008,新闻学,2,656,5806
2022,1163,中国政法大学（一流学科建设高校）,009,应用心理学,2,655,6116
2022,1163,中国政法大学（一流学科建设高校）,010,工商管理,3,654,6431
2022,1163,中国政法大学（一流学科建设高校）,011,国际商务,3,652,7355
2022,1163,中国政法大学（一流学科建设高校）,012,行政管理,3,656,5929
2022,1163,中国政法大学（一流学科建设高校）,013,思想政治教育,3,656,5928
2022,1163,中国政法大学（一流学科建设高校）,014,国际政治,3,657,5601
2022,1163,中国政法大学（一流学科建设高校）,015,政治学与行政学,2,661,4269
2022,1163,中国政法大学（一流学科建设高校）,016,金融工程(成思危现代金融菁英班),4,655,6254
2022,1163,中国政法大学（一流学科建设高校）,017,法学(北京外国语大学联合培养涉外法治人才),3,674,1356
2022,1164,中华女子学院,005,社会工作,2,586,64220
2022,1164,中华女子学院,006,法学,2,589,60550
2022,1164,中华女子学院,007,会计学,2,578,72985
2022,1164,中华女子学院,008,学前教育(师范),2,586,64147
2022,1164,中华女子学院,009,数字媒体技术,2,561,94023
2022,1164,中华女子学院,010,汉语国际教育(师范),2,581,70043
2022,1164,中华女子学院,011,养老服务管理,4,569,84417
2022,1165,中央财经大学（一流学科建设高校）,001,财政学类,5,660,4361
2022,1165,中央财经大学（一流学科建设高校）,002,金融学类,7,661,4032
2022,1165,中央财经大学（一流学科建设高校）,003,工商管理类(会计学院),4,663,3522
2022,1165,中央财经大学（一流学科建设高校）,004,精算学,4,654,6570
2022,1165,中央财经大学（一流学科建设高校）,005,统计学类,5,654,6476
2022,1165,中央财经大学（一流学科建设高校）,006,数学类,5,651,7671
2022,1165,中央财经大学（一流学科建设高校）,007,国际经济与贸易(中外合作办学)(国际贸易、金融风险管理),7,650,8222
2022,1165,中央财经大学（一流学科建设高校）,008,工商管理类(商学院),4,658,5204
2022,1165,中央财经大学（一流学科建设高校）,009,大数据管理与应用(许国志大数据英才班),3,655,5973
2022,1165,中央财经大学（一流学科建设高校）,010,投资学,4,655,6123
2022,1165,中央财经大学（一流学科建设高校）,011,公共管理类,4,651,7548
2022,1165,中央财经大学（一流学科建设高校）,012,法学(卓越法治人才教育培养计划),4,657,5415
2022,1165,中央财经大学（一流学科建设高校）,013,社会学类,4,651,7808
2022,1165,中央财经大学（一流学科建设高校）,014,新闻传播学类,3,651,7615
2022,1165,中央财经大学（一流学科建设高校）,015,计算机类,3,651,7877
2022,1165,中央财经大学（一流学科建设高校）,016,经济学(数理经济与数理金融),3,663,3666
2022,1165,中央财经大学（一流学科建设高校）,017,金融学(国际金融与公司理财),4,657,5431
2022,1165,中央财经大学（一流学科建设高校）,018,财政学(财政理论与政策),3,660,4556
2022,1167,中央民族大学（一流大学建设高校）,001,哲学类,3,648,9324
2022,1167,中央民族大学（一流大学建设高校）,002,经济学类,10,647,9529
2022,1167,中央民族大学（一流大学建设高校）,003,法学类,8,651,7588
2022,1167,中央民族大学（一流大学建设高校）,004,社会学类,3,647,9579
2022,1167,中央民族大学（一流大学建设高校）,005,民族学,2,649,8616
2022,1167,中央民族大学（一流大学建设高校）,006,文物与博物馆学,2,648,8894
2022,1167,中央民族大学（一流大学建设高校）,007,历史学类,3,650,8141
2022,1167,中央民族大学（一流大学建设高校）,008,教育学,3,648,9171
2022,1167,中央民族大学（一流大学建设高校）,009,汉语国际教育,3,648,9279
2022,1167,中央民族大学（一流大学建设高校）,010,汉语言文学,3,653,7068
2022,1167,中央民族大学（一流大学建设高校）,011,新闻传播学类,5,649,8676
2022,1167,中央民族大学（一流大学建设高校）,012,工商管理类,6,647,9661
2022,1167,中央民族大学（一流大学建设高校）,013,公共管理类,3,646,9982
2022,1167,中央民族大学（一流大学建设高校）,014,外国语言文学类,3,649,8764
2022,1167,中央民族大学（一流大学建设高校）,015,日语,2,644,11317
2022,1167,中央民族大学（一流大学建设高校）,016,统计学类,4,641,12530
2022,1167,中央民族大学（一流大学建设高校）,017,信息与计算科学,4,640,13238
2022,1167,中央民族大学（一流大学建设高校）,018,纳米材料与技术,4,634,16930
2022,1167,中央民族大学（一流大学建设高校）,019,光电信息科学与工程,4,639,13701
2022,1167,中央民族大学（一流大学建设高校）,020,生物科学类,4,643,11590
2022,1167,中央民族大学（一流大学建设高校）,021,环境科学与工程类,4,641,12888
2022,1167,中央民族大学（一流大学建设高校）,022,环境科学(中外合作办学),4,629,20818
2022,1167,中央民族大学（一流大学建设高校）,023,电子信息类,5,641,12747
2022,1167,中央民族大学（一流大学建设高校）,024,计算机类,6,643,11579
2022,1170,北京联合大学,002,自动化,2,588,61202
2022,1170,北京联合大学,003,软件工程,1,598,50053
2022,1170,北京联合大学,004,人文地理与城乡规划,2,587,62599
2022,1170,北京联合大学,005,人力资源管理,2,589,59888
2022,1170,北京联合大学,006,旅游管理,1,578,73156
2022,1170,北京联合大学,007,会展经济与管理,1,588,61728
2022,1171,北京邮电大学(宏福校区)（一流学科建设高校）,001,电信工程及管理(中外合作办学),3,641,12496
2022,1171,北京邮电大学(宏福校区)（一流学科建设高校）,002,物联网工程(中外合作办学),2,642,12187
2022,1171,北京邮电大学(宏福校区)（一流学科建设高校）,003,电子信息工程(中外合作办学),2,643,11613
2022,1171,北京邮电大学(宏福校区)（一流学科建设高校）,004,智能科学与技术(中外合作办学),2,642,11990
2022,1173,首钢工学院,501,安全技术与管理,1,521,141897
2022,1173,首钢工学院,502,机电一体化技术,1,522,140804
2022,1173,首钢工学院,503,影视动画,2,511,154740
2022,1173,首钢工学院,504,计算机应用技术,1,533,128167
2022,1173,首钢工学院,505,数字媒体技术,1,518,145609
2022,1173,首钢工学院,506,大数据与会计,2,533,127666
2022,1173,首钢工学院,507,旅游管理,2,511,154129
2022,1173,首钢工学院,508,人力资源管理,1,531,130743
2022,1173,首钢工学院,509,学前教育,1,528,134044
2022,1173,首钢工学院,510,护理,3,515,150063
2022,1175,北京农学院,001,风景园林,2,580,71373
2022,1175,北京农学院,002,农业资源与环境(中外合作办学),3,557,98905
2022,1189,中国科学院大学（一流学科建设高校）,001,人工智能,1,687,282
2022,1189,中国科学院大学（一流学科建设高校）,002,计算机科学与技术,1,690,157
2022,1201,北京科技大学天津学院(独立学院),001,材料科学与工程(新材料制备与加工),3,544,115156
2022,1201,北京科技大学天津学院(独立学院),002,环境工程,2,546,112560
2022,1201,北京科技大学天津学院(独立学院),003,物流工程,2,541,118743
2022,1201,北京科技大学天津学院(独立学院),004,智能制造工程,2,534,126368
2022,1201,北京科技大学天津学院(独立学院),005,无人驾驶航空器系统工程,2,527,134710
2022,1201,北京科技大学天津学院(独立学院),006,金融工程,2,544,114853
2022,1201,北京科技大学天津学院(独立学院),007,康复治疗学,2,550,107331
2022,1201,北京科技大学天津学院(独立学院),008,英语,2,549,108961
2022,1201,北京科技大学天津学院(独立学院),009,日语,2,542,117270
2022,1201,北京科技大学天津学院(独立学院),010,朝鲜语,2,532,128874
2022,1201,北京科技大学天津学院(独立学院),017,法学,2,555,101086
2022,1202,河北工业大学（一流学科建设高校）,001,机械类,2,628,21324
2022,1202,河北工业大学（一流学科建设高校）,002,能源动力类,2,628,21697
2022,1202,河北工业大学（一流学科建设高校）,003,电气工程及其自动化,2,638,14762
2022,1202,河北工业大学（一流学科建设高校）,004,化学工程与工艺,2,625,24033
2022,1202,河北工业大学（一流学科建设高校）,005,生物工程,2,624,24536
2022,1202,河北工业大学（一流学科建设高校）,006,海洋技术,2,621,26943
2022,1202,河北工业大学（一流学科建设高校）,007,土木工程,2,623,25307
2022,1202,河北工业大学（一流学科建设高校）,008,金融学,2,633,17969
2022,1202,河北工业大学（一流学科建设高校）,009,工业工程,2,625,23714
2022,1202,河北工业大学（一流学科建设高校）,010,计算机类,2,634,17237
2022,1202,河北工业大学（一流学科建设高校）,011,自动化,3,631,18991
2022,1202,河北工业大学（一流学科建设高校）,013,生物医学工程,2,622,26587
2022,1202,河北工业大学（一流学科建设高校）,014,电子科学与技术,3,632,18224
2022,1202,河北工业大学（一流学科建设高校）,015,应用物理学(中外合作办学),2,609,38523
2022,1202,河北工业大学（一流学科建设高校）,016,机械设计制造及其自动化(中外合作办学),2,614,33819
2022,1202,河北工业大学（一流学科建设高校）,017,材料物理(中外合作办学),2,599,48615
2022,1203,南开大学（一流大学建设高校）,001,历史学类,7,660,4530
2022,1203,南开大学（一流大学建设高校）,002,哲学类,5,658,5201
2022,1203,南开大学（一流大学建设高校）,003,法学,5,661,4217
2022,1203,南开大学（一流大学建设高校）,004,公共管理类,4,659,4914
2022,1203,南开大学（一流大学建设高校）,005,经济学类,8,660,4295
2022,1203,南开大学（一流大学建设高校）,006,金融学类,5,663,3469
2022,1203,南开大学（一流大学建设高校）,007,临床医学(5+3一体化),6,660,4515
2022,1203,南开大学（一流大学建设高校）,008,口腔医学,3,660,4429
2022,1203,南开大学（一流大学建设高校）,009,中国语言文学类,7,660,4555
2022,1203,南开大学（一流大学建设高校）,010,工商管理类,10,659,4778
2022,1203,南开大学（一流大学建设高校）,011,理科试验班(数理科学与大数据),7,658,5182
2022,1203,南开大学（一流大学建设高校）,012,理科试验班类(物质科学与可持续发展),7,654,6416
2022,1203,南开大学（一流大学建设高校）,013,工科试验班(信息科学与技术),12,654,6387
2022,1205,天津滨海职业学院,508,电子信息工程技术,3,497,
2022,1205,天津滨海职业学院,510,计算机应用技术,1,507,159175
2022,1206,天津财经大学,001,经济学,4,626,22983
2022,1206,天津财经大学,002,财政学类,4,625,24176
2022,1206,天津财经大学,003,金融学类,4,629,20751
2022,1206,天津财经大学,004,国际经济与贸易,4,623,25263
2022,1206,天津财经大学,005,广告学,3,616,31996
2022,1206,天津财经大学,006,计算机科学与技术,3,605,42807
2022,1206,天津财经大学,007,工商管理类,8,618,29645
2022,1206,天津财经大学,008,会计学(注册会计师),2,634,17147
2022,1206,天津财经大学,009,会计学,3,633,17741
2022,1206,天津财经大学,010,国际商务,4,614,33721
2022,1206,天津财经大学,011,物流管理,3,605,42909
2022,1206,天津财经大学,012,旅游管理类,4,589,59955
2022,1207,天津财经大学珠江学院(独立学院),001,会计学(会计),13,543,115689
2022,1207,天津财经大学珠江学院(独立学院),002,审计学,16,536,123977
2022,1207,天津财经大学珠江学院(独立学院),003,工商管理,15,531,130200
2022,1207,天津财经大学珠江学院(独立学院),004,市场营销(新媒体营销),16,531,130439
2022,1207,天津财经大学珠江学院(独立学院),005,酒店管理(国际酒店运营),14,528,134522
2022,1207,天津财经大学珠江学院(独立学院),006,金融学(金融),6,534,126741
2022,1207,天津财经大学珠江学院(独立学院),007,金融学(国际金融),8,531,130909
2022,1207,天津财经大学珠江学院(独立学院),008,金融科技,20,530,131799
2022,1207,天津财经大学珠江学院(独立学院),009,保险学,6,530,132001
2022,1207,天津财经大学珠江学院(独立学院),010,经济统计学(经济统计),5,534,126322
2022,1207,天津财经大学珠江学院(独立学院),011,传播学,15,541,118569
2022,1208,天津城建大学,001,交通工程,2,560,94421
2022,1208,天津城建大学,002,港口航道与海岸工程,2,556,100226
2022,1208,天津城建大学,003,建筑环境与能源应用工程,3,550,106613
2022,1208,天津城建大学,004,安全工程,1,554,101989
2022,1208,天津城建大学,005,工商管理,3,571,82180
2022,1208,天津城建大学,006,环境工程,3,558,96970
2022,1208,天津城建大学,007,人工智能,1,571,81231
2022,1208,天津城建大学,008,地质工程,3,549,108580
2022,1208,天津城建大学,009,地理信息科学,3,576,75970
2022,1208,天津城建大学,010,应用化学,2,566,87417
2022,1208,天津城建大学,011,智能建造,1,571,81638
2022,1208,天津城建大学,012,智能制造工程,1,565,88653
2022,1208,天津城建大学,014,建筑类,4,572,80578
2022,1208,天津城建大学,015,土木类,3,570,82434
2022,1208,天津城建大学,016,材料类,5,557,99120
2022,1208,天津城建大学,017,管理科学与工程类,5,549,108065
2022,1208,天津城建大学,018,计算机类,2,576,75386
2022,1208,天津城建大学,019,电子信息类,5,568,85539
2022,1208,天津城建大学,020,机械类,2,567,86512
2022,1208,天津城建大学,021,电气类,1,570,83258
2022,1210,天津大学（一流大学建设高校）,001,建筑类,6,658,5140
2022,1210,天津大学（一流大学建设高校）,002,经济管理试验班,4,651,7742
2022,1210,天津大学（一流大学建设高校）,003,工科试验班(智能制造与建造),6,651,7813
2022,1210,天津大学（一流大学建设高校）,004,工科试验班(精仪与光电信息类),4,652,7297
2022,1210,天津大学（一流大学建设高校）,005,工科试验班(电气信息类),7,652,7283
2022,1210,天津大学（一流大学建设高校）,006,工科试验班(智能与计算类),4,655,6157
2022,1210,天津大学（一流大学建设高校）,007,医学试验班(新医科),8,649,8486
2022,1210,天津大学（一流大学建设高校）,008,化工与制药类(化工能源与生命医药试验班),4,652,7279
2022,1210,天津大学（一流大学建设高校）,009,法学,10,656,5797
2022,1211,天津仁爱学院(民办),001,英语,15,526,136618
2022,1211,天津仁爱学院(民办),002,机械设计制造及其自动化,4,507,158587
2022,1211,天津仁爱学院(民办),003,智能制造工程,3,503,163072
2022,1211,天津仁爱学院(民办),004,智能交互设计,3,502,163851
2022,1211,天津仁爱学院(民办),005,自动化,3,516,148144
2022,1211,天津仁爱学院(民办),006,电子信息工程,3,512,152815
2022,1211,天津仁爱学院(民办),007,通信工程,3,514,150402
2022,1211,天津仁爱学院(民办),008,电气工程及其自动化,3,509,156225
2022,1211,天津仁爱学院(民办),009,物联网工程,2,509,156091
2022,1211,天津仁爱学院(民办),010,物联网工程(科大讯飞智能物联方向),14,503,162880
2022,1211,天津仁爱学院(民办),011,计算机科学与技术,4,515,149235
2022,1211,天津仁爱学院(民办),012,软件工程,4,512,153032
2022,1211,天津仁爱学院(民办),013,数据科学与大数据技术,3,504,161726
2022,1211,天津仁爱学院(民办),014,人工智能,3,505,160506
2022,1211,天津仁爱学院(民办),015,计算机科学与技术(中软国际华为云学院大数据技术与应用特色班)投档单,6,508,157209
2022,1211,天津仁爱学院(民办),016,软件工程(中软国际华为云学院智能技术开发特色班),8,507,158285
2022,1211,天津仁爱学院(民办),017,数据科学与大数据技术(中软国际华为云学院大数据分析应用特色班)投档,5,504,162032
2022,1211,天津仁爱学院(民办),018,建筑学,5,533,128275
2022,1211,天津仁爱学院(民办),019,土木工程,6,504,162045
2022,1211,天津仁爱学院(民办),020,土木工程(国际工程方向),2,501,164976
2022,1211,天津仁爱学院(民办),021,给排水科学与工程,4,509,156429
2022,1211,天津仁爱学院(民办),022,水利水电工程,5,505,160771
2022,1211,天津仁爱学院(民办),023,港口航道与海岸工程,4,505,161301
2022,1211,天津仁爱学院(民办),024,物流工程,11,526,136681
2022,1211,天津仁爱学院(民办),025,信息管理与信息系统,10,503,162791
2022,1211,天津仁爱学院(民办),026,工程管理,12,501,165078
2022,1211,天津仁爱学院(民办),027,财务管理,11,530,131694
2022,1211,天津仁爱学院(民办),028,金融工程,12,526,136707
2022,1211,天津仁爱学院(民办),029,物流工程(精益智造与运营管理方向),5,525,137991
2022,1211,天津仁爱学院(民办),030,信息管理与信息系统(精益智造与信息管理方向),5,501,165188
2022,1211,天津仁爱学院(民办),031,化学工程与工艺,12,528,134045
2022,1211,天津仁爱学院(民办),032,制药工程,12,530,131512
2022,1211,天津仁爱学院(民办),033,过程装备与控制工程(新能源方向),2,521,142249
2022,1211,天津仁爱学院(民办),034,过程装备与控制工程(智能化工方向),2,518,145574
2022,1211,天津仁爱学院(民办),035,法学(经济法方向),15,538,121805
2022,1211,天津仁爱学院(民办),036,商务英语,15,522,141272
2022,1211,天津仁爱学院(民办),037,传播学(网络新媒体方向),8,536,124862
2022,1212,天津电子信息职业技术学院,501,动漫制作技术,4,507,158721
2022,1212,天津电子信息职业技术学院,504,计算机网络技术,3,497,
2022,1214,天津职业技术师范大学,002,机械设计制造及其自动化,1,563,90952
2022,1214,天津职业技术师范大学,003,材料成型及控制工程,2,543,115434
2022,1214,天津职业技术师范大学,004,机电技术教育(师范),1,584,65607
2022,1214,天津职业技术师范大学,005,工业设计,1,549,108254
2022,1214,天津职业技术师范大学,006,测控技术与仪器,2,544,114308
2022,1214,天津职业技术师范大学,007,电气工程及其自动化(师范),1,571,81917
2022,1214,天津职业技术师范大学,008,自动化(师范),2,574,77534
2022,1214,天津职业技术师范大学,010,人工智能(师范),2,568,84767
2022,1214,天津职业技术师范大学,011,教育技术学(师范),1,589,60083
2022,1214,天津职业技术师范大学,012,计算机科学与技术(师范),1,580,71440
2022,1214,天津职业技术师范大学,013,网络工程,1,556,99560
2022,1214,天津职业技术师范大学,014,数字媒体技术(师范),1,574,78572
2022,1214,天津职业技术师范大学,016,数据科学与大数据技术,2,554,101660
2022,1214,天津职业技术师范大学,017,学前教育(师范),2,580,70722
2022,1214,天津职业技术师范大学,018,车辆工程,1,543,115213
2022,1214,天津职业技术师范大学,019,汽车服务工程(师范),1,562,92016
2022,1214,天津职业技术师范大学,020,交通运输(城市轨道交通方向)(师范),1,573,78953
2022,1214,天津职业技术师范大学,021,数学与应用数学(师范),1,575,76773
2022,1214,天津职业技术师范大学,022,汉语国际教育(师范),1,589,60788
2022,1214,天津职业技术师范大学,023,电子信息工程(师范),1,575,76853
2022,1214,天津职业技术师范大学,024,电子科学与技术,1,555,100611
2022,1214,天津职业技术师范大学,025,通信工程,1,561,93552
2022,1214,天津职业技术师范大学,026,微电子科学与工程(师范),1,565,88967
2022,1214,天津职业技术师范大学,027,光电信息科学与工程(师范),1,565,88479
2022,1214,天津职业技术师范大学,028,金融学,2,567,86477
2022,1214,天津职业技术师范大学,029,信用管理,1,564,90466
2022,1214,天津职业技术师范大学,030,人力资源管理,1,575,77229
2022,1214,天津职业技术师范大学,031,财务会计教育(师范),1,613,34836
2022,1214,天津职业技术师范大学,032,物流管理(师范),1,580,70908
2022,1214,天津职业技术师范大学,033,电子商务(师范),1,585,64943
2022,1216,天津工业大学（一流学科建设高校）,001,纺织工程,4,582,68234
2022,1216,天津工业大学（一流学科建设高校）,002,非织造材料与工程,4,582,68688
2022,1216,天津工业大学（一流学科建设高校）,003,轻化工程,3,588,61009
2022,1216,天津工业大学（一流学科建设高校）,004,材料科学与工程,4,593,55390
2022,1216,天津工业大学（一流学科建设高校）,005,复合材料与工程,4,590,58710
2022,1216,天津工业大学（一流学科建设高校）,006,无机非金属材料工程,4,587,62288
2022,1216,天津工业大学（一流学科建设高校）,007,制药工程,4,602,45869
2022,1216,天津工业大学（一流学科建设高校）,008,环境工程,4,599,48661
2022,1216,天津工业大学（一流学科建设高校）,009,机械工程,4,601,46576
2022,1216,天津工业大学（一流学科建设高校）,010,工业设计,4,609,38371
2022,1216,天津工业大学（一流学科建设高校）,011,机械电子工程,4,603,44799
2022,1216,天津工业大学（一流学科建设高校）,012,智能制造工程,4,603,44308
2022,1216,天津工业大学（一流学科建设高校）,013,电气工程及其自动化,4,609,38187
2022,1216,天津工业大学（一流学科建设高校）,014,电子信息工程,6,607,40092
2022,1216,天津工业大学（一流学科建设高校）,015,电子科学与技术,4,606,41074
2022,1216,天津工业大学（一流学科建设高校）,016,自动化,4,606,41588
2022,1216,天津工业大学（一流学科建设高校）,017,计算机科学与技术,4,622,26252
2022,1216,天津工业大学（一流学科建设高校）,018,网络空间安全,4,606,41245
2022,1216,天津工业大学（一流学科建设高校）,019,人工智能,4,611,36028
2022,1216,天津工业大学（一流学科建设高校）,020,智能医学工程,4,600,47858
2022,1216,天津工业大学（一流学科建设高校）,021,数学类,4,603,44418
2022,1216,天津工业大学（一流学科建设高校）,022,数据科学与大数据技术,4,608,39645
2022,1216,天津工业大学（一流学科建设高校）,023,经济学类,4,608,39790
2022,1216,天津工业大学（一流学科建设高校）,024,工商管理类,4,606,41057
2022,1217,天津公安警官职业学院,501,信息安全技术应用,14,497,
2022,1217,天津公安警官职业学院,502,法律事务,6,505,161490
2022,1223,天津科技大学,001,电气工程及其自动化,3,600,47410
2022,1223,天津科技大学,002,计算机科学与技术,3,594,55089
2022,1223,天津科技大学,003,软件工程,3,591,57657
2022,1223,天津科技大学,004,物联网工程,3,589,59748
2022,1223,天津科技大学,005,数字媒体技术,3,592,56929
2022,1223,天津科技大学,006,海洋资源开发技术,3,566,87859
2022,1223,天津科技大学,007,海洋科学类,3,577,74755
2022,1223,天津科技大学,008,化学工程与工艺,4,581,69402
2022,1223,天津科技大学,009,包装工程,3,571,82237
2022,1223,天津科技大学,010,食品科学与工程,3,585,65476
2022,1223,天津科技大学,011,食品质量与安全,3,579,72342
2022,1223,天津科技大学,012,食品营养与健康,3,574,77640
2022,1223,天津科技大学,013,制药工程,3,579,71515
2022,1223,天津科技大学,014,国际经济与贸易,3,586,63490
2022,1223,天津科技大学,015,财务管理,3,590,59340
2022,1223,天津科技大学,016,机械电子工程,3,579,72296
2022,1223,天津科技大学,017,机械设计制造及其自动化,3,578,73277
2022,1223,天津科技大学,018,微电子科学与工程,3,582,68444
2022,1223,天津科技大学,019,生物工程(中外合作办学)(酿造与蒸馏),3,564,89884
2022,1223,天津科技大学,020,财务管理(中外合作办学),3,581,70078
2022,1223,天津科技大学,021,计算机科学与技术(中外合作办学)(信息处理),3,579,72198
2022,1224,天津理工大学,001,测控技术与仪器,4,572,80219
2022,1224,天津理工大学,002,人工智能,3,595,53693
2022,1224,天津理工大学,003,材料科学与工程,2,577,74315
2022,1224,天津理工大学,004,材料物理,3,575,76298
2022,1224,天津理工大学,005,功能材料,3,570,83504
2022,1224,天津理工大学,006,保险学,4,577,73978
2022,1224,天津理工大学,007,工程管理,4,572,79937
2022,1224,天津理工大学,008,工程造价,4,582,68082
2022,1224,天津理工大学,009,大数据管理与应用,2,594,54951
2022,1224,天津理工大学,010,工商管理,2,587,62037
2022,1224,天津理工大学,011,市场营销,3,580,71357
2022,1224,天津理工大学,012,财务管理,3,587,62697
2022,1224,天津理工大学,013,应用化学,3,577,73951
2022,1224,天津理工大学,014,化学工程与工艺,3,577,74617
2022,1224,天津理工大学,015,药学,2,587,62347
2022,1224,天津理工大学,016,机械工程,7,578,72868
2022,1224,天津理工大学,017,过程装备与控制工程,7,566,87889
2022,1224,天津理工大学,018,智能制造工程,2,585,65121
2022,1224,天津理工大学,019,新能源科学与工程,3,579,71812
2022,1224,天津理工大学,020,资源循环科学与工程,4,567,86115
2022,1224,天津理工大学,021,环境工程,4,575,76572
2022,1224,天津理工大学,022,环境科学,2,573,78904
2022,1224,天津理工大学,023,安全工程,4,575,77277
2022,1224,天津理工大学,024,电子科学与技术,2,595,53167
2022,1224,天津理工大学,025,微电子科学与工程,4,586,63472
2022,1224,天津理工大学,026,光电信息科学与工程,3,591,57786
2022,1224,天津理工大学,027,集成电路设计与集成系统,5,585,65017
2022,1225,天津理工大学中环信息学院(独立学院),001,自动化,1,515,149318
2022,1225,天津理工大学中环信息学院(独立学院),002,电气工程及其自动化,2,519,144545
2022,1225,天津理工大学中环信息学院(独立学院),003,电气工程及其自动化(电力系统及其自动化方向),3,516,147921
2022,1225,天津理工大学中环信息学院(独立学院),004,电气工程与智能控制,2,517,147074
2022,1225,天津理工大学中环信息学院(独立学院),005,智能电网信息工程,1,513,152270
2022,1225,天津理工大学中环信息学院(独立学院),006,机械设计制造及其自动化,6,510,154911
2022,1225,天津理工大学中环信息学院(独立学院),007,机械电子工程,3,512,153048
2022,1225,天津理工大学中环信息学院(独立学院),008,机器人工程,3,510,154893
2022,1225,天津理工大学中环信息学院(独立学院),009,电子信息科学与技术,1,520,143249
2022,1225,天津理工大学中环信息学院(独立学院),010,电子信息工程,2,514,150853
2022,1225,天津理工大学中环信息学院(独立学院),011,通信工程,1,526,136060
2022,1225,天津理工大学中环信息学院(独立学院),012,物联网工程,5,510,154969
2022,1225,天津理工大学中环信息学院(独立学院),013,人工智能,3,515,149492
2022,1225,天津理工大学中环信息学院(独立学院),014,计算机科学与技术,4,513,151507
2022,1225,天津理工大学中环信息学院(独立学院),015,软件工程,5,512,153051
2022,1225,天津理工大学中环信息学院(独立学院),016,数字媒体技术,3,513,152523
2022,1225,天津理工大学中环信息学院(独立学院),017,数据科学与大数据技术,3,511,154202
2022,1225,天津理工大学中环信息学院(独立学院),018,工程管理,2,511,153927
2022,1225,天津理工大学中环信息学院(独立学院),019,财务管理,14,531,130834
2022,1225,天津理工大学中环信息学院(独立学院),020,物流管理,8,531,130857
2022,1225,天津理工大学中环信息学院(独立学院),021,人力资源管理,15,529,133029
2022,1226,天津美术学院,006,历史建筑保护工程,3,595,53973
2022,1227,天津农学院,001,生物技术,2,562,92799
2022,1227,天津农学院,002,环境科学,1,559,96095
2022,1227,天津农学院,003,菌物科学与工程,2,558,97620
2022,1227,天津农学院,004,园艺,1,558,97818
2022,1227,天津农学院,005,植物保护,1,566,87347
2022,1227,天津农学院,006,林学,2,558,97521
2022,1227,天津农学院,007,动物科学,3,558,97148
2022,1227,天津农学院,008,动物医学,1,575,76776
2022,1227,天津农学院,009,动物医学(小动医方向),2,574,78205
2022,1227,天津农学院,010,水产养殖学,4,558,97636
2022,1227,天津农学院,011,海洋渔业科学与技术,6,555,101408
2022,1227,天津农学院,012,水族科学与技术,3,556,99723
2022,1227,天津农学院,013,水生动物医学,1,560,95245
2022,1227,天津农学院,014,国际经济与贸易,1,571,82040
2022,1227,天津农学院,015,会计学,1,572,80610
2022,1227,天津农学院,016,农林经济管理,1,570,83392
2022,1227,天津农学院,017,公共事业管理,1,566,88132
2022,1227,天津农学院,018,物流管理,3,558,97439
2022,1227,天津农学院,019,食品科学与工程,3,558,97138
2022,1227,天津农学院,020,新能源科学与工程,1,560,94751
2022,1227,天津农学院,021,电气工程及其自动化,1,558,96824
2022,1227,天津农学院,022,机器人工程,1,552,104435
2022,1227,天津农学院,023,农业机械化及其自动化,4,558,97572
2022,1227,天津农学院,024,软件工程,1,553,103533
2022,1227,天津农学院,025,物联网工程,1,552,104255
2022,1227,天津农学院,026,水利水电工程,3,558,97425
2022,1227,天津农学院,027,应用化学,3,552,104148
2022,1227,天津农学院,028,功能材料,1,555,101103
2022,1227,天津农学院,029,生物制药,2,563,91259
2022,1227,天津农学院,030,英语,1,563,91282
2022,1227,天津农学院,031,人力资源管理,1,567,86868
2022,1227,天津农学院,032,文化产业管理,1,561,94147
2022,1229,天津商业大学,001,宝石及材料工艺学,7,549,108100
2022,1229,天津商业大学,002,经济学类,3,588,61906
2022,1229,天津商业大学,003,包装工程,3,546,112609
2022,1229,天津商业大学,004,法学,3,589,60339
2022,1229,天津商业大学,005,会展经济与管理,3,580,71428
2022,1229,天津商业大学,006,电子商务,3,567,86737
2022,1229,天津商业大学,007,英语,3,583,67701
2022,1229,天津商业大学,008,数据科学与大数据技术,3,576,75629
2022,1229,天津商业大学,009,数学与应用数学,3,570,82443
2022,1229,天津商业大学,010,财务管理,3,591,57752
2022,1229,天津商业大学,011,旅游管理(高尔夫经营管理方向),4,555,101027
2022,1229,天津商业大学,012,酒店管理(中外合作办学),12,548,109986
2022,1229,天津商业大学,013,财务管理(中外合作办学),6,576,75204
2022,1230,天津商业大学宝德学院(独立学院),001,英语,3,536,124752
2022,1230,天津商业大学宝德学院(独立学院),002,商务英语,2,532,128961
2022,1230,天津商业大学宝德学院(独立学院),003,日语,2,534,126514
2022,1230,天津商业大学宝德学院(独立学院),004,金融学类,5,531,130273
2022,1230,天津商业大学宝德学院(独立学院),005,工商管理类(管理系),8,530,131305
2022,1230,天津商业大学宝德学院(独立学院),006,工商管理类(会计系),7,533,127961
2022,1232,天津师范大学,001,汉语言文学(师范),4,628,21541
2022,1232,天津师范大学,002,历史学(师范),3,628,21803
2022,1232,天津师范大学,003,世界史,1,624,24941
2022,1232,天津师范大学,004,应用心理学(师范),2,623,25918
2022,1232,天津师范大学,005,学前教育(师范),1,604,43114
2022,1232,天津师范大学,006,教育学类(师范),10,621,27347
2022,1232,天津师范大学,007,行政管理,1,597,51276
2022,1232,天津师范大学,008,政治学与行政学,1,609,38526
2022,1232,天津师范大学,009,政治学与行政学(博雅班),2,621,27320
2022,1232,天津师范大学,011,法学,4,619,29418
2022,1232,天津师范大学,012,英语(师范),4,625,24127
2022,1232,天津师范大学,013,计算机科学与技术(师范),1,616,31792
2022,1232,天津师范大学,014,数学与应用数学(师范),2,619,28681
2022,1232,天津师范大学,015,地理科学(师范),1,631,19389
2022,1232,天津师范大学,016,化学(师范),4,618,30130
2022,1232,天津师范大学,017,化学生物学,2,604,44128
2022,1232,天津师范大学,018,生物科学(师范),3,620,28355
2022,1232,天津师范大学,019,大数据管理与应用,2,592,56946
2022,1232,天津师范大学,020,应用心理学(创新班),1,622,26232
2022,1234,天津体育学院,004,公共事业管理,3,564,90572
2022,1234,天津体育学院,005,新闻学(新媒体方向),6,567,86226
2022,1234,天津体育学院,006,新闻学(体育文化传媒方向),5,569,84708
2022,1234,天津体育学院,007,市场营销,4,557,99127
2022,1234,天津体育学院,008,运动康复,3,566,88097
2022,1234,天津体育学院,009,应用心理学,3,572,81075
2022,1234,天津体育学院,011,体育经济与管理,5,558,97094
2022,1234,天津体育学院,012,学前教育,4,566,87746
2022,1235,天津外国语大学,001,外国语言文学类(英语类),6,616,31450
2022,1235,天津外国语大学,002,日语,6,612,35441
2022,1235,天津外国语大学,003,俄语,1,616,31973
2022,1235,天津外国语大学,004,德语,1,619,28883
2022,1235,天津外国语大学,005,法语,1,621,27633
2022,1235,天津外国语大学,006,西班牙语,1,624,25045
2022,1235,天津外国语大学,007,意大利语,1,618,29809
2022,1235,天津外国语大学,008,葡萄牙语,1,614,33186
2022,1235,天津外国语大学,009,捷克语,1,583,67771
2022,1235,天津外国语大学,010,朝鲜语,2,590,58800
2022,1235,天津外国语大学,011,阿拉伯语,1,593,55883
2022,1235,天津外国语大学,012,波斯语,1,581,69843
2022,1235,天津外国语大学,013,印度尼西亚语,1,596,52212
2022,1235,天津外国语大学,014,缅甸语,1,587,62513
2022,1235,天津外国语大学,015,汉语国际教育,2,608,39041
2022,1235,天津外国语大学,016,国际经济与贸易,2,597,51023
2022,1235,天津外国语大学,017,金融学,2,598,49698
2022,1235,天津外国语大学,018,工商管理类,4,591,58422
2022,1235,天津外国语大学,019,大数据管理与应用,1,592,57252
2022,1235,天津外国语大学,020,法学,1,626,23476
2022,1235,天津外国语大学,021,国际政治,1,612,35781
2022,1235,天津外国语大学,022,国际组织与全球治理,1,616,31992
2022,1235,天津外国语大学,023,汉语言文学,2,614,33415
2022,1235,天津外国语大学,024,新闻传播学类,1,608,39861
2022,1235,天津外国语大学,025,广告学,1,608,39687
2022,1235,天津外国语大学,026,网络与新媒体,1,611,36767
2022,1235,天津外国语大学,027,教育技术学,1,515,149696
2022,1235,天津外国语大学,028,数字媒体技术,2,582,68565
2022,1235,天津外国语大学,029,经济学(中外合作办学),2,588,61495
2022,1236,天津外国语大学滨海外事学院(独立学院),001,英语,1,555,100917
2022,1236,天津外国语大学滨海外事学院(独立学院),002,日语,1,551,105838
2022,1236,天津外国语大学滨海外事学院(独立学院),003,国际经济与贸易,1,550,106918
2022,1236,天津外国语大学滨海外事学院(独立学院),004,金融学,2,547,111182
2022,1236,天津外国语大学滨海外事学院(独立学院),005,国际事务与国际关系,1,544,115153
2022,1236,天津外国语大学滨海外事学院(独立学院),006,酒店管理,1,531,130626
2022,1236,天津外国语大学滨海外事学院(独立学院),007,学前教育,2,553,103677
2022,1236,天津外国语大学滨海外事学院(独立学院),008,护理学,3,546,111863
2022,1237,天津现代职业技术学院,501,无人机应用技术,2,497,
2022,1239,天津医科大学（一流学科建设高校）,001,临床医学(5+3一体化),5,656,5710
2022,1239,天津医科大学（一流学科建设高校）,002,临床医学(5+3一体化，儿科学),1,655,6064
2022,1239,天津医科大学（一流学科建设高校）,003,口腔医学(5+3一体化),1,661,4146
2022,1239,天津医科大学（一流学科建设高校）,004,临床医学,1,655,6056
2022,1239,天津医科大学（一流学科建设高校）,005,基础医学(朱宪彝班),1,649,8558
2022,1239,天津医科大学（一流学科建设高校）,006,眼视光医学,1,656,5880
2022,1239,天津医科大学（一流学科建设高校）,007,预防医学,2,644,11144
2022,1239,天津医科大学（一流学科建设高校）,008,智能医学工程,1,650,8168
2022,1239,天津医科大学（一流学科建设高校）,009,医学技术类,3,636,15613
2022,1239,天津医科大学（一流学科建设高校）,010,药学类,3,640,13526
2022,1239,天津医科大学（一流学科建设高校）,011,生物医学工程,1,643,11773
2022,1240,天津医科大学临床医学院(独立学院),001,临床医学,9,567,86229
2022,1240,天津医科大学临床医学院(独立学院),002,口腔医学,4,581,69969
2022,1240,天津医科大学临床医学院(独立学院),003,护理学,10,552,104328
2022,1240,天津医科大学临床医学院(独立学院),004,眼视光学,10,561,93865
2022,1240,天津医科大学临床医学院(独立学院),005,医学检验技术,6,559,96161
2022,1240,天津医科大学临床医学院(独立学院),006,医学影像技术,5,548,109565
2022,1240,天津医科大学临床医学院(独立学院),007,康复治疗学,3,556,99402
2022,1240,天津医科大学临床医学院(独立学院),008,健康服务与管理,3,548,109391
2022,1240,天津医科大学临床医学院(独立学院),009,法学,13,546,112662
2022,1240,天津医科大学临床医学院(独立学院),010,公共事业管理,11,535,125743
2022,1240,天津医科大学临床医学院(独立学院),011,市场营销,11,529,132360
2022,1240,天津医科大学临床医学院(独立学院),012,药学,5,552,104939
2022,1241,天津医学高等专科学校,501,护理,2,516,148397
2022,1241,天津医学高等专科学校,502,助产,2,511,154002
2022,1241,天津医学高等专科学校,503,临床医学,5,526,136915
2022,1241,天津医学高等专科学校,504,针灸推拿,2,540,119187
2022,1241,天津医学高等专科学校,505,康复治疗技术,4,506,159955
2022,1241,天津医学高等专科学校,506,医学美容技术,1,527,135153
2022,1241,天津医学高等专科学校,507,智能医疗装备技术,2,506,160333
2022,1241,天津医学高等专科学校,508,药学,4,515,149411
2022,1241,天津医学高等专科学校,509,中药学,2,526,136730
2022,1241,天津医学高等专科学校,510,医学检验技术,4,517,147032
2022,1241,天津医学高等专科学校,511,医学生物技术,2,509,156138
2022,1241,天津医学高等专科学校,512,药品经营与管理,1,511,154573
2022,1241,天津医学高等专科学校,513,药物制剂技术,4,510,155087
2022,1241,天津医学高等专科学校,514,预防医学,1,505,160724
2022,1241,天津医学高等专科学校,515,卫生信息管理,2,502,164313
2022,1241,天津医学高等专科学校,516,医学营养,2,511,154752
2022,1241,天津医学高等专科学校,518,口腔医学,8,536,123953
2022,1242,天津艺术职业学院,511,摄影摄像技术,1,501,165440
2022,1244,天津市职业大学,501,包装工程技术,3,497,
2022,1244,天津市职业大学,503,电子信息工程技术,3,508,157525
2022,1244,天津市职业大学,504,机械制造及自动化,7,497,
2022,1244,天津市职业大学,506,模具设计与制造,4,497,
2022,1244,天津市职业大学,507,电子商务,3,497,
2022,1244,天津市职业大学,512,化工技术类,3,497,
2022,1244,天津市职业大学,514,眼视光技术,2,531,130381
2022,1244,天津市职业大学,515,眼视光技术(镜片生产工艺),3,497,
2022,1244,天津市职业大学,522,人力资源管理,3,506,160387
2022,1244,天津市职业大学,525,商务英语,2,511,154751
2022,1246,天津中医药大学（一流学科建设高校）,001,中国语言文学类,3,601,47200
2022,1246,天津中医药大学（一流学科建设高校）,002,中医学(中医拔尖创新人才培养模式改革9年制),2,650,8368
2022,1246,天津中医药大学（一流学科建设高校）,003,中医学(5+3一体化),2,648,9162
2022,1246,天津中医药大学（一流学科建设高校）,004,中医学(5+3一体化中医儿科学),2,645,10751
2022,1246,天津中医药大学（一流学科建设高校）,005,中医学类,8,633,17629
2022,1246,天津中医药大学（一流学科建设高校）,006,中西医临床医学,3,634,17460
2022,1246,天津中医药大学（一流学科建设高校）,007,医学技术类,4,614,33469
2022,1246,天津中医药大学（一流学科建设高校）,008,食品卫生与营养学,2,603,44961
2022,1246,天津中医药大学（一流学科建设高校）,009,康复治疗学,2,607,40287
2022,1246,天津中医药大学（一流学科建设高校）,010,护理学类,2,598,50491
2022,1246,天津中医药大学（一流学科建设高校）,011,临床药学,3,624,24921
2022,1246,天津中医药大学（一流学科建设高校）,012,药学类,4,620,28020
2022,1246,天津中医药大学（一流学科建设高校）,013,中药学类,4,618,30023
2022,1246,天津中医药大学（一流学科建设高校）,014,应用心理学,2,615,32600
2022,1246,天津中医药大学（一流学科建设高校）,015,工商管理类,2,599,49422
2022,1246,天津中医药大学（一流学科建设高校）,016,公共管理类,2,599,48811
2022,1246,天津中医药大学（一流学科建设高校）,017,临床医学,3,632,18236
2022,1246,天津中医药大学（一流学科建设高校）,018,中药学(拔尖学生培养基地班),1,628,21792
2022,1246,天津中医药大学（一流学科建设高校）,019,应用统计学,2,576,75659
2022,1246,天津中医药大学（一流学科建设高校）,020,预防医学,3,619,28623
2022,1247,中国民航大学,001,工科试验班(中欧航空工程师),9,497,
2022,1247,中国民航大学,002,法学(航空法),3,614,33498
2022,1247,中国民航大学,003,英语(民航外语),4,600,47691
2022,1247,中国民航大学,004,信息与计算科学,3,604,43862
2022,1247,中国民航大学,005,应用气象学(航空气象),4,600,47401
2022,1247,中国民航大学,006,应用心理学,2,608,39534
2022,1247,中国民航大学,007,统计学(民航大数据),1,612,35207
2022,1247,中国民航大学,008,材料物理(无损检测与表面工程),1,592,56585
2022,1247,中国民航大学,009,材料化学,2,586,63236
2022,1247,中国民航大学,010,工科试验班(航空航天),8,595,53107
2022,1247,中国民航大学,011,信息安全,5,606,41352
2022,1247,中国民航大学,012,土木工程,3,582,67905
2022,1247,中国民航大学,013,油气储运工程(机场供油工程),1,599,49093
2022,1247,中国民航大学,014,交通工程,3,606,41106
2022,1247,中国民航大学,015,交通运输(空中交通管制),6,611,36030
2022,1247,中国民航大学,016,交通管理(飞行运行管理),4,593,55958
2022,1247,中国民航大学,017,无人驾驶航空器系统工程,3,598,49657
2022,1247,中国民航大学,018,安全工程,6,582,68835
2022,1247,中国民航大学,019,工商管理类(航空运输管理),4,593,55269
2022,1247,中国民航大学,020,物流管理,6,580,71031
2022,1247,中国民航大学,021,工业工程(航空维修工程),3,574,78395
2022,1247,中国民航大学,023,翻译,1,625,23552
2022,1247,中国民航大学,024,思想政治教育,1,599,48814
2022,1247,中国民航大学,025,工科试验班(智能与计算机),4,615,32974
2022,1247,中国民航大学,026,工科试验班(电子信息与电气自动化),8,602,46106
2022,1248,天津天狮学院(民办),001,食品科学与工程类,2,539,120231
2022,1248,天津天狮学院(民办),002,药学,1,551,105843
2022,1248,天津天狮学院(民办),003,医学技术类,2,513,151527
2022,1248,天津天狮学院(民办),004,工商管理类,2,541,117641
2022,1249,天津铁道职业技术学院,502,铁道信号自动控制,2,503,162729
2022,1249,天津铁道职业技术学院,503,动车组检修技术,2,497,
2022,1249,天津铁道职业技术学院,504,城市轨道车辆应用技术,2,497,
2022,1301,保定电力职业技术学院,501,供用电技术,3,505,161348
2022,1301,保定电力职业技术学院,502,发电厂及电力系统,2,497,
2022,1302,北华航天工业学院,001,经济学,2,559,96114
2022,1302,北华航天工业学院,002,国际经济与贸易,2,557,98389
2022,1302,北华航天工业学院,003,社会工作,3,558,97690
2022,1302,北华航天工业学院,004,英语,2,563,91653
2022,1302,北华航天工业学院,005,机械设计制造及其自动化,3,542,117115
2022,1302,北华航天工业学院,006,材料成型及控制工程,2,539,120435
2022,1302,北华航天工业学院,007,工业设计,2,541,117872
2022,1302,北华航天工业学院,008,车辆工程,2,540,119457
2022,1302,北华航天工业学院,009,金属材料工程,2,534,126821
2022,1302,北华航天工业学院,010,复合材料与工程,2,534,126265
2022,1302,北华航天工业学院,011,电气工程与智能控制,2,541,118068
2022,1302,北华航天工业学院,012,电子信息工程,3,542,117235
2022,1302,北华航天工业学院,013,自动化,3,540,119041
2022,1302,北华航天工业学院,014,计算机科学与技术,3,557,98855
2022,1302,北华航天工业学院,015,空间信息与数字技术,2,539,120295
2022,1302,北华航天工业学院,016,土木工程,2,540,119768
2022,1302,北华航天工业学院,017,建筑环境与能源应用工程,2,536,123740
2022,1302,北华航天工业学院,018,道路桥梁与渡河工程,2,538,121258
2022,1302,北华航天工业学院,019,飞行器制造工程,2,546,112159
2022,1302,北华航天工业学院,020,工程造价,2,541,117883
2022,1302,北华航天工业学院,021,会计学,2,562,92871
2022,1302,北华航天工业学院,022,人力资源管理,3,556,100049
2022,1302,北华航天工业学院,023,物流管理,2,556,100281
2022,1302,北华航天工业学院,024,电子商务,3,558,97296
2022,1304,燕京理工学院(民办),001,金融学,1,535,125321
2022,1304,燕京理工学院(民办),002,法学,1,556,100127
2022,1304,燕京理工学院(民办),003,小学教育,1,558,97225
2022,1304,燕京理工学院(民办),005,汉语言文学,1,539,120916
2022,1304,燕京理工学院(民办),006,英语,1,540,120001
2022,1304,燕京理工学院(民办),007,数据科学与大数据技术,1,516,149028
2022,1304,燕京理工学院(民办),008,工程造价,1,523,139493
2022,1304,燕京理工学院(民办),009,工商管理,1,549,108906
2022,1304,燕京理工学院(民办),010,会计学,1,554,102178
2022,1304,燕京理工学院(民办),011,财务管理,1,539,120937
2022,1304,燕京理工学院(民办),012,人力资源管理,1,532,129676
2022,1304,燕京理工学院(民办),013,物流管理,1,533,128044
2022,1305,沧州交通学院(民办),001,工商管理,10,528,134194
2022,1305,沧州交通学院(民办),002,财务管理,8,529,132380
2022,1305,沧州交通学院(民办),003,物流管理,8,529,132900
2022,1305,沧州交通学院(民办),004,金融工程,6,528,133797
2022,1305,沧州交通学院(民办),005,电子商务,10,528,133702
2022,1305,沧州交通学院(民办),006,交通运输,12,533,128009
2022,1305,沧州交通学院(民办),007,英语,8,528,134172
2022,1305,沧州交通学院(民办),008,商务英语,8,527,134764
2022,1307,北京社会管理职业学院,501,学前教育,2,497,
2022,1308,北京中医药大学东方学院(独立学院),001,中医学,3,574,78049
2022,1308,北京中医药大学东方学院(独立学院),002,针灸推拿学,3,566,87823
2022,1308,北京中医药大学东方学院(独立学院),003,中西医临床医学,3,567,87081
2022,1308,北京中医药大学东方学院(独立学院),004,中药学,2,555,101325
2022,1308,北京中医药大学东方学院(独立学院),005,中药制药,2,550,107389
2022,1308,北京中医药大学东方学院(独立学院),006,医学检验技术,2,557,98728
2022,1308,北京中医药大学东方学院(独立学院),007,医学影像技术,2,511,154800
2022,1308,北京中医药大学东方学院(独立学院),008,康复治疗学,2,511,153803
2022,1308,北京中医药大学东方学院(独立学院),009,护理学,2,555,101211
2022,1308,北京中医药大学东方学院(独立学院),010,工商管理,1,536,123838
2022,1308,北京中医药大学东方学院(独立学院),011,市场营销,1,534,126676
2022,1308,北京中医药大学东方学院(独立学院),012,公共事业管理,1,545,113712
2022,1308,北京中医药大学东方学院(独立学院),013,健康服务与管理,1,540,119143
2022,1310,承德医学院,001,临床医学,2,595,53713
2022,1311,东北大学秦皇岛分校（一流大学建设高校）,001,经济学类,7,638,14683
2022,1311,东北大学秦皇岛分校（一流大学建设高校）,002,外国语言文学类,5,636,15663
2022,1311,东北大学秦皇岛分校（一流大学建设高校）,003,数学类,5,637,14964
2022,1311,东北大学秦皇岛分校（一流大学建设高校）,004,机械类,6,632,18609
2022,1311,东北大学秦皇岛分校（一流大学建设高校）,005,材料类,6,630,20172
2022,1311,东北大学秦皇岛分校（一流大学建设高校）,006,电子信息类,9,636,15633
2022,1311,东北大学秦皇岛分校（一流大学建设高校）,007,自动化类,8,636,15991
2022,1311,东北大学秦皇岛分校（一流大学建设高校）,008,仪器类(智能光电感知),4,634,17116
2022,1311,东北大学秦皇岛分校（一流大学建设高校）,009,计算机类,7,641,12984
2022,1311,东北大学秦皇岛分校（一流大学建设高校）,010,工商管理类,16,635,16687
2022,1311,东北大学秦皇岛分校（一流大学建设高校）,011,计算机科学与技术(中外合作办学),4,634,16914
2022,1311,东北大学秦皇岛分校（一流大学建设高校）,012,通信工程(中外合作办学),4,632,18233
2022,1311,东北大学秦皇岛分校（一流大学建设高校）,013,应用统计学(中外合作办学),2,626,23291
2022,1312,防灾科技学院,001,地球物理学,2,553,103175
2022,1312,防灾科技学院,002,勘查技术与工程,2,546,112020
2022,1312,防灾科技学院,003,地理科学,2,571,81739
2022,1312,防灾科技学院,004,测绘工程,2,539,120656
2022,1312,防灾科技学院,005,地下水科学与工程,2,532,128727
2022,1312,防灾科技学院,006,土木工程,3,544,114085
2022,1312,防灾科技学院,007,工程管理,3,539,120844
2022,1312,防灾科技学院,008,地质工程,2,538,121862
2022,1312,防灾科技学院,009,城市地下空间工程,2,533,128388
2022,1312,防灾科技学院,010,电气工程及其自动化,4,543,116146
2022,1312,防灾科技学院,011,测控技术与仪器,3,540,119402
2022,1312,防灾科技学院,012,通信工程,4,545,113267
2022,1312,防灾科技学院,013,计算机类,4,547,110518
2022,1312,防灾科技学院,014,物联网工程,3,545,113378
2022,1312,防灾科技学院,015,金融学,3,561,93983
2022,1312,防灾科技学院,016,会计学,2,566,87276
2022,1312,防灾科技学院,017,工商管理,3,559,96763
2022,1312,防灾科技学院,018,应急管理,4,547,110397
2022,1312,防灾科技学院,019,应急技术与管理,2,565,88423
2022,1312,防灾科技学院,020,广告学,4,562,92732
2022,1312,防灾科技学院,021,网络与新媒体,2,571,82035
2022,1312,防灾科技学院,022,应用心理学,2,563,91905
2022,1315,河北大学,001,历史学类,3,609,38264
2022,1315,河北大学,002,新闻传播学类,2,613,34165
2022,1315,河北大学,003,经济学,3,603,44290
2022,1315,河北大学,004,法学,2,625,23704
2022,1315,河北大学,005,哲学,3,601,46979
2022,1315,河北大学,006,新能源材料与器件,2,586,63362
2022,1315,河北大学,007,化学,3,588,61344
2022,1315,河北大学,008,电气工程及其自动化,2,599,48575
2022,1315,河北大学,009,电子科学与技术,3,595,53020
2022,1315,河北大学,010,自动化,3,592,56412
2022,1315,河北大学,011,土木工程,2,592,57188
2022,1317,河北工程大学,001,地理信息科学,3,576,75825
2022,1317,河北工程大学,002,机械类,4,555,100902
2022,1317,河北工程大学,003,能源与动力工程,2,563,90915
2022,1317,河北工程大学,004,电气工程及其自动化,2,570,82772
2022,1317,河北工程大学,005,电子信息工程,3,566,87426
2022,1317,河北工程大学,006,通信工程,2,566,87527
2022,1317,河北工程大学,007,光电信息科学与工程,2,564,89865
2022,1317,河北工程大学,008,自动化,2,562,92295
2022,1317,河北工程大学,009,计算机类,2,578,72885
2022,1317,河北工程大学,010,数据科学与大数据技术,2,570,82348
2022,1317,河北工程大学,011,建筑环境与能源应用工程,2,552,104321
2022,1317,河北工程大学,012,给排水科学与工程,2,551,105445
2022,1317,河北工程大学,013,水利水电工程,2,558,96841
2022,1317,河北工程大学,014,化学工程与工艺,2,566,88194
2022,1317,河北工程大学,015,环境工程,2,550,106933
2022,1317,河北工程大学,016,建筑学,2,579,72210
2022,1317,河北工程大学,017,城乡规划,2,572,80213
2022,1317,河北工程大学,018,风景园林,2,566,87862
2022,1317,河北工程大学,019,安全工程,2,549,108404
2022,1317,河北工程大学,020,工程管理,2,548,109260
2022,1317,河北工程大学,021,工商管理类,2,566,87700
2022,1317,河北工程大学,023,过程装备与控制工程,2,550,106971
2022,1317,河北工程大学,024,道路桥梁与渡河工程,2,558,97770
2022,1317,河北工程大学,025,交通工程,2,564,89891
2022,1317,河北工程大学,026,机器人工程,2,572,80293
2022,1317,河北工程大学,027,土木工程,2,566,87214
2022,1318,河北工程大学科信学院(独立学院),001,机械设计制造及其自动化,3,519,144292
2022,1318,河北工程大学科信学院(独立学院),002,车辆工程,2,514,150779
2022,1318,河北工程大学科信学院(独立学院),003,电气工程及其自动化,2,525,137889
2022,1318,河北工程大学科信学院(独立学院),004,电子信息工程,2,528,133791
2022,1318,河北工程大学科信学院(独立学院),005,通信工程,2,518,145505
2022,1318,河北工程大学科信学院(独立学院),006,自动化,2,519,144704
2022,1318,河北工程大学科信学院(独立学院),007,计算机科学与技术,2,529,132228
2022,1318,河北工程大学科信学院(独立学院),008,土木工程,2,523,140316
2022,1318,河北工程大学科信学院(独立学院),009,建筑环境与能源应用工程,2,517,147109
2022,1318,河北工程大学科信学院(独立学院),010,给排水科学与工程,2,516,147950
2022,1318,河北工程大学科信学院(独立学院),011,水利水电工程,2,546,111682
2022,1318,河北工程大学科信学院(独立学院),012,工程管理,2,521,142156
2022,1319,河北石油职业技术大学,001,工业设计,5,523,139575
2022,1319,河北石油职业技术大学,002,电子信息工程技术,6,526,136026
2022,1319,河北石油职业技术大学,003,软件工程技术,6,529,133320
2022,1319,河北石油职业技术大学,004,大数据与会计,5,547,110744
2022,1321,河北建筑工程学院,001,土木工程,2,543,115830
2022,1321,河北建筑工程学院,002,电气工程及其自动化,1,548,110152
2022,1321,河北建筑工程学院,003,建筑电气与智能化,2,538,121283
2022,1321,河北建筑工程学院,004,建筑学,1,564,89656
2022,1321,河北建筑工程学院,006,工程造价,1,543,115462
2022,1321,河北建筑工程学院,007,物联网工程,1,540,119562
2022,1321,河北建筑工程学院,008,能源动力类,2,537,123102
2022,1321,河北建筑工程学院,009,机械设计制造及其自动化,1,542,117124
2022,1321,河北建筑工程学院,010,车辆工程,2,539,120677
2022,1323,河北金融学院,001,金融学,2,569,84059
2022,1323,河北金融学院,002,精算学,3,563,91960
2022,1323,河北金融学院,003,经济学,2,559,95768
2022,1323,河北金融学院,004,数字经济,3,529,132550
2022,1323,河北金融学院,005,国际经济与贸易,2,559,96726
2022,1323,河北金融学院,006,翻译,2,558,97687
2022,1323,河北金融学院,007,人工智能,3,520,143865
2022,1323,河北金融学院,008,金融工程,3,559,95597
2022,1323,河北金融学院,009,金融科技,2,537,122806
2022,1323,河北金融学院,010,应用统计学,3,523,139722
2022,1323,河北金融学院,011,金融学(中外合作办学),3,549,107906
2022,1323,河北金融学院,012,会计学(中外合作办学),2,553,103536
2022,1324,河北经贸大学,001,国际经济与贸易,4,575,76569
2022,1324,河北经贸大学,002,数字经济,2,574,77889
2022,1324,河北经贸大学,003,会计学,5,585,64541
2022,1324,河北经贸大学,004,工商管理类,6,577,75049
2022,1324,河北经贸大学,005,物流管理,3,570,83138
2022,1324,河北经贸大学,006,法学,4,591,58511
2022,1324,河北经贸大学,007,新闻传播学类,2,580,71430
2022,1324,河北经贸大学,008,日语,1,574,78622
2022,1324,河北经贸大学,009,商务英语,3,572,81066
2022,1324,河北经贸大学,010,数学类,5,550,106678
2022,1324,河北经贸大学,011,统计学类,5,575,76658
2022,1324,河北经贸大学,012,旅游管理类,5,563,91479
2022,1324,河北经贸大学,013,金融工程,10,575,77237
2022,1325,河北经贸大学经济管理学院(独立学院),001,国际经济与贸易,20,535,124965
2022,1326,河北科技大学,001,金属材料工程(中外合作办学),10,497,
2022,1326,河北科技大学,002,电气工程及其自动化,4,566,87777
2022,1326,河北科技大学,003,机械类,2,563,90820
2022,1326,河北科技大学,004,电子信息类,2,567,86061
2022,1326,河北科技大学,005,纺织工程,8,547,110660
2022,1326,河北科技大学,006,轻化工程,3,559,96668
2022,1326,河北科技大学,007,服装设计与工程,1,550,106996
2022,1328,河北科技师范学院,001,电气工程及其自动化,4,540,119089
2022,1328,河北科技师范学院,002,机械设计制造及其自动化,4,538,121450
2022,1328,河北科技师范学院,003,计算机科学与技术,4,543,115748
2022,1328,河北科技师范学院,004,网络工程,4,540,119698
2022,1328,河北科技师范学院,005,意大利语,4,555,101480
2022,1328,河北科技师范学院,006,英语(师范),4,573,79799
2022,1328,河北科技师范学院,007,市场营销,4,556,100198
2022,1328,河北科技师范学院,008,物流管理,4,555,100848
2022,1329,华北理工大学,001,化学,3,588,61542
2022,1329,华北理工大学,002,翻译,3,570,82557
2022,1329,华北理工大学,003,匈牙利语,3,554,102726
2022,1329,华北理工大学,008,临床医学,2,608,39889
2022,1329,华北理工大学,009,预防医学,3,589,60226
2022,1329,华北理工大学,010,卫生检验与检疫,3,576,75903
2022,1329,华北理工大学,011,高分子材料与工程,3,583,66923
2022,1329,华北理工大学,012,复合材料与工程,3,568,85328
2022,1329,华北理工大学,013,会计学,3,589,59996
2022,1329,华北理工大学,014,金融学,3,591,58081
2022,1329,华北理工大学,015,经济统计学,3,579,72271
2022,1329,华北理工大学,016,护理学,4,576,75561
2022,1329,华北理工大学,017,康复治疗学,4,572,80173
2022,1329,华北理工大学,018,助产学,3,568,85342
2022,1329,华北理工大学,019,中医学,4,597,51529
2022,1329,华北理工大学,020,针灸推拿学,3,584,66094
2022,1329,华北理工大学,021,中西医临床医学,2,599,48832
2022,1329,华北理工大学,022,口腔医学,1,624,24526
2022,1329,华北理工大学,023,中药学,3,577,74074
2022,1329,华北理工大学,024,电气工程及其自动化(中外合作办学),4,555,101132
2022,1329,华北理工大学,025,机械设计制造及其自动化(中外合作办学),4,552,104851
2022,1329,华北理工大学,026,化学(中外合作办学),6,552,104257
2022,1329,华北理工大学,501,机械制造及自动化,3,507,158588
2022,1329,华北理工大学,502,电气自动化技术,3,513,152198
2022,1329,华北理工大学,503,建设工程管理,4,503,162908
2022,1330,河北师范大学,001,软件工程,3,587,62240
2022,1330,河北师范大学,002,计算机类,2,605,42776
2022,1330,河北师范大学,003,教育技术学(师范),2,618,29673
2022,1330,河北师范大学,004,生物科学类,2,615,32815
2022,1330,河北师范大学,005,数学与应用数学(师范),3,601,46333
2022,1330,河北师范大学,006,中国语言文学类,4,623,25774
2022,1330,河北师范大学,007,地理科学类,2,617,31166
2022,1330,河北师范大学,008,法学,2,604,43399
2022,1331,河北医科大学,001,临床医学(5+3一体化),6,641,12674
2022,1331,河北医科大学,002,临床医学,9,628,21170
2022,1331,河北医科大学,003,麻醉学,3,624,24836
2022,1331,河北医科大学,004,公共卫生与预防医学类,3,601,46825
2022,1331,河北医科大学,005,食品卫生与营养学,2,562,92450
2022,1331,河北医科大学,006,医学影像技术,3,587,62242
2022,1331,河北医科大学,007,护理学类,4,573,79404
2022,1332,河北医科大学临床学院(独立学院),001,临床医学,7,564,90526
2022,1332,河北医科大学临床学院(独立学院),002,麻醉学,4,558,97607
2022,1332,河北医科大学临床学院(独立学院),003,医学检验技术,4,555,100383
2022,1333,衡水学院,001,国际经济与贸易,2,558,97197
2022,1333,衡水学院,002,日语,2,557,98965
2022,1333,衡水学院,009,数学与应用数学(中外合作办学),4,497,
2022,1334,华北电力大学(保定)（一流学科建设高校）,001,经济学类,3,622,26418
2022,1334,华北电力大学(保定)（一流学科建设高校）,002,法学类,2,638,14624
2022,1334,华北电力大学(保定)（一流学科建设高校）,003,外国语言文学类,4,631,19303
2022,1334,华北电力大学(保定)（一流学科建设高校）,004,数学类,4,631,19256
2022,1334,华北电力大学(保定)（一流学科建设高校）,005,物理学类,2,631,19357
2022,1334,华北电力大学(保定)（一流学科建设高校）,006,管理科学与工程类,7,624,25004
2022,1334,华北电力大学(保定)（一流学科建设高校）,007,工商管理类,6,619,29164
2022,1334,华北电力大学(保定)（一流学科建设高校）,008,电气类,17,645,10540
2022,1334,华北电力大学(保定)（一流学科建设高校）,009,电子信息类,7,636,15948
2022,1334,华北电力大学(保定)（一流学科建设高校）,010,机械类,9,625,23495
2022,1334,华北电力大学(保定)（一流学科建设高校）,011,工业工程类,1,631,19175
2022,1334,华北电力大学(保定)（一流学科建设高校）,012,能源动力类(能动),7,629,20632
2022,1334,华北电力大学(保定)（一流学科建设高校）,013,能源动力类(储能),1,636,15562
2022,1334,华北电力大学(保定)（一流学科建设高校）,014,土木类,2,626,22794
2022,1334,华北电力大学(保定)（一流学科建设高校）,015,环境科学与工程类,11,616,31695
2022,1334,华北电力大学(保定)（一流学科建设高校）,016,公共管理类,2,633,17910
2022,1334,华北电力大学(保定)（一流学科建设高校）,017,能源动力类(氢能),3,635,16453
2022,1334,华北电力大学(保定)（一流学科建设高校）,018,公共管理类(社工),2,632,18851
2022,1334,华北电力大学(保定)（一流学科建设高校）,019,自动化类(自动化),4,638,14718
2022,1334,华北电力大学(保定)（一流学科建设高校）,020,自动化类(测控),3,636,15916
2022,1334,华北电力大学(保定)（一流学科建设高校）,021,计算机类(智能),3,632,18510
2022,1334,华北电力大学(保定)（一流学科建设高校）,022,计算机类(计算机),8,632,18411
2022,1336,华北科技学院,001,应急技术与管理,2,570,83053
2022,1336,华北科技学院,002,安全工程,3,546,112313
2022,1336,华北科技学院,003,城市地下空间工程,2,539,120805
2022,1336,华北科技学院,004,机械设计制造及其自动化,2,543,115804
2022,1336,华北科技学院,005,电气工程及其自动化,2,549,108036
2022,1336,华北科技学院,006,材料成型及控制工程,8,536,124823
2022,1336,华北科技学院,007,电子信息工程,8,545,113481
2022,1336,华北科技学院,008,自动化,3,549,108743
2022,1336,华北科技学院,009,通信工程,7,539,120278
2022,1336,华北科技学院,010,计算机科学与技术,2,558,97894
2022,1336,华北科技学院,011,会计学,3,562,92225
2022,1336,华北科技学院,012,电子商务,5,559,96233
2022,1336,华北科技学院,013,土木工程,6,537,122791
2022,1336,华北科技学院,014,法学,2,576,75692
2022,1336,华北科技学院,015,汉语国际教育,8,557,98529
2022,1336,华北科技学院,016,网络与新媒体,9,561,93840
2022,1336,华北科技学院,017,英语,6,559,96055
2022,1336,华北科技学院,018,应急装备技术与工程,7,538,122413
2022,1338,华北理工大学冀唐学院(独立学院),001,临床医学,5,560,95334
2022,1338,华北理工大学冀唐学院(独立学院),002,医学影像技术,5,535,125560
2022,1338,华北理工大学冀唐学院(独立学院),003,护理学,5,557,99028
2022,1338,华北理工大学冀唐学院(独立学院),004,药学,5,548,109527
2022,1339,廊坊师范学院,001,人文教育(师范),2,572,80264
2022,1339,廊坊师范学院,002,学前教育(师范),2,568,85812
2022,1339,廊坊师范学院,003,汉语言文学(师范),2,580,70306
2022,1339,廊坊师范学院,004,英语(师范),2,578,73773
2022,1339,廊坊师范学院,005,历史学(师范),2,578,73343
2022,1339,廊坊师范学院,006,信息与计算科学,2,538,121808
2022,1339,廊坊师范学院,007,物理学(师范),2,551,105858
2022,1339,廊坊师范学院,008,材料化学,2,552,104312
2022,1339,廊坊师范学院,009,电气工程及其自动化,2,537,122727
2022,1339,廊坊师范学院,010,会计学,2,565,89239
2022,1340,秦皇岛职业技术学院,501,计算机应用技术,4,497,
2022,1341,河北地质大学,001,法语,2,569,84576
2022,1341,河北地质大学,002,公共管理类,4,565,89190
2022,1341,河北地质大学,003,地质类,6,562,92427
2022,1341,河北地质大学,004,水利类,2,560,95455
2022,1341,河北地质大学,005,地质工程,6,549,107877
2022,1341,河北地质大学,006,土木类,6,547,110492
2022,1341,河北地质大学,007,管理科学与工程类,4,546,111593
2022,1341,河北地质大学,008,材料类,4,558,97413
2022,1341,河北地质大学,009,经济学类,2,572,80120
2022,1341,河北地质大学,010,工商管理类,2,574,77913
2022,1341,河北地质大学,011,物流管理与工程类,2,568,85578
2022,1342,石家庄铁道大学,001,土木类,6,572,81107
2022,1342,石家庄铁道大学,002,机械类,2,580,71050
2022,1342,石家庄铁道大学,003,工商管理类,2,581,69860
2022,1342,石家庄铁道大学,004,经济与贸易类,4,570,83380
2022,1342,石家庄铁道大学,005,交通运输类,2,580,71302
2022,1342,石家庄铁道大学,006,材料类,3,567,86344
2022,1342,石家庄铁道大学,007,电子信息类,3,580,70855
2022,1342,石家庄铁道大学,008,计算机类,2,591,57893
2022,1342,石家庄铁道大学,009,工程力学,2,570,82614
2022,1342,石家庄铁道大学,010,管理科学与工程类,2,566,87848
2022,1342,石家庄铁道大学,011,物流管理,2,589,59954
2022,1343,石家庄铁道大学四方学院(独立学院),001,电气工程及其自动化,7,518,145487
2022,1343,石家庄铁道大学四方学院(独立学院),002,电子信息工程,6,516,148983
2022,1343,石家庄铁道大学四方学院(独立学院),003,土木工程,7,514,150291
2022,1343,石家庄铁道大学四方学院(独立学院),004,工程管理,5,510,155745
2022,1343,石家庄铁道大学四方学院(独立学院),005,会计学,5,548,109712
2022,1344,石家庄医学高等专科学校(民办),501,临床医学,9,497,
2022,1344,石家庄医学高等专科学校(民办),502,口腔医学,10,508,157464
2022,1344,石家庄医学高等专科学校(民办),505,口腔医学(中外合作办学),2,505,161441
2022,1345,石家庄邮电职业技术学院,501,金融类,100,497,169638
2022,1345,石家庄邮电职业技术学院,502,物流类,33,497,
2022,1345,石家庄邮电职业技术学院,503,邮政快递运营管理,7,504,161710
2022,1345,石家庄邮电职业技术学院,504,邮政快递智能技术,5,511,154420
2022,1345,石家庄邮电职业技术学院,505,物联网应用技术,5,509,156117
2022,1346,邢台学院,001,国际经济与贸易,5,556,100173
2022,1346,邢台学院,002,化学(师范),2,563,91205
2022,1346,邢台学院,003,工商管理,4,556,99978
2022,1346,邢台学院,004,市场营销,4,555,101220
2022,1346,邢台学院,005,会计学,5,559,95704
2022,1346,邢台学院,006,物流管理,5,555,100906
2022,1347,邢台医学高等专科学校,501,护理,7,497,
2022,1347,邢台医学高等专科学校,502,中医学,8,498,168692
2022,1347,邢台医学高等专科学校,503,医学检验技术,8,497,
2022,1347,邢台医学高等专科学校,504,口腔医学,7,515,149876
2022,1349,燕山大学,001,汉语言文学,2,619,29336
2022,1349,燕山大学,002,汉语国际教育,2,606,41195
2022,1349,燕山大学,003,外国语言文学类(英语),2,609,38837
2022,1349,燕山大学,004,日语,2,597,50971
2022,1349,燕山大学,005,应用物理学,2,596,52175
2022,1349,燕山大学,006,机械类,8,598,50201
2022,1349,燕山大学,007,工业设计,2,600,47595
2022,1349,燕山大学,008,过程装备与控制工程,2,594,54618
2022,1349,燕山大学,009,车辆工程,2,597,50970
2022,1349,燕山大学,010,智能感知工程,2,595,53743
2022,1349,燕山大学,011,材料类,2,593,55387
2022,1349,燕山大学,012,能源动力类,2,604,43829
2022,1349,燕山大学,013,电气类,4,601,46306
2022,1349,燕山大学,014,电子信息类,2,605,42484
2022,1349,燕山大学,015,计算机科学与技术,4,619,29257
2022,1349,燕山大学,016,土木类,6,588,61769
2022,1349,燕山大学,017,建筑学,2,606,41721
2022,1349,燕山大学,018,智能医学工程,2,592,56564
2022,1349,燕山大学,019,工商管理类,2,598,50157
2022,1349,燕山大学,020,工业工程,2,590,59492
2022,1349,燕山大学,021,工业工程(中外合作办学),5,536,123845
2022,1349,燕山大学,022,机械设计制造及其自动化(中外合作办学),5,542,117264
2022,1349,燕山大学,023,自动化(中外合作办学),5,503,163071
2022,1349,燕山大学,024,电子科学与技术(中外合作办学),5,497,
2022,1349,燕山大学,025,软件工程(中外合作办学),5,541,117799
2022,1349,燕山大学,026,机械设计制造及其自动化,2,598,49835
2022,1349,燕山大学,027,电气工程及其自动化,2,598,49659
2022,1349,燕山大学,028,自动化,2,596,52734
2022,1349,燕山大学,029,电子科学与技术,2,596,52049
2022,1349,燕山大学,030,化学工程与工艺,2,574,78252
2022,1349,燕山大学,032,土木工程,3,497,
2022,1351,保定理工学院(民办),001,工商管理,3,529,133427
2022,1351,保定理工学院(民办),002,会计学,5,532,129569
2022,1351,保定理工学院(民办),003,财务管理,3,529,132861
2022,1351,保定理工学院(民办),004,土地资源管理,2,531,130989
2022,1351,保定理工学院(民办),005,电子商务及法律,3,527,135083
2022,1351,保定理工学院(民办),006,金融工程,3,524,139131
2022,1351,保定理工学院(民办),007,人力资源管理,3,523,139540
2022,1351,保定理工学院(民办),008,小学教育,3,547,110914
2022,1351,保定理工学院(民办),009,数据科学与大数据技术,3,505,160926
2022,1353,河北外国语学院(民办),001,外国语言文学类,10,522,141426
2022,1354,河北中医学院,001,中医学(5+3一体化),2,616,31776
2022,1354,河北中医学院,002,中医学,3,595,53596
2022,1354,河北中医学院,003,针灸推拿学,3,584,65787
2022,1354,河北中医学院,004,中西医临床医学,2,587,62330
2022,1354,河北中医学院,005,护理学,3,566,87280
2022,1355,河北北方学院,001,临床医学,10,557,99064
2022,1356,河北科技学院(民办),001,经济学,4,526,136771
2022,1356,河北科技学院(民办),002,物流管理,5,526,137023
2022,1356,河北科技学院(民办),003,小学教育,4,548,110197
2022,1356,河北科技学院(民办),004,学前教育,4,535,125194
2022,1356,河北科技学院(民办),005,护理学,4,542,116357
2022,1356,河北科技学院(民办),006,助产学,5,533,128552
2022,1356,河北科技学院(民办),007,健康服务与管理,4,519,145015
2022,1357,河北环境工程学院,001,环境科学,4,554,102666
2022,1357,河北环境工程学院,002,环境生态工程,3,553,103195
2022,1357,河北环境工程学院,003,食品质量与安全,3,553,103206
2022,1357,河北环境工程学院,004,数据科学与大数据技术,3,539,120533
2022,1357,河北环境工程学院,005,工程造价,3,529,133146
2022,1357,河北环境工程学院,006,会展经济与管理,3,554,102007
2022,1357,河北环境工程学院,007,新闻学,3,559,96446
2022,1361,河北科技工程职业技术大学,001,机械设计制造及自动化,3,530,131619
2022,1361,河北科技工程职业技术大学,002,建筑工程,3,518,145443
2022,1361,河北科技工程职业技术大学,003,网络工程技术,4,527,135356
2022,1361,河北科技工程职业技术大学,502,大数据与会计,4,497,
2022,1361,河北科技工程职业技术大学,503,电子商务,4,497,
2022,1361,河北科技工程职业技术大学,504,汽车智能技术,3,497,
2022,1362,河北水利电力学院,001,工商管理类,10,552,105175
2022,1362,河北水利电力学院,002,网络与新媒体,3,555,101099
2022,1362,河北水利电力学院,003,经济与金融,2,555,100469
2022,1402,山西财经大学,001,经济学,2,585,64515
2022,1402,山西财经大学,002,能源经济,2,576,75110
2022,1402,山西财经大学,003,经济统计学,2,593,56091
2022,1402,山西财经大学,004,贸易经济,2,583,67590
2022,1402,山西财经大学,005,农林经济管理,1,579,72089
2022,1402,山西财经大学,006,财政学,3,591,58523
2022,1402,山西财经大学,007,金融工程,2,588,60935
2022,1402,山西财经大学,008,工程管理,2,563,90914
2022,1402,山西财经大学,009,工程造价,2,563,91478
2022,1402,山西财经大学,010,信息管理与信息系统,2,565,89032
2022,1402,山西财经大学,011,计算机科学与技术,1,575,76448
2022,1402,山西财经大学,012,电子商务,2,558,97051
2022,1402,山西财经大学,013,工商管理,2,588,61598
2022,1402,山西财经大学,014,市场营销,2,576,76196
2022,1402,山西财经大学,015,物流管理,1,582,68381
2022,1402,山西财经大学,016,审计学,2,591,58355
2022,1402,山西财经大学,017,资产评估,1,585,65226
2022,1402,山西财经大学,018,劳动与社会保障,2,573,79733
2022,1402,山西财经大学,019,人力资源管理,2,576,76207
2022,1402,山西财经大学,020,新闻学,1,583,67754
2022,1402,山西财经大学,021,文化产业管理,2,576,75775
2022,1402,山西财经大学,022,金融数学,2,580,70768
2022,1402,山西财经大学,023,自然地理与资源环境,2,574,78394
2022,1402,山西财经大学,024,资源与环境经济学,1,579,71950
2022,1402,山西财经大学,025,数据科学与大数据技术,2,569,83655
2022,1402,山西财经大学,026,金融学(中外合作办学),3,573,79852
2022,1402,山西财经大学,027,会计学(中外合作办学),2,571,81550
2022,1402,山西财经大学,028,金融科技,1,584,65590
2022,1402,山西财经大学,029,应急管理,1,552,105066
2022,1402,山西财经大学,030,地理信息科学,1,583,67392
2022,1403,山西大同大学,001,法学,10,573,78861
2022,1403,山西大同大学,002,物理学(师范),10,547,110328
2022,1403,山西大同大学,003,临床医学,35,560,94759
2022,1403,山西大同大学,004,中医学,10,573,79648
2022,1404,山西大学（一流学科建设高校）,001,汉语言文学,7,611,36895
2022,1404,山西大学（一流学科建设高校）,002,历史学,4,613,34505
2022,1404,山西大学（一流学科建设高校）,003,考古学,2,622,26597
2022,1404,山西大学（一流学科建设高校）,004,旅游管理,2,597,51089
2022,1404,山西大学（一流学科建设高校）,005,哲学类,5,608,39476
2022,1404,山西大学（一流学科建设高校）,006,政治学类,9,601,46558
2022,1404,山西大学（一流学科建设高校）,007,英语,3,605,43012
2022,1404,山西大学（一流学科建设高校）,008,德语,1,603,44358
2022,1404,山西大学（一流学科建设高校）,009,翻译,3,601,46888
2022,1404,山西大学（一流学科建设高校）,010,教育学,3,602,45658
2022,1404,山西大学（一流学科建设高校）,011,法学,11,615,32715
2022,1404,山西大学（一流学科建设高校）,012,统计学,4,593,55185
2022,1404,山西大学（一流学科建设高校）,013,计算机科学与技术,2,612,35884
2022,1404,山西大学（一流学科建设高校）,014,数据科学与大数据技术,3,604,43208
2022,1404,山西大学（一流学科建设高校）,015,人工智能,2,605,42108
2022,1404,山西大学（一流学科建设高校）,016,物理学(国家基地),2,626,22824
2022,1404,山西大学（一流学科建设高校）,017,光电信息科学与工程,3,595,53143
2022,1404,山西大学（一流学科建设高校）,018,电子信息类,6,598,50592
2022,1404,山西大学（一流学科建设高校）,019,化学类,12,585,65157
2022,1404,山西大学（一流学科建设高校）,020,食品科学与工程,3,587,62013
2022,1404,山西大学（一流学科建设高校）,021,自然地理与资源环境,3,602,46263
2022,1404,山西大学（一流学科建设高校）,022,资源循环科学与工程,2,590,58990
2022,1404,山西大学（一流学科建设高校）,023,环境科学与工程类,8,585,64887
2022,1404,山西大学（一流学科建设高校）,025,新闻传播学类,6,604,43806
2022,1404,山西大学（一流学科建设高校）,026,食品科学与工程(食品酿造),3,590,58591
2022,1404,山西大学（一流学科建设高校）,027,能源动力类,5,587,63018
2022,1404,山西大学（一流学科建设高校）,028,电气工程及其自动化,8,594,54799
2022,1404,山西大学（一流学科建设高校）,029,土木工程,3,580,71009
2022,1404,山西大学（一流学科建设高校）,030,智慧建筑与建造,2,589,59810
2022,1404,山西大学（一流学科建设高校）,031,机械电子工程,1,593,55719
2022,1404,山西大学（一流学科建设高校）,032,自动化,1,599,49055
2022,1408,山西农业大学,001,农学(卓越人才实验班),2,562,92927
2022,1408,山西农业大学,002,农学,3,560,94843
2022,1408,山西农业大学,003,植物保护(本硕统筹培养),2,570,83057
2022,1408,山西农业大学,004,植物保护,1,562,92151
2022,1408,山西农业大学,005,动植物检疫(植物检疫方向),2,558,97822
2022,1408,山西农业大学,006,动物科学(卓越人才实验班),2,554,101945
2022,1408,山西农业大学,007,动物科学,2,558,97449
2022,1408,山西农业大学,008,动物医学,2,569,83652
2022,1408,山西农业大学,009,草业科学,2,556,100150
2022,1408,山西农业大学,010,林学(卓越人才实验班),2,562,92112
2022,1408,山西农业大学,011,林学类,2,555,100835
2022,1408,山西农业大学,012,生态学,1,557,98163
2022,1408,山西农业大学,013,农业资源与环境,2,561,94329
2022,1408,山西农业大学,014,土地资源管理,2,569,83744
2022,1408,山西农业大学,015,地理信息科学,1,576,76233
2022,1408,山西农业大学,016,土地整治工程,1,549,107928
2022,1408,山西农业大学,017,园艺(花卉与景观设计方向，卓越人才实验班),2,556,99719
2022,1408,山西农业大学,018,园艺,3,553,103076
2022,1408,山西农业大学,021,电气工程及其自动化,1,564,89828
2022,1408,山西农业大学,022,机械类,2,551,105897
2022,1408,山西农业大学,023,食品质量与安全(卓越人才实验班),2,568,84814
2022,1408,山西农业大学,024,食品科学与工程(卓越人才实验班),2,568,85742
2022,1408,山西农业大学,025,农村区域发展,2,567,86462
2022,1408,山西农业大学,026,计算机类,2,566,87378
2022,1408,山西农业大学,027,机器人工程,1,555,100721
2022,1408,山西农业大学,028,法学,2,579,71989
2022,1408,山西农业大学,029,公共事业管理,2,564,90709
2022,1408,山西农业大学,030,生物科学类,2,563,91694
2022,1408,山西农业大学,031,数据科学与大数据技术,1,563,91247
2022,1408,山西农业大学,032,风景园林,1,574,78006
2022,1408,山西农业大学,033,信息与计算科学,2,561,93723
2022,1409,山西药科职业学院,501,药学,25,497,
2022,1410,山西中医药大学,001,中医学,4,597,50806
2022,1410,山西中医药大学,002,针灸推拿学,2,583,66879
2022,1410,山西中医药大学,003,康复治疗学,1,577,74632
2022,1410,山西中医药大学,004,中西医临床医学,4,595,53222
2022,1410,山西中医药大学,005,护理学,2,569,84096
2022,1410,山西中医药大学,006,中药学,2,585,64459
2022,1410,山西中医药大学,007,药学,1,585,64820
2022,1410,山西中医药大学,008,制药工程,1,570,82495
2022,1410,山西中医药大学,009,食品科学与工程,1,568,85290
2022,1410,山西中医药大学,010,市场营销,1,561,93610
2022,1410,山西中医药大学,011,信息管理与信息系统,1,553,102910
2022,1413,太原工业学院,001,机械类,11,535,125179
2022,1413,太原工业学院,002,电子信息类,10,538,121728
2022,1413,太原工业学院,003,自动化类,10,537,123380
2022,1413,太原工业学院,004,化工与制药类,11,550,107120
2022,1413,太原工业学院,005,计算机类,7,541,117731
2022,1413,太原工业学院,006,材料类,8,522,141005
2022,1413,太原工业学院,007,数据科学与大数据技术,4,540,119326
2022,1413,太原工业学院,008,经济学类,4,557,98498
2022,1413,太原工业学院,009,工商管理类,6,556,100265
2022,1413,太原工业学院,010,质量管理工程,4,522,141090
2022,1414,太原科技大学,001,机械设计制造及其自动化,12,551,105892
2022,1414,太原科技大学,002,工业设计,2,560,95302
2022,1414,太原科技大学,003,材料成型及控制工程,2,547,110364
2022,1414,太原科技大学,004,材料科学与工程,2,550,106769
2022,1414,太原科技大学,005,自动化,4,562,92643
2022,1414,太原科技大学,006,工程力学,4,548,109282
2022,1414,太原科技大学,007,光电信息科学与工程,4,558,97101
2022,1414,太原科技大学,008,计算机科学与技术,2,578,72763
2022,1414,太原科技大学,009,软件工程,2,579,71724
2022,1414,太原科技大学,010,物联网工程,2,568,84798
2022,1414,太原科技大学,011,经济学,4,569,84353
2022,1414,太原科技大学,012,英语,4,566,88336
2022,1414,太原科技大学,013,社会工作,4,565,89406
2022,1415,太原理工大学（一流学科建设高校）,001,机械设计制造及其自动化,4,623,25692
2022,1415,太原理工大学（一流学科建设高校）,002,车辆工程,8,617,30874
2022,1415,太原理工大学（一流学科建设高校）,003,材料成型及控制工程,8,604,43579
2022,1415,太原理工大学（一流学科建设高校）,004,材料科学与工程,5,608,39163
2022,1415,太原理工大学（一流学科建设高校）,005,金属材料工程,4,606,41188
2022,1415,太原理工大学（一流学科建设高校）,006,能源与动力工程,4,616,31845
2022,1415,太原理工大学（一流学科建设高校）,007,自动化,5,625,23599
2022,1415,太原理工大学（一流学科建设高校）,008,通信工程,3,628,21265
2022,1415,太原理工大学（一流学科建设高校）,009,电子信息工程,4,627,22092
2022,1415,太原理工大学（一流学科建设高校）,010,电子科学与技术,2,627,22122
2022,1415,太原理工大学（一流学科建设高校）,011,城乡规划,4,603,44190
2022,1415,太原理工大学（一流学科建设高校）,012,化学工程与工艺,9,609,38400
2022,1415,太原理工大学（一流学科建设高校）,013,建筑环境与能源应用工程,2,618,30190
2022,1415,太原理工大学（一流学科建设高校）,014,城市地下空间工程,5,614,33519
2022,1415,太原理工大学（一流学科建设高校）,015,信息与计算科学,2,629,20669
2022,1415,太原理工大学（一流学科建设高校）,016,光电信息科学与工程,5,622,26336
2022,1415,太原理工大学（一流学科建设高校）,017,工程力学,3,618,29908
2022,1415,太原理工大学（一流学科建设高校）,018,行政管理,4,628,21593
2022,1415,太原理工大学（一流学科建设高校）,019,英语,4,628,21266
2022,1415,太原理工大学（一流学科建设高校）,020,工程管理,3,617,30648
2022,1415,太原理工大学（一流学科建设高校）,021,会计学,2,634,16973
2022,1415,太原理工大学（一流学科建设高校）,022,国际经济与贸易,2,632,18800
2022,1415,太原理工大学（一流学科建设高校）,023,计算机科学与技术,2,633,17762
2022,1415,太原理工大学（一流学科建设高校）,025,机械电子工程,7,621,26967
2022,1415,太原理工大学（一流学科建设高校）,026,电气工程及其自动化,8,629,20555
2022,1415,太原理工大学（一流学科建设高校）,027,土木工程,4,610,37042
2022,1415,太原理工大学（一流学科建设高校）,028,数据科学与大数据技术,2,629,20311
2022,1415,太原理工大学（一流学科建设高校）,029,过程装备与控制工程,2,616,31696
2022,1415,太原理工大学（一流学科建设高校）,030,机器人工程,2,626,23042
2022,1415,太原理工大学（一流学科建设高校）,031,飞行器设计与工程,2,622,26506
2022,1415,太原理工大学（一流学科建设高校）,032,机械设计制造及其自动化(中外合作办学),10,601,46669
2022,1415,太原理工大学（一流学科建设高校）,033,水利水电工程,6,607,40189
2022,1415,太原理工大学（一流学科建设高校）,034,给排水科学与工程,4,616,31788
2022,1415,太原理工大学（一流学科建设高校）,035,工程力学(试验班),2,623,25880
2022,1415,太原理工大学（一流学科建设高校）,036,智能感知工程,3,622,26518
2022,1415,太原理工大学（一流学科建设高校）,037,高分子材料与工程,3,616,31485
2022,1415,太原理工大学（一流学科建设高校）,038,电子科学与技术(集成电路),2,625,23598
2022,1415,太原理工大学（一流学科建设高校）,039,物联网工程,2,627,22376
2022,1415,太原理工大学（一流学科建设高校）,040,智能测控工程,3,619,28673
2022,1415,太原理工大学（一流学科建设高校）,041,区块链工程,2,627,22330
2022,1416,太原师范学院,001,思想政治教育(师范),3,579,72543
2022,1416,太原师范学院,002,人文教育(师范),3,570,82587
2022,1416,太原师范学院,003,学前教育(师范),3,570,83228
2022,1416,太原师范学院,004,小学教育(师范),2,581,69057
2022,1416,太原师范学院,005,汉语言文学(师范),3,582,69014
2022,1416,太原师范学院,006,英语(师范),3,579,72141
2022,1416,太原师范学院,007,数学与应用数学(师范),6,557,98052
2022,1416,太原师范学院,008,信息与计算科学,2,530,131466
2022,1416,太原师范学院,009,化学(师范),3,570,82629
2022,1416,太原师范学院,010,生物科学(师范),2,575,77071
2022,1416,太原师范学院,011,数据科学与大数据技术,2,551,105427
2022,1417,运城学院,001,机械设计制造及其自动化,5,533,128446
2022,1417,运城学院,002,机械电子工程,5,532,128612
2022,1417,运城学院,003,材料化学,5,550,107350
2022,1417,运城学院,004,网络工程,9,534,126905
2022,1417,运城学院,005,财务管理,10,554,102615
2022,1417,运城学院,006,物流管理,10,553,103280
2022,1417,运城学院,008,法学,10,558,97548
2022,1417,运城学院,009,学前教育(师范),10,559,96023
2022,1417,运城学院,010,电子科学与技术(印制电路技术与工艺方向),5,532,128846
2022,1417,运城学院,011,生物科学(检验与检测方向),5,552,104237
2022,1417,运城学院,012,材料科学与工程,5,547,110738
2022,1418,中北大学,001,经济统计学,2,566,87568
2022,1418,中北大学,002,制药工程,2,557,97977
2022,1418,中北大学,003,光电信息科学与工程,3,580,71334
2022,1418,中北大学,004,新能源汽车工程,2,574,77429
2022,1418,中北大学,005,自动化,2,588,60875
2022,1418,中北大学,006,能源动力类,3,573,78696
2022,1418,中北大学,007,包装工程,3,544,114031
2022,1418,中北大学,009,电气工程及其自动化,2,591,58119
2022,1418,中北大学,010,兵器类,3,591,57880
2022,1418,中北大学,011,机械类,4,575,76451
2022,1418,中北大学,012,高分子材料与工程,2,569,84240
2022,1418,中北大学,013,材料成型及控制工程,3,569,83673
2022,1418,中北大学,014,化工与制药类,2,559,96614
2022,1418,中北大学,015,生物工程,3,545,112808
2022,1418,中北大学,016,电子信息类,3,586,64041
2022,1418,中北大学,017,生物医学工程,2,567,86070
2022,1418,中北大学,018,仪器类,2,584,66195
2022,1418,中北大学,019,计算机科学与技术,2,595,53496
2022,1418,中北大学,020,土木类,3,564,89898
2022,1418,中北大学,021,应用化学,5,552,104747
2022,1418,中北大学,022,工商管理类,2,561,93943
2022,1418,中北大学,023,英语,4,585,65441
2022,1418,中北大学,026,特种能源技术与工程,2,575,76651
2022,1418,中北大学,027,环境工程,5,560,94527
2022,1418,中北大学,028,安全工程,2,573,78684
2022,1418,中北大学,029,复合材料与工程,2,562,92622
2022,1418,中北大学,030,金属材料工程,1,566,87477
2022,1418,中北大学,031,数据科学与大数据技术,2,591,57869
2022,1418,中北大学,032,物联网工程,2,587,62617
2022,1418,中北大学,033,电气工程与智能控制,1,584,65653
2022,1418,中北大学,034,轨道交通信号与控制,1,575,76354
2022,1419,山西晋中理工学院(民办),001,国际经济与贸易,2,529,133098
2022,1419,山西晋中理工学院(民办),002,跨境电子商务,2,528,134236
2022,1420,山西传媒学院,008,影视摄影与制作,3,561,93968
2022,1420,山西传媒学院,009,广播电视学,3,563,91612
2022,1420,山西传媒学院,010,文化产业管理,3,558,96829
2022,1420,山西传媒学院,011,数字媒体技术,3,541,117637
2022,1420,山西传媒学院,012,网络与新媒体,3,565,88951
2022,1420,山西传媒学院,013,新闻学,3,563,90909
2022,1420,山西传媒学院,014,戏剧影视文学,3,559,95959
2022,1421,山西师范大学,001,法学,3,589,60775
2022,1421,山西师范大学,002,社会学,2,574,78119
2022,1421,山西师范大学,003,思想政治教育(师范),3,608,39885
2022,1421,山西师范大学,004,日语(师范),2,586,63881
2022,1421,山西师范大学,005,编辑出版学,2,580,70706
2022,1421,山西师范大学,006,物理学(师范),3,584,65779
2022,1421,山西师范大学,007,生物科学类,3,593,56158
2022,1421,山西师范大学,008,电子信息工程,3,568,84844
2022,1421,山西师范大学,009,食品科学与工程,3,563,91124
2022,1421,山西师范大学,010,食品质量与安全,3,562,92859
2022,1422,山西医科大学,001,临床医学,2,620,28230
2022,1422,山西医科大学,002,口腔医学,2,622,26108
2022,1422,山西医科大学,003,法医学,2,588,61053
2022,1422,山西医科大学,004,智能医学工程,2,581,69552
2022,1422,山西医科大学,005,生物医学工程(临床工程),2,555,100795
2022,1423,山西工学院,001,自动化,1,538,121843
2022,1423,山西工学院,002,新能源材料与器件,1,533,127561
2022,1423,山西工学院,003,粉体材料科学与工程,1,533,127819
2022,1423,山西工学院,004,机械设计制造及其自动化,1,538,121366
2022,1423,山西工学院,005,智能制造工程,1,538,122022
2022,1423,山西工学院,006,计算机科学与技术,1,542,117034
2022,1423,山西工学院,007,软件工程,1,540,119987
2022,1423,山西工学院,008,财务管理,1,557,98937
2022,1423,山西工学院,009,物流管理,1,557,98256
2022,1423,山西工学院,010,国际经济与贸易,1,557,99158
2022,1425,吕梁学院,001,汉语言文学(师范),2,571,82231
2022,1425,吕梁学院,002,数据科学与大数据技术,3,535,125535
2022,1426,山西工程技术学院,001,计算机科学与技术,1,593,55977
2022,1426,山西工程技术学院,002,数据科学与大数据技术,1,547,111022
2022,1426,山西工程技术学院,003,物联网工程,1,533,127610
2022,1426,山西工程技术学院,004,智能科学与技术,1,540,118817
2022,1426,山西工程技术学院,005,测绘工程,1,531,129946
2022,1426,山西工程技术学院,006,电气工程及其自动化,1,533,127814
2022,1426,山西工程技术学院,007,自动化,1,536,124655
2022,1426,山西工程技术学院,008,机械设计制造及其自动化,1,530,131544
2022,1426,山西工程技术学院,009,智能制造工程,1,533,127933
2022,1426,山西工程技术学院,010,土木工程,1,533,127398
2022,1501,呼伦贝尔学院,001,俄语,2,551,106479
2022,1502,内蒙古大学（一流学科建设高校）,001,纪检监察,1,627,22551
2022,1502,内蒙古大学（一流学科建设高校）,002,政治学与行政学,1,621,27675
2022,1502,内蒙古大学（一流学科建设高校）,003,社会学,1,628,21625
2022,1502,内蒙古大学（一流学科建设高校）,004,汉语言文学,1,630,20217
2022,1502,内蒙古大学（一流学科建设高校）,005,英语,1,621,27575
2022,1502,内蒙古大学（一流学科建设高校）,006,俄语,1,607,40740
2022,1502,内蒙古大学（一流学科建设高校）,007,物理学类,1,603,44518
2022,1502,内蒙古大学（一流学科建设高校）,008,化学,1,603,44681
2022,1502,内蒙古大学（一流学科建设高校）,009,应用化学,1,602,46163
2022,1502,内蒙古大学（一流学科建设高校）,010,生物技术,1,606,41418
2022,1502,内蒙古大学（一流学科建设高校）,011,生态学,1,608,39346
2022,1502,内蒙古大学（一流学科建设高校）,012,机械工程,2,600,48041
2022,1502,内蒙古大学（一流学科建设高校）,013,电子信息类,1,603,44645
2022,1502,内蒙古大学（一流学科建设高校）,014,电子科学与技术,1,605,42352
2022,1502,内蒙古大学（一流学科建设高校）,015,软件工程,1,611,36902
2022,1502,内蒙古大学（一流学科建设高校）,016,数据科学与大数据技术,1,608,39510
2022,1502,内蒙古大学（一流学科建设高校）,017,环境工程,1,612,35771
2022,1502,内蒙古大学（一流学科建设高校）,018,工程管理,2,600,47502
2022,1503,内蒙古工业大学,001,财务管理,3,559,96126
2022,1503,内蒙古工业大学,002,英语,2,564,90685
2022,1503,内蒙古工业大学,003,服装设计与工程,5,546,111637
2022,1505,内蒙古科技大学,001,金融学,1,565,89281
2022,1505,内蒙古科技大学,002,思想政治教育,3,555,100630
2022,1505,内蒙古科技大学,003,秘书学,1,566,88226
2022,1505,内蒙古科技大学,004,会计学,1,565,89286
2022,1505,内蒙古科技大学,005,人力资源管理,1,558,97334
2022,1505,内蒙古科技大学,006,应急管理,2,527,134873
2022,1505,内蒙古科技大学,007,材料成型及控制工程,5,530,131137
2022,1505,内蒙古科技大学,008,冶金工程,4,531,130524
2022,1505,内蒙古科技大学,009,能源与动力工程,1,555,100786
2022,1505,内蒙古科技大学,010,环境工程,3,554,102541
2022,1505,内蒙古科技大学,011,城市设计,4,554,101845
2022,1505,内蒙古科技大学,012,机械类,5,534,126625
2022,1505,内蒙古科技大学,013,材料类,8,528,133855
2022,1505,内蒙古科技大学,014,电气类,4,537,123314
2022,1505,内蒙古科技大学,015,管理科学与工程类,1,540,119163
2022,1505,内蒙古科技大学,016,化工与制药类,6,550,106983
2022,1505,内蒙古科技大学,017,土木类,16,527,135040
2022,1506,内蒙古科技大学包头师范学院,001,汉语言文学(师范),2,565,88512
2022,1506,内蒙古科技大学包头师范学院,002,应用心理学(师范),1,562,92722
2022,1506,内蒙古科技大学包头师范学院,003,数学与应用数学(师范),2,541,117914
2022,1506,内蒙古科技大学包头师范学院,004,地理信息科学,1,557,98262
2022,1506,内蒙古科技大学包头师范学院,005,生物科学(师范),1,563,91460
2022,1506,内蒙古科技大学包头师范学院,006,公共事业管理,1,556,99792
2022,1507,内蒙古民族大学,001,思想政治教育(师范),2,567,86104
2022,1507,内蒙古民族大学,002,新闻学,2,557,98203
2022,1507,内蒙古民族大学,003,生物科学,2,550,107306
2022,1507,内蒙古民族大学,004,材料成型及控制工程,4,529,133111
2022,1507,内蒙古民族大学,005,园林,3,551,105368
2022,1507,内蒙古民族大学,006,网络工程,2,536,123928
2022,1507,内蒙古民族大学,007,市场营销,3,553,103770
2022,1507,内蒙古民族大学,008,财务管理,2,555,100999
2022,1508,内蒙古农业大学,001,水产养殖学,3,552,104426
2022,1508,内蒙古农业大学,002,动物医学,2,565,89458
2022,1508,内蒙古农业大学,003,园艺,3,552,104332
2022,1508,内蒙古农业大学,004,风景园林,2,563,91985
2022,1508,内蒙古农业大学,005,经济学,2,559,96741
2022,1509,内蒙古师范大学,001,物理学(师范),1,561,93828
2022,1510,内蒙古财经大学,001,投资学,3,539,120755
2022,1510,内蒙古财经大学,002,财政学,2,560,95250
2022,1510,内蒙古财经大学,003,工商管理,3,555,101178
2022,1511,内蒙古医科大学,001,药学,6,529,133072
2022,2101,鞍山师范学院,001,英语(师范),2,569,84013
2022,2101,鞍山师范学院,002,计算机科学与技术,1,541,118399
2022,2103,渤海大学,001,市场营销,4,561,93549
2022,2103,渤海大学,002,物流管理,4,560,94494
2022,2103,渤海大学,003,食品科学与工程,3,558,96876
2022,2103,渤海大学,004,新闻学,2,575,77291
2022,2103,渤海大学,005,软件工程,2,558,97437
2022,2103,渤海大学,006,新能源材料与器件,2,559,96177
2022,2103,渤海大学,007,食品科学与工程(中外合作办学),2,552,104325
2022,2103,渤海大学,008,食品营养与健康,1,557,98425
2022,2104,大连大学,001,金融学,2,593,55211
2022,2104,大连大学,002,法学,3,599,49339
2022,2104,大连大学,003,小学教育(师范),2,596,52178
2022,2104,大连大学,004,翻译,3,584,66626
2022,2104,大连大学,005,机械设计制造及其自动化,2,574,78173
2022,2104,大连大学,006,材料成型及控制工程,2,558,97017
2022,2104,大连大学,007,工业设计,3,566,87607
2022,2104,大连大学,008,车辆工程,3,561,93454
2022,2104,大连大学,009,电子信息工程,3,575,76808
2022,2104,大连大学,010,土木工程,3,566,87965
2022,2104,大连大学,011,制药工程,3,573,78852
2022,2104,大连大学,012,中药学,4,576,75952
2022,2104,大连大学,013,医学检验技术,3,580,70386
2022,2104,大连大学,014,护理学,3,569,83806
2022,2104,大连大学,015,工程管理,3,563,91359
2022,2104,大连大学,016,旅游管理,3,568,85828
2022,2104,大连大学,017,工商管理类,3,581,69815
2022,2104,大连大学,018,数据科学与大数据技术,2,575,76413
2022,2106,大连东软信息学院(民办),001,计算机科学与技术,2,520,144239
2022,2106,大连东软信息学院(民办),002,物联网工程,2,522,141569
2022,2106,大连东软信息学院(民办),003,信息管理与信息系统,2,518,145594
2022,2106,大连东软信息学院(民办),004,通信工程,2,512,152636
2022,2106,大连东软信息学院(民办),005,财务管理,14,521,142834
2022,2106,大连东软信息学院(民办),006,人力资源管理,10,519,144885
2022,2106,大连东软信息学院(民办),007,电子商务,10,519,144855
2022,2107,大连工业大学,001,工商管理(本科学术互认课程),4,557,99153
2022,2107,大连工业大学,002,包装工程,2,556,99737
2022,2107,大连工业大学,003,轻化工程,3,557,98778
2022,2107,大连工业大学,004,生物质能源与材料,2,558,97355
2022,2107,大连工业大学,005,纺织工程,2,557,98207
2022,2107,大连工业大学,006,高分子材料与工程,2,561,94180
2022,2107,大连工业大学,007,无机非金属材料工程,2,560,95102
2022,2107,大连工业大学,008,计算机科学与技术(本科学术互认课程),4,559,95518
2022,2107,大连工业大学,009,通信工程,1,580,70332
2022,2107,大连工业大学,010,光源与照明,2,553,102875
2022,2107,大连工业大学,011,生物工程,3,562,92629
2022,2107,大连工业大学,012,生物制药,3,559,95992
2022,2107,大连工业大学,013,食品科学与工程,5,561,93350
2022,2107,大连工业大学,014,食品质量与安全,1,568,85078
2022,2107,大连工业大学,015,食品营养与健康,2,557,99012
2022,2107,大连工业大学,016,机械电子工程(中外合作办学),5,542,117103
2022,2108,大连海事大学（一流学科建设高校）,001,自动化类,4,630,19889
2022,2108,大连海事大学（一流学科建设高校）,002,电子信息类,6,630,19732
2022,2108,大连海事大学（一流学科建设高校）,003,计算机类,7,632,18635
2022,2108,大连海事大学（一流学科建设高校）,004,交通运输类,10,624,24910
2022,2108,大连海事大学（一流学科建设高校）,005,机械类,6,623,25680
2022,2108,大连海事大学（一流学科建设高校）,006,环境科学与工程类,3,626,23010
2022,2108,大连海事大学（一流学科建设高校）,007,海事管理,3,637,15512
2022,2108,大连海事大学（一流学科建设高校）,008,物流管理,3,634,17395
2022,2108,大连海事大学（一流学科建设高校）,009,法学,4,645,10759
2022,2108,大连海事大学（一流学科建设高校）,010,英语,3,634,17450
2022,2108,大连海事大学（一流学科建设高校）,011,应用物理学,3,621,27545
2022,2108,大连海事大学（一流学科建设高校）,014,电子信息工程(中外合作办学),9,612,35448
2022,2108,大连海事大学（一流学科建设高校）,015,机械设计制造及其自动化(中外合作办学),8,600,47467
2022,2108,大连海事大学（一流学科建设高校）,016,土木工程(中外合作办学),8,595,53173
2022,2109,大连交通大学,001,物流管理,2,598,49666
2022,2109,大连交通大学,002,机械工程,2,573,78711
2022,2109,大连交通大学,003,工业工程,2,561,93451
2022,2109,大连交通大学,004,材料成型及控制工程,3,553,103168
2022,2109,大连交通大学,005,材料科学与工程,2,555,100771
2022,2109,大连交通大学,006,电子科学与技术,2,572,80670
2022,2109,大连交通大学,007,车辆工程,4,568,85676
2022,2109,大连交通大学,008,测控技术与仪器,2,564,90365
2022,2109,大连交通大学,009,交通运输,2,573,78871
2022,2109,大连交通大学,010,交通工程,2,573,79266
2022,2109,大连交通大学,011,安全工程,2,559,96376
2022,2109,大连交通大学,012,电气工程及其自动化,3,579,71535
2022,2109,大连交通大学,013,自动化,2,574,78428
2022,2109,大连交通大学,014,轨道交通信号与控制,2,582,68076
2022,2109,大连交通大学,015,电子信息工程,2,596,52103
2022,2109,大连交通大学,016,土木工程,2,568,85303
2022,2109,大连交通大学,017,数据科学与大数据技术,2,577,74936
2022,2109,大连交通大学,018,人工智能,2,575,76505
2022,2109,大连交通大学,019,信息管理与信息系统,2,561,93251
2022,2109,大连交通大学,020,数学与应用数学,2,571,81153
2022,2109,大连交通大学,021,日语,2,554,102175
2022,2110,大连科技学院(民办),001,交通运输,15,519,144417
2022,2110,大连科技学院(民办),002,交通工程,10,520,143864
2022,2110,大连科技学院(民办),003,智慧交通,15,520,143901
2022,2110,大连科技学院(民办),004,电子商务,20,518,145737
2022,2110,大连科技学院(民办),005,会计学,15,523,139605
2022,2110,大连科技学院(民办),006,物流管理,20,518,145451
2022,2110,大连科技学院(民办),007,工商管理,15,518,145556
2022,2110,大连科技学院(民办),008,劳动与社会保障,10,519,145348
2022,2110,大连科技学院(民办),009,社会工作,10,519,145296
2022,2110,大连科技学院(民办),010,英语,20,519,145321
2022,2110,大连科技学院(民办),011,日语,20,518,146482
2022,2111,大连理工大学（一流大学建设高校）,001,新闻传播学类(人文社科实验班),6,646,10066
2022,2111,大连理工大学（一流大学建设高校）,002,英语,6,645,10747
2022,2111,大连理工大学（一流大学建设高校）,003,电子信息类(电信、自动化与计算机新工科实验班),11,648,8964
2022,2111,大连理工大学（一流大学建设高校）,004,电子信息类(创新班),3,651,7890
2022,2111,大连理工大学（一流大学建设高校）,005,应用化学(理学、张大煜化学基础科学拔尖计划班),2,646,10304
2022,2111,大连理工大学（一流大学建设高校）,006,工程力学,3,646,10234
2022,2111,大连理工大学（一流大学建设高校）,007,车辆工程(英语强化),3,645,10669
2022,2111,大连理工大学（一流大学建设高校）,008,工程力学(钱令希力学创新班、拔尖计划班),3,649,8554
2022,2111,大连理工大学（一流大学建设高校）,009,光电信息科学与工程,3,647,9405
2022,2111,大连理工大学（一流大学建设高校）,010,机械设计制造及其自动化(创新班),2,648,8926
2022,2111,大连理工大学（一流大学建设高校）,011,建筑类,8,646,10239
2022,2111,大连理工大学（一流大学建设高校）,012,能源与动力工程,4,646,10133
2022,2111,大连理工大学（一流大学建设高校）,013,软件工程,12,647,9576
2022,2111,大连理工大学（一流大学建设高校）,014,数学类(数学类及华罗庚数学基础科学拔尖计划班),3,648,8943
2022,2111,大连理工大学（一流大学建设高校）,015,电子科学与技术,3,648,9156
2022,2111,大连理工大学（一流大学建设高校）,016,应用物理学(王大珩物理基础科学拔尖计划班),2,647,9539
2022,2111,大连理工大学（一流大学建设高校）,017,计算机类(中外合作办学),16,635,16222
2022,2111,大连理工大学（一流大学建设高校）,018,机械设计制造及其自动化(中外合作办学),5,638,14399
2022,2111,大连理工大学（一流大学建设高校）,019,机械类,3,647,9775
2022,2111,大连理工大学（一流大学建设高校）,020,工商管理类(经济管理实验班),10,643,11410
2022,2111,大连理工大学（一流大学建设高校）,021,计算机科学与技术(国家基础学科拔尖学生培养计划基地班),2,652,7419
2022,2111,大连理工大学（一流大学建设高校）,022,土木类(智慧基础设施与土木类创新班),2,646,10206
2022,2111,大连理工大学（一流大学建设高校）,023,公共事业管理,2,645,10761
2022,2111,大连理工大学（一流大学建设高校）,024,化工与制药类(智能化工、新材料与安全新工科实验班),5,643,11639
2022,2111,大连理工大学（一流大学建设高校）,025,化工与制药类(创新班),3,644,11344
2022,2112,大连理工大学城市学院(独立学院),001,计算机科学与技术,2,515,149160
2022,2112,大连理工大学城市学院(独立学院),002,软件工程,2,514,150376
2022,2112,大连理工大学城市学院(独立学院),003,网络工程,1,533,127394
2022,2112,大连理工大学城市学院(独立学院),004,数字媒体技术,1,523,140305
2022,2112,大连理工大学城市学院(独立学院),005,数据科学与大数据技术,1,513,151478
2022,2112,大连理工大学城市学院(独立学院),006,虚拟现实技术,1,519,144593
2022,2112,大连理工大学城市学院(独立学院),007,电气工程及其自动化,1,519,145173
2022,2112,大连理工大学城市学院(独立学院),008,电子信息工程,2,512,153011
2022,2112,大连理工大学城市学院(独立学院),009,通信工程,2,512,153079
2022,2112,大连理工大学城市学院(独立学院),010,自动化,3,510,155257
2022,2112,大连理工大学城市学院(独立学院),011,物联网工程,1,522,140974
2022,2112,大连理工大学城市学院(独立学院),012,信息管理与信息系统,2,513,152392
2022,2112,大连理工大学城市学院(独立学院),013,大数据管理与应用,1,517,146915
2022,2112,大连理工大学城市学院(独立学院),014,工商管理,2,532,129411
2022,2112,大连理工大学城市学院(独立学院),015,市场营销,1,530,132040
2022,2112,大连理工大学城市学院(独立学院),016,公共事业管理,1,540,119932
2022,2112,大连理工大学城市学院(独立学院),017,物流管理,1,530,131199
2022,2112,大连理工大学城市学院(独立学院),018,土木工程,1,520,143125
2022,2112,大连理工大学城市学院(独立学院),019,测绘工程,1,507,158655
2022,2112,大连理工大学城市学院(独立学院),020,地理空间信息工程,1,527,134734
2022,2112,大连理工大学城市学院(独立学院),021,建筑学,1,532,128723
2022,2112,大连理工大学城市学院(独立学院),022,风景园林,1,513,151803
2022,2112,大连理工大学城市学院(独立学院),023,工程管理,1,518,145731
2022,2112,大连理工大学城市学院(独立学院),024,工程造价,1,525,137583
2022,2112,大连理工大学城市学院(独立学院),025,英语,2,530,131086
2022,2112,大连理工大学城市学院(独立学院),026,日语,2,528,134644
2022,2112,大连理工大学城市学院(独立学院),027,广播电视学,2,543,115693
2022,2112,大连理工大学城市学院(独立学院),028,网络与新媒体,2,541,117963
2022,2113,大连民族大学,001,市场营销,4,561,93578
2022,2113,大连民族大学,002,计算机科学与技术,5,561,94016
2022,2115,大连海洋大学,001,经济与金融,2,572,80276
2022,2115,大连海洋大学,002,水产养殖学,2,561,93999
2022,2115,大连海洋大学,003,船舶与海洋工程,2,558,97794
2022,2115,大连海洋大学,004,港口航道与海岸工程,2,561,93427
2022,2115,大连海洋大学,005,机械设计制造及其自动化,2,557,98634
2022,2115,大连海洋大学,006,自动化,2,565,88729
2022,2115,大连海洋大学,007,计算机科学与技术,2,570,82753
2022,2115,大连海洋大学,008,海洋资源与环境,2,567,86142
2022,2115,大连海洋大学,009,水族科学与技术,2,562,92945
2022,2115,大连海洋大学,010,水生动物医学,4,563,91387
2022,2115,大连海洋大学,011,海洋科学类,4,560,94498
2022,2115,大连海洋大学,012,生物科学,4,563,91270
2022,2116,大连外国语大学,001,日语,5,608,39217
2022,2116,大连外国语大学,002,英语,4,611,36555
2022,2116,大连外国语大学,003,俄语,4,588,61962
2022,2116,大连外国语大学,004,意大利语,2,598,50696
2022,2116,大连外国语大学,005,法语,5,595,53425
2022,2116,大连外国语大学,006,德语,4,597,51229
2022,2116,大连外国语大学,007,西班牙语,2,607,40979
2022,2116,大连外国语大学,008,葡萄牙语,1,612,35786
2022,2116,大连外国语大学,009,朝鲜语,3,553,102826
2022,2116,大连外国语大学,010,西班牙语(中外合作办学),2,583,67821
2022,2116,大连外国语大学,011,国际事务与国际关系,1,622,26519
2022,2116,大连外国语大学,012,国际经济与贸易,1,588,61284
2022,2116,大连外国语大学,013,财务管理,1,593,56137
2022,2116,大连外国语大学,014,市场营销,1,530,132199
2022,2116,大连外国语大学,015,金融学,1,593,55363
2022,2116,大连外国语大学,016,汉语国际教育,2,605,42977
2022,2116,大连外国语大学,017,汉语言文学,1,611,36883
2022,2117,大连医科大学,001,临床医学(5+3一体化),2,648,9242
2022,2117,大连医科大学,002,临床医学,4,634,16910
2022,2117,大连医科大学,003,口腔医学,2,641,12939
2022,2117,大连医科大学,004,麻醉学,2,627,21968
2022,2117,大连医科大学,005,医学影像学,2,623,25465
2022,2117,大连医科大学,006,中西医临床医学,2,627,22462
2022,2117,大连医科大学,007,眼视光医学,2,635,16566
2022,2117,大连医科大学,008,预防医学,2,617,30518
2022,2117,大连医科大学,009,临床药学,2,628,21665
2022,2118,大连医科大学中山学院(独立学院),001,护理学,14,543,115373
2022,2118,大连医科大学中山学院(独立学院),002,针灸推拿学,3,563,90880
2022,2118,大连医科大学中山学院(独立学院),003,康复治疗学,2,548,110062
2022,2118,大连医科大学中山学院(独立学院),004,医学影像技术,6,552,104497
2022,2118,大连医科大学中山学院(独立学院),005,计算机科学与技术,3,509,156005
2022,2118,大连医科大学中山学院(独立学院),006,数字媒体技术,3,505,161486
2022,2118,大连医科大学中山学院(独立学院),007,医学信息工程,2,526,135906
2022,2118,大连医科大学中山学院(独立学院),008,公共事业管理,2,533,127686
2022,2118,大连医科大学中山学院(独立学院),012,临床医学,9,560,95079
2022,2118,大连医科大学中山学院(独立学院),013,口腔医学,8,583,66844
2022,2118,大连医科大学中山学院(独立学院),014,康复物理治疗,2,539,120123
2022,2118,大连医科大学中山学院(独立学院),015,医学检验技术,5,548,109676
2022,2118,大连医科大学中山学院(独立学院),016,智能医学工程,3,541,117831
2022,2118,大连医科大学中山学院(独立学院),017,中药学,3,543,115966
2022,2122,东北财经大学,001,财政学类,2,635,16308
2022,2122,东北财经大学,002,金融学类,3,639,14123
2022,2122,东北财经大学,003,国际经济与贸易,1,634,17164
2022,2122,东北财经大学,004,经济统计学,3,632,18489
2022,2122,东北财经大学,005,管理科学与工程类,3,605,42079
2022,2122,东北财经大学,006,工商管理类,2,630,20023
2022,2122,东北财经大学,007,工商管理类,3,637,15221
2022,2122,东北财经大学,008,会计学(注册会计师方向),3,641,12531
2022,2122,东北财经大学,009,会计学(国际会计方向),2,639,14090
2022,2122,东北财经大学,010,金融科技,5,629,21093
2022,2122,东北财经大学,011,工商管理(中外合作办学),4,591,58250
2022,2122,东北财经大学,012,财务管理(中外合作办学),6,601,46485
2022,2122,东北财经大学,013,金融学(中外合作办学),5,612,35520
2022,2122,东北财经大学,014,会计学(中外合作办学),5,622,26216
2022,2122,东北财经大学,015,数据科学与大数据技术,1,616,31645
2022,2122,东北财经大学,016,审计学,1,637,14933
2022,2123,大连财经学院(民办),001,会计学,4,535,125071
2022,2123,大连财经学院(民办),002,财务管理,4,527,135124
2022,2123,大连财经学院(民办),003,财政学,2,528,134294
2022,2123,大连财经学院(民办),004,税收学,4,525,137568
2022,2123,大连财经学院(民办),005,金融学,5,529,132651
2022,2123,大连财经学院(民办),006,国际经济与贸易,4,522,141389
2022,2123,大连财经学院(民办),007,商务英语,4,520,143744
2022,2123,大连财经学院(民办),008,跨境电子商务,2,525,137609
2022,2123,大连财经学院(民办),009,工程管理,1,507,158912
2022,2123,大连财经学院(民办),010,人力资源管理,3,524,138963
2022,2123,大连财经学院(民办),011,物流管理,3,523,140466
2022,2123,大连财经学院(民办),012,法学,4,534,126443
2022,2123,大连财经学院(民办),013,汉语言,4,531,130719
2022,2123,大连财经学院(民办),014,数字经济,2,528,134453
2022,2123,大连财经学院(民办),015,互联网金融,2,526,136678
2022,2123,大连财经学院(民办),016,大数据管理与应用,2,506,160156
2022,2124,东北大学（一流大学建设高校）,001,外国语言文学类,8,641,12567
2022,2124,东北大学（一流大学建设高校）,002,经济管理试验班,8,645,10817
2022,2124,东北大学（一流大学建设高校）,003,数学类,3,642,12037
2022,2124,东北大学（一流大学建设高校）,004,应用物理学,3,638,14335
2022,2124,东北大学（一流大学建设高校）,005,化学类,2,639,14191
2022,2124,东北大学（一流大学建设高校）,006,工科试验班,7,639,13791
2022,2124,东北大学（一流大学建设高校）,007,材料类,5,637,15071
2022,2124,东北大学（一流大学建设高校）,008,机械类,7,638,14385
2022,2124,东北大学（一流大学建设高校）,009,智能制造工程,3,642,12005
2022,2124,东北大学（一流大学建设高校）,010,自动化类,7,644,11100
2022,2124,东北大学（一流大学建设高校）,011,计算机类,5,647,9486
2022,2124,东北大学（一流大学建设高校）,012,电子信息类,5,643,11552
2022,2124,东北大学（一流大学建设高校）,013,人工智能,3,646,9975
2022,2124,东北大学（一流大学建设高校）,014,计算机类,8,646,10277
2022,2124,东北大学（一流大学建设高校）,015,智能医学工程,2,641,12607
2022,2124,东北大学（一流大学建设高校）,016,建筑类,6,639,13652
2022,2124,东北大学（一流大学建设高校）,017,机器人工程,2,644,10993
2022,2126,辽宁财贸学院(民办),001,经济学,20,517,146719
2022,2126,辽宁财贸学院(民办),002,数字经济,15,517,147094
2022,2126,辽宁财贸学院(民办),003,金融工程,15,517,147335
2022,2126,辽宁财贸学院(民办),004,互联网金融,20,517,147693
2022,2126,辽宁财贸学院(民办),005,国际经济与贸易,20,516,148276
2022,2126,辽宁财贸学院(民办),006,贸易经济,10,516,148078
2022,2126,辽宁财贸学院(民办),007,会计学,50,517,147237
2022,2126,辽宁财贸学院(民办),008,财务管理,20,517,147511
2022,2126,辽宁财贸学院(民办),009,人力资源管理,15,517,147659
2022,2126,辽宁财贸学院(民办),010,审计学,20,518,146464
2022,2126,辽宁财贸学院(民办),011,行政管理,15,517,147539
2022,2126,辽宁财贸学院(民办),012,电子商务,10,517,146861
2022,2127,辽宁大学（一流学科建设高校）,001,经济学类,2,637,14896
2022,2127,辽宁大学（一流学科建设高校）,002,金融学类,2,641,12783
2022,2127,辽宁大学（一流学科建设高校）,003,国际经济与贸易,3,633,17983
2022,2127,辽宁大学（一流学科建设高校）,004,工程管理,3,616,31849
2022,2127,辽宁大学（一流学科建设高校）,005,工商管理类,2,635,16440
2022,2127,辽宁大学（一流学科建设高校）,006,法学,2,645,10614
2022,2127,辽宁大学（一流学科建设高校）,007,数学与应用数学,4,625,23988
2022,2127,辽宁大学（一流学科建设高校）,008,测控技术与仪器,2,617,30929
2022,2127,辽宁大学（一流学科建设高校）,009,计算机类,4,629,21090
2022,2127,辽宁大学（一流学科建设高校）,010,会计学(中外合作办学),6,620,28055
2022,2127,辽宁大学（一流学科建设高校）,011,工商管理(中外合作办学),5,609,38713
2022,2127,辽宁大学（一流学科建设高校）,012,金融学(中外合作办学),2,620,28134
2022,2127,辽宁大学（一流学科建设高校）,013,国际商务(中外合作办学),3,610,37885
2022,2128,辽宁对外经贸学院(民办),001,国际经济与贸易,4,519,144921
2022,2128,辽宁对外经贸学院(民办),002,金融学,4,518,145478
2022,2128,辽宁对外经贸学院(民办),003,物流管理,6,518,146157
2022,2128,辽宁对外经贸学院(民办),004,电子商务,4,518,145763
2022,2128,辽宁对外经贸学院(民办),005,英语,8,519,145354
2022,2128,辽宁对外经贸学院(民办),006,商务英语,4,518,146237
2022,2128,辽宁对外经贸学院(民办),007,日语,8,518,146486
2022,2128,辽宁对外经贸学院(民办),008,俄语,8,517,147825
2022,2128,辽宁对外经贸学院(民办),009,西班牙语,4,517,147810
2022,2128,辽宁对外经贸学院(民办),010,朝鲜语,4,516,148215
2022,2128,辽宁对外经贸学院(民办),011,会计学,6,523,140337
2022,2128,辽宁对外经贸学院(民办),012,财务管理,4,519,144826
2022,2128,辽宁对外经贸学院(民办),013,资产评估,4,518,146095
2022,2128,辽宁对外经贸学院(民办),014,市场营销,4,518,146027
2022,2128,辽宁对外经贸学院(民办),015,人力资源管理,2,519,145403
2022,2128,辽宁对外经贸学院(民办),016,旅游管理,4,517,147472
2022,2128,辽宁对外经贸学院(民办),017,会展经济与管理,4,518,146387
2022,2128,辽宁对外经贸学院(民办),018,养老服务管理,4,518,146369
2022,2128,辽宁对外经贸学院(民办),019,信息管理与信息系统,4,502,164531
2022,2129,辽宁工业大学,001,机械设计制造及其自动化,2,552,104311
2022,2129,辽宁工业大学,002,车辆工程,2,549,108456
2022,2129,辽宁工业大学,003,材料成型及控制工程,2,544,114165
2022,2129,辽宁工业大学,004,化学工程与工艺,2,539,120928
2022,2129,辽宁工业大学,005,电气工程及其自动化,3,560,95306
2022,2129,辽宁工业大学,006,电子信息工程,2,558,97073
2022,2129,辽宁工业大学,007,通信工程,2,557,98191
2022,2129,辽宁工业大学,008,软件工程,2,557,98742
2022,2129,辽宁工业大学,009,土木工程,3,548,109554
2022,2133,辽宁科技大学,001,冶金工程,1,555,100650
2022,2133,辽宁科技大学,002,能源与动力工程,1,564,90114
2022,2133,辽宁科技大学,003,化学工程与工艺,1,558,97106
2022,2133,辽宁科技大学,004,生物工程,1,569,84664
2022,2133,辽宁科技大学,005,测控技术与仪器,1,564,90593
2022,2133,辽宁科技大学,006,电气工程及其自动化,2,554,101791
2022,2133,辽宁科技大学,007,通信工程,1,563,90869
2022,2133,辽宁科技大学,008,机械电子工程,2,560,94724
2022,2133,辽宁科技大学,009,工业设计,1,553,103529
2022,2133,辽宁科技大学,010,软件工程,2,572,80221
2022,2133,辽宁科技大学,011,网络工程,2,556,99333
2022,2133,辽宁科技大学,012,土木工程,2,549,108144
2022,2133,辽宁科技大学,013,建筑学,1,575,77177
2022,2133,辽宁科技大学,014,冶金工程(中外合作办学),2,534,126978
2022,2136,辽宁师范大学,001,计算机科学与技术,4,577,74109
2022,2136,辽宁师范大学,002,数字媒体技术,2,576,75430
2022,2137,辽宁石油化工大学,001,材料化学,2,555,101430
2022,2137,辽宁石油化工大学,002,化学工程与工艺,2,553,103059
2022,2137,辽宁石油化工大学,003,化学工程与工艺(中外合作办学),6,540,119048
2022,2137,辽宁石油化工大学,004,环境工程,1,556,100306
2022,2137,辽宁石油化工大学,005,计算机科学与技术,1,566,87219
2022,2137,辽宁石油化工大学,006,软件工程,1,578,73308
2022,2137,辽宁石油化工大学,007,油气储运工程,1,560,94787
2022,2137,辽宁石油化工大学,008,电气工程及其自动化(中外合作办学),6,530,131034
2022,2138,锦州医科大学,001,临床医学,5,600,47398
2022,2138,锦州医科大学,002,麻醉学,1,600,48048
2022,2138,锦州医科大学,003,口腔医学,1,621,27422
2022,2138,锦州医科大学,004,药学,1,573,79327
2022,2138,锦州医科大学,005,护理学,1,568,85374
2022,2138,锦州医科大学,006,运动康复(中外合作办学),4,534,127059
2022,2138,锦州医科大学,007,医学检验技术,1,588,61157
2022,2138,锦州医科大学,008,医学影像技术,1,584,65483
2022,2139,辽宁中医药大学,001,运动康复,2,567,86322
2022,2139,辽宁中医药大学,002,护理学,3,566,88020
2022,2139,辽宁中医药大学,003,市场营销,5,556,99570
2022,2139,辽宁中医药大学,004,物流管理,5,557,98268
2022,2139,辽宁中医药大学,005,英语,5,561,93922
2022,2139,辽宁中医药大学,006,实验动物学,5,506,159943
2022,2140,辽宁中医药大学杏林学院(独立学院),001,中医学,12,553,104014
2022,2140,辽宁中医药大学杏林学院(独立学院),002,中西医临床医学,6,555,101463
2022,2140,辽宁中医药大学杏林学院(独立学院),003,针灸推拿学,2,552,104750
2022,2142,沈阳大学,001,材料成型及控制工程,2,545,113546
2022,2142,沈阳大学,002,焊接技术与工程,2,541,117691
2022,2142,沈阳大学,003,通信工程,2,555,100937
2022,2142,沈阳大学,004,机器人工程,2,554,102011
2022,2142,沈阳大学,005,自动化(中外合作办学),3,546,111656
2022,2142,沈阳大学,006,工业工程(中外合作办学),4,555,100850
2022,2143,沈阳城市学院(民办),001,法学,2,542,116637
2022,2143,沈阳城市学院(民办),002,电影制作,2,504,161691
2022,2143,沈阳城市学院(民办),003,建筑环境与能源应用工程,2,506,160444
2022,2143,沈阳城市学院(民办),004,建筑学,2,539,120635
2022,2143,沈阳城市学院(民办),005,医学检验技术,2,527,134868
2022,2143,沈阳城市学院(民办),006,医学影像技术,2,529,132575
2022,2143,沈阳城市学院(民办),007,智能医学工程,2,509,156111
2022,2143,沈阳城市学院(民办),008,健康服务与管理,4,523,139983
2022,2143,沈阳城市学院(民办),009,旅游管理,4,518,145728
2022,2143,沈阳城市学院(民办),010,酒店管理,4,518,145684
2022,2143,沈阳城市学院(民办),011,戏剧影视文学,2,519,145215
2022,2143,沈阳城市学院(民办),012,戏剧影视导演,2,514,150550
2022,2144,沈阳工程学院,001,电气工程及其自动化,2,612,35019
2022,2144,沈阳工程学院,002,能源与动力工程,2,552,104317
2022,2144,沈阳工程学院,003,核工程与核技术,4,539,120176
2022,2144,沈阳工程学院,004,自动化,2,554,101604
2022,2144,沈阳工程学院,501,热能动力工程技术(中外合作办学),6,497,
2022,2145,沈阳工业大学,001,机械设计制造及其自动化,3,572,79984
2022,2145,沈阳工业大学,002,工业设计,4,563,90998
2022,2145,沈阳工业大学,003,电气工程及其自动化,4,596,52164
2022,2145,沈阳工业大学,004,自动化,3,585,64719
2022,2145,沈阳工业大学,005,测控技术与仪器,4,561,93653
2022,2145,沈阳工业大学,006,通信工程,3,572,80192
2022,2145,沈阳工业大学,007,计算机科学与技术,4,579,72621
2022,2145,沈阳工业大学,008,智能科学与技术,4,579,71619
2022,2145,沈阳工业大学,009,金融工程,3,574,78448
2022,2147,沈阳航空航天大学,001,飞行器制造工程,1,606,41323
2022,2147,沈阳航空航天大学,002,工业设计,6,562,93025
2022,2147,沈阳航空航天大学,003,新能源科学与工程,3,575,77164
2022,2147,沈阳航空航天大学,004,机器人工程,3,574,78137
2022,2147,沈阳航空航天大学,005,智能制造工程,2,572,80305
2022,2149,沈阳化工大学,001,化学,1,561,93691
2022,2149,沈阳化工大学,002,应用化学,2,561,93965
2022,2149,沈阳化工大学,003,机械设计制造及其自动化,1,557,98721
2022,2149,沈阳化工大学,004,过程装备与控制工程,2,548,110079
2022,2149,沈阳化工大学,005,测控技术与仪器,1,548,109584
2022,2149,沈阳化工大学,006,材料化学,2,559,96677
2022,2149,沈阳化工大学,007,金属材料工程,3,557,98540
2022,2149,沈阳化工大学,008,无机非金属材料工程,2,559,96264
2022,2149,沈阳化工大学,009,高分子材料与工程,1,560,94547
2022,2149,沈阳化工大学,010,高分子材料与工程(卓越工程师班),2,561,93377
2022,2149,沈阳化工大学,011,复合材料与工程,2,556,100187
2022,2149,沈阳化工大学,012,能源与动力工程(中外合作办学),2,555,101262
2022,2149,沈阳化工大学,013,电气工程及其自动化,1,559,96498
2022,2149,沈阳化工大学,014,电子信息工程,1,560,94526
2022,2149,沈阳化工大学,015,电子科学与技术,1,568,84989
2022,2149,沈阳化工大学,016,人工智能,1,558,97387
2022,2149,沈阳化工大学,017,自动化,1,554,101770
2022,2149,沈阳化工大学,018,计算机科学与技术,1,566,87444
2022,2149,沈阳化工大学,019,网络工程,2,558,97180
2022,2149,沈阳化工大学,020,物联网工程,1,564,90378
2022,2149,沈阳化工大学,021,数据科学与大数据技术,1,558,96805
2022,2149,沈阳化工大学,022,化学工程与工艺,2,563,91669
2022,2149,沈阳化工大学,023,制药工程,2,564,90166
2022,2149,沈阳化工大学,024,资源循环科学与工程,1,563,91953
2022,2149,沈阳化工大学,025,能源化学工程,2,561,94332
2022,2149,沈阳化工大学,026,包装工程,2,554,102773
2022,2149,沈阳化工大学,027,环境工程,2,556,99870
2022,2149,沈阳化工大学,028,食品科学与工程,1,559,96295
2022,2149,沈阳化工大学,029,安全工程,2,541,117990
2022,2149,沈阳化工大学,030,生物工程,2,560,95183
2022,2149,沈阳化工大学,031,工程管理,1,546,111689
2022,2149,沈阳化工大学,032,大数据管理与应用,2,554,102120
2022,2149,沈阳化工大学,033,应急管理,2,542,116629
2022,2149,沈阳化工大学,034,会计学,1,573,79441
2022,2151,沈阳建筑大学,001,建筑学,1,624,24400
2022,2151,沈阳建筑大学,002,城乡规划,1,612,35686
2022,2151,沈阳建筑大学,003,风景园林,1,592,56415
2022,2151,沈阳建筑大学,004,土木工程,2,585,64282
2022,2151,沈阳建筑大学,005,安全工程,1,554,102158
2022,2151,沈阳建筑大学,006,机械工程,1,565,89287
2022,2151,沈阳建筑大学,007,机械设计制造及其自动化,1,570,82315
2022,2151,沈阳建筑大学,008,给排水科学与工程,1,559,95952
2022,2151,沈阳建筑大学,009,建筑环境与能源应用工程,1,554,102273
2022,2151,沈阳建筑大学,010,环境工程,1,572,80055
2022,2151,沈阳建筑大学,011,电气工程及其自动化,1,576,75433
2022,2151,沈阳建筑大学,012,自动化,1,568,84774
2022,2151,沈阳建筑大学,013,建筑电气与智能化,1,558,97113
2022,2151,沈阳建筑大学,014,通信工程,1,566,87938
2022,2151,沈阳建筑大学,015,计算机科学与技术,1,584,66261
2022,2151,沈阳建筑大学,016,人工智能,1,569,84116
2022,2151,沈阳建筑大学,017,工程管理,2,552,104797
2022,2151,沈阳建筑大学,018,工程造价,1,569,83714
2022,2151,沈阳建筑大学,019,房地产开发与管理,1,515,149113
2022,2151,沈阳建筑大学,020,应急管理,1,547,111106
2022,2151,沈阳建筑大学,021,道路桥梁与渡河工程,1,565,88865
2022,2151,沈阳建筑大学,022,测绘工程,1,556,99186
2022,2151,沈阳建筑大学,023,物流工程,1,566,87825
2022,2151,沈阳建筑大学,024,无机非金属材料工程,1,561,93834
2022,2151,沈阳建筑大学,025,高分子材料与工程,1,585,65308
2022,2152,沈阳城市建设学院(民办),001,建筑学,8,530,131290
2022,2152,沈阳城市建设学院(民办),002,城乡规划,5,524,138826
2022,2152,沈阳城市建设学院(民办),003,风景园林,2,529,133101
2022,2152,沈阳城市建设学院(民办),004,交通运输,5,520,143947
2022,2152,沈阳城市建设学院(民办),005,物流工程,5,519,145214
2022,2152,沈阳城市建设学院(民办),006,会计学,9,522,141285
2022,2152,沈阳城市建设学院(民办),007,人力资源管理,3,519,144936
2022,2152,沈阳城市建设学院(民办),008,工商管理,3,520,143872
2022,2152,沈阳城市建设学院(民办),009,互联网金融,3,520,143423
2022,2152,沈阳城市建设学院(民办),010,网络与新媒体,5,523,139579
2022,2152,沈阳城市建设学院(民办),011,时尚传播,2,521,142013
2022,2153,沈阳理工大学,001,应用化学,1,569,83672
2022,2153,沈阳理工大学,002,机械设计制造及其自动化,3,559,96009
2022,2153,沈阳理工大学,003,材料成型及控制工程,1,552,104258
2022,2153,沈阳理工大学,004,机械电子工程,2,561,93437
2022,2153,沈阳理工大学,005,工业设计,1,561,94246
2022,2153,沈阳理工大学,006,车辆工程,1,570,82294
2022,2153,沈阳理工大学,007,测控技术与仪器,1,556,99945
2022,2153,沈阳理工大学,008,金属材料工程,1,557,98287
2022,2153,沈阳理工大学,009,无机非金属材料工程,1,561,93757
2022,2153,沈阳理工大学,010,粉体材料科学与工程,1,556,99241
2022,2153,沈阳理工大学,011,电气工程及其自动化,1,579,71972
2022,2153,沈阳理工大学,012,电子信息工程,1,574,78397
2022,2153,沈阳理工大学,013,通信工程,1,569,84257
2022,2153,沈阳理工大学,014,光电信息科学与工程,1,560,95273
2022,2153,沈阳理工大学,015,自动化,2,557,98559
2022,2153,沈阳理工大学,016,计算机科学与技术,2,578,73109
2022,2153,沈阳理工大学,017,网络工程,1,571,81973
2022,2153,沈阳理工大学,018,智能科学与技术,1,567,86033
2022,2153,沈阳理工大学,019,化学工程与工艺,1,563,91038
2022,2153,沈阳理工大学,020,探测制导与控制技术,1,592,56427
2022,2153,沈阳理工大学,021,弹药工程与爆炸技术,1,556,99497
2022,2153,沈阳理工大学,022,装甲车辆工程,1,567,86053
2022,2153,沈阳理工大学,023,环境工程,1,557,98888
2022,2153,沈阳理工大学,024,安全工程,1,555,100371
2022,2153,沈阳理工大学,025,信息管理与信息系统,1,563,91175
2022,2153,沈阳理工大学,026,化学工程与工艺(中外合作办学),2,550,107488
2022,2153,沈阳理工大学,027,机械设计制造及其自动化(中外合作办学),2,544,114947
2022,2153,沈阳理工大学,028,测控技术与仪器(中外合作办学),2,535,125917
2022,2153,沈阳理工大学,029,金属材料工程(中外合作办学),2,553,103561
2022,2153,沈阳理工大学,030,计算机科学与技术(中外合作办学),2,561,94078
2022,2154,沈阳工学院(民办),001,机械设计制造及其自动化,2,507,159007
2022,2154,沈阳工学院(民办),002,金融学,2,525,137596
2022,2154,沈阳工学院(民办),003,金融科技,3,523,140150
2022,2154,沈阳工学院(民办),004,大数据管理与应用,2,506,160186
2022,2154,沈阳工学院(民办),005,市场营销,2,522,141271
2022,2154,沈阳工学院(民办),006,会计学,2,525,137710
2022,2154,沈阳工学院(民办),007,人力资源管理,2,519,145041
2022,2154,沈阳工学院(民办),008,物流管理,2,519,145145
2022,2154,沈阳工学院(民办),009,酒店管理,3,518,145533
2022,2154,沈阳工学院(民办),010,自动化,2,507,158930
2022,2154,沈阳工学院(民办),012,网络与新媒体,5,525,137704
2022,2154,沈阳工学院(民办),013,时尚传播,4,519,145077
2022,2154,沈阳工学院(民办),014,风景园林,4,523,140371
2022,2154,沈阳工学院(民办),015,水利水电工程,2,532,129500
2022,2154,沈阳工学院(民办),016,测绘工程,2,503,163556
2022,2154,沈阳工学院(民办),017,兵器类,2,519,144552
2022,2154,沈阳工学院(民办),018,食品质量与安全,3,527,135086
2022,2154,沈阳工学院(民办),019,生物工程,4,531,130973
2022,2154,沈阳工学院(民办),020,动物医学,4,543,116008
2022,2154,沈阳工学院(民办),021,园林,3,525,137604
2022,2154,沈阳工学院(民办),022,学前教育,3,528,133638
2022,2154,沈阳工学院(民办),501,机械制造及自动化,2,497,
2022,2154,沈阳工学院(民办),502,计算机网络技术,3,499,167242
2022,2154,沈阳工学院(民办),503,大数据与会计,3,497,
2022,2155,沈阳农业大学,001,农业工程类,2,559,96116
2022,2155,沈阳农业大学,002,农学,2,561,94183
2022,2155,沈阳农业大学,003,大气科学,2,558,97906
2022,2155,沈阳农业大学,004,植物保护,2,561,93826
2022,2155,沈阳农业大学,005,应用化学,2,559,95876
2022,2155,沈阳农业大学,006,园艺,2,565,89348
2022,2155,沈阳农业大学,007,动物医学,2,573,79611
2022,2155,沈阳农业大学,008,水产养殖学,2,559,96617
2022,2155,沈阳农业大学,009,电气工程及其自动化,3,553,103003
2022,2155,沈阳农业大学,010,电子信息工程,4,558,97330
2022,2155,沈阳农业大学,011,水利水电工程,3,557,98483
2022,2155,沈阳农业大学,012,食品质量与安全,3,566,87684
2022,2155,沈阳农业大学,013,生物科学类,4,561,94049
2022,2156,沈阳师范大学,001,电子信息工程,6,549,108825
2022,2156,沈阳师范大学,002,旅游管理,8,558,97765
2022,2156,沈阳师范大学,003,历史学(师范),5,590,58864
2022,2156,沈阳师范大学,004,酒店管理,10,556,100086
2022,2156,沈阳师范大学,005,计算机科学与技术,2,565,88699
2022,2156,沈阳师范大学,006,软件工程,2,559,96338
2022,2156,沈阳师范大学,007,网络工程,2,552,104157
2022,2156,沈阳师范大学,008,学前教育(师范),10,572,80733
2022,2156,沈阳师范大学,009,古生物学,4,556,99619
2022,2156,沈阳师范大学,010,市场营销,5,558,97940
2022,2156,沈阳师范大学,011,计算机科学与技术(中外合作办学),5,535,125342
2022,2156,沈阳师范大学,012,金融学(中外合作办学),4,557,98887
2022,2156,沈阳师范大学,013,国际经济与贸易(中外合作办学),3,553,104121
2022,2158,沈阳药科大学,001,药学类,5,609,38830
2022,2158,沈阳药科大学,002,药物化学,5,601,46778
2022,2158,沈阳药科大学,003,临床药学,1,613,34427
2022,2158,沈阳药科大学,004,药事管理,1,616,32010
2022,2158,沈阳药科大学,005,食品科学与工程类,2,593,56021
2022,2158,沈阳药科大学,006,医疗产品管理,1,594,54295
2022,2158,沈阳药科大学,007,生物制药(生命基地班),1,621,27173
2022,2158,沈阳药科大学,008,制药工程,1,608,39155
2022,2158,沈阳药科大学,009,环境科学,1,582,68876
2022,2158,沈阳药科大学,010,中药学类,5,601,46820
2022,2158,沈阳药科大学,011,药学(理科基地班),1,627,22318
2022,2158,沈阳药科大学,012,药学(日语强化班),1,611,36255
2022,2158,沈阳药科大学,013,药学(英语强化班),1,623,25868
2022,2158,沈阳药科大学,014,中药学(日语强化班),1,600,48137
2022,2158,沈阳药科大学,015,生物工程,1,594,54940
2022,2158,沈阳药科大学,016,生物制药,1,618,30083
2022,2158,沈阳药科大学,017,生物医学工程(中外合作办学),4,553,103307
2022,2159,沈阳医学院,001,临床医学,3,598,50486
2022,2159,沈阳医学院,002,麻醉学,1,599,48981
2022,2159,沈阳医学院,003,医学影像学,2,594,54120
2022,2159,沈阳医学院,004,精神医学,1,584,65757
2022,2159,沈阳医学院,005,口腔医学,1,617,31108
2022,2159,沈阳医学院,006,预防医学,2,575,76692
2022,2159,沈阳医学院,007,卫生检验与检疫,1,568,84775
2022,2159,沈阳医学院,008,食品质量与安全,1,561,94003
2022,2159,沈阳医学院,009,医学检验技术,1,573,79810
2022,2159,沈阳医学院,010,康复治疗学,1,570,83033
2022,2159,沈阳医学院,011,护理学,1,571,81929
2022,2159,沈阳医学院,012,药学,1,571,82233
2022,2159,沈阳医学院,013,医学信息工程,1,543,115477
2022,2159,沈阳医学院,014,中药学,1,568,85337
2022,2159,沈阳医学院,501,护理,1,532,128699
2022,2159,沈阳医学院,502,药学,7,518,145689
2022,2159,沈阳医学院,503,康复治疗技术,5,517,147813
2022,2159,沈阳医学院,504,医学影像技术,2,535,126074
2022,2159,沈阳医学院,505,医学检验技术,3,529,133264
2022,2161,中国医科大学,001,生物医学工程,2,617,30841
2022,2161,中国医科大学,002,临床医学,1,657,5485
2022,2161,中国医科大学,003,临床医学(5+3一体化),2,651,7587
2022,2161,中国医科大学,004,临床医学,9,639,13794
2022,2161,中国医科大学,005,临床医学(检验医师培养试验班),1,644,11229
2022,2161,中国医科大学,006,麻醉学,2,639,13845
2022,2161,中国医科大学,007,医学影像学,2,638,14769
2022,2161,中国医科大学,008,口腔医学,2,645,10536
2022,2161,中国医科大学,009,预防医学,2,621,26900
2022,2161,中国医科大学,010,临床药学,2,636,15708
2022,2161,中国医科大学,011,法医学,2,620,28052
2022,2161,中国医科大学,012,医学影像技术,2,622,26786
2022,2161,中国医科大学,013,生物技术(中外合作办学),5,582,68736
2022,2161,中国医科大学,014,药物制剂(中外合作办学),5,581,70005
2022,2167,大连理工大学(盘锦校区)（一流大学建设高校）,001,能源化学工程(能源、资源与生物化工新工科实验班),3,638,14509
2022,2167,大连理工大学(盘锦校区)（一流大学建设高校）,002,环境生态工程(生态与食品工科实验班),3,639,13687
2022,2167,大连理工大学(盘锦校区)（一流大学建设高校）,003,商务英语,4,639,13870
2022,2167,大连理工大学(盘锦校区)（一流大学建设高校）,004,过程装备与控制工程(中外合作办学),7,622,26396
2022,2167,大连理工大学(盘锦校区)（一流大学建设高校）,005,应用化学(中外合作办学)(理学),7,619,28845
2022,2167,大连理工大学(盘锦校区)（一流大学建设高校）,006,数理基础科学(中外合作办学),9,625,24181
2022,2167,大连理工大学(盘锦校区)（一流大学建设高校）,007,经济学类(经济与商务实验班),3,642,12040
2022,2201,北华大学,001,法学,6,578,73253
2022,2201,北华大学,002,思想政治教育(师范),2,585,65204
2022,2201,北华大学,003,小学教育(师范),2,587,62209
2022,2201,北华大学,004,心理学(师范),2,583,67673
2022,2201,北华大学,005,汉语言文学(师范),2,589,60390
2022,2201,北华大学,006,汉语国际教育,2,573,79592
2022,2201,北华大学,007,英语(师范),2,584,66582
2022,2201,北华大学,008,日语,4,560,95510
2022,2201,北华大学,009,朝鲜语,2,559,96033
2022,2201,北华大学,010,数学与应用数学(师范),4,565,88683
2022,2201,北华大学,011,统计学,2,566,87392
2022,2201,北华大学,012,物理学(师范),4,558,97443
2022,2201,北华大学,013,机械类,6,547,110439
2022,2201,北华大学,014,机械设计制造及其自动化(中外合作办学),4,535,125550
2022,2201,北华大学,015,智能制造工程,4,551,106512
2022,2201,北华大学,016,木材科学与工程,2,557,99045
2022,2201,北华大学,017,电气工程及其自动化,4,559,95574
2022,2201,北华大学,018,自动化,2,552,105048
2022,2201,北华大学,019,通信工程,2,553,102966
2022,2201,北华大学,020,计算机科学与技术,2,569,83697
2022,2201,北华大学,021,网络工程,2,556,99517
2022,2201,北华大学,022,车辆工程,4,542,116621
2022,2201,北华大学,023,林学,3,562,92249
2022,2201,北华大学,024,园林,2,565,89501
2022,2201,北华大学,025,风景园林,2,569,84196
2022,2201,北华大学,026,临床医学,2,579,71762
2022,2201,北华大学,027,医学影像学,2,558,97692
2022,2201,北华大学,028,预防医学,2,565,88412
2022,2201,北华大学,029,医学检验技术,2,574,78505
2022,2201,北华大学,030,护理学,2,567,86694
2022,2201,北华大学,031,护理学(中外合作办学),5,555,101388
2022,2201,北华大学,032,药学,2,570,82650
2022,2201,北华大学,033,工商管理,3,564,90270
2022,2201,北华大学,034,国际经济与贸易,2,565,88577
2022,2201,北华大学,035,会计学,2,575,76362
2022,2201,北华大学,036,行政管理,3,565,89230
2022,2202,长春大学,001,政治学与行政学,2,567,87110
2022,2202,长春大学,002,公共事业管理,2,561,93866
2022,2202,长春大学,003,汉语言文学,2,579,72670
2022,2202,长春大学,004,汉语国际教育,1,577,75015
2022,2202,长春大学,005,英语,2,573,79430
2022,2202,长春大学,006,俄语,1,567,87095
2022,2202,长春大学,007,日语,2,565,88935
2022,2202,长春大学,008,西班牙语,2,562,93073
2022,2202,长春大学,009,网络与新媒体,2,571,82078
2022,2202,长春大学,010,数学与应用数学,1,555,100803
2022,2202,长春大学,011,信息与计算科学,2,554,101788
2022,2202,长春大学,012,工业工程,1,541,118083
2022,2202,长春大学,013,财务管理,2,571,81520
2022,2202,长春大学,014,工商管理,2,566,87653
2022,2202,长春大学,015,会计学,2,572,80899
2022,2202,长春大学,016,旅游管理,2,559,96755
2022,2202,长春大学,017,市场营销,2,557,99093
2022,2202,长春大学,018,物流管理,2,561,94126
2022,2202,长春大学,019,机械工程(中外合作办学),3,535,125165
2022,2202,长春大学,020,自动化(中外合作办学),2,539,120875
2022,2202,长春大学,021,俄语(中外合作办学),3,555,101392
2022,2202,长春大学,022,风景园林,2,559,95677
2022,2202,长春大学,023,特殊教育(师范),2,570,83268
2022,2202,长春大学,024,机械工程,2,547,110962
2022,2202,长春大学,025,车辆工程,2,552,104828
2022,2202,长春大学,026,经济学,2,568,85542
2022,2202,长春大学,027,金融学,2,571,81442
2022,2202,长春大学,028,金融工程,2,567,86420
2022,2202,长春大学,029,国际经济与贸易,2,561,93789
2022,2202,长春大学,030,计算机科学与技术,2,581,69452
2022,2202,长春大学,031,网络工程,2,558,97244
2022,2202,长春大学,032,电气工程及其自动化,2,560,94610
2022,2202,长春大学,033,通信工程,2,556,99348
2022,2202,长春大学,034,自动化,2,555,101106
2022,2202,长春大学,035,物联网工程,1,567,86011
2022,2202,长春大学,036,食品科学与工程,2,557,98201
2022,2202,长春大学,037,食品质量与安全,2,557,98255
2022,2202,长春大学,038,软件工程,2,568,84754
2022,2202,长春大学,039,材料科学与工程,2,541,117885
2022,2202,长春大学,040,电子信息工程(中外合作办学),3,541,118515
2022,2202,长春大学,041,材料科学与工程(中外合作办学),3,526,135880
2022,2202,长春大学,042,车辆工程(中外合作办学),4,526,135907
2022,2202,长春大学,043,电气工程及其自动化(中外合作办学),4,532,128895
2022,2202,长春大学,044,食品科学与工程(中外合作办学),3,538,122218
2022,2202,长春大学,501,工商企业管理(中外合作办学),25,498,168201
2022,2202,长春大学,502,数字媒体艺术设计(中外合作办学),25,499,168023
2022,2202,长春大学,503,学前教育(中外合作办学)(师范),5,511,154389
2022,2203,长春光华学院(民办),006,电子商务,6,519,144432
2022,2203,长春光华学院(民办),007,工商管理,7,518,146382
2022,2203,长春光华学院(民办),008,旅游管理,6,517,147601
2022,2203,长春光华学院(民办),009,市场营销,5,518,146528
2022,2203,长春光华学院(民办),010,广告学,8,521,142075
2022,2203,长春光华学院(民办),011,汉语言文学,11,533,128574
2022,2203,长春光华学院(民办),012,秘书学,6,519,145009
2022,2203,长春光华学院(民办),013,新闻学,4,525,137753
2022,2203,长春光华学院(民办),014,朝鲜语,3,517,147201
2022,2203,长春光华学院(民办),015,俄语,5,518,146079
2022,2203,长春光华学院(民办),016,日语,4,520,144004
2022,2203,长春光华学院(民办),017,商务英语,6,518,146097
2022,2203,长春光华学院(民办),018,英语,10,521,142714
2022,2203,长春光华学院(民办),019,计算机科学与技术,10,505,160853
2022,2203,长春光华学院(民办),020,物联网工程,8,503,163188
2022,2203,长春光华学院(民办),021,财务管理,6,523,139977
2022,2203,长春光华学院(民办),022,国际经济与贸易,14,517,147538
2022,2203,长春光华学院(民办),023,会计学,12,522,141242
2022,2203,长春光华学院(民办),024,金融学,25,517,147006
2022,2203,长春光华学院(民办),025,经济学,6,519,145217
2022,2203,长春光华学院(民办),026,学前教育,5,526,136390
2022,2203,长春光华学院(民办),029,应用心理学,6,530,131993
2022,2203,长春光华学院(民办),032,小学教育,2,538,121324
2022,2203,长春光华学院(民办),501,社会工作,6,497,
2022,2203,长春光华学院(民办),502,应用韩语,5,497,
2022,2204,长春大学旅游学院(独立学院),001,旅游管理,10,517,147830
2022,2204,长春大学旅游学院(独立学院),002,酒店管理,10,516,148162
2022,2204,长春大学旅游学院(独立学院),003,会展经济与管理,9,517,147506
2022,2204,长春大学旅游学院(独立学院),004,文化产业管理,8,518,146608
2022,2204,长春大学旅游学院(独立学院),005,金融学,10,517,147008
2022,2204,长春大学旅游学院(独立学院),006,市场营销,5,517,147316
2022,2204,长春大学旅游学院(独立学院),007,会计学,5,523,139480
2022,2204,长春大学旅游学院(独立学院),008,财务管理,3,521,143030
2022,2204,长春大学旅游学院(独立学院),009,人力资源管理,5,518,145923
2022,2204,长春大学旅游学院(独立学院),010,物流管理,5,519,145236
2022,2204,长春大学旅游学院(独立学院),011,电子商务,2,520,143646
2022,2204,长春大学旅游学院(独立学院),012,日语,5,518,146206
2022,2204,长春大学旅游学院(独立学院),013,汉语国际教育,5,521,143050
2022,2204,长春大学旅游学院(独立学院),020,风景园林,5,525,137352
2022,2204,长春大学旅游学院(独立学院),021,工程管理,3,497,169659
2022,2204,长春大学旅游学院(独立学院),022,网络工程,5,499,168056
2022,2204,长春大学旅游学院(独立学院),023,数据科学与大数据技术,5,501,165304
2022,2204,长春大学旅游学院(独立学院),504,计算机网络技术,5,497,
2022,2206,长春工程学院,001,电气工程及其自动化,1,590,59291
2022,2206,长春工程学院,002,电子信息工程,2,542,117335
2022,2206,长春工程学院,003,智能电网信息工程,2,540,119542
2022,2206,长春工程学院,004,自动化,2,547,110976
2022,2206,长春工程学院,005,城市地下空间工程,2,534,126260
2022,2206,长春工程学院,006,土木工程,2,537,122591
2022,2206,长春工程学院,007,宝石及材料工艺学,2,533,128178
2022,2206,长春工程学院,008,材料成型及控制工程,3,531,130592
2022,2206,长春工程学院,009,机械设计制造及其自动化,2,538,121250
2022,2206,长春工程学院,010,汽车服务工程,2,534,126412
2022,2206,长春工程学院,011,应急技术与管理,3,532,128990
2022,2206,长春工程学院,012,环境工程,3,554,102480
2022,2206,长春工程学院,013,环境科学,2,553,103707
2022,2206,长春工程学院,014,水利水电工程,2,536,124261
2022,2206,长春工程学院,015,农业水利工程,2,538,122052
2022,2206,长春工程学院,016,建筑环境与能源应用工程,3,534,126539
2022,2206,长春工程学院,017,能源与动力工程,4,553,103249
2022,2206,长春工程学院,018,工程管理,3,532,128841
2022,2206,长春工程学院,019,工程造价,2,541,118170
2022,2206,长春工程学院,020,建筑学,2,563,91811
2022,2206,长春工程学院,021,应用化学,2,551,105752
2022,2206,长春工程学院,022,英语,2,560,94752
2022,2206,长春工程学院,023,计算机科学与技术,2,551,105992
2022,2206,长春工程学院,024,机械设计制造及其自动化(中外合作办学),10,525,137513
2022,2206,长春工程学院,025,土木工程(中外合作办学),10,522,141185
2022,2206,长春工程学院,026,电气工程及其自动化(中外合作办学),5,534,126155
2022,2206,长春工程学院,027,能源与动力工程(中外合作办学),5,542,117063
2022,2207,长春工业大学,001,工业设计,1,561,94218
2022,2207,长春工业大学,002,工业工程,1,566,87826
2022,2207,长春工业大学,003,智能制造工程,1,565,89193
2022,2207,长春工业大学,004,材料成型及控制工程,5,545,113683
2022,2207,长春工业大学,005,金属材料工程,1,557,98606
2022,2207,长春工业大学,006,材料物理,4,555,100836
2022,2207,长春工业大学,007,电气工程及其自动化,2,568,85231
2022,2207,长春工业大学,008,自动化,1,577,74479
2022,2207,长春工业大学,009,测控技术与仪器,1,562,92426
2022,2207,长春工业大学,010,机器人工程,1,558,97699
2022,2207,长春工业大学,011,计算机科学与技术,10,571,81788
2022,2207,长春工业大学,012,软件工程,1,582,68156
2022,2207,长春工业大学,013,电子信息工程,1,569,83886
2022,2207,长春工业大学,014,信息安全,1,576,75661
2022,2207,长春工业大学,015,电子商务,1,561,93285
2022,2207,长春工业大学,016,信息管理与信息系统,1,559,96406
2022,2207,长春工业大学,017,国际经济与贸易,1,568,85776
2022,2207,长春工业大学,018,高分子材料与工程,4,558,97578
2022,2207,长春工业大学,019,化学工程与工艺,2,560,94774
2022,2207,长春工业大学,020,环境工程,1,563,91221
2022,2207,长春工业大学,021,制药工程,1,566,88029
2022,2207,长春工业大学,022,涂料工程,1,557,98655
2022,2207,长春工业大学,023,材料化学,4,541,117915
2022,2207,长春工业大学,024,化学,1,565,88929
2022,2207,长春工业大学,025,生物工程,2,560,95370
2022,2207,长春工业大学,026,食品科学与工程,1,557,98234
2022,2207,长春工业大学,027,化妆品技术与工程,1,571,81203
2022,2207,长春工业大学,028,网络与新媒体,1,586,64115
2022,2207,长春工业大学,029,信息与计算科学,1,562,92885
2022,2207,长春工业大学,030,统计学,1,576,75235
2022,2207,长春工业大学,031,数据科学与大数据技术,1,568,84818
2022,2207,长春工业大学,032,英语,1,576,76058
2022,2207,长春工业大学,033,俄语,1,564,89880
2022,2207,长春工业大学,034,日语,1,564,90636
2022,2207,长春工业大学,035,电气工程及其自动化(中外合作办学),1,544,113989
2022,2207,长春工业大学,036,计算机科学与技术(中外合作办学),1,559,96771
2022,2207,长春工业大学,037,工业工程(中外合作办学),1,552,105106
2022,2207,长春工业大学,038,机械工程(中外合作办学),1,543,115962
2022,2208,长春工业大学人文信息学院(独立学院),001,英语,12,518,145695
2022,2208,长春工业大学人文信息学院(独立学院),002,商务英语,12,517,147282
2022,2208,长春工业大学人文信息学院(独立学院),003,日语,12,517,147383
2022,2208,长春工业大学人文信息学院(独立学院),004,电子商务,12,517,146941
2022,2208,长春工业大学人文信息学院(独立学院),005,国际经济与贸易,12,517,147464
2022,2208,长春工业大学人文信息学院(独立学院),006,市场营销,12,517,147721
2022,2208,长春工业大学人文信息学院(独立学院),007,人力资源管理,12,517,147355
2022,2208,长春工业大学人文信息学院(独立学院),008,工商管理,12,517,147297
2022,2208,长春工业大学人文信息学院(独立学院),009,物流管理,12,518,146074
2022,2208,长春工业大学人文信息学院(独立学院),010,会计学,13,522,141811
2022,2208,长春工业大学人文信息学院(独立学院),011,财务管理,13,519,145407
2022,2208,长春工业大学人文信息学院(独立学院),012,金融学,13,517,146867
2022,2208,长春工业大学人文信息学院(独立学院),013,法学,13,532,129247
2022,2210,长春理工大学,001,应用物理学,4,569,83639
2022,2210,长春理工大学,002,电子科学与技术,2,579,71915
2022,2210,长春理工大学,003,微电子科学与工程,4,577,74042
2022,2210,长春理工大学,004,光电信息科学与工程,2,596,52720
2022,2210,长春理工大学,005,光电信息科学与工程(中外合作办学),7,546,111639
2022,2210,长春理工大学,006,电子科学与技术(中外合作办学),7,541,117993
2022,2210,长春理工大学,007,测控技术与仪器,2,588,61641
2022,2210,长春理工大学,008,光电信息科学与工程,5,592,56517
2022,2210,长春理工大学,009,探测制导与控制技术,2,573,79530
2022,2210,长春理工大学,010,光电信息科学与工程(中外合作办学),8,551,105726
2022,2210,长春理工大学,011,测控技术与仪器(中外合作办学),8,517,147792
2022,2210,长春理工大学,012,机械设计制造及其自动化,10,579,72235
2022,2210,长春理工大学,013,机械电子工程,3,574,77788
2022,2210,长春理工大学,014,过程装备与控制工程,3,558,97061
2022,2210,长春理工大学,015,电气工程及其自动化,2,592,57367
2022,2210,长春理工大学,016,电子信息工程,2,588,61356
2022,2210,长春理工大学,017,通信工程,2,593,56112
2022,2210,长春理工大学,018,电子信息科学与技术,1,586,64195
2022,2210,长春理工大学,019,自动化,2,578,72986
2022,2210,长春理工大学,020,计算机科学与技术,5,591,58310
2022,2210,长春理工大学,021,软件工程,4,587,62162
2022,2210,长春理工大学,022,信息安全,3,581,69759
2022,2210,长春理工大学,023,数据科学与大数据技术,2,584,66180
2022,2210,长春理工大学,024,机器人工程,2,578,73085
2022,2210,长春理工大学,025,智能科学与技术,2,582,68657
2022,2210,长春理工大学,026,材料化学,4,564,89899
2022,2210,长春理工大学,027,功能材料,2,559,96787
2022,2210,长春理工大学,028,应用化学,3,565,89019
2022,2210,长春理工大学,029,化学工程与工艺,2,570,82679
2022,2210,长春理工大学,030,环境工程,2,566,87861
2022,2210,长春理工大学,031,应用统计学,7,558,97250
2022,2210,长春理工大学,032,生物技术,2,564,90307
2022,2210,长春理工大学,033,生物医学工程,2,575,76382
2022,2210,长春理工大学,034,生物工程,2,576,75281
2022,2210,长春理工大学,035,生物工程(中外合作办学),5,552,104631
2022,2210,长春理工大学,036,金融工程,2,577,74541
2022,2210,长春理工大学,037,国际经济与贸易,2,576,75873
2022,2210,长春理工大学,038,信息管理与信息系统,2,570,82623
2022,2210,长春理工大学,039,英语,2,582,68929
2022,2210,长春理工大学,040,俄语,3,565,89529
2022,2210,长春理工大学,041,日语,1,578,72842
2022,2210,长春理工大学,042,朝鲜语,1,570,82847
2022,2210,长春理工大学,043,翻译,2,571,81937
2022,2210,长春理工大学,044,汉语言文学,4,583,67048
2022,2210,长春理工大学,045,汉语国际教育,2,575,77020
2022,2210,长春理工大学,046,广告学,2,583,66846
2022,2210,长春理工大学,047,网络与新媒体,3,581,69501
2022,2210,长春理工大学,048,法学,2,598,50623
2022,2210,长春理工大学,049,数学类,5,567,86766
2022,2210,长春理工大学,050,工商管理类,7,572,80423
2022,2211,长春电子科技学院(民办),001,光电信息科学与工程,3,508,157861
2022,2211,长春电子科技学院(民办),002,电气工程及其自动化,3,508,157375
2022,2211,长春电子科技学院(民办),003,计算机科学与技术,3,508,157491
2022,2211,长春电子科技学院(民办),004,机械设计制造及其自动化,3,507,158330
2022,2211,长春电子科技学院(民办),005,国际经济与贸易,15,517,147490
2022,2211,长春电子科技学院(民办),006,市场营销,19,517,147373
2022,2211,长春电子科技学院(民办),007,会计学,23,520,143985
2022,2211,长春电子科技学院(民办),008,物流管理,9,518,146005
2022,2211,长春电子科技学院(民办),009,数字经济,2,522,141590
2022,2211,长春电子科技学院(民办),010,广告学,18,518,145932
2022,2211,长春电子科技学院(民办),011,服装设计与工程,12,517,147177
2022,2211,长春电子科技学院(民办),012,英语,14,518,145985
2022,2211,长春电子科技学院(民办),013,汉语言文学,36,524,139325
2022,2211,长春电子科技学院(民办),014,汉语国际教育,17,519,145277
2022,2211,长春电子科技学院(民办),015,光电信息科学与工程,3,506,159581
2022,2213,长春师范大学,001,地理科学(师范),2,592,57372
2022,2213,长春师范大学,002,地理信息科学,2,573,78920
2022,2213,长春师范大学,003,机械设计制造及其自动化,2,545,113141
2022,2213,长春师范大学,004,化学(师范),2,583,67573
2022,2213,长春师范大学,005,教育技术学(师范),2,579,72383
2022,2213,长春师范大学,006,会计学,2,570,82953
2022,2213,长春师范大学,007,生物科学(师范),2,584,66495
2022,2213,长春师范大学,008,生物技术,2,558,97570
2022,2213,长春师范大学,009,数学与应用数学(师范),3,577,74252
2022,2213,长春师范大学,010,法语,2,564,90294
2022,2213,长春师范大学,011,日语(师范),2,574,78412
2022,2213,长春师范大学,012,英语(师范),2,590,59700
2022,2213,长春师范大学,013,汉语国际教育(师范),2,584,65618
2022,2213,长春师范大学,014,汉语言文学(师范),3,592,56858
2022,2213,长春师范大学,015,科学教育(师范),6,584,66232
2022,2213,长春师范大学,016,物理学类(师范),2,572,80963
2022,2213,长春师范大学,017,人工智能,3,543,115202
2022,2213,长春师范大学,018,数据科学与大数据技术,2,550,106946
2022,2213,长春师范大学,019,计算机科学与技术(中外合作办学),2,543,115377
2022,2214,吉林财经大学,001,会计学,4,589,60293
2022,2214,吉林财经大学,002,审计学,2,588,61708
2022,2214,吉林财经大学,003,朝鲜语,2,559,96477
2022,2214,吉林财经大学,004,法学,2,591,58359
2022,2214,吉林财经大学,005,经济统计学,4,577,74493
2022,2214,吉林财经大学,006,经济学,4,581,69114
2022,2214,吉林财经大学,007,金融学,3,586,63794
2022,2214,吉林财经大学,008,金融工程,4,578,73724
2022,2214,吉林财经大学,009,工商管理,2,578,73219
2022,2214,吉林财经大学,010,物流管理,2,566,87475
2022,2214,吉林财经大学,011,电子商务(中外合作办学),2,562,92239
2022,2214,吉林财经大学,012,数据科学与大数据技术,2,569,84213
2022,2214,吉林财经大学,013,金融学(中外合作办学),3,567,86421
2022,2214,吉林财经大学,014,会计学(中外合作办学),3,573,79448
2022,2214,吉林财经大学,015,国际税收,3,585,65323
2022,2215,长春财经学院(民办),001,经济学,6,522,141783
2022,2215,长春财经学院(民办),002,经济统计学,5,528,134266
2022,2215,长春财经学院(民办),003,税收学,6,522,141083
2022,2215,长春财经学院(民办),004,金融学,15,518,145864
2022,2215,长春财经学院(民办),005,金融工程,6,520,143494
2022,2215,长春财经学院(民办),006,投资学,5,518,145468
2022,2215,长春财经学院(民办),007,国际经济与贸易,6,519,145309
2022,2215,长春财经学院(民办),008,法学,7,535,125715
2022,2215,长春财经学院(民办),009,小学教育,4,539,120458
2022,2215,长春财经学院(民办),010,网络与新媒体,4,528,134676
2022,2215,长春财经学院(民办),011,工商管理,4,520,143487
2022,2215,长春财经学院(民办),012,会计学,17,526,136859
2022,2215,长春财经学院(民办),013,财务管理,8,521,142887
2022,2215,长春财经学院(民办),014,国际商务,3,519,144547
2022,2215,长春财经学院(民办),015,人力资源管理,4,519,144483
2022,2215,长春财经学院(民办),016,审计学,8,524,139397
2022,2215,长春财经学院(民办),017,物流管理,3,520,143461
2022,2215,长春财经学院(民办),018,电子商务,7,521,142935
2022,2215,长春财经学院(民办),019,跨境电子商务,2,520,143135
2022,2216,长春医学高等专科学校,501,临床医学,2,512,153392
2022,2216,长春医学高等专科学校,502,中医学,2,509,156671
2022,2216,长春医学高等专科学校,503,医学检验技术,2,506,159544
2022,2217,东北电力大学,001,电气工程及其自动化,7,627,22628
2022,2217,东北电力大学,002,电气工程及其自动化(中外合作办学),5,611,35897
2022,2217,东北电力大学,003,电子信息工程,5,588,60957
2022,2217,东北电力大学,004,智能电网信息工程,3,609,38873
2022,2217,东北电力大学,005,通信工程,6,576,75777
2022,2217,东北电力大学,006,能源与动力工程,10,572,80090
2022,2217,东北电力大学,007,建筑环境与能源应用工程,6,558,97218
2022,2217,东北电力大学,008,核工程与核技术,3,569,83713
2022,2217,东北电力大学,009,自动化,5,592,56678
2022,2217,东北电力大学,010,机器人工程,4,575,76617
2022,2217,东北电力大学,011,测控技术与仪器,3,568,85237
2022,2217,东北电力大学,012,应用化学,3,542,117239
2022,2217,东北电力大学,013,环境工程,3,540,119828
2022,2217,东北电力大学,014,会计学,6,580,71413
2022,2217,东北电力大学,015,信息管理与信息系统,2,569,83601
2022,2217,东北电力大学,016,工商管理,2,572,80917
2022,2217,东北电力大学,017,土木工程,10,562,92030
2022,2217,东北电力大学,018,工程管理,2,565,88740
2022,2217,东北电力大学,019,给排水科学与工程,2,561,94085
2022,2217,东北电力大学,020,计算机科学与技术,7,587,62949
2022,2217,东北电力大学,021,智能科学与技术,2,595,53221
2022,2217,东北电力大学,022,软件工程,2,582,68201
2022,2217,东北电力大学,023,机械设计制造及其自动化,3,574,77527
2022,2217,东北电力大学,024,信息与计算科学,2,586,63159
2022,2217,东北电力大学,025,日语,10,559,96673
2022,2217,东北电力大学,026,英语,9,565,88552
2022,2217,东北电力大学,027,思想政治教育,5,571,82210
2022,2218,东北师范大学（一流学科建设高校）,011,心理学(师范),2,646,10172
2022,2218,东北师范大学（一流学科建设高校）,012,汉语言文学(师范),2,650,8081
2022,2218,东北师范大学（一流学科建设高校）,013,日语(师范),2,637,15447
2022,2218,东北师范大学（一流学科建设高校）,014,化学(师范),3,643,11671
2022,2218,东北师范大学（一流学科建设高校）,015,经济学类,6,635,16761
2022,2218,东北师范大学（一流学科建设高校）,016,马克思主义理论类,4,646,10306
2022,2218,东北师范大学（一流学科建设高校）,017,数学类,2,641,12714
2022,2218,东北师范大学（一流学科建设高校）,018,计算机类,3,624,24837
2022,2218,东北师范大学（一流学科建设高校）,019,物理学类,3,636,15634
2022,2218,东北师范大学（一流学科建设高校）,020,环境科学与工程类,6,623,25665
2022,2218,东北师范大学（一流学科建设高校）,021,新闻传播学类,2,641,12924
2022,2218,东北师范大学（一流学科建设高校）,022,会计学(中外合作办学),5,618,30107
2022,2218,东北师范大学（一流学科建设高校）,023,计算机科学与技术(中外合作办学),4,603,44916
2022,2219,长春人文学院(民办),007,英语,4,521,142607
2022,2219,长春人文学院(民办),008,翻译,4,523,139793
2022,2219,长春人文学院(民办),009,商务英语,4,519,144603
2022,2219,长春人文学院(民办),010,日语,2,527,135697
2022,2219,长春人文学院(民办),011,俄语,5,518,146245
2022,2219,长春人文学院(民办),012,工商管理,6,519,145055
2022,2219,长春人文学院(民办),013,金融学,4,527,134990
2022,2219,长春人文学院(民办),014,会计学,2,536,124884
2022,2219,长春人文学院(民办),015,社会工作,7,520,143150
2022,2219,长春人文学院(民办),016,护理学,42,533,128197
2022,2219,长春人文学院(民办),017,健康服务与管理,6,521,142065
2022,2219,长春人文学院(民办),018,康复治疗学,16,529,132283
2022,2219,长春人文学院(民办),019,汉语国际教育,4,530,131245
2022,2219,长春人文学院(民办),020,法学,4,535,124969
2022,2219,长春人文学院(民办),021,数据科学与大数据技术,2,504,161950
2022,2219,长春人文学院(民办),022,数字媒体技术,2,508,157646
2022,2219,长春人文学院(民办),023,数学与应用数学,2,514,150378
2022,2220,吉林大学（一流大学建设高校）,001,哲学,2,652,7432
2022,2220,吉林大学（一流大学建设高校）,002,考古学,2,650,8271
2022,2220,吉林大学（一流大学建设高校）,003,新闻传播学类,2,651,7863
2022,2220,吉林大学（一流大学建设高校）,004,日语,2,648,9211
2022,2220,吉林大学（一流大学建设高校）,006,经济学类,3,651,7550
2022,2220,吉林大学（一流大学建设高校）,007,法学,4,660,4445
2022,2220,吉林大学（一流大学建设高校）,008,政治学与行政学,4,652,7511
2022,2220,吉林大学（一流大学建设高校）,009,外交学,2,649,8473
2022,2220,吉林大学（一流大学建设高校）,011,会计学,2,649,8766
2022,2220,吉林大学（一流大学建设高校）,012,工商管理类,4,649,8835
2022,2220,吉林大学（一流大学建设高校）,013,数学类,4,646,9814
2022,2220,吉林大学（一流大学建设高校）,014,物理学类,7,644,10843
2022,2220,吉林大学（一流大学建设高校）,015,物理学(中外合作办学),2,632,18779
2022,2220,吉林大学（一流大学建设高校）,016,化学类,5,645,10683
2022,2220,吉林大学（一流大学建设高校）,017,生物工程类,2,645,10358
2022,2220,吉林大学（一流大学建设高校）,018,机械类,8,640,13177
2022,2220,吉林大学（一流大学建设高校）,019,车辆工程,2,644,11023
2022,2220,吉林大学（一流大学建设高校）,020,能源与动力工程,3,642,12239
2022,2220,吉林大学（一流大学建设高校）,021,材料类,5,639,13977
2022,2220,吉林大学（一流大学建设高校）,022,交通运输类,2,640,13344
2022,2220,吉林大学（一流大学建设高校）,023,农业机械化及其自动化,2,639,14026
2022,2220,吉林大学（一流大学建设高校）,024,仿生科学与工程,4,639,14095
2022,2220,吉林大学（一流大学建设高校）,025,食品科学与工程类,2,645,10815
2022,2220,吉林大学（一流大学建设高校）,026,电子信息类,5,644,11180
2022,2220,吉林大学（一流大学建设高校）,027,通信工程,5,643,11388
2022,2220,吉林大学（一流大学建设高校）,028,自动化类,2,646,9993
2022,2220,吉林大学（一流大学建设高校）,029,计算机类,11,648,9260
2022,2220,吉林大学（一流大学建设高校）,030,软件工程,5,647,9687
2022,2220,吉林大学（一流大学建设高校）,031,数据科学与大数据技术,2,647,9546
2022,2220,吉林大学（一流大学建设高校）,032,仪器类,6,639,13678
2022,2220,吉林大学（一流大学建设高校）,033,地质类,5,638,14676
2022,2220,吉林大学（一流大学建设高校）,034,土木类,4,638,14277
2022,2220,吉林大学（一流大学建设高校）,035,水利类,3,640,13076
2022,2220,吉林大学（一流大学建设高校）,036,临床医学(5+3一体化，儿科学),2,653,6896
2022,2220,吉林大学（一流大学建设高校）,037,临床医学(5+3一体化),2,655,6200
2022,2220,吉林大学（一流大学建设高校）,038,临床医学,4,652,7316
2022,2220,吉林大学（一流大学建设高校）,039,人工智能,4,646,9959
2022,2220,吉林大学（一流大学建设高校）,040,生物医学科学,2,642,12329
2022,2221,吉林动画学院(民办),010,网络与新媒体,4,529,132323
2022,2221,吉林动画学院(民办),011,广告学,6,523,139997
2022,2221,吉林动画学院(民办),012,市场营销,5,520,144202
2022,2221,吉林动画学院(民办),013,文化产业管理,6,519,145148
2022,2221,吉林动画学院(民办),014,互联网金融,4,520,143496
2022,2221,吉林动画学院(民办),015,数字媒体技术,5,512,153065
2022,2222,吉林工程技术师范学院,001,机械设计制造及其自动化(师范),5,535,125340
2022,2223,吉林工商学院,001,经济学,3,556,99727
2022,2223,吉林工商学院,002,金融学,4,557,98199
2022,2223,吉林工商学院,003,日语,3,556,99383
2022,2223,吉林工商学院,004,广告学,5,556,100074
2022,2223,吉林工商学院,005,机械设计制造及其自动化,3,535,125695
2022,2223,吉林工商学院,006,机械电子工程,4,533,127600
2022,2223,吉林工商学院,007,食品科学与工程,3,553,103388
2022,2223,吉林工商学院,008,食品质量与安全,4,554,101902
2022,2223,吉林工商学院,009,生物工程,3,553,103650
2022,2223,吉林工商学院,010,工商管理,4,554,102213
2022,2223,吉林工商学院,011,会计学,5,559,96587
2022,2223,吉林工商学院,012,人力资源管理,5,554,102152
2022,2223,吉林工商学院,013,物流管理,4,553,102872
2022,2223,吉林工商学院,014,酒店管理,4,552,104928
2022,2223,吉林工商学院,015,计算机科学与技术,4,537,123264
2022,2223,吉林工商学院,016,网络工程,2,536,124206
2022,2225,吉林外国语大学(民办),002,国际经济与贸易,4,541,118122
2022,2225,吉林外国语大学(民办),003,国际经贸规则,4,531,130120
2022,2225,吉林外国语大学(民办),004,教育学类,9,544,114904
2022,2225,吉林外国语大学(民办),005,学前教育,7,541,118536
2022,2225,吉林外国语大学(民办),006,汉语言文学,6,551,106214
2022,2225,吉林外国语大学(民办),007,汉语国际教育,3,545,113763
2022,2225,吉林外国语大学(民办),008,英语(英德双语),4,550,107006
2022,2225,吉林外国语大学(民办),009,英语(英法双语),4,551,106424
2022,2225,吉林外国语大学(民办),010,英语(英西班牙双语),4,554,102087
2022,2225,吉林外国语大学(民办),011,阿拉伯语,4,531,130527
2022,2225,吉林外国语大学(民办),012,日语,7,541,118751
2022,2225,吉林外国语大学(民办),013,波斯语,3,525,138137
2022,2225,吉林外国语大学(民办),014,朝鲜语,7,527,135455
2022,2225,吉林外国语大学(民办),015,印度尼西亚语,3,520,143676
2022,2225,吉林外国语大学(民办),016,泰语,3,525,137587
2022,2225,吉林外国语大学(民办),017,波兰语,3,526,136851
2022,2225,吉林外国语大学(民办),018,葡萄牙语,4,536,124582
2022,2225,吉林外国语大学(民办),019,塞尔维亚语,3,522,141723
2022,2225,吉林外国语大学(民办),020,意大利语,4,537,123173
2022,2225,吉林外国语大学(民办),021,翻译,6,542,117385
2022,2225,吉林外国语大学(民办),022,新闻传播学类,6,544,114767
2022,2225,吉林外国语大学(民办),023,人工智能,4,512,152780
2022,2225,吉林外国语大学(民办),024,工商管理类,5,537,123015
2022,2225,吉林外国语大学(民办),025,会计学,6,541,117610
2022,2225,吉林外国语大学(民办),026,电子商务,6,530,131916
2022,2225,吉林外国语大学(民办),027,旅游管理类,5,530,131289
2022,2225,吉林外国语大学(民办),028,汉语言文学,3,546,112669
2022,2225,吉林外国语大学(民办),029,法语,3,546,112595
2022,2225,吉林外国语大学(民办),030,金融学(中外合作办学),6,527,135728
2022,2225,吉林外国语大学(民办),031,俄语(中外合作办学),6,520,143636
2022,2225,吉林外国语大学(民办),032,德语(中外合作办学),6,529,133167
2022,2225,吉林外国语大学(民办),033,西班牙语(中外合作办学),6,518,145895
2022,2226,吉林化工学院,001,化学工程与工艺,3,554,101708
2022,2226,吉林化工学院,002,轻化工程,1,551,106552
2022,2226,吉林化工学院,003,油气储运工程,1,558,97652
2022,2226,吉林化工学院,004,机械设计制造及其自动化,2,538,122044
2022,2226,吉林化工学院,005,过程装备与控制工程,1,536,124714
2022,2226,吉林化工学院,006,自动化,1,539,120201
2022,2226,吉林化工学院,007,计算机科学与技术,1,548,109518
2022,2226,吉林化工学院,008,化学,1,554,102516
2022,2226,吉林化工学院,009,应用化学,1,556,99905
2022,2226,吉林化工学院,010,制药工程,1,556,99604
2022,2226,吉林化工学院,011,安全工程,2,535,125283
2022,2226,吉林化工学院,012,给排水科学与工程,1,535,125439
2022,2226,吉林化工学院,013,环境工程,1,559,95850
2022,2226,吉林化工学院,014,会计学,1,559,96669
2022,2226,吉林化工学院,015,市场营销,2,552,104722
2022,2226,吉林化工学院,016,物流工程,1,555,101350
2022,2226,吉林化工学院,017,英语,1,558,97831
2022,2226,吉林化工学院,018,日语,1,554,102408
2022,2226,吉林化工学院,019,材料物理,2,551,105695
2022,2226,吉林化工学院,020,食品科学与工程,2,552,104415
2022,2227,吉林建筑大学,001,建筑学,2,584,65821
2022,2227,吉林建筑大学,002,城乡规划,2,570,82567
2022,2227,吉林建筑大学,003,土木工程,8,530,131248
2022,2227,吉林建筑大学,004,工程力学,2,530,131697
2022,2227,吉林建筑大学,005,机械工程,2,537,123600
2022,2227,吉林建筑大学,006,城市地下空间工程,2,529,132214
2022,2227,吉林建筑大学,007,建筑环境与能源应用工程,2,531,130304
2022,2227,吉林建筑大学,008,给排水科学与工程,2,531,130795
2022,2227,吉林建筑大学,009,环境工程,2,532,129363
2022,2227,吉林建筑大学,010,环境科学,2,531,130142
2022,2227,吉林建筑大学,011,安全工程,2,534,126310
2022,2227,吉林建筑大学,012,无机非金属材料工程,2,531,129873
2022,2227,吉林建筑大学,013,高分子材料与工程,2,535,124975
2022,2227,吉林建筑大学,014,材料化学,2,531,130365
2022,2227,吉林建筑大学,015,工程管理,2,544,113983
2022,2227,吉林建筑大学,016,物流管理,2,559,96752
2022,2227,吉林建筑大学,017,财务管理,2,563,90859
2022,2227,吉林建筑大学,018,城市管理,2,558,97318
2022,2227,吉林建筑大学,019,社会工作,2,559,96610
2022,2227,吉林建筑大学,020,道路桥梁与渡河工程,6,531,130521
2022,2227,吉林建筑大学,021,交通工程,4,530,131863
2022,2227,吉林建筑大学,022,电气工程及其自动化,2,542,116680
2022,2227,吉林建筑大学,023,电子信息工程,2,549,108106
2022,2227,吉林建筑大学,024,电子信息科学与技术,2,547,110969
2022,2227,吉林建筑大学,025,自动化,2,549,107995
2022,2227,吉林建筑大学,026,计算机科学与技术,2,555,101449
2022,2227,吉林建筑大学,027,软件工程,2,558,97220
2022,2227,吉林建筑大学,028,网络工程,2,548,110221
2022,2227,吉林建筑大学,029,土木工程(中外合作办学),4,518,146569
2022,2227,吉林建筑大学,030,工程管理(中外合作办学),2,534,126171
2022,2227,吉林建筑大学,031,测绘工程,2,543,115810
2022,2227,吉林建筑大学,032,地理信息科学,2,542,116752
2022,2227,吉林建筑大学,033,风景园林,2,568,85786
2022,2227,吉林建筑大学,036,信息安全,2,548,109839
2022,2227,吉林建筑大学,037,工程造价,2,547,111046
2022,2227,吉林建筑大学,038,遥感科学与技术,2,546,111687
2022,2227,吉林建筑大学,039,勘查技术与工程,2,541,117944
2022,2227,吉林建筑大学,040,消防工程,2,529,132430
2022,2228,吉林建筑科技学院(民办),001,建筑学,15,525,137411
2022,2228,吉林建筑科技学院(民办),002,城乡规划,10,523,140235
2022,2228,吉林建筑科技学院(民办),003,土木工程,6,501,165113
2022,2228,吉林建筑科技学院(民办),004,城市地下空间工程,3,501,165259
2022,2228,吉林建筑科技学院(民办),005,道路桥梁与渡河工程,2,506,159689
2022,2228,吉林建筑科技学院(民办),006,交通工程,2,527,135453
2022,2228,吉林建筑科技学院(民办),007,建筑环境与能源应用工程,2,507,158819
2022,2228,吉林建筑科技学院(民办),008,给排水科学与工程,2,500,166827
2022,2228,吉林建筑科技学院(民办),009,环境工程,5,525,137470
2022,2228,吉林建筑科技学院(民办),010,新能源科学与工程,2,532,128792
2022,2228,吉林建筑科技学院(民办),011,电气工程及其自动化,2,507,158561
2022,2228,吉林建筑科技学院(民办),012,机器人工程,2,503,163028
2022,2228,吉林建筑科技学院(民办),013,机械设计制造及其自动化,4,501,165319
2022,2228,吉林建筑科技学院(民办),014,计算机科学与技术,2,510,155860
2022,2228,吉林建筑科技学院(民办),015,软件工程,2,506,159771
2022,2228,吉林建筑科技学院(民办),016,数据科学与大数据技术,2,504,161733
2022,2228,吉林建筑科技学院(民办),017,人工智能,2,502,164311
2022,2228,吉林建筑科技学院(民办),018,工程管理,2,503,163230
2022,2228,吉林建筑科技学院(民办),019,工程造价,4,503,163184
2022,2228,吉林建筑科技学院(民办),020,财务管理,16,517,147113
2022,2228,吉林建筑科技学院(民办),021,资产评估,18,517,147530
2022,2228,吉林建筑科技学院(民办),022,审计学,16,518,145971
2022,2228,吉林建筑科技学院(民办),023,英语,7,519,145030
2022,2228,吉林建筑科技学院(民办),024,智能建造,2,502,164185
2022,2228,吉林建筑科技学院(民办),025,风景园林,8,523,140442
2022,2229,长春建筑学院(民办),001,土木工程,6,501,164961
2022,2229,长春建筑学院(民办),002,测绘工程,6,522,141519
2022,2229,长春建筑学院(民办),003,交通工程,4,521,142145
2022,2229,长春建筑学院(民办),004,建筑学,8,528,133660
2022,2229,长春建筑学院(民办),005,城乡规划,8,522,141228
2022,2229,长春建筑学院(民办),006,风景园林,8,522,141063
2022,2229,长春建筑学院(民办),007,园林,6,522,141455
2022,2229,长春建筑学院(民办),008,康复治疗学,8,526,136264
2022,2229,长春建筑学院(民办),009,护理学,8,533,128461
2022,2229,长春建筑学院(民办),010,房地产开发与管理,3,498,168321
2022,2229,长春建筑学院(民办),011,健康服务与管理,4,521,142384
2022,2229,长春建筑学院(民办),012,工商管理,10,518,146633
2022,2229,长春建筑学院(民办),013,财务管理,10,517,147111
2022,2229,长春建筑学院(民办),014,文化产业管理,8,518,146620
2022,2229,长春建筑学院(民办),015,电子商务,10,518,146000
2022,2229,长春建筑学院(民办),016,广告学,8,519,145188
2022,2230,吉林交通职业技术学院,502,新能源汽车技术,8,497,
2022,2231,吉林农业大学,001,植物生产类,7,558,97533
2022,2231,吉林农业大学,002,工商管理类,7,559,96001
2022,2231,吉林农业大学,003,自然保护与环境生态类,4,556,99971
2022,2231,吉林农业大学,004,机械类,2,549,107944
2022,2231,吉林农业大学,005,动物生产类,3,557,97991
2022,2231,吉林农业大学,006,中药学类,5,567,86913
2022,2231,吉林农业大学,007,食品科学与工程类,8,559,96002
2022,2231,吉林农业大学,008,社会学类,5,560,95004
2022,2231,吉林农业大学,009,生物工程类,4,560,95013
2022,2231,吉林农业大学,010,计算机类,8,551,105653
2022,2231,吉林农业大学,011,植物生产类,5,556,100328
2022,2231,吉林农业大学,012,智慧农业,5,558,97661
2022,2231,吉林农业大学,013,电子信息科学与技术,3,555,100801
2022,2231,吉林农业大学,014,风景园林,5,566,88135
2022,2231,吉林农业大学,015,英语,3,571,82135
2022,2231,吉林农业大学,017,动物医学,6,568,85450
2022,2231,吉林农业大学,018,农药化肥,5,553,103005
2022,2231,吉林农业大学,019,传播学,6,562,92840
2022,2231,吉林农业大学,020,思想政治教育,5,564,90568
2022,2231,吉林农业大学,021,生物信息学,4,528,134360
2022,2231,吉林农业大学,022,生物技术(中外合作办学),5,550,107415
2022,2231,吉林农业大学,023,动物科学(中外合作办学),8,547,111426
2022,2232,长春科技学院(民办),001,电子信息科学与技术,1,505,160963
2022,2232,长春科技学院(民办),002,机械类,1,503,163025
2022,2232,长春科技学院(民办),003,轨道交通信号与控制,1,510,155363
2022,2232,长春科技学院(民办),004,应用化学,8,528,133604
2022,2232,长春科技学院(民办),005,生物工程,2,534,127031
2022,2232,长春科技学院(民办),006,中药学,5,537,123533
2022,2232,长春科技学院(民办),007,眼视光学,10,533,128393
2022,2232,长春科技学院(民办),008,计算机类,6,505,161153
2022,2232,长春科技学院(民办),009,土木类,1,515,149180
2022,2232,长春科技学院(民办),010,食品科学与工程类,14,524,138479
2022,2232,长春科技学院(民办),011,工商管理类,12,517,147236
2022,2232,长春科技学院(民办),012,金融学类,16,517,147241
2022,2232,长春科技学院(民办),013,园林,4,524,138658
2022,2232,长春科技学院(民办),014,中医学,40,535,125756
2022,2232,长春科技学院(民办),015,护理学,10,538,122198
2022,2232,长春科技学院(民办),016,康复治疗学,3,537,122891
2022,2232,长春科技学院(民办),017,建筑学,4,502,164096
2022,2232,长春科技学院(民办),018,人力资源管理,4,519,144367
2022,2232,长春科技学院(民办),019,电子商务,10,522,141686
2022,2232,长春科技学院(民办),020,财务管理,10,518,146529
2022,2232,长春科技学院(民办),021,英语,4,519,144538
2022,2232,长春科技学院(民办),022,日语,6,518,145963
2022,2232,长春科技学院(民办),023,小学教育,4,531,130656
2022,2232,长春科技学院(民办),024,汉语国际教育,4,526,136611
2022,2232,长春科技学院(民办),501,护理,14,497,
2022,2232,长春科技学院(民办),502,口腔医学,60,497,
2022,2232,长春科技学院(民办),503,动物医学,4,497,
2022,2232,长春科技学院(民办),504,药学,4,497,
2022,2232,长春科技学院(民办),505,中药学,4,501,165710
2022,2233,吉林农业科技学院,001,智能制造工程,2,537,123415
2022,2233,吉林农业科技学院,002,电气工程及其自动化,2,536,123744
2022,2233,吉林农业科技学院,003,数据科学与大数据技术,2,536,124709
2022,2233,吉林农业科技学院,004,土木工程,2,534,126628
2022,2233,吉林农业科技学院,005,制药工程,4,553,103375
2022,2233,吉林农业科技学院,006,动物医学,3,559,96064
2022,2233,吉林农业科技学院,007,园林,4,552,104980
2022,2233,吉林农业科技学院,008,计算机类,2,536,124105
2022,2233,吉林农业科技学院,009,食品科学与工程类,4,553,103519
2022,2233,吉林农业科技学院,010,工商管理类,4,553,102845
2022,2233,吉林农业科技学院,011,中药学类,6,555,101450
2022,2234,吉林师范大学,001,数学与应用数学(师范),3,572,80216
2022,2234,吉林师范大学,002,旅游管理,2,561,93821
2022,2234,吉林师范大学,003,计算机科学与技术(师范),3,562,92724
2022,2234,吉林师范大学,005,新闻学,2,572,80742
2022,2234,吉林师范大学,006,编辑出版学,2,569,84659
2022,2234,吉林师范大学,007,工商管理类,3,564,89710
2022,2234,吉林师范大学,008,环境科学,2,562,92658
2022,2234,吉林师范大学,009,金融学,3,567,86789
2022,2234,吉林师范大学,010,法学,4,578,72733
2022,2235,吉林师范大学博达学院(独立学院),001,信息工程,3,504,161973
2022,2235,吉林师范大学博达学院(独立学院),002,电子信息工程,3,506,159324
2022,2235,吉林师范大学博达学院(独立学院),003,软件工程,3,504,162124
2022,2235,吉林师范大学博达学院(独立学院),004,数字媒体技术,3,503,162869
2022,2235,吉林师范大学博达学院(独立学院),005,食品科学与工程,2,532,129152
2022,2235,吉林师范大学博达学院(独立学院),006,食品质量与安全,2,533,127845
2022,2235,吉林师范大学博达学院(独立学院),007,数据科学与大数据技术,4,503,162867
2022,2235,吉林师范大学博达学院(独立学院),011,商务英语,5,522,141832
2022,2235,吉林师范大学博达学院(独立学院),012,法语,6,520,143863
2022,2235,吉林师范大学博达学院(独立学院),013,日语,4,522,141729
2022,2235,吉林师范大学博达学院(独立学院),014,市场营销,5,518,145876
2022,2235,吉林师范大学博达学院(独立学院),015,财务管理,19,518,146129
2022,2235,吉林师范大学博达学院(独立学院),016,社会工作,6,520,143334
2022,2235,吉林师范大学博达学院(独立学院),017,人力资源管理,5,521,142943
2022,2236,吉林司法警官职业学院,501,法律事务,15,497,
2022,2238,吉林铁道职业技术学院,502,铁道供电技术,2,497,
2022,2238,吉林铁道职业技术学院,503,高速铁路施工与维护,2,497,
2022,2239,吉林医药学院,001,临床医学,18,565,88892
2022,2239,吉林医药学院,002,医学影像学,7,567,86329
2022,2239,吉林医药学院,003,预防医学,6,564,89973
2022,2239,吉林医药学院,004,药学,4,561,93597
2022,2239,吉林医药学院,005,药物制剂,2,556,99202
2022,2239,吉林医药学院,006,中药学,2,525,137149
2022,2239,吉林医药学院,007,医学检验技术,6,563,90817
2022,2239,吉林医药学院,008,医学影像技术,3,567,86794
2022,2239,吉林医药学院,009,康复治疗学,3,558,97335
2022,2239,吉林医药学院,010,口腔医学技术,2,559,95599
2022,2239,吉林医药学院,011,卫生检验与检疫,2,560,95146
2022,2239,吉林医药学院,012,护理学,8,561,94084
2022,2239,吉林医药学院,013,生物技术,3,556,99961
2022,2239,吉林医药学院,014,应用心理学,3,560,95507
2022,2239,吉林医药学院,015,医学信息工程,2,534,126616
2022,2239,吉林医药学院,016,生物医学工程,2,557,98397
2022,2239,吉林医药学院,017,食品质量与安全,2,554,102672
2022,2239,吉林医药学院,018,生物制药,2,558,97556
2022,2239,吉林医药学院,019,生物制药(中外合作办学),5,547,111441
2022,2239,吉林医药学院,020,信息管理与信息系统,2,534,126273
2022,2239,吉林医药学院,021,市场营销,2,553,103515
2022,2239,吉林医药学院,022,公共事业管理,2,555,101147
2022,2239,吉林医药学院,023,健康服务与管理,2,553,103597
2022,2241,通化师范学院,001,学前教育(师范),2,560,95216
2022,2241,通化师范学院,002,汉语言文学(师范),3,570,82832
2022,2241,通化师范学院,003,汉语国际教育(师范),3,565,89139
2022,2241,通化师范学院,004,英语(师范),3,566,88297
2022,2241,通化师范学院,005,日语,2,553,103395
2022,2241,通化师范学院,006,朝鲜语,6,551,106566
2022,2241,通化师范学院,007,物理学(师范),3,542,117073
2022,2241,通化师范学院,008,化学(师范),5,556,99923
2022,2241,通化师范学院,009,应用化学,3,551,105698
2022,2241,通化师范学院,010,地理科学(师范),2,567,87103
2022,2241,通化师范学院,011,生物科学(师范),2,566,87532
2022,2241,通化师范学院,012,生物技术,2,556,99835
2022,2241,通化师范学院,013,计算机科学与技术,5,537,123178
2022,2241,通化师范学院,014,生物科学(中外合作办学),2,533,127510
2022,2241,通化师范学院,015,食品科学与工程(中外合作办学),2,541,118177
2022,2242,延边大学（一流学科建设高校）,001,朝鲜语,2,610,36912
2022,2242,延边大学（一流学科建设高校）,002,中国语言文学类,3,625,23822
2022,2242,延边大学（一流学科建设高校）,003,法学,2,628,21556
2022,2242,延边大学（一流学科建设高校）,004,电子信息类,5,609,38436
2022,2242,延边大学（一流学科建设高校）,005,机械类,2,606,41509
2022,2242,延边大学（一流学科建设高校）,006,高分子材料与工程,2,608,39328
2022,2242,延边大学（一流学科建设高校）,007,工商管理类,4,611,36049
2022,2242,延边大学（一流学科建设高校）,008,经济学类,4,618,29767
2022,2242,延边大学（一流学科建设高校）,009,药学类,3,602,46192
2022,2242,延边大学（一流学科建设高校）,010,临床医学,3,622,26684
2022,2242,延边大学（一流学科建设高校）,011,麻醉学,2,607,40143
2022,2244,白城师范学院,001,思想政治教育(师范),2,567,86691
2022,2244,白城师范学院,002,小学教育(师范),2,572,80775
2022,2244,白城师范学院,003,学前教育(师范),2,562,92513
2022,2244,白城师范学院,004,汉语言文学(师范),2,572,80147
2022,2244,白城师范学院,005,英语(师范),3,566,87332
2022,2244,白城师范学院,006,物理学(师范),2,537,122732
2022,2244,白城师范学院,007,化学(师范),2,560,94433
2022,2244,白城师范学院,008,生物科学(师范),2,570,83337
2022,2244,白城师范学院,009,地理科学(师范),3,568,85775
2022,2244,白城师范学院,010,法学,2,562,92166
2022,2244,白城师范学院,011,广播电视学,2,556,99722
2022,2244,白城师范学院,012,机械设计制造及其自动化,2,534,126911
2022,2244,白城师范学院,013,机械电子工程,2,533,127605
2022,2244,白城师范学院,014,财务管理,2,556,100190
2022,2245,长春中医药大学,001,中医学,2,604,43934
2022,2245,长春中医药大学,002,中医学(5+3一体化),2,619,29316
2022,2245,长春中医药大学,003,针灸推拿学,2,591,57557
2022,2245,长春中医药大学,004,中西医临床医学,9,595,52931
2022,2301,大庆师范学院,001,经济与金融,3,555,100574
2022,2301,大庆师范学院,002,小学教育(师范),18,562,92420
2022,2301,大庆师范学院,003,数学与应用数学(师范),7,539,120591
2022,2301,大庆师范学院,004,汉语言文学(师范),8,565,89338
2022,2301,大庆师范学院,005,汉语国际教育(师范),4,559,96644
2022,2302,东北石油大学,001,建筑学,1,581,69853
2022,2302,东北石油大学,002,测控技术与仪器,1,555,100428
2022,2302,东北石油大学,003,电气工程及其自动化,1,569,83589
2022,2302,东北石油大学,004,给排水科学与工程,1,552,104545
2022,2302,东北石油大学,005,过程装备与控制工程,1,552,105221
2022,2302,东北石油大学,006,化学,1,562,92201
2022,2302,东北石油大学,007,化学工程与工艺,1,576,75278
2022,2302,东北石油大学,008,机械设计制造及其自动化,1,564,89669
2022,2302,东北石油大学,009,教育技术学,1,560,95243
2022,2302,东北石油大学,010,网络空间安全,1,581,69076
2022,2302,东北石油大学,011,土木工程,1,559,95932
2022,2302,东北石油大学,012,应用统计学,1,552,104327
2022,2302,东北石油大学,013,油气储运工程,1,539,120209
2022,2302,东北石油大学,014,计算机类,1,582,68596
2022,2302,东北石油大学,015,数据科学与大数据技术,1,559,96030
2022,2302,东北石油大学,016,化学工程与工艺(实验班),1,583,67212
2022,2303,东北林业大学（一流学科建设高校）,001,林学类,5,613,34636
2022,2303,东北林业大学（一流学科建设高校）,002,木材科学与工程,4,599,48443
2022,2303,东北林业大学（一流学科建设高校）,003,材料类,2,613,34541
2022,2303,东北林业大学（一流学科建设高校）,004,工业工程,3,607,40623
2022,2303,东北林业大学（一流学科建设高校）,005,机械类(机电),4,607,40910
2022,2303,东北林业大学（一流学科建设高校）,006,机器人工程,1,619,29021
2022,2303,东北林业大学（一流学科建设高校）,007,生物科学类,4,616,32121
2022,2303,东北林业大学（一流学科建设高校）,008,园林,3,622,26639
2022,2303,东北林业大学（一流学科建设高校）,009,风景园林,2,622,26424
2022,2303,东北林业大学（一流学科建设高校）,010,土木工程,5,602,45249
2022,2303,东北林业大学（一流学科建设高校）,011,建筑环境与能源应用工程,2,602,45430
2022,2303,东北林业大学（一流学科建设高校）,012,交通运输类,4,603,44880
2022,2303,东北林业大学（一流学科建设高校）,013,机械类(车辆),4,602,45781
2022,2303,东北林业大学（一流学科建设高校）,014,计算机类,4,618,29555
2022,2303,东北林业大学（一流学科建设高校）,015,化学类,4,600,47489
2022,2303,东北林业大学（一流学科建设高校）,016,法学,3,632,18458
2022,2303,东北林业大学（一流学科建设高校）,017,英语,2,623,25542
2022,2304,东北农业大学（一流学科建设高校）,001,机械类,4,605,42226
2022,2304,东北农业大学（一流学科建设高校）,002,金融学类,7,620,27888
2022,2304,东北农业大学（一流学科建设高校）,003,食品科学与工程类,7,608,39306
2022,2304,东北农业大学（一流学科建设高校）,004,法学,3,628,21419
2022,2304,东北农业大学（一流学科建设高校）,005,电气类,4,615,32466
2022,2304,东北农业大学（一流学科建设高校）,006,计算机类,4,614,33363
2022,2305,黑龙江工商学院(民办),003,软件工程,7,504,161755
2022,2305,黑龙江工商学院(民办),004,工商管理,5,519,144280
2022,2305,黑龙江工商学院(民办),005,市场营销,10,517,147005
2022,2305,黑龙江工商学院(民办),006,会计学,10,520,144051
2022,2306,黑龙江财经学院(民办),001,金融学,6,521,142914
2022,2306,黑龙江财经学院(民办),002,国际经济与贸易,3,522,141283
2022,2306,黑龙江财经学院(民办),003,法学,3,538,122015
2022,2306,黑龙江财经学院(民办),004,英语,3,528,134047
2022,2306,黑龙江财经学院(民办),005,会计学,6,524,139313
2022,2306,黑龙江财经学院(民办),006,财务管理,4,521,142383
2022,2306,黑龙江财经学院(民办),007,审计学,3,526,136409
2022,2306,黑龙江财经学院(民办),008,资产评估,2,524,138917
2022,2308,哈尔滨工程大学（一流学科建设高校）,001,海洋工程类,6,631,19396
2022,2308,哈尔滨工程大学（一流学科建设高校）,002,航空航天类,6,629,20518
2022,2308,哈尔滨工程大学（一流学科建设高校）,003,能源动力类,5,628,21723
2022,2308,哈尔滨工程大学（一流学科建设高校）,004,自动化类,9,633,17534
2022,2308,哈尔滨工程大学（一流学科建设高校）,005,水声工程(含电子水声、水声、海洋信息3个专业),9,630,19661
2022,2308,哈尔滨工程大学（一流学科建设高校）,006,计算机类,5,640,13170
2022,2308,哈尔滨工程大学（一流学科建设高校）,007,软件工程,2,638,14300
2022,2308,哈尔滨工程大学（一流学科建设高校）,008,机械类,5,629,20908
2022,2308,哈尔滨工程大学（一流学科建设高校）,009,电子信息类,7,635,16530
2022,2308,哈尔滨工程大学（一流学科建设高校）,010,金融学,4,632,18360
2022,2308,哈尔滨工程大学（一流学科建设高校）,011,核工程与核技术,5,634,17242
2022,2308,哈尔滨工程大学（一流学科建设高校）,012,船舶与海洋工程(中外合作办学),4,621,27081
2022,2308,哈尔滨工程大学（一流学科建设高校）,013,自动化(中外合作办学),4,626,23221
2022,2308,哈尔滨工程大学（一流学科建设高校）,014,水声工程(中外合作办学),4,619,29064
2022,2309,哈尔滨工业大学（一流大学建设高校）,001,工科试验班(英才本硕博连读),2,671,1871
2022,2309,哈尔滨工业大学（一流大学建设高校）,002,工科试验班(航天与自动化),18,652,7303
2022,2309,哈尔滨工业大学（一流大学建设高校）,003,工科试验班(计算机与电子通信),16,656,5689
2022,2309,哈尔滨工业大学（一流大学建设高校）,004,经济管理试验班,20,652,7327
2022,2309,哈尔滨工业大学（一流大学建设高校）,007,环境生态工程(中外合作办学),2,637,14955
2022,2309,哈尔滨工业大学（一流大学建设高校）,008,工业设计(中外合作办学),5,638,14730
2022,2309,哈尔滨工业大学（一流大学建设高校）,010,数学与应用数学(中外合作办学),3,648,9212
2022,2309,哈尔滨工业大学（一流大学建设高校）,011,应用物理学(中外合作办学),3,640,13095
2022,2309,哈尔滨工业大学（一流大学建设高校）,012,化学(中外合作办学),4,621,27106
2022,2310,哈尔滨工业大学(威海)（一流大学建设高校）,001,机械设计制造及其自动化,4,648,8876
2022,2310,哈尔滨工业大学(威海)（一流大学建设高校）,002,机器人工程,2,651,7790
2022,2310,哈尔滨工业大学(威海)（一流大学建设高校）,003,车辆工程,3,648,8944
2022,2310,哈尔滨工业大学(威海)（一流大学建设高校）,004,智能车辆工程,6,648,8940
2022,2310,哈尔滨工业大学(威海)（一流大学建设高校）,005,自动化类,6,650,8332
2022,2310,哈尔滨工业大学(威海)（一流大学建设高校）,006,电子信息类,16,649,8624
2022,2310,哈尔滨工业大学(威海)（一流大学建设高校）,007,计算机类,6,653,7079
2022,2310,哈尔滨工业大学(威海)（一流大学建设高校）,008,软件工程,8,651,7878
2022,2310,哈尔滨工业大学(威海)（一流大学建设高校）,009,电气工程及其自动化,2,651,7637
2022,2310,哈尔滨工业大学(威海)（一流大学建设高校）,010,新能源科学与工程,2,648,8953
2022,2310,哈尔滨工业大学(威海)（一流大学建设高校）,011,能源与动力工程,3,648,9189
2022,2310,哈尔滨工业大学(威海)（一流大学建设高校）,012,数学类,4,651,7893
2022,2310,哈尔滨工业大学(威海)（一流大学建设高校）,013,光电信息科学与工程,3,649,8811
2022,2310,哈尔滨工业大学(威海)（一流大学建设高校）,014,经济管理试验班,15,650,8321
2022,2310,哈尔滨工业大学(威海)（一流大学建设高校）,015,信息管理与信息系统,5,649,8548
2022,2310,哈尔滨工业大学(威海)（一流大学建设高校）,016,网络空间安全,6,650,8255
2022,2310,哈尔滨工业大学(威海)（一流大学建设高校）,017,智能材料与结构,4,648,9047
2022,2310,哈尔滨工业大学(威海)（一流大学建设高校）,018,船舶与海洋工程(中外合作办学),5,628,21350
2022,2311,哈尔滨华德学院(民办),001,软件工程(英才班),5,503,162967
2022,2311,哈尔滨华德学院(民办),002,机械设计制造及其自动化(英才班),5,501,165116
2022,2311,哈尔滨华德学院(民办),003,土木工程(英才班),5,500,166083
2022,2311,哈尔滨华德学院(民办),004,大数据管理与应用(英才班),7,500,166275
2022,2312,哈尔滨金融学院,001,金融学,2,560,94860
2022,2312,哈尔滨金融学院,002,会计学,2,561,93909
2022,2312,哈尔滨金融学院,003,计算机科学与技术,2,540,119180
2022,2312,哈尔滨金融学院,004,保险学,6,552,104974
2022,2312,哈尔滨金融学院,005,投资学,4,556,99555
2022,2312,哈尔滨金融学院,006,财务管理,4,551,105832
2022,2313,哈尔滨理工大学,001,机械电子工程,2,584,65592
2022,2313,哈尔滨理工大学,002,高分子材料与工程,2,576,75513
2022,2313,哈尔滨理工大学,003,电气工程及其自动化,2,593,55619
2022,2313,哈尔滨理工大学,004,电子信息工程,2,583,67099
2022,2313,哈尔滨理工大学,005,计算机科学与技术,2,598,49894
2022,2313,哈尔滨理工大学,006,网络工程,2,585,65056
2022,2313,哈尔滨理工大学,007,测控技术与仪器,2,580,70425
2022,2313,哈尔滨理工大学,008,通信工程,2,582,68124
2022,2313,哈尔滨理工大学,009,光电信息科学与工程,2,579,72209
2022,2313,哈尔滨理工大学,010,软件工程,4,587,62520
2022,2313,哈尔滨理工大学,011,集成电路设计与集成系统,3,575,76668
2022,2313,哈尔滨理工大学,012,电子科学与技术,2,582,68294
2022,2313,哈尔滨理工大学,013,数据科学与大数据技术,2,585,65262
2022,2313,哈尔滨理工大学,014,建筑学,2,583,66989
2022,2313,哈尔滨理工大学,015,经济学类,2,572,80255
2022,2313,哈尔滨理工大学,016,化工与制药类,2,574,77953
2022,2313,哈尔滨理工大学,017,自动化,3,588,61777
2022,2313,哈尔滨理工大学,018,机器人工程,2,579,71765
2022,2314,哈尔滨商业大学,001,物联网工程,2,555,100425
2022,2314,哈尔滨商业大学,002,物流管理,3,563,91720
2022,2314,哈尔滨商业大学,003,物流工程,4,559,96762
2022,2314,哈尔滨商业大学,004,环境工程,2,557,98170
2022,2314,哈尔滨商业大学,005,生物工程,2,556,100072
2022,2314,哈尔滨商业大学,006,制药工程,2,564,90401
2022,2314,哈尔滨商业大学,007,电子信息工程,2,557,98352
2022,2314,哈尔滨商业大学,008,能源与动力工程,2,558,96984
2022,2314,哈尔滨商业大学,009,社会工作,2,564,89969
2022,2314,哈尔滨商业大学,013,金融学类(金融学院),3,581,69497
2022,2314,哈尔滨商业大学,014,工商管理类(商务学院),3,571,81721
2022,2314,哈尔滨商业大学,015,工商管理类(会计学院),5,580,71313
2022,2314,哈尔滨商业大学,016,财政学类(财政与公共管理学院),3,574,78350
2022,2314,哈尔滨商业大学,017,计算机类(计算机学院),4,561,93340
2022,2314,哈尔滨商业大学,018,食品科学与工程类(食品工程学院),4,555,101265
2022,2315,哈尔滨师范大学,005,教育技术学(师范),2,595,53734
2022,2315,哈尔滨师范大学,006,学前教育(师范),3,587,63110
2022,2315,哈尔滨师范大学,007,英语(师范),3,604,44055
2022,2315,哈尔滨师范大学,008,数学与应用数学(师范),8,586,63477
2022,2315,哈尔滨师范大学,009,汉语言文学(师范),8,606,41334
2022,2315,哈尔滨师范大学,010,波兰语,2,553,102918
2022,2315,哈尔滨师范大学,011,材料化学,3,543,115815
2022,2316,黑龙江外国语学院(民办),001,德语,3,518,146134
2022,2316,黑龙江外国语学院(民办),002,法语,6,518,146591
2022,2316,黑龙江外国语学院(民办),003,西班牙语,5,519,144554
2022,2316,黑龙江外国语学院(民办),004,葡萄牙语,3,516,149010
2022,2316,黑龙江外国语学院(民办),005,意大利语,4,517,147121
2022,2316,黑龙江外国语学院(民办),006,翻译,2,518,146640
2022,2316,黑龙江外国语学院(民办),007,商务英语,2,522,141302
2022,2316,黑龙江外国语学院(民办),008,阿拉伯语,5,516,148529
2022,2318,哈尔滨铁道职业技术学院,503,城市轨道交通工程技术,5,497,
2022,2319,哈尔滨学院,001,英语(师范),1,571,82041
2022,2319,哈尔滨学院,002,小学教育(师范),1,581,69400
2022,2319,哈尔滨学院,003,学前教育(师范),1,570,83194
2022,2319,哈尔滨学院,004,汉语言文学(师范),1,576,76248
2022,2319,哈尔滨学院,005,汉语国际教育,1,564,89937
2022,2319,哈尔滨学院,006,法学,2,569,84438
2022,2319,哈尔滨学院,007,社会工作,1,556,100280
2022,2319,哈尔滨学院,008,旅游管理,1,554,102591
2022,2319,哈尔滨学院,009,会计学,1,564,90676
2022,2319,哈尔滨学院,010,财务管理,1,561,94302
2022,2319,哈尔滨学院,011,金融学,1,560,94496
2022,2319,哈尔滨学院,012,电子信息工程,1,541,117984
2022,2319,哈尔滨学院,013,化学(师范),1,561,93606
2022,2319,哈尔滨学院,014,食品科学与工程,2,556,99930
2022,2319,哈尔滨学院,015,计算机科学与技术,2,545,113391
2022,2319,哈尔滨学院,016,软件工程,5,535,125583
2022,2319,哈尔滨学院,017,土木类,2,533,127973
2022,2320,哈尔滨医科大学,001,临床医学(5+3一体化，于维汉班),1,660,4315
2022,2320,哈尔滨医科大学,002,临床医学(5+3一体化),3,645,10700
2022,2320,哈尔滨医科大学,003,临床医学(5+3一体化，儿科学硕士),1,654,6727
2022,2320,哈尔滨医科大学,004,基础医学(伍连德班),1,634,17375
2022,2320,哈尔滨医科大学,005,基础医学,1,630,19641
2022,2320,哈尔滨医科大学,006,临床医学,5,638,14377
2022,2320,哈尔滨医科大学,007,麻醉学,1,637,15012
2022,2320,哈尔滨医科大学,008,医学影像学,1,631,18897
2022,2320,哈尔滨医科大学,009,口腔医学,1,640,13356
2022,2320,哈尔滨医科大学,010,预防医学,1,614,33680
2022,2320,哈尔滨医科大学,011,药学,2,609,38514
2022,2320,哈尔滨医科大学,012,临床药学,1,616,31666
2022,2320,哈尔滨医科大学,013,智能医学工程,2,604,43659
2022,2320,哈尔滨医科大学,014,生物信息学,1,614,33190
2022,2320,哈尔滨医科大学,015,生物医学工程,1,602,45710
2022,2320,哈尔滨医科大学,016,法学,1,608,39882
2022,2320,哈尔滨医科大学,017,医学检验技术,6,602,45595
2022,2320,哈尔滨医科大学,018,康复治疗学,6,585,64423
2022,2320,哈尔滨医科大学,019,精神医学,6,602,45680
2022,2322,黑龙江八一农垦大学,001,工业设计,4,535,124952
2022,2322,黑龙江八一农垦大学,002,动物医学,5,562,93122
2022,2322,黑龙江八一农垦大学,003,动物药学,2,555,101529
2022,2322,黑龙江八一农垦大学,004,食品科学与工程类,5,553,103170
2022,2322,黑龙江八一农垦大学,005,生物科学类,4,553,103818
2022,2322,黑龙江八一农垦大学,006,制药工程,5,552,104870
2022,2322,黑龙江八一农垦大学,007,信息与计算科学,3,538,121737
2022,2322,黑龙江八一农垦大学,008,园林,2,555,101142
2022,2323,黑龙江大学,001,哲学,2,601,47285
2022,2323,黑龙江大学,002,经济学,2,593,55695
2022,2323,黑龙江大学,003,法学,2,628,21838
2022,2323,黑龙江大学,004,汉语言文学,2,609,38694
2022,2323,黑龙江大学,005,汉语国际教育,2,592,56755
2022,2323,黑龙江大学,006,英语,2,598,50665
2022,2323,黑龙江大学,007,法语,2,583,66790
2022,2323,黑龙江大学,008,日语,2,574,78472
2022,2323,黑龙江大学,009,朝鲜语,2,578,73738
2022,2323,黑龙江大学,010,翻译(英语),2,591,58279
2022,2323,黑龙江大学,011,商务英语,2,586,63636
2022,2323,黑龙江大学,012,传播学,2,593,56099
2022,2323,黑龙江大学,013,化学,2,586,64015
2022,2323,黑龙江大学,014,高分子材料与工程,2,578,73268
2022,2323,黑龙江大学,015,电气工程及其自动化,2,586,63886
2022,2323,黑龙江大学,016,自动化,2,584,66152
2022,2323,黑龙江大学,017,计算机科学与技术,2,603,44558
2022,2323,黑龙江大学,018,土木工程,3,574,78309
2022,2323,黑龙江大学,019,制药工程,1,584,66380
2022,2323,黑龙江大学,020,食品科学与工程,1,585,64352
2022,2323,黑龙江大学,021,电子商务,2,586,64201
2022,2323,黑龙江大学,022,旅游管理,1,577,74344
2022,2323,黑龙江大学,023,生物技术,2,589,59780
2022,2323,黑龙江大学,029,俄语,2,611,36825
2022,2323,黑龙江大学,030,电子信息类,2,587,62149
2022,2324,黑龙江东方学院(民办),001,电子商务,5,520,143266
2022,2324,黑龙江东方学院(民办),002,国际经济与贸易,5,519,145057
2022,2325,黑龙江工程学院,001,机械设计制造及其自动化,2,539,120207
2022,2325,黑龙江工程学院,002,车辆工程,3,532,128655
2022,2325,黑龙江工程学院,003,材料类,5,550,107438
2022,2325,黑龙江工程学院,004,电子信息工程,2,539,120113
2022,2325,黑龙江工程学院,005,人工智能,2,541,118195
2022,2325,黑龙江工程学院,006,计算机类,2,540,118850
2022,2325,黑龙江工程学院,007,测绘工程,1,536,124381
2022,2328,黑龙江科技大学,001,电气工程及其自动化,4,550,106719
2022,2328,黑龙江科技大学,002,自动化,2,545,113264
2022,2328,黑龙江科技大学,003,电气工程与智能控制,4,548,109880
2022,2328,黑龙江科技大学,004,机械设计制造及其自动化,4,544,114013
2022,2328,黑龙江科技大学,005,通信工程,4,542,116912
2022,2328,黑龙江科技大学,006,电子信息工程,2,551,106212
2022,2328,黑龙江科技大学,007,建筑学,1,573,79906
2022,2328,黑龙江科技大学,008,城乡规划,1,565,88581
2022,2328,黑龙江科技大学,009,道路桥梁与渡河工程,2,538,121331
2022,2328,黑龙江科技大学,010,计算机科学与技术,4,553,103216
2022,2328,黑龙江科技大学,011,软件工程,5,551,105403
2022,2328,黑龙江科技大学,012,物联网工程,4,545,113788
2022,2328,黑龙江科技大学,013,数据科学与大数据技术,4,550,106965
2022,2328,黑龙江科技大学,014,数学与应用数学,3,545,113191
2022,2328,黑龙江科技大学,015,安全工程,2,539,120085
2022,2328,黑龙江科技大学,016,经济学,4,561,93603
2022,2328,黑龙江科技大学,017,工商管理,2,557,98248
2022,2328,黑龙江科技大学,018,信息管理与信息系统,4,537,123311
2022,2328,黑龙江科技大学,019,公共事业管理,4,556,99651
2022,2328,黑龙江科技大学,020,英语,4,561,94293
2022,2328,黑龙江科技大学,021,思想政治教育,2,563,91726
2022,2328,黑龙江科技大学,022,汉语言文学,4,568,85815
2022,2332,黑龙江中医药大学,001,中医学(5+3一体化),2,623,25162
2022,2332,黑龙江中医药大学,002,中医学,9,600,47531
2022,2332,黑龙江中医药大学,003,中西医临床医学,2,601,46903
2022,2332,黑龙江中医药大学,004,中医骨伤科学,5,587,62196
2022,2332,黑龙江中医药大学,005,护理学,3,568,85553
2022,2332,黑龙江中医药大学,006,针灸推拿学,10,586,63297
2022,2332,黑龙江中医药大学,007,中医康复学,5,581,69358
2022,2332,黑龙江中医药大学,008,药物制剂,2,571,81292
2022,2332,黑龙江中医药大学,009,制药工程,2,568,85707
2022,2332,黑龙江中医药大学,010,生物技术,2,565,88808
2022,2332,黑龙江中医药大学,011,药学,4,573,79190
2022,2332,黑龙江中医药大学,012,中药制药,2,575,76873
2022,2332,黑龙江中医药大学,013,智能医学工程,2,573,79166
2022,2333,佳木斯大学,001,预防医学,10,557,98644
2022,2333,佳木斯大学,002,健康服务与管理,5,546,112119
2022,2333,佳木斯大学,003,医学检验技术,5,554,102047
2022,2333,佳木斯大学,004,康复治疗学,5,556,99221
2022,2333,佳木斯大学,005,药学,40,546,112293
2022,2333,佳木斯大学,006,历史学(师范),5,562,93158
2022,2334,牡丹江大学,501,计算机应用技术,6,497,
2022,2334,牡丹江大学,502,动漫制作技术,6,497,
2022,2334,牡丹江大学,505,影视多媒体技术,6,497,
2022,2335,牡丹江师范学院,001,经济学,3,557,99140
2022,2335,牡丹江师范学院,002,金融数学,5,553,103479
2022,2335,牡丹江师范学院,003,法学,3,559,96710
2022,2335,牡丹江师范学院,004,秘书学,3,556,100335
2022,2335,牡丹江师范学院,005,俄语,3,553,104063
2022,2335,牡丹江师范学院,006,日语,3,553,103542
2022,2335,牡丹江师范学院,007,商务英语,2,556,99829
2022,2335,牡丹江师范学院,008,广播电视学,4,555,101277
2022,2335,牡丹江师范学院,009,应用化学,3,551,105989
2022,2335,牡丹江师范学院,010,生物科学(师范),5,560,94768
2022,2335,牡丹江师范学院,011,电气工程及其自动化,3,533,127627
2022,2335,牡丹江师范学院,012,工商管理,3,554,102274
2022,2335,牡丹江师范学院,013,市场营销,3,553,103695
2022,2335,牡丹江师范学院,014,文化产业管理,3,553,104126
2022,2335,牡丹江师范学院,015,翻译(英语翻译),4,554,102382
2022,2336,牡丹江医学院,001,制药工程,3,552,104940
2022,2336,牡丹江医学院,002,生物医学工程,2,537,122994
2022,2336,牡丹江医学院,003,临床医学,8,568,85380
2022,2336,牡丹江医学院,004,麻醉学,4,565,89216
2022,2336,牡丹江医学院,005,医学影像学,7,552,105336
2022,2336,牡丹江医学院,006,预防医学,2,565,89284
2022,2336,牡丹江医学院,007,药学,2,557,98246
2022,2336,牡丹江医学院,008,药物制剂,2,555,100478
2022,2336,牡丹江医学院,009,医学检验技术,2,562,92203
2022,2336,牡丹江医学院,010,医学影像技术,2,562,92288
2022,2336,牡丹江医学院,011,康复治疗学,2,562,93150
2022,2336,牡丹江医学院,012,卫生检验与检疫,2,559,96269
2022,2336,牡丹江医学院,013,护理学,2,562,92966
2022,2337,齐齐哈尔大学,001,国际经济与贸易,2,559,96750
2022,2337,齐齐哈尔大学,002,法学,1,575,76833
2022,2337,齐齐哈尔大学,003,思想政治教育(师范),2,576,75218
2022,2337,齐齐哈尔大学,004,外国语言文学类,2,564,90194
2022,2337,齐齐哈尔大学,005,日语,2,556,100305
2022,2337,齐齐哈尔大学,006,广播电视学,2,560,94480
2022,2337,齐齐哈尔大学,007,机械类,4,538,121369
2022,2337,齐齐哈尔大学,008,材料类,4,549,107948
2022,2337,齐齐哈尔大学,009,电气工程及其自动化,2,545,113268
2022,2337,齐齐哈尔大学,010,电子信息类,2,547,110850
2022,2337,齐齐哈尔大学,011,人工智能,3,546,112343
2022,2337,齐齐哈尔大学,012,自动化,2,541,118436
2022,2337,齐齐哈尔大学,013,计算机类,2,548,109218
2022,2337,齐齐哈尔大学,014,物联网工程,2,540,118845
2022,2337,齐齐哈尔大学,015,数据科学与大数据技术,3,543,115231
2022,2337,齐齐哈尔大学,016,土木工程,4,538,121663
2022,2337,齐齐哈尔大学,017,化工与制药类,4,554,102563
2022,2337,齐齐哈尔大学,018,轻工类,5,551,106193
2022,2337,齐齐哈尔大学,019,食品科学与工程类,1,560,95050
2022,2337,齐齐哈尔大学,020,城乡规划,2,560,94945
2022,2337,齐齐哈尔大学,021,林学,2,553,103526
2022,2337,齐齐哈尔大学,022,园林,3,553,103436
2022,2337,齐齐哈尔大学,023,工商管理类,4,559,96577
2022,2338,齐齐哈尔医学院,001,临床医学,8,567,87021
2022,2338,齐齐哈尔医学院,002,精神医学,2,583,67576
2022,2338,齐齐哈尔医学院,003,医学影像学,5,547,110464
2022,2338,齐齐哈尔医学院,004,预防医学,2,564,89892
2022,2338,齐齐哈尔医学院,005,医学检验技术,1,563,91324
2022,2338,齐齐哈尔医学院,006,健康服务与管理,1,557,98674
2022,2338,齐齐哈尔医学院,007,应用心理学,1,568,85991
2022,3101,东华大学（一流学科建设高校）,012,材料类,6,636,16141
2022,3101,东华大学（一流学科建设高校）,013,电子信息类,19,641,12691
2022,3101,东华大学（一流学科建设高校）,014,纺织工程,2,640,13535
2022,3101,东华大学（一流学科建设高校）,015,服装设计与工程,7,636,15589
2022,3101,东华大学（一流学科建设高校）,016,工业设计,4,639,14149
2022,3101,东华大学（一流学科建设高校）,017,功能材料,3,636,15794
2022,3101,东华大学（一流学科建设高校）,018,管理科学与工程类,7,639,13926
2022,3101,东华大学（一流学科建设高校）,019,化学类,2,638,14370
2022,3101,东华大学（一流学科建设高校）,020,环境工程,3,637,15197
2022,3101,东华大学（一流学科建设高校）,021,机械工程,4,638,14307
2022,3101,东华大学（一流学科建设高校）,022,计算机类,12,644,10997
2022,3101,东华大学（一流学科建设高校）,023,经济管理试验班,19,646,10263
2022,3101,东华大学（一流学科建设高校）,024,经济与贸易类,12,644,11088
2022,3101,东华大学（一流学科建设高校）,025,理科试验班,4,643,11816
2022,3101,东华大学（一流学科建设高校）,026,理科试验班类,6,643,11393
2022,3101,东华大学（一流学科建设高校）,027,人工智能,4,643,11419
2022,3101,东华大学（一流学科建设高校）,028,日语,4,643,11617
2022,3101,东华大学（一流学科建设高校）,029,社会科学试验班,5,648,9222
2022,3101,东华大学（一流学科建设高校）,030,数据科学与大数据技术,3,643,11733
2022,3101,东华大学（一流学科建设高校）,031,数学类(金融与统计),7,641,12498
2022,3101,东华大学（一流学科建设高校）,032,物理学类(光电与能源新技术),2,640,13593
2022,3101,东华大学（一流学科建设高校）,033,新闻传播学类,10,647,9595
2022,3101,东华大学（一流学科建设高校）,034,英语,4,647,9713
2022,3101,东华大学（一流学科建设高校）,035,智能科学与技术,2,642,12176
2022,3101,东华大学（一流学科建设高校）,036,智能制造工程,4,640,13491
2022,3101,东华大学（一流学科建设高校）,037,生物工程,2,638,14772
2022,3102,复旦大学（一流大学建设高校）,006,新闻传播学类(卓越新闻人才计划),3,686,307
2022,3102,复旦大学（一流大学建设高校）,008,经济学类(拔尖学生培养基地),4,690,174
2022,3102,复旦大学（一流大学建设高校）,009,数学类(拔尖学生培养基地),3,688,241
2022,3103,上海视觉艺术学院(民办),021,文化产业管理,5,564,90594
2022,3104,华东理工大学（一流学科建设高校）,001,电子信息类(智能与机器人实验班),11,648,9000
2022,3104,华东理工大学（一流学科建设高校）,002,工科试验班(生物医药),22,639,13949
2022,3104,华东理工大学（一流学科建设高校）,003,工科试验班(智慧化工),20,640,13433
2022,3104,华东理工大学（一流学科建设高校）,004,资源循环科学与工程,5,638,14525
2022,3104,华东理工大学（一流学科建设高校）,005,生物工程类,14,638,14448
2022,3104,华东理工大学（一流学科建设高校）,006,化学类,11,639,13656
2022,3104,华东理工大学（一流学科建设高校）,007,药学,8,638,14779
2022,3104,华东理工大学（一流学科建设高校）,008,材料类,24,636,15937
2022,3104,华东理工大学（一流学科建设高校）,009,机械类(机械智能化实验班),24,640,13250
2022,3104,华东理工大学（一流学科建设高校）,010,电子信息类,18,646,10058
2022,3104,华东理工大学（一流学科建设高校）,011,计算机类,11,650,8059
2022,3104,华东理工大学（一流学科建设高校）,012,数学类,7,647,9342
2022,3104,华东理工大学（一流学科建设高校）,013,物理学类,14,642,12328
2022,3104,华东理工大学（一流学科建设高校）,014,经济学类,6,649,8578
2022,3104,华东理工大学（一流学科建设高校）,015,管理科学与工程类,10,642,12305
2022,3104,华东理工大学（一流学科建设高校）,016,工商管理类,17,645,10680
2022,3104,华东理工大学（一流学科建设高校）,017,国际经济与贸易,6,646,10241
2022,3104,华东理工大学（一流学科建设高校）,018,公共管理类,7,643,11598
2022,3104,华东理工大学（一流学科建设高校）,019,工业设计,4,642,12377
2022,3104,华东理工大学（一流学科建设高校）,020,风景园林(景观建筑规划方向),3,639,14045
2022,3104,华东理工大学（一流学科建设高校）,021,外国语言文学类,13,642,12435
2022,3104,华东理工大学（一流学科建设高校）,022,法学,9,649,8628
2022,3104,华东理工大学（一流学科建设高校）,023,电气工程及其自动化(中外合作办学),8,640,13158
2022,3104,华东理工大学（一流学科建设高校）,025,计算机科学与技术,4,651,7736
2022,3104,华东理工大学（一流学科建设高校）,026,应用化学,4,648,9104
2022,3104,华东理工大学（一流学科建设高校）,027,环境工程,7,637,14872
2022,3105,华东师范大学（一流大学建设高校）,012,汉语言文学,2,668,2407
2022,3105,华东师范大学（一流大学建设高校）,013,汉语国际教育,6,660,4573
2022,3105,华东师范大学（一流大学建设高校）,014,英语,2,665,3038
2022,3105,华东师范大学（一流大学建设高校）,015,翻译,1,660,4377
2022,3105,华东师范大学（一流大学建设高校）,016,德语,1,658,5192
2022,3105,华东师范大学（一流大学建设高校）,017,法语,2,658,4929
2022,3105,华东师范大学（一流大学建设高校）,018,西班牙语,1,658,5136
2022,3105,华东师范大学（一流大学建设高校）,019,日语,2,658,5090
2022,3105,华东师范大学（一流大学建设高校）,020,金融学类,3,661,4152
2022,3105,华东师范大学（一流大学建设高校）,021,工商管理类,2,660,4356
2022,3105,华东师范大学（一流大学建设高校）,022,工商管理(中法创新实验班),2,659,4831
2022,3105,华东师范大学（一流大学建设高校）,023,公共管理类,1,660,4454
2022,3105,华东师范大学（一流大学建设高校）,024,新闻传播学类,2,661,4052
2022,3105,华东师范大学（一流大学建设高校）,025,历史学,2,665,3065
2022,3105,华东师范大学（一流大学建设高校）,026,哲学,1,661,4192
2022,3105,华东师范大学（一流大学建设高校）,027,政治学与行政学,2,661,4136
2022,3105,华东师范大学（一流大学建设高校）,028,马克思主义理论,1,663,3649
2022,3105,华东师范大学（一流大学建设高校）,029,法学,1,663,3652
2022,3105,华东师范大学（一流大学建设高校）,030,法学,2,663,3623
2022,3105,华东师范大学（一流大学建设高校）,031,社会学类,2,661,4271
2022,3105,华东师范大学（一流大学建设高校）,032,教育学类,4,660,4513
2022,3105,华东师范大学（一流大学建设高校）,033,人力资源管理,1,662,3894
2022,3105,华东师范大学（一流大学建设高校）,034,翻译,1,660,4317
2022,3105,华东师范大学（一流大学建设高校）,035,金融学,3,662,3761
2022,3105,华东师范大学（一流大学建设高校）,036,新闻学,1,662,3934
2022,3105,华东师范大学（一流大学建设高校）,037,心理学类,3,658,4931
2022,3105,华东师范大学（一流大学建设高校）,038,心理学,2,661,4004
2022,3105,华东师范大学（一流大学建设高校）,039,数学与应用数学,3,664,3221
2022,3105,华东师范大学（一流大学建设高校）,040,统计学类,6,659,4657
2022,3105,华东师范大学（一流大学建设高校）,041,统计学,2,664,3201
2022,3105,华东师范大学（一流大学建设高校）,042,物理学,2,662,3719
2022,3105,华东师范大学（一流大学建设高校）,043,电子信息科学与技术,3,656,5778
2022,3105,华东师范大学（一流大学建设高校）,044,通信工程,2,655,6250
2022,3105,华东师范大学（一流大学建设高校）,045,微电子科学与工程,2,656,5900
2022,3105,华东师范大学（一流大学建设高校）,046,计算机科学与技术,11,657,5336
2022,3105,华东师范大学（一流大学建设高校）,047,软件工程,18,659,4849
2022,3105,华东师范大学（一流大学建设高校）,048,数据科学与大数据技术,3,659,4711
2022,3105,华东师范大学（一流大学建设高校）,049,信息管理与信息系统,1,656,5647
2022,3105,华东师范大学（一流大学建设高校）,050,化学,2,659,4584
2022,3105,华东师范大学（一流大学建设高校）,051,生物科学类,2,658,5146
2022,3105,华东师范大学（一流大学建设高校）,052,地理科学,2,658,5164
2022,3105,华东师范大学（一流大学建设高校）,053,地理信息科学,2,658,5187
2022,3105,华东师范大学（一流大学建设高校）,054,人文地理与城乡规划,1,656,5768
2022,3105,华东师范大学（一流大学建设高校）,055,环境科学与工程类,2,653,6739
2022,3105,华东师范大学（一流大学建设高校）,056,生态学,1,657,5282
2022,3105,华东师范大学（一流大学建设高校）,057,通信工程,1,656,5638
2022,3106,华东政法大学,001,法学(民商法律),14,660,4471
2022,3106,华东政法大学,002,法学(卓越民商法治人才实验班),4,666,2892
2022,3106,华东政法大学,003,法学(经济法),7,659,4655
2022,3106,华东政法大学,004,法学(卓越经济法律人才实验班),3,665,3106
2022,3106,华东政法大学,005,法学(国际经济法),8,659,4896
2022,3106,华东政法大学,006,法学(沪港交流涉外卓越法律人才实验班),4,662,3902
2022,3106,华东政法大学,007,法学(刑事法律),4,659,4833
2022,3106,华东政法大学,008,法学(刑事司法),4,659,4915
2022,3106,华东政法大学,009,法学(网络与信息法),2,659,4861
2022,3106,华东政法大学,010,法学(卓越刑事法律人才实验班),2,663,3541
2022,3106,华东政法大学,011,法学(国际金融法),2,659,4839
2022,3106,华东政法大学,012,法学(涉外卓越国际金融法律人才实验班),11,662,3967
2022,3106,华东政法大学,015,知识产权(卓越人才实验班),5,659,4857
2022,3106,华东政法大学,016,公共管理类,5,650,8127
2022,3106,华东政法大学,017,政治学与行政学,2,653,7064
2022,3106,华东政法大学,018,经济学类,9,650,8109
2022,3106,华东政法大学,019,社会学类,4,650,8210
2022,3106,华东政法大学,020,新闻学(卓越人才实验班),4,653,6867
2022,3106,华东政法大学,021,网络与新媒体,2,651,7951
2022,3106,华东政法大学,022,英语(涉外法商),6,649,8529
2022,3106,华东政法大学,023,德语(涉外法商),2,650,8327
2022,3106,华东政法大学,024,日语(涉外法商),3,649,8780
2022,3106,华东政法大学,025,翻译(涉外法商),2,648,9075
2022,3109,上海财经大学（一流学科建设高校）,001,会计学,2,677,968
2022,3109,上海财经大学（一流学科建设高校）,002,财务管理(智能化方向),6,669,2220
2022,3109,上海财经大学（一流学科建设高校）,003,工商管理(中外合作办学)(ACCA),6,663,3513
2022,3109,上海财经大学（一流学科建设高校）,004,金融学,4,673,1464
2022,3109,上海财经大学（一流学科建设高校）,005,保险学(保险精算),2,661,4165
2022,3109,上海财经大学（一流学科建设高校）,006,金融学(中外合作办学)(银行与国际金融),4,668,2406
2022,3109,上海财经大学（一流学科建设高校）,007,工商管理类,4,661,4111
2022,3109,上海财经大学（一流学科建设高校）,008,国际经济与贸易,4,663,3632
2022,3109,上海财经大学（一流学科建设高校）,009,经济学(中外合作办学)(数量经济),5,659,4685
2022,3109,上海财经大学（一流学科建设高校）,010,经济学,2,673,1546
2022,3109,上海财经大学（一流学科建设高校）,011,经济学,1,673,1479
2022,3109,上海财经大学（一流学科建设高校）,012,法学,3,659,4855
2022,3109,上海财经大学（一流学科建设高校）,013,财政学类,4,666,2873
2022,3109,上海财经大学（一流学科建设高校）,014,投资学,2,665,2976
2022,3109,上海财经大学（一流学科建设高校）,015,公共管理类,3,658,5172
2022,3109,上海财经大学（一流学科建设高校）,016,新闻学,3,657,5590
2022,3109,上海财经大学（一流学科建设高校）,017,社会学(经济社会学),3,657,5494
2022,3109,上海财经大学（一流学科建设高校）,018,信息管理与信息系统,2,657,5304
2022,3109,上海财经大学（一流学科建设高校）,019,电子商务,2,659,4902
2022,3109,上海财经大学（一流学科建设高校）,020,数据科学与大数据技术(工学),7,656,5635
2022,3109,上海财经大学（一流学科建设高校）,021,日语,3,653,7102
2022,3109,上海财经大学（一流学科建设高校）,022,统计学类,5,663,3567
2022,3109,上海财经大学（一流学科建设高校）,023,数学类,2,662,3787
2022,3109,上海财经大学（一流学科建设高校）,024,数学与应用数学,2,668,2416
2022,3109,上海财经大学（一流学科建设高校）,025,投资学,2,666,2718
2022,3110,上海城建职业学院,502,工程造价,2,517,147824
2022,3110,上海城建职业学院,503,装配式建筑工程技术,2,512,152830
2022,3110,上海城建职业学院,504,建筑工程技术,2,506,159584
2022,3110,上海城建职业学院,505,建设工程管理,4,497,
2022,3110,上海城建职业学院,512,建筑智能化工程技术,3,497,
2022,3110,上海城建职业学院,513,园林技术,3,497,
2022,3110,上海城建职业学院,514,园林工程技术,3,497,
2022,3110,上海城建职业学院,516,市政工程技术,3,502,163881
2022,3110,上海城建职业学院,518,给排水工程技术,2,497,169695
2022,3110,上海城建职业学院,519,建筑设计,3,513,151841
2022,3110,上海城建职业学院,520,建筑装饰工程技术,2,511,154799
2022,3110,上海城建职业学院,523,古建筑工程技术,4,508,157914
2022,3110,上海城建职业学院,524,文物修复与保护,4,516,148391
2022,3110,上海城建职业学院,525,机电一体化技术,4,502,164533
2022,3110,上海城建职业学院,526,计算机应用技术,3,510,155563
2022,3110,上海城建职业学院,527,大数据技术,4,499,167233
2022,3110,上海城建职业学院,528,智能控制技术,4,497,
2022,3110,上海城建职业学院,529,人工智能技术应用,3,498,168871
2022,3110,上海城建职业学院,531,会展策划与管理,3,497,169848
2022,3110,上海城建职业学院,532,社会工作,4,497,
2022,3110,上海城建职业学院,533,人力资源管理,3,511,154153
2022,3110,上海城建职业学院,534,劳动与社会保障,3,497,
2022,3110,上海城建职业学院,535,食品质量与安全,4,499,167947
2022,3110,上海城建职业学院,536,食品检验检测技术,3,505,161181
2022,3110,上海城建职业学院,537,医学检验技术,4,517,147300
2022,3110,上海城建职业学院,538,健康管理,5,498,168673
2022,3110,上海城建职业学院,539,大数据与会计,2,517,147500
2022,3110,上海城建职业学院,540,国际商务,3,498,168713
2022,3110,上海城建职业学院,543,现代物流管理(铁路运输),3,497,
2022,3111,上海出版印刷高等专科学校,501,数字出版,4,511,154414
2022,3111,上海出版印刷高等专科学校,502,会展策划与管理,3,499,167787
2022,3111,上海出版印刷高等专科学校,504,文化产业经营与管理,4,497,
2022,3111,上海出版印刷高等专科学校,509,印刷媒体技术,4,497,
2022,3111,上海出版印刷高等专科学校,510,数字图文信息处理技术,7,497,
2022,3111,上海出版印刷高等专科学校,511,数字印刷技术,4,497,
2022,3111,上海出版印刷高等专科学校,513,物联网应用技术,3,497,
2022,3111,上海出版印刷高等专科学校,514,人工智能技术应用,5,497,
2022,3111,上海出版印刷高等专科学校,521,商务英语,5,504,162473
2022,3111,上海出版印刷高等专科学校,522,出版商务(中外合作办学)(文化媒介与版权经纪，中法合作),8,497,
2022,3112,上海大学（一流学科建设高校）,001,历史学类,4,650,8371
2022,3112,上海大学（一流学科建设高校）,002,社会学类,4,653,6852
2022,3112,上海大学（一流学科建设高校）,003,日语,2,645,10525
2022,3112,上海大学（一流学科建设高校）,004,国际经济与贸易(中外合作办学),15,641,12780
2022,3112,上海大学（一流学科建设高校）,005,工商管理(中外合作办学),13,639,13772
2022,3112,上海大学（一流学科建设高校）,006,金融学(中外合作办学),12,644,11333
2022,3112,上海大学（一流学科建设高校）,007,英语,3,650,8386
2022,3112,上海大学（一流学科建设高校）,008,理科试验班类,7,647,9675
2022,3112,上海大学（一流学科建设高校）,009,理科试验班,5,644,11341
2022,3112,上海大学（一流学科建设高校）,010,经济学类,10,650,8218
2022,3112,上海大学（一流学科建设高校）,011,通信工程(卓越工程师班),4,645,10429
2022,3112,上海大学（一流学科建设高校）,012,电子信息工程(卓越工程师班),4,646,10138
2022,3112,上海大学（一流学科建设高校）,013,计算机科学与技术,10,646,9938
2022,3112,上海大学（一流学科建设高校）,014,信息管理与信息系统(中外合作办学),5,636,15893
2022,3112,上海大学（一流学科建设高校）,015,机械工程(中外合作办学),10,629,20514
2022,3112,上海大学（一流学科建设高校）,016,信息工程(中外合作办学),30,630,19764
2022,3112,上海大学（一流学科建设高校）,017,管理科学与工程类,5,641,12725
2022,3112,上海大学（一流学科建设高校）,018,电气类,15,643,11810
2022,3112,上海大学（一流学科建设高校）,019,材料类,3,638,14420
2022,3112,上海大学（一流学科建设高校）,020,电气工程及其自动化(中外合作办学),3,640,13599
2022,3112,上海大学（一流学科建设高校）,021,土木工程(中外合作办学),3,630,20064
2022,3112,上海大学（一流学科建设高校）,022,环境工程(中外合作办学),3,629,20939
2022,3113,上海第二工业大学,001,智能制造工程,2,603,44878
2022,3113,上海第二工业大学,002,计算机科学与技术(卓越工程师班),2,614,33121
2022,3113,上海第二工业大学,003,智能科学与技术,2,607,40112
2022,3113,上海第二工业大学,004,数字媒体技术,2,619,28875
2022,3113,上海第二工业大学,005,数据科学与大数据技术,2,603,44525
2022,3113,上海第二工业大学,006,信用管理,2,593,56252
2022,3113,上海第二工业大学,007,财务管理,2,605,42398
2022,3113,上海第二工业大学,008,会展经济与管理,2,594,55050
2022,3113,上海第二工业大学,009,酒店管理,5,575,76715
2022,3113,上海第二工业大学,010,汉语国际教育,2,594,55169
2022,3114,上海电机学院,001,电气类,3,582,68376
2022,3114,上海电机学院,002,机械电子工程,2,580,71356
2022,3114,上海电机学院,003,计算机类,2,592,57170
2022,3114,上海电机学院,004,电子信息工程,2,582,67942
2022,3114,上海电机学院,005,光电信息科学与工程,2,579,71839
2022,3114,上海电机学院,006,德语,2,578,73320
2022,3114,上海电机学院,007,英语,2,583,67588
2022,3114,上海电机学院,008,经济统计学,2,584,65567
2022,3114,上海电机学院,009,经济学类,2,582,68672
2022,3114,上海电机学院,011,电气工程及其自动化(中外合作办学)(中德合作),2,575,76720
2022,3114,上海电机学院,012,机械电子工程(中外合作办学)(中德合作),2,573,78828
2022,3114,上海电机学院,013,物流管理(中外合作办学)(中德合作),2,573,78916
2022,3114,上海电机学院,014,国际经济与贸易(中外合作办学)(中美合作),2,574,77791
2022,3115,上海电力大学,001,能源与动力工程,3,619,29491
2022,3115,上海电力大学,002,机械设计制造及其自动化,2,621,27444
2022,3115,上海电力大学,003,新能源科学与工程,2,616,31487
2022,3115,上海电力大学,004,核工程与核技术,3,616,31856
2022,3115,上海电力大学,005,应用化学,2,603,44186
2022,3115,上海电力大学,006,新能源材料与器件,2,617,30810
2022,3115,上海电力大学,007,电气工程及其自动化,23,632,18231
2022,3115,上海电力大学,008,能源互联网工程,3,625,23550
2022,3115,上海电力大学,009,电气工程及其自动化(中外合作办学),9,629,20970
2022,3115,上海电力大学,010,自动化,4,622,26637
2022,3115,上海电力大学,011,核电技术与控制工程,4,610,37162
2022,3115,上海电力大学,012,计算机科学与技术,3,621,27288
2022,3115,上海电力大学,013,通信工程,2,615,32911
2022,3115,上海电力大学,014,电子信息工程,2,617,30872
2022,3115,上海电力大学,015,集成电路设计与集成系统,3,616,31531
2022,3115,上海电力大学,016,工程管理,2,607,40879
2022,3115,上海电力大学,017,能源服务工程,2,612,35298
2022,3115,上海电力大学,018,信息与计算科学,3,610,37482
2022,3115,上海电力大学,019,英语,2,605,42488
2022,3116,上海电影艺术职业学院(民办),507,新闻采编与制作,3,497,
2022,3116,上海电影艺术职业学院(民办),508,电子竞技运动与管理(内容制作),5,497,
2022,3117,上海电子信息职业技术学院,501,应用英语,5,501,165941
2022,3117,上海电子信息职业技术学院,503,应用电子技术,5,497,
2022,3117,上海电子信息职业技术学院,505,电子竞技运动与管理,5,497,
2022,3117,上海电子信息职业技术学院,508,现代通信技术,4,497,
2022,3117,上海电子信息职业技术学院,510,软件技术,6,509,157069
2022,3117,上海电子信息职业技术学院,511,智能互联网络技术,6,497,
2022,3117,上海电子信息职业技术学院,512,大数据技术,5,502,164536
2022,3117,上海电子信息职业技术学院,513,机电一体化技术,2,497,
2022,3117,上海电子信息职业技术学院,515,电气自动化技术,6,497,
2022,3117,上海电子信息职业技术学院,516,智能机器人技术,2,498,169244
2022,3117,上海电子信息职业技术学院,517,跨境电子商务,4,497,
2022,3117,上海电子信息职业技术学院,520,飞机机电设备维修,5,497,
2022,3117,上海电子信息职业技术学院,521,无人机应用技术,3,497,
2022,3117,上海电子信息职业技术学院,522,信息安全技术应用,2,497,
2022,3118,上海东海职业技术学院(民办),502,关务与外贸服务(高本贯通),15,497,
2022,3118,上海东海职业技术学院(民办),503,电子商务(高本贯通),15,497,
2022,3118,上海东海职业技术学院(民办),504,汽车检测与维修技术(高本贯通),10,497,
2022,3118,上海东海职业技术学院(民办),506,护理(高本贯通),30,497,
2022,3119,上海对外经贸大学,001,国际经济与贸易(全英语教学),2,638,14316
2022,3119,上海对外经贸大学,002,金融学(全英语教学),2,640,13405
2022,3119,上海对外经贸大学,003,国际经济与贸易,3,640,13325
2022,3119,上海对外经贸大学,004,金融学,3,644,11235
2022,3119,上海对外经贸大学,005,电子商务,2,638,14366
2022,3119,上海对外经贸大学,006,经济学(国际投资方向),2,643,11879
2022,3119,上海对外经贸大学,007,英语,2,641,13035
2022,3119,上海对外经贸大学,008,工商管理类,3,639,14073
2022,3119,上海对外经贸大学,009,会计学(国际会计方向),3,648,9258
2022,3119,上海对外经贸大学,010,财务管理,2,642,11917
2022,3119,上海对外经贸大学,011,法学(国际经济法方向),2,646,9841
2022,3119,上海对外经贸大学,012,法语(商务法语方向),2,633,17822
2022,3119,上海对外经贸大学,013,经济统计学,2,636,15715
2022,3119,上海对外经贸大学,014,审计学(注册会计师方向),2,646,10077
2022,3119,上海对外经贸大学,015,资产评估,2,636,16081
2022,3119,上海对外经贸大学,016,国际经贸规则,4,636,15815
2022,3119,上海对外经贸大学,017,金融工程,3,638,14328
2022,3119,上海对外经贸大学,018,数据科学与大数据技术,3,638,14535
2022,3119,上海对外经贸大学,019,投资学,4,638,14418
2022,3119,上海对外经贸大学,020,国际经济发展合作,4,633,18054
2022,3119,上海对外经贸大学,021,人工智能,4,630,20193
2022,3119,上海对外经贸大学,022,物流管理(中外合作办学)(中澳合作),2,626,22870
2022,3119,上海对外经贸大学,023,金融学(中外合作办学)(中加合作),3,636,15853
2022,3119,上海对外经贸大学,024,英语(中外合作办学)(国际商务英语方向，中英合作),2,632,18693
2022,3119,上海对外经贸大学,025,财务管理(中外合作办学)(中加合作),2,637,15392
2022,3119,上海对外经贸大学,026,国际商务(中外合作办学)(中澳合作),5,630,19972
2022,3119,上海对外经贸大学,027,会展经济与管理(中外合作办学)(中德合作),2,631,19394
2022,3120,上海工程技术大学,001,电子信息类,10,606,41408
2022,3120,上海工程技术大学,002,金融学,2,606,41586
2022,3120,上海工程技术大学,003,信息管理与信息系统,1,608,39000
2022,3120,上海工程技术大学,004,养老服务管理,1,614,33165
2022,3120,上海工程技术大学,011,物流管理(民航物流),1,606,41988
2022,3120,上海工程技术大学,012,交通管理,1,595,53350
2022,3120,上海工程技术大学,013,服装设计与工程,2,590,59366
2022,3120,上海工程技术大学,015,车辆工程(城市轨道交通车辆),8,585,65051
2022,3120,上海工程技术大学,016,轨道交通信号与控制,7,589,60117
2022,3120,上海工程技术大学,017,交通运输,11,585,64363
2022,3120,上海工程技术大学,018,铁道工程,2,588,61038
2022,3120,上海工程技术大学,019,光电信息科学与工程,2,605,42840
2022,3120,上海工程技术大学,020,翻译,4,592,56933
2022,3122,上海工商外国语职业学院(民办),502,应用英语(高本贯通),15,497,
2022,3122,上海工商外国语职业学院(民办),515,法律事务,20,497,
2022,3123,上海工艺美术职业学院,510,传播与策划,2,526,136423
2022,3123,上海工艺美术职业学院,511,文物修复与保护,2,513,152252
2022,3123,上海工艺美术职业学院,512,美术教育,2,513,152240
2022,3123,上海工艺美术职业学院,513,风景园林设计,4,505,160615
2022,3125,上海海事大学,004,能源与动力工程,2,621,26996
2022,3125,上海海事大学,005,交通管理(国航),3,628,21186
2022,3125,上海海事大学,006,物流管理,2,626,23178
2022,3125,上海海事大学,007,经济学类,18,625,23806
2022,3125,上海海事大学,008,管理科学,2,611,36062
2022,3125,上海海事大学,009,机械类,4,613,34718
2022,3125,上海海事大学,010,电气类,5,616,31681
2022,3125,上海海事大学,011,物流管理与工程类,2,625,23928
2022,3125,上海海事大学,012,计算机类,8,624,24704
2022,3125,上海海事大学,013,电子信息类,6,617,30383
2022,3125,上海海事大学,014,外国语言文学类,2,631,18970
2022,3125,上海海事大学,015,日语,4,624,24943
2022,3125,上海海事大学,016,港口航道与海岸工程,4,613,34535
2022,3125,上海海事大学,017,船舶与海洋工程,4,605,42748
2022,3125,上海海事大学,018,材料科学与工程,3,611,36038
2022,3125,上海海事大学,019,数学类,4,617,30836
2022,3125,上海海事大学,020,法学(海商法),6,640,13643
2022,3125,上海海事大学,021,交通运输,4,619,29348
2022,3125,上海海事大学,022,交通工程,4,616,31411
2022,3125,上海海事大学,023,大数据管理与应用,2,615,32749
2022,3125,上海海事大学,024,思想政治教育,3,627,22568
2022,3125,上海海事大学,025,机械电子工程(中外合作办学),5,593,56281
2022,3125,上海海事大学,026,电气工程与智能控制(中外合作办学),5,598,50480
2022,3127,上海海洋大学（一流学科建设高校）,001,水产类,9,602,46283
2022,3127,上海海洋大学（一流学科建设高校）,002,海洋渔业科学与技术,9,600,48293
2022,3127,上海海洋大学（一流学科建设高校）,003,金融学,7,613,34885
2022,3127,上海海洋大学（一流学科建设高校）,004,工商管理(食品经济管理),10,606,41339
2022,3127,上海海洋大学（一流学科建设高校）,005,会计学,8,613,34200
2022,3127,上海海洋大学（一流学科建设高校）,006,电气类,10,606,41813
2022,3127,上海海洋大学（一流学科建设高校）,007,计算机类,12,615,32508
2022,3127,上海海洋大学（一流学科建设高校）,008,文化产业管理,10,607,40596
2022,3127,上海海洋大学（一流学科建设高校）,009,英语,7,615,32365
2022,3127,上海海洋大学（一流学科建设高校）,010,日语,8,606,42055
2022,3127,上海海洋大学（一流学科建设高校）,011,市场营销(中外合作办学),10,591,58491
2022,3128,上海济光职业技术学院(民办),515,计算机网络技术,10,497,
2022,3128,上海济光职业技术学院(民办),524,建设工程管理(高本贯通),4,498,168459
2022,3130,上海建桥学院(民办),001,金融工程,10,541,118280
2022,3130,上海建桥学院(民办),002,国际经济与贸易,10,536,124809
2022,3130,上海建桥学院(民办),003,学前教育,9,553,103342
2022,3130,上海建桥学院(民办),004,英语,12,534,127210
2022,3130,上海建桥学院(民办),005,德语,5,531,130715
2022,3130,上海建桥学院(民办),006,日语,6,533,128212
2022,3130,上海建桥学院(民办),007,秘书学,3,534,126799
2022,3130,上海建桥学院(民办),008,新闻学,10,543,115792
2022,3130,上海建桥学院(民办),009,新闻学(双语班),6,538,122032
2022,3130,上海建桥学院(民办),010,广告学,5,549,108244
2022,3130,上海建桥学院(民办),011,传播学(围棋),30,520,143769
2022,3130,上海建桥学院(民办),012,网络与新媒体,8,550,106707
2022,3130,上海建桥学院(民办),013,时尚传播,12,532,128922
2022,3130,上海建桥学院(民办),014,工商管理,10,536,124644
2022,3130,上海建桥学院(民办),015,会计学,10,542,116350
2022,3130,上海建桥学院(民办),016,物流管理,14,528,133634
2022,3130,上海建桥学院(民办),017,电子商务,8,535,125252
2022,3130,上海建桥学院(民办),018,旅游管理,5,529,132482
2022,3130,上海建桥学院(民办),019,护理学,8,545,113848
2022,3130,上海建桥学院(民办),020,健康服务与管理,4,537,123619
2022,3130,上海建桥学院(民办),021,养老服务管理,15,525,137259
2022,3130,上海建桥学院(民办),022,日语(中日学分互认),4,532,129644
2022,3130,上海建桥学院(民办),023,工商管理(奢侈品管理),6,530,131729
2022,3130,上海建桥学院(民办),024,工程管理,2,517,147180
2022,3130,上海建桥学院(民办),025,机械设计制造及其自动化,5,516,147901
2022,3130,上海建桥学院(民办),026,汽车服务工程,4,506,159531
2022,3130,上海建桥学院(民办),027,智能制造工程,6,509,156210
2022,3130,上海建桥学院(民办),028,电子科学与技术,5,514,150503
2022,3130,上海建桥学院(民办),029,微电子科学与工程,4,513,151816
2022,3130,上海建桥学院(民办),030,宝石及材料工艺学,3,507,158467
2022,3130,上海建桥学院(民办),031,计算机科学与技术(双语班),4,523,139978
2022,3130,上海建桥学院(民办),032,软件工程,5,530,131153
2022,3130,上海建桥学院(民办),033,网络工程,4,513,151748
2022,3130,上海建桥学院(民办),034,物联网工程,5,522,140705
2022,3130,上海建桥学院(民办),035,数字媒体技术,4,521,142044
2022,3130,上海建桥学院(民办),036,计算机科学与技术,10,524,138625
2022,3130,上海建桥学院(民办),037,数字媒体技术(全英语教学),2,507,158785
2022,3130,上海建桥学院(民办),038,机械设计制造及其自动化(中外合作办学),4,507,158434
2022,3130,上海建桥学院(民办),039,数字媒体技术(双语班),4,507,158733
2022,3130,上海建桥学院(民办),501,护理,5,515,149730
2022,3130,上海建桥学院(民办),502,商务日语(中日学分互认),20,497,
2022,3130,上海建桥学院(民办),503,机电一体化技术,4,497,
2022,3130,上海建桥学院(民办),504,空中乘务,25,497,
2022,3130,上海建桥学院(民办),505,计算机应用技术,4,497,
2022,3130,上海建桥学院(民办),506,国际商务,32,497,
2022,3130,上海建桥学院(民办),507,工商企业管理,30,497,
2022,3130,上海建桥学院(民办),508,旅游管理,16,497,
2022,3130,上海建桥学院(民办),509,商务英语,27,498,168946
2022,3130,上海建桥学院(民办),510,商务日语,12,497,
2022,3131,上海交通大学（一流大学建设高校）,001,人工智能(卓越人才试点班),3,689,201
2022,3131,上海交通大学（一流大学建设高校）,002,电子信息类(IEEE试点班),3,690,183
2022,3131,上海交通大学（一流大学建设高校）,003,金融学,5,687,268
2022,3131,上海交通大学（一流大学建设高校）,004,法学试验班,1,688,255
2022,3132,上海交通大学医学院（一流大学建设高校）,001,临床医学(本博连读),5,687,264
2022,3132,上海交通大学医学院（一流大学建设高校）,002,临床医学(本博连读法语班),1,686,348
2022,3132,上海交通大学医学院（一流大学建设高校）,003,临床医学(本博连读口腔方向),2,686,312
2022,3133,上海交通职业技术学院,501,城市轨道车辆应用技术,5,509,156817
2022,3133,上海交通职业技术学院,502,城市轨道交通供配电技术,5,497,
2022,3133,上海交通职业技术学院,503,城市轨道交通通信信号技术,5,509,156448
2022,3133,上海交通职业技术学院,505,智能机电技术,3,497,
2022,3133,上海交通职业技术学院,506,大数据与会计,5,499,168183
2022,3133,上海交通职业技术学院,508,国际商务,5,497,
2022,3133,上海交通职业技术学院,511,道路工程检测技术,5,497,
2022,3133,上海交通职业技术学院,513,大数据技术,5,497,
2022,3135,上海科学技术职业学院,503,信息安全技术应用,4,497,
2022,3135,上海科学技术职业学院,505,人工智能技术应用,10,497,
2022,3135,上海科学技术职业学院,506,物联网应用技术,10,497,
2022,3135,上海科学技术职业学院,509,机电一体化技术,6,497,
2022,3135,上海科学技术职业学院,513,跨境电子商务,6,497,
2022,3135,上海科学技术职业学院,515,电子商务,6,497,
2022,3135,上海科学技术职业学院,516,应用英语,8,497,
2022,3135,上海科学技术职业学院,517,应用日语,6,497,
2022,3135,上海科学技术职业学院,518,社会工作,12,497,
2022,3135,上海科学技术职业学院,521,现代物流管理(高本贯通),4,497,
2022,3136,上海理工大学,001,工科试验班(智能化制造类),29,625,23488
2022,3136,上海理工大学,002,工科试验班(电子与信息类),15,632,18572
2022,3136,上海理工大学,003,工科试验班(医理工综合类),4,623,25207
2022,3136,上海理工大学,004,经济管理试验班,7,634,16955
2022,3136,上海理工大学,005,新闻传播学类,2,637,15469
2022,3136,上海理工大学,006,英语(科技翻译),2,628,21458
2022,3136,上海理工大学,007,德语,2,628,21500
2022,3136,上海理工大学,008,日语,2,631,19074
2022,3136,上海理工大学,009,英语(中外合作办学)(中美合作),6,622,26316
2022,3136,上海理工大学,010,工商管理(中外合作办学)(中英合作),2,631,19350
2022,3136,上海理工大学,011,国际经济与贸易(中外合作办学)(中德合作),2,629,20958
2022,3136,上海理工大学,012,机械设计制造及其自动化(中外合作办学)(合作高校为德国汉堡应用技术,2,621,26873
2022,3136,上海理工大学,013,电气工程及其自动化(中外合作办学)(中德合作),2,621,27274
2022,3137,上海立达学院(民办),001,金融科技,22,518,146507
2022,3137,上海立达学院(民办),002,会计学,28,523,140552
2022,3137,上海立达学院(民办),003,财务管理,18,519,144470
2022,3137,上海立达学院(民办),004,国际商务,18,518,145998
2022,3137,上海立达学院(民办),501,工业机器人技术,20,497,
2022,3137,上海立达学院(民办),502,计算机应用技术,10,497,
2022,3137,上海立达学院(民办),504,软件技术,27,497,
2022,3137,上海立达学院(民办),505,护理,45,497,
2022,3137,上海立达学院(民办),511,传播与策划,42,497,
2022,3138,上海立信会计金融学院,001,会计学,5,628,21441
2022,3138,上海立信会计金融学院,002,财务管理,5,619,29434
2022,3138,上海立信会计金融学院,003,审计学,8,620,28073
2022,3138,上海立信会计金融学院,004,金融学类,5,617,30889
2022,3138,上海立信会计金融学院,005,金融工程,4,602,45817
2022,3138,上海立信会计金融学院,006,工商管理类,5,595,53204
2022,3138,上海立信会计金融学院,007,经济学类,2,617,31180
2022,3138,上海立信会计金融学院,008,国际商务,1,619,29155
2022,3138,上海立信会计金融学院,009,财政学类,12,599,49159
2022,3138,上海立信会计金融学院,010,经济统计学,1,612,35462
2022,3138,上海立信会计金融学院,011,应用统计学,7,595,52956
2022,3138,上海立信会计金融学院,012,数学与应用数学,4,591,57521
2022,3138,上海立信会计金融学院,013,金融数学,2,606,41973
2022,3138,上海立信会计金融学院,014,信息管理与信息系统,2,597,50712
2022,3138,上海立信会计金融学院,015,计算机科学与技术,4,598,50287
2022,3138,上海立信会计金融学院,016,数据科学与大数据技术,4,602,46210
2022,3138,上海立信会计金融学院,017,商务英语,5,590,59562
2022,3138,上海立信会计金融学院,018,英语,4,595,53612
2022,3138,上海立信会计金融学院,019,精算学,3,617,30654
2022,3138,上海立信会计金融学院,020,法学,1,615,32823
2022,3138,上海立信会计金融学院,021,社会工作,1,602,46236
2022,3138,上海立信会计金融学院,022,金融科技,3,604,43980
2022,3138,上海立信会计金融学院,023,金融工程(中外合作办学)(中美合作),8,586,63306
2022,3138,上海立信会计金融学院,024,汉语言文学,2,599,48888
2022,3138,上海立信会计金融学院,025,物流管理,2,593,56036
2022,3138,上海立信会计金融学院,501,大数据技术(中外合作办学),10,497,
2022,3139,上海旅游高等专科学校,501,大数据与财务管理,2,509,156670
2022,3139,上海旅游高等专科学校,502,大数据与会计,2,514,150285
2022,3139,上海旅游高等专科学校,503,电子商务,3,504,162361
2022,3139,上海旅游高等专科学校,504,旅游管理,2,503,163525
2022,3139,上海旅游高等专科学校,505,定制旅行管理与服务,4,497,
2022,3139,上海旅游高等专科学校,506,酒店管理与数字化运营,13,497,
2022,3139,上海旅游高等专科学校,508,会展策划与管理,4,507,159282
2022,3139,上海旅游高等专科学校,511,全媒体广告策划与营销,3,504,161942
2022,3139,上海旅游高等专科学校,513,应用韩语,2,501,165989
2022,3139,上海旅游高等专科学校,514,应用西班牙语,3,506,160382
2022,3139,上海旅游高等专科学校,515,西式烹饪工艺,3,508,158104
2022,3141,上海农林职业技术学院,501,风景园林设计,6,497,
2022,3141,上海农林职业技术学院,502,动物医学,6,515,149614
2022,3141,上海农林职业技术学院,504,农产品加工与质量检测,6,497,
2022,3141,上海农林职业技术学院,505,现代农业经济管理,8,497,
2022,3141,上海农林职业技术学院,506,文化创意与策划,5,497,
2022,3141,上海农林职业技术学院,507,软件技术,6,497,
2022,3143,上海杉达学院(民办),001,金融学,6,542,116887
2022,3143,上海杉达学院(民办),002,金融学(CFA方向),4,540,119207
2022,3143,上海杉达学院(民办),003,国际经济与贸易,6,540,119876
2022,3143,上海杉达学院(民办),004,法学,6,551,106488
2022,3143,上海杉达学院(民办),005,会计学,4,545,113580
2022,3143,上海杉达学院(民办),006,会计学(双语教学),7,529,132839
2022,3143,上海杉达学院(民办),007,财务管理,4,540,119963
2022,3143,上海杉达学院(民办),008,财务管理(CIMA方向),6,537,123191
2022,3143,上海杉达学院(民办),009,市场营销,2,535,125719
2022,3143,上海杉达学院(民办),010,人力资源管理,4,538,122306
2022,3143,上海杉达学院(民办),011,食品质量与安全,4,535,126124
2022,3143,上海杉达学院(民办),012,劳动与社会保障,2,532,129014
2022,3143,上海杉达学院(民办),013,旅游管理,2,528,134023
2022,3143,上海杉达学院(民办),014,旅游管理(会展策划与管理方向),3,531,130474
2022,3143,上海杉达学院(民办),015,旅游管理(双语教学),10,517,147715
2022,3143,上海杉达学院(民办),016,酒店管理,2,531,130612
2022,3143,上海杉达学院(民办),017,酒店管理(双语教学),14,518,146461
2022,3143,上海杉达学院(民办),018,英语,12,538,122079
2022,3143,上海杉达学院(民办),019,日语,2,533,128365
2022,3143,上海杉达学院(民办),020,西班牙语,2,535,125648
2022,3143,上海杉达学院(民办),021,翻译(日语翻译方向),4,533,127725
2022,3143,上海杉达学院(民办),022,计算机科学与技术,8,513,151609
2022,3143,上海杉达学院(民办),023,软件工程,8,513,151567
2022,3143,上海杉达学院(民办),024,数据科学与大数据技术,8,511,154139
2022,3143,上海杉达学院(民办),025,电子商务,2,541,117790
2022,3143,上海杉达学院(民办),026,小学教育,2,565,89024
2022,3143,上海杉达学院(民办),027,学前教育,2,561,93455
2022,3143,上海杉达学院(民办),028,汉语国际教育,2,545,113768
2022,3143,上海杉达学院(民办),029,护理学,15,545,113037
2022,3143,上海杉达学院(民办),030,康复治疗学,4,547,110696
2022,3143,上海杉达学院(民办),031,新闻学,2,552,104582
2022,3143,上海杉达学院(民办),032,新闻学(传媒经营方向),2,547,110603
2022,3143,上海杉达学院(民办),033,网络与新媒体,2,554,101820
2022,3143,上海杉达学院(民办),038,时尚传播(双语教学),13,518,146024
2022,3143,上海杉达学院(民办),039,汉语国际教育(双语教学),15,517,147318
2022,3143,上海杉达学院(民办),040,工程管理,2,515,149940
2022,3143,上海杉达学院(民办),041,机械电子工程,4,516,147998
2022,3143,上海杉达学院(民办),042,建筑电气与智能化,2,512,153129
2022,3143,上海杉达学院(民办),043,土木工程,2,507,158737
2022,3143,上海杉达学院(民办),044,风景园林,4,532,129427
2022,3143,上海杉达学院(民办),045,时尚传播,2,539,120464
2022,3143,上海杉达学院(民办),046,国际经济与贸易(中外合作办学)(中美合作办学),13,528,134653
2022,3143,上海杉达学院(民办),501,现代物流管理,30,497,
2022,3143,上海杉达学院(民办),502,机电一体化技术,30,497,
2022,3143,上海杉达学院(民办),503,智能控制技术,20,497,
2022,3144,上海商学院,003,财务管理,6,593,55475
2022,3144,上海商学院,004,金融学,6,593,56028
2022,3144,上海商学院,005,税收学,6,591,58248
2022,3144,上海商学院,006,国际经济与贸易,6,587,62666
2022,3144,上海商学院,007,商务经济学,6,589,60669
2022,3144,上海商学院,008,大数据管理与应用,6,582,68658
2022,3144,上海商学院,009,酒店管理(中外合作办学),5,561,94368
2022,3144,上海商学院,010,电子商务(中外合作办学),5,570,83189
2022,3145,上海师范大学,012,艺术管理,5,618,30306
2022,3145,上海师范大学,016,汉语言文学(光启实验班),4,648,9184
2022,3145,上海师范大学,017,世界史,4,635,16397
2022,3145,上海师范大学,018,英语(师范),4,639,13988
2022,3145,上海师范大学,019,日语,4,627,22521
2022,3145,上海师范大学,020,数学与应用数学(数学金融AI实验班),4,623,25782
2022,3145,上海师范大学,021,科学教育(师范),4,627,22206
2022,3145,上海师范大学,022,化学(师范),5,626,22981
2022,3145,上海师范大学,023,化学类,4,617,31101
2022,3145,上海师范大学,024,地理科学(师范),5,627,22011
2022,3145,上海师范大学,025,园艺(中外合作办学)(中荷合作),4,579,72084
2022,3145,上海师范大学,026,机械设计制造及其自动化(中外合作办学)(中美合作),5,592,57191
2022,3145,上海师范大学,027,汽车服务工程(中外合作办学)(中德合作),6,577,74287
2022,3145,上海师范大学,028,电子信息工程(中外合作办学)(中美合作),4,596,51928
2022,3145,上海师范大学,029,土木工程(中外合作办学)(中英合作),5,584,66496
2022,3145,上海师范大学,030,电子信息类,7,609,38411
2022,3145,上海师范大学,031,土木工程(道桥工程),4,594,54332
2022,3145,上海师范大学,032,金融学类,5,623,25575
2022,3145,上海师范大学,033,经济学(中外合作办学)(中美合作),6,612,35680
2022,3145,上海师范大学,034,广告学(中外合作办学)(中法合作),6,614,33757
2022,3145,上海师范大学,035,新闻传播学类,6,636,16123
2022,3146,上海师范大学天华学院(独立学院),001,机械电子工程(双语教学),6,507,159001
2022,3146,上海师范大学天华学院(独立学院),002,电子信息工程(双语教学),7,511,154025
2022,3146,上海师范大学天华学院(独立学院),003,通信工程(双语教学),6,508,157690
2022,3146,上海师范大学天华学院(独立学院),004,人工智能,7,510,155712
2022,3146,上海师范大学天华学院(独立学院),005,应用心理学(双语教学),12,534,127141
2022,3146,上海师范大学天华学院(独立学院),006,国际商务(双语教学),15,529,133141
2022,3146,上海师范大学天华学院(独立学院),007,财务管理(双语教学，国际注册会计师培养),11,536,124606
2022,3146,上海师范大学天华学院(独立学院),008,财务管理(双语教学，特许金融分析师培养),9,533,128380
2022,3146,上海师范大学天华学院(独立学院),009,金融数学(双语教学),15,526,136362
2022,3146,上海师范大学天华学院(独立学院),013,英语(英语教育),17,542,117301
2022,3146,上海师范大学天华学院(独立学院),014,小学教育(中外合作办学),10,553,103672
2022,3146,上海师范大学天华学院(独立学院),015,学前教育(中外合作办学),6,550,107054
2022,3147,上海思博职业技术学院(民办),507,国际商务(高本贯通),8,497,
2022,3147,上海思博职业技术学院(民办),509,学前教育(高本贯通),15,497,
2022,3147,上海思博职业技术学院(民办),510,"建筑工程技术(装配化施工方向,高本贯通)",10,497,
2022,3148,上海体育学院（一流学科建设高校）,001,新闻学,2,631,18864
2022,3148,上海体育学院（一流学科建设高校）,002,英语,2,620,28413
2022,3148,上海体育学院（一流学科建设高校）,003,汉语国际教育,2,606,41203
2022,3148,上海体育学院（一流学科建设高校）,004,医学技术类,20,596,52158
2022,3148,上海体育学院（一流学科建设高校）,005,工商管理类,2,603,44744
2022,3148,上海体育学院（一流学科建设高校）,006,数据科学与大数据技术,2,596,52467
2022,3150,上海兴伟学院(民办),001,英语,13,517,147321
2022,3150,上海兴伟学院(民办),002,国际商务,12,517,147280
2022,3151,上海外国语大学（一流学科建设高校）,001,英语,6,656,5831
2022,3151,上海外国语大学（一流学科建设高校）,002,英语(国际政治双学位),1,657,5355
2022,3151,上海外国语大学（一流学科建设高校）,003,翻译,4,655,6286
2022,3151,上海外国语大学（一流学科建设高校）,004,翻译(工商管理双学位),1,661,4258
2022,3151,上海外国语大学（一流学科建设高校）,005,英语(教育),2,658,5224
2022,3151,上海外国语大学（一流学科建设高校）,006,商务英语,2,655,6317
2022,3151,上海外国语大学（一流学科建设高校）,011,德语,3,655,6319
2022,3151,上海外国语大学（一流学科建设高校）,012,德语(工商管理双学位),2,657,5595
2022,3151,上海外国语大学（一流学科建设高校）,013,法语,7,652,7465
2022,3151,上海外国语大学（一流学科建设高校）,014,西班牙语,2,657,5581
2022,3151,上海外国语大学（一流学科建设高校）,015,意大利语,2,651,7831
2022,3151,上海外国语大学（一流学科建设高校）,020,金融学,3,654,6504
2022,3151,上海外国语大学（一流学科建设高校）,021,精算学,3,647,9694
2022,3151,上海外国语大学（一流学科建设高校）,022,国际经济与贸易,4,651,7708
2022,3151,上海外国语大学（一流学科建设高校）,023,数据科学与大数据技术,1,646,10059
2022,3151,上海外国语大学（一流学科建设高校）,024,法学,6,653,6932
2022,3151,上海外国语大学（一流学科建设高校）,025,国际政治,1,654,6490
2022,3151,上海外国语大学（一流学科建设高校）,026,外交学,2,654,6682
2022,3151,上海外国语大学（一流学科建设高校）,027,外交学(法语双学位),2,655,6310
2022,3151,上海外国语大学（一流学科建设高校）,028,教育技术学,2,650,8133
2022,3151,上海外国语大学（一流学科建设高校）,029,汉语国际教育,2,653,7037
2022,3151,上海外国语大学（一流学科建设高校）,030,新闻传播学类(卓越国际新闻传播人才计划),10,655,6325
2022,3151,上海外国语大学（一流学科建设高校）,031,工商管理类(卓越管理人才计划),6,651,7610
2022,3152,上海外国语大学贤达经济人文学院(独立学院),001,英语,5,539,121185
2022,3152,上海外国语大学贤达经济人文学院(独立学院),002,日语,5,542,117537
2022,3152,上海外国语大学贤达经济人文学院(独立学院),003,西班牙语(双语班),5,531,130882
2022,3152,上海外国语大学贤达经济人文学院(独立学院),004,朝鲜语,5,520,144234
2022,3152,上海外国语大学贤达经济人文学院(独立学院),005,阿拉伯语,5,522,141665
2022,3152,上海外国语大学贤达经济人文学院(独立学院),006,国际经济与贸易,5,550,107453
2022,3152,上海外国语大学贤达经济人文学院(独立学院),007,会计学(双语班),5,539,120968
2022,3152,上海外国语大学贤达经济人文学院(独立学院),008,金融学,5,548,109241
2022,3152,上海外国语大学贤达经济人文学院(独立学院),009,法学(双语班),5,547,110719
2022,3152,上海外国语大学贤达经济人文学院(独立学院),010,工商管理,5,531,130633
2022,3152,上海外国语大学贤达经济人文学院(独立学院),011,旅游管理,5,529,132789
2022,3152,上海外国语大学贤达经济人文学院(独立学院),012,文化产业管理,5,537,123381
2022,3152,上海外国语大学贤达经济人文学院(独立学院),015,新闻学(新媒体方向),5,543,116096
2022,3152,上海外国语大学贤达经济人文学院(独立学院),016,广告学,5,534,126670
2022,3152,上海外国语大学贤达经济人文学院(独立学院),018,学前教育(双语班),5,544,114964
2022,3152,上海外国语大学贤达经济人文学院(独立学院),019,英语(商务方向),5,539,120858
2022,3152,上海外国语大学贤达经济人文学院(独立学院),020,德语(商务方向),5,524,139051
2022,3152,上海外国语大学贤达经济人文学院(独立学院),021,法语(商务方向),5,527,135077
2022,3152,上海外国语大学贤达经济人文学院(独立学院),022,国际经济与贸易(全英语教学班),5,527,135081
2022,3152,上海外国语大学贤达经济人文学院(独立学院),023,会计学(全英语教学班),5,536,124869
2022,3152,上海外国语大学贤达经济人文学院(独立学院),024,金融学(全英语教学班),5,532,128900
2022,3152,上海外国语大学贤达经济人文学院(独立学院),025,工商管理(全英语教学班),5,525,137777
2022,3152,上海外国语大学贤达经济人文学院(独立学院),026,会展经济与管理(全英语教学班),5,520,143588
2022,3152,上海外国语大学贤达经济人文学院(独立学院),027,酒店管理(全英语教学班),5,517,146691
2022,3152,上海外国语大学贤达经济人文学院(独立学院),028,大数据管理与应用,5,500,166709
2022,3155,上海行健职业学院,501,应用英语,4,504,162563
2022,3155,上海行健职业学院,502,应用德语(国际商务方向),5,497,
2022,3155,上海行健职业学院,505,学前教育,3,515,149375
2022,3156,上海健康医学院,001,临床医学,7,580,70453
2022,3156,上海健康医学院,002,护理学,15,569,84044
2022,3156,上海健康医学院,003,助产学,15,566,87514
2022,3156,上海健康医学院,004,健康服务与管理,5,568,85116
2022,3156,上海健康医学院,005,康复物理治疗,10,570,82893
2022,3156,上海健康医学院,006,生物医学工程,5,568,85130
2022,3156,上海健康医学院,007,医学检验技术,5,578,73546
2022,3156,上海健康医学院,008,卫生检验与检疫,5,572,81090
2022,3156,上海健康医学院,009,口腔医学技术,4,582,68386
2022,3156,上海健康医学院,010,医学影像技术,5,582,68611
2022,3156,上海健康医学院,011,智能影像工程,10,573,79272
2022,3156,上海健康医学院,012,药学,14,569,84612
2022,3156,上海健康医学院,013,药物分析,5,567,86813
2022,3156,上海健康医学院,014,公共事业管理,5,568,85001
2022,3156,上海健康医学院,501,护理(中外合作办学),15,521,142895
2022,3156,上海健康医学院,502,医疗器械维护与管理(中外合作办学)(临床工程技术方向),15,514,151336
2022,3158,上海音乐学院（一流学科建设高校）,020,艺术管理,2,633,18024
2022,3159,上海应用技术大学,001,材料科学与工程(卓越工程师计划试点班),3,593,55204
2022,3159,上海应用技术大学,002,机械设计制造及其自动化(卓越工程师计划试点班),3,597,51568
2022,3159,上海应用技术大学,003,软件工程(卓越工程师计划试点班),5,602,45714
2022,3159,上海应用技术大学,004,人工智能,3,597,50763
2022,3159,上海应用技术大学,005,建筑学,2,596,52773
2022,3159,上海应用技术大学,006,化妆品技术与工程,2,592,57442
2022,3159,上海应用技术大学,011,工商管理类,3,596,52090
2022,3159,上海应用技术大学,012,英语,2,595,53913
2022,3159,上海应用技术大学,013,德语,2,590,58899
2022,3159,上海应用技术大学,014,风景园林,2,595,53847
2022,3159,上海应用技术大学,015,数学与应用数学,2,596,51978
2022,3160,上海震旦职业学院(民办),501,护理,80,497,
2022,3161,上海政法学院,001,法学(卓越法律人才培养创新班),4,643,11823
2022,3161,上海政法学院,002,法学(涉外卓越法律人才培养创新班),3,642,12469
2022,3161,上海政法学院,003,法学(涉外卓越律师人才培养试点班),3,641,12997
2022,3161,上海政法学院,004,法学(民商法方向),5,640,13382
2022,3161,上海政法学院,005,法学(国际经济法方向),4,640,13624
2022,3161,上海政法学院,006,法学(刑事司法方向),4,640,13500
2022,3161,上海政法学院,007,法学(AI法学方向),5,639,14223
2022,3161,上海政法学院,008,知识产权,4,637,15250
2022,3161,上海政法学院,009,国际经济与贸易,4,622,26483
2022,3161,上海政法学院,010,经济学,4,625,24070
2022,3161,上海政法学院,011,审计学,4,629,20771
2022,3161,上海政法学院,012,电子商务及法律,5,632,18573
2022,3161,上海政法学院,013,英语,4,618,30011
2022,3161,上海政法学院,014,俄语,4,608,39974
2022,3161,上海政法学院,015,汉语国际教育,4,614,33252
2022,3161,上海政法学院,016,网络与新媒体,4,622,26032
2022,3161,上海政法学院,017,广播电视学(卓越新闻传播人才培养试点班),4,623,25885
2022,3163,上海中侨职业技术大学(民办),001,建筑工程,3,502,163994
2022,3163,上海中侨职业技术大学(民办),002,机器人技术,3,510,155519
2022,3163,上海中侨职业技术大学(民办),003,数字媒体技术,6,508,157199
2022,3163,上海中侨职业技术大学(民办),004,物联网工程技术,4,506,160039
2022,3163,上海中侨职业技术大学(民办),005,大数据工程技术,3,501,165350
2022,3163,上海中侨职业技术大学(民办),006,智能制造工程技术,3,501,165103
2022,3163,上海中侨职业技术大学(民办),007,汽车服务工程技术,10,519,145098
2022,3163,上海中侨职业技术大学(民办),008,食品质量与安全,12,524,139012
2022,3163,上海中侨职业技术大学(民办),009,护理,12,538,121832
2022,3163,上海中侨职业技术大学(民办),010,现代物流管理,12,521,142638
2022,3163,上海中侨职业技术大学(民办),011,金融科技应用,5,522,141731
2022,3163,上海中侨职业技术大学(民办),012,大数据与会计,5,526,136384
2022,3163,上海中侨职业技术大学(民办),501,应用英语,12,497,
2022,3163,上海中侨职业技术大学(民办),507,大数据与会计(涉外会计),12,497,
2022,3163,上海中侨职业技术大学(民办),529,护理(康复护理),14,497,
2022,3164,上海中医药大学（一流学科建设高校）,001,中医学(屠呦呦班),4,663,3599
2022,3164,上海中医药大学（一流学科建设高校）,002,中医学(5+3一体化),3,656,5964
2022,3164,上海中医药大学（一流学科建设高校）,003,中医学(5+3一体化，针灸推拿英语方向),2,650,8046
2022,3164,上海中医药大学（一流学科建设高校）,004,预防医学,3,637,15487
2022,3164,上海中医药大学（一流学科建设高校）,005,中药学,4,639,14030
2022,3164,上海中医药大学（一流学科建设高校）,006,康复物理治疗,2,625,23739
2022,3164,上海中医药大学（一流学科建设高校）,007,康复作业治疗,1,632,18424
2022,3164,上海中医药大学（一流学科建设高校）,008,药学(中外合作办学),3,628,21769
2022,3165,同济大学（一流大学建设高校）,001,人文科学试验班,10,661,4088
2022,3165,同济大学（一流大学建设高校）,002,经济管理试验班,11,659,4815
2022,3165,同济大学（一流大学建设高校）,003,工科试验班(建筑规划景观与设计类),14,667,2651
2022,3165,同济大学（一流大学建设高校）,004,工科试验班(土木与环境类),21,656,5665
2022,3165,同济大学（一流大学建设高校）,005,工科试验班(智能交通与车辆类),9,659,4743
2022,3165,同济大学（一流大学建设高校）,006,工科试验班(智能化制造与先进材料类),7,660,4507
2022,3165,同济大学（一流大学建设高校）,007,工科试验班(信息类),37,662,3927
2022,3165,同济大学（一流大学建设高校）,008,医学试验班,2,665,2980
2022,3165,同济大学（一流大学建设高校）,016,工科试验班(国豪精英班),3,679,760
2022,3165,同济大学（一流大学建设高校）,017,临床医学(5+3一体化),3,667,2667
2022,3165,同济大学（一流大学建设高校）,018,计算机科学与技术(计算机科学拔尖学生培养),3,670,1981
2022,3168,上海民航职业技术学院,501,空中乘务,60,497,
2022,3168,上海民航职业技术学院,503,民航运输服务,15,497,
2022,3168,上海民航职业技术学院,504,民航运输服务(民航电子商务),4,497,
2022,3168,上海民航职业技术学院,506,民航运输服务(航空旅游服务),6,497,
2022,3168,上海民航职业技术学院,507,机场运行服务与管理(民航机场气象观测),4,514,150975
2022,3168,上海民航职业技术学院,508,机场运行服务与管理(航空港管理),8,497,
2022,3168,上海民航职业技术学院,509,民航安全技术管理,9,497,
2022,3168,上海民航职业技术学院,510,飞机机电设备维修,8,497,
2022,3168,上海民航职业技术学院,511,飞机电子设备维修,4,507,158584
2022,3168,上海民航职业技术学院,513,通用航空器维修(直升机维修),6,497,
2022,3168,上海民航职业技术学院,514,无人机应用技术,4,497,
2022,3168,上海民航职业技术学院,518,机场运行服务与管理(航空器机坪管制),4,498,168727
2022,3171,复旦大学医学院（一流大学建设高校）,001,临床医学(本博连读，卓越医生计划),4,686,334
2022,3173,上海南湖职业技术学院,503,新能源汽车检测与维修技术,4,497,
2022,3173,上海南湖职业技术学院,505,护理,12,497,
2022,3201,常熟理工学院,005,纺织工程,7,558,97648
2022,3201,常熟理工学院,006,服装设计与工程,5,560,94647
2022,3201,常熟理工学院,007,英语(师范),2,586,63854
2022,3201,常熟理工学院,008,数学与应用数学(师范),2,585,64332
2022,3201,常熟理工学院,009,电子信息工程(中外合作办学),2,544,114074
2022,3201,常熟理工学院,010,机械电子工程(中外合作办学),2,545,112721
2022,3201,常熟理工学院,011,电气工程及其自动化(中外合作办学),2,547,111430
2022,3204,常州工业职业技术学院,503,软件技术,5,497,
2022,3205,常州信息职业技术学院,502,国际经济与贸易,1,505,161210
2022,3205,常州信息职业技术学院,505,现代物流管理,1,507,158883
2022,3205,常州信息职业技术学院,506,跨境电子商务,1,517,147403
2022,3205,常州信息职业技术学院,507,软件技术,2,510,155176
2022,3205,常州信息职业技术学院,508,大数据技术,1,510,155377
2022,3205,常州信息职业技术学院,509,云计算技术应用,1,515,150113
2022,3205,常州信息职业技术学院,511,信息安全技术应用,1,501,165012
2022,3205,常州信息职业技术学院,512,物联网应用技术,2,506,159343
2022,3205,常州信息职业技术学院,513,密码技术应用,1,502,164366
2022,3205,常州信息职业技术学院,514,计算机应用技术,2,508,157649
2022,3205,常州信息职业技术学院,515,电子信息工程技术,2,504,162672
2022,3205,常州信息职业技术学院,516,电气自动化技术,3,497,
2022,3205,常州信息职业技术学院,520,动漫制作技术,1,554,102165
2022,3205,常州信息职业技术学院,521,虚拟现实技术应用,1,515,149762
2022,3206,东南大学（一流大学建设高校）,001,文科试验班类,8,659,4832
2022,3206,东南大学（一流大学建设高校）,002,建筑类,8,662,3946
2022,3206,东南大学（一流大学建设高校）,003,工科试验班(碳中和与智能制造实验班),35,653,6781
2022,3206,东南大学（一流大学建设高校）,004,工科试验班(土木交通材料实验班),20,651,7595
2022,3206,东南大学（一流大学建设高校）,005,电子信息类,21,656,5755
2022,3206,东南大学（一流大学建设高校）,006,计算机类,20,658,5161
2022,3206,东南大学（一流大学建设高校）,007,工科试验班(吴健雄班),7,663,3622
2022,3206,东南大学（一流大学建设高校）,008,经济学类,6,659,4888
2022,3206,东南大学（一流大学建设高校）,009,临床医学(5+3一体化培养),6,661,4145
2022,3207,东南大学成贤学院(独立学院),001,计算机科学与技术,4,549,108274
2022,3207,东南大学成贤学院(独立学院),002,软件工程,5,545,112746
2022,3207,东南大学成贤学院(独立学院),003,自动化,5,537,123432
2022,3207,东南大学成贤学院(独立学院),004,电子科学与技术,6,540,119449
2022,3207,东南大学成贤学院(独立学院),005,电子信息工程,5,542,117528
2022,3207,东南大学成贤学院(独立学院),006,电气工程及其自动化,9,537,123272
2022,3207,东南大学成贤学院(独立学院),007,机械设计制造及其自动化,6,532,128822
2022,3207,东南大学成贤学院(独立学院),008,机械工程,6,530,131787
2022,3207,东南大学成贤学院(独立学院),009,土木工程,5,536,123727
2022,3207,东南大学成贤学院(独立学院),010,工程管理,5,532,129177
2022,3207,东南大学成贤学院(独立学院),011,工程造价,5,538,121556
2022,3207,东南大学成贤学院(独立学院),012,建筑学,3,564,89726
2022,3207,东南大学成贤学院(独立学院),013,风景园林,2,560,95331
2022,3207,东南大学成贤学院(独立学院),014,化工与制药类,6,554,102282
2022,3207,东南大学成贤学院(独立学院),015,功能材料,3,531,129980
2022,3207,东南大学成贤学院(独立学院),016,护理学,5,559,96016
2022,3207,东南大学成贤学院(独立学院),017,会计学,4,567,86245
2022,3207,东南大学成贤学院(独立学院),018,财务管理,4,564,90012
2022,3207,东南大学成贤学院(独立学院),019,税收学,3,558,97339
2022,3207,东南大学成贤学院(独立学院),020,市场营销,5,555,100796
2022,3207,东南大学成贤学院(独立学院),021,物流管理,3,555,100974
2022,3207,东南大学成贤学院(独立学院),022,国际经济与贸易,7,556,100123
2022,3207,东南大学成贤学院(独立学院),023,电子商务,4,557,98820
2022,3207,东南大学成贤学院(独立学院),024,交通工程,6,554,101884
2022,3207,东南大学成贤学院(独立学院),025,药事管理,4,556,100329
2022,3209,河海大学（一流学科建设高校）,001,水文与水资源工程,3,642,12086
2022,3209,河海大学（一流学科建设高校）,002,水务工程,2,644,11173
2022,3209,河海大学（一流学科建设高校）,003,自然地理与资源环境,2,638,14541
2022,3209,河海大学（一流学科建设高校）,004,地理信息科学,2,641,12748
2022,3209,河海大学（一流学科建设高校）,005,水利水电工程,6,645,10543
2022,3209,河海大学（一流学科建设高校）,006,智慧水利,2,640,13221
2022,3209,河海大学（一流学科建设高校）,007,港口航道与海岸工程,10,635,16740
2022,3209,河海大学（一流学科建设高校）,008,海洋资源开发技术,2,633,17607
2022,3209,河海大学（一流学科建设高校）,009,船舶与海洋工程,2,634,17410
2022,3209,河海大学（一流学科建设高校）,010,土木工程,7,638,14312
2022,3209,河海大学（一流学科建设高校）,011,交通工程,2,638,14255
2022,3209,河海大学（一流学科建设高校）,012,环境工程,2,640,13516
2022,3209,河海大学（一流学科建设高校）,013,环境科学,2,639,14038
2022,3209,河海大学（一流学科建设高校）,014,给排水科学与工程,2,637,15089
2022,3209,河海大学（一流学科建设高校）,015,环境生态工程,2,636,15631
2022,3209,河海大学（一流学科建设高校）,016,环境科学(中外合作办学),5,625,24116
2022,3209,河海大学（一流学科建设高校）,017,电气工程及其自动化,6,643,11825
2022,3209,河海大学（一流学科建设高校）,018,能源与动力工程,2,639,13777
2022,3209,河海大学（一流学科建设高校）,019,自动化,3,641,12702
2022,3209,河海大学（一流学科建设高校）,020,新能源科学与工程,2,641,12712
2022,3209,河海大学（一流学科建设高校）,021,计算机科学与技术,3,645,10499
2022,3209,河海大学（一流学科建设高校）,022,软件工程,2,645,10424
2022,3209,河海大学（一流学科建设高校）,023,电子信息工程,2,643,11555
2022,3209,河海大学（一流学科建设高校）,024,工程力学,2,640,13138
2022,3209,河海大学（一流学科建设高校）,025,材料科学与工程,2,633,17569
2022,3209,河海大学（一流学科建设高校）,026,地质工程,2,635,16600
2022,3209,河海大学（一流学科建设高校）,027,农业水利工程,2,636,15622
2022,3209,河海大学（一流学科建设高校）,028,海洋科学,4,634,17019
2022,3209,河海大学（一流学科建设高校）,029,海洋技术,3,631,19200
2022,3209,河海大学（一流学科建设高校）,030,数学类,2,641,12848
2022,3209,河海大学（一流学科建设高校）,031,信息管理与信息系统,2,639,13760
2022,3209,河海大学（一流学科建设高校）,032,工程管理,2,637,15480
2022,3209,河海大学（一流学科建设高校）,033,市场营销,2,642,12374
2022,3209,河海大学（一流学科建设高校）,034,财务管理,2,647,9599
2022,3209,河海大学（一流学科建设高校）,035,人力资源管理,2,644,11269
2022,3209,河海大学（一流学科建设高校）,036,金融工程,2,644,11271
2022,3209,河海大学（一流学科建设高校）,037,劳动与社会保障,2,642,12393
2022,3209,河海大学（一流学科建设高校）,038,广播电视学,2,643,11395
2022,3209,河海大学（一流学科建设高校）,039,土地资源管理,2,643,11796
2022,3209,河海大学（一流学科建设高校）,040,社会学,2,648,9296
2022,3209,河海大学（一流学科建设高校）,042,法学,2,648,9013
2022,3209,河海大学（一流学科建设高校）,043,思想政治教育,2,646,10109
2022,3209,河海大学（一流学科建设高校）,044,英语,3,644,11368
2022,3209,河海大学（一流学科建设高校）,045,法语,2,641,12707
2022,3209,河海大学（一流学科建设高校）,046,水利类(大禹强化班),5,643,11429
2022,3209,河海大学（一流学科建设高校）,047,工程力学(大禹徐芝纶班),2,640,13173
2022,3209,河海大学（一流学科建设高校）,048,计算机类(大禹强化班),2,645,10670
2022,3209,河海大学（一流学科建设高校）,049,土木工程(中外合作办学)(河海里尔学院),5,618,29671
2022,3209,河海大学（一流学科建设高校）,050,机械工程(中外合作办学)(河海里尔学院),5,619,29493
2022,3209,河海大学（一流学科建设高校）,051,智能科学与技术,2,642,11918
2022,3209,河海大学（一流学科建设高校）,052,人工智能,2,642,12232
2022,3209,河海大学（一流学科建设高校）,053,机械工程,2,637,14852
2022,3209,河海大学（一流学科建设高校）,054,工业设计,2,638,14260
2022,3209,河海大学（一流学科建设高校）,055,机器人工程,3,640,13389
2022,3209,河海大学（一流学科建设高校）,056,智能制造工程,2,639,13737
2022,3209,河海大学（一流学科建设高校）,057,自动化(常州),2,640,13226
2022,3209,河海大学（一流学科建设高校）,058,物联网工程,3,640,13169
2022,3209,河海大学（一流学科建设高校）,059,电子科学与技术,2,641,12589
2022,3209,河海大学（一流学科建设高校）,060,会计学,2,646,10008
2022,3209,河海大学（一流学科建设高校）,061,国际经济与贸易,2,645,10643
2022,3209,河海大学（一流学科建设高校）,062,工商管理,2,645,10649
2022,3210,江苏海洋大学,001,水产养殖学,1,576,75143
2022,3210,江苏海洋大学,002,测绘工程,4,580,70574
2022,3210,江苏海洋大学,003,港口航道与海岸工程,4,569,84134
2022,3210,江苏海洋大学,004,建筑学,1,587,62256
2022,3210,江苏海洋大学,005,机械电子工程,1,582,68895
2022,3210,江苏海洋大学,006,通信工程,1,580,70666
2022,3210,江苏海洋大学,007,药物分析,3,575,77342
2022,3210,江苏海洋大学,008,新能源科学与工程,2,576,75574
2022,3210,江苏海洋大学,009,金融学,1,585,64638
2022,3210,江苏海洋大学,010,法学,1,595,53191
2022,3210,江苏海洋大学,011,新闻学,1,591,58373
2022,3210,江苏海洋大学,012,日语,4,577,75013
2022,3210,江苏海洋大学,013,英语,2,585,65192
2022,3210,江苏海洋大学,014,机器人工程(中外合作办学),2,565,89440
2022,3210,江苏海洋大学,015,船舶与海洋工程(中外合作办学),2,529,133008
2022,3211,淮阴工学院,001,计算机科学与技术,6,560,94453
2022,3212,淮阴师范学院,001,知识产权,5,567,87000
2022,3212,淮阴师范学院,002,计算机科学与技术(嵌入式培养),6,551,105882
2022,3212,淮阴师范学院,003,数学与应用数学(师范),4,567,86446
2022,3212,淮阴师范学院,004,生物工程,6,559,95548
2022,3212,淮阴师范学院,005,秘书学,3,560,94961
2022,3212,淮阴师范学院,006,英语(师范),4,583,67671
2022,3216,江南大学（一流学科建设高校）,001,食品科学与工程,8,631,19209
2022,3216,江南大学（一流学科建设高校）,002,食品质量与安全,5,630,19718
2022,3216,江南大学（一流学科建设高校）,003,生物工程,8,630,20260
2022,3216,江南大学（一流学科建设高校）,004,生物技术,5,623,25168
2022,3216,江南大学（一流学科建设高校）,005,酿酒工程,6,617,30549
2022,3216,江南大学（一流学科建设高校）,006,纺织工程,11,625,23958
2022,3216,江南大学（一流学科建设高校）,007,高分子材料与工程,13,626,22718
2022,3216,江南大学（一流学科建设高校）,008,应用化学,13,625,23937
2022,3216,江南大学（一流学科建设高校）,009,环境科学,6,624,24434
2022,3216,江南大学（一流学科建设高校）,010,环境工程,9,627,22344
2022,3216,江南大学（一流学科建设高校）,011,服装设计与工程,10,628,21445
2022,3216,江南大学（一流学科建设高校）,012,制药工程,8,628,21725
2022,3216,江南大学（一流学科建设高校）,013,药学,6,624,24826
2022,3216,江南大学（一流学科建设高校）,014,临床医学,9,642,12163
2022,3216,江南大学（一流学科建设高校）,015,物联网工程,4,638,14304
2022,3216,江南大学（一流学科建设高校）,016,自动化,25,634,16888
2022,3216,江南大学（一流学科建设高校）,017,电气工程及其自动化,8,636,15816
2022,3216,江南大学（一流学科建设高校）,018,微电子科学与工程,9,635,16575
2022,3216,江南大学（一流学科建设高校）,019,土木工程,3,629,20763
2022,3216,江南大学（一流学科建设高校）,020,光电信息科学与工程,13,632,18165
2022,3216,江南大学（一流学科建设高校）,021,机械工程,18,628,21763
2022,3216,江南大学（一流学科建设高校）,022,机器人工程,5,636,16167
2022,3216,江南大学（一流学科建设高校）,023,工业设计,3,639,14110
2022,3216,江南大学（一流学科建设高校）,024,人工智能,10,636,15892
2022,3216,江南大学（一流学科建设高校）,025,数字媒体技术,9,638,14419
2022,3216,江南大学（一流学科建设高校）,026,教育技术学(师范),15,636,15878
2022,3216,江南大学（一流学科建设高校）,027,国际经济与贸易,13,639,14240
2022,3216,江南大学（一流学科建设高校）,028,金融学,8,642,12051
2022,3216,江南大学（一流学科建设高校）,029,大数据管理与应用,4,638,14573
2022,3216,江南大学（一流学科建设高校）,030,工商管理,8,640,13414
2022,3216,江南大学（一流学科建设高校）,031,会计学,7,643,11663
2022,3216,江南大学（一流学科建设高校）,032,汉语言文学(师范),15,644,11240
2022,3216,江南大学（一流学科建设高校）,033,小学教育(师范),13,641,13036
2022,3216,江南大学（一流学科建设高校）,034,英语,9,640,13091
2022,3216,江南大学（一流学科建设高校）,035,法学,10,643,11421
2022,3216,江南大学（一流学科建设高校）,036,思想政治教育,6,641,12622
2022,3216,江南大学（一流学科建设高校）,037,食品科学与工程(中外合作办学),10,606,41197
2022,3216,江南大学（一流学科建设高校）,038,工商管理(中外合作办学),11,631,18944
2022,3217,无锡太湖学院(民办),001,金融学,10,541,118186
2022,3217,无锡太湖学院(民办),002,国际经济与贸易,12,537,122557
2022,3217,无锡太湖学院(民办),003,工商管理,10,540,119833
2022,3217,无锡太湖学院(民办),004,市场营销,15,534,126894
2022,3217,无锡太湖学院(民办),005,人力资源管理,5,543,115324
2022,3217,无锡太湖学院(民办),006,旅游管理,5,532,128633
2022,3217,无锡太湖学院(民办),007,跨境电子商务,10,534,126706
2022,3217,无锡太湖学院(民办),008,供应链管理,10,535,125839
2022,3217,无锡太湖学院(民办),009,会计学,15,548,109847
2022,3217,无锡太湖学院(民办),010,财务管理,10,543,116047
2022,3217,无锡太湖学院(民办),011,审计学,10,544,115094
2022,3217,无锡太湖学院(民办),012,电子信息工程,10,513,151669
2022,3217,无锡太湖学院(民办),013,通信工程,10,512,153180
2022,3217,无锡太湖学院(民办),014,计算机科学与技术(嵌入式培养),15,515,149782
2022,3217,无锡太湖学院(民办),015,软件工程,5,522,140685
2022,3217,无锡太湖学院(民办),016,机械工程,15,511,154344
2022,3217,无锡太湖学院(民办),017,自动化,12,512,153479
2022,3217,无锡太湖学院(民办),018,智能制造工程,10,512,152916
2022,3217,无锡太湖学院(民办),019,法学,10,547,110535
2022,3217,无锡太湖学院(民办),020,英语,10,545,113660
2022,3217,无锡太湖学院(民办),021,商务英语,15,539,120674
2022,3217,无锡太湖学院(民办),022,日语,5,539,120998
2022,3217,无锡太湖学院(民办),023,护理学,30,546,112157
2022,3217,无锡太湖学院(民办),024,康复治疗学,15,543,116157
2022,3219,江苏财经职业技术学院,501,大数据与会计,5,497,
2022,3220,江苏大学,001,公共事业管理,2,615,32876
2022,3220,江苏大学,002,国际经济与贸易,2,628,21680
2022,3220,江苏大学,003,汉语国际教育,2,626,23249
2022,3220,江苏大学,004,汉语言文学,1,631,19102
2022,3220,江苏大学,005,汉语言文学(师范),1,630,19996
2022,3220,江苏大学,006,金融学,2,632,18845
2022,3220,江苏大学,007,市场营销,4,616,31397
2022,3220,江苏大学,008,物流管理,3,600,48192
2022,3220,江苏大学,009,材料成型及控制工程,3,596,51924
2022,3220,江苏大学,010,材料类,6,596,52571
2022,3220,江苏大学,011,测控技术与仪器,2,612,35078
2022,3220,江苏大学,012,车辆工程,3,611,36493
2022,3220,江苏大学,013,电气工程及其自动化,2,625,23951
2022,3220,江苏大学,014,电子信息工程,2,620,28453
2022,3220,江苏大学,015,工商管理,5,622,26617
2022,3220,江苏大学,016,光电信息科学与工程,2,615,32612
2022,3220,江苏大学,017,化学工程与工艺,2,601,47153
2022,3220,江苏大学,018,化学类,4,602,45304
2022,3220,江苏大学,019,环保设备工程,4,599,48838
2022,3220,江苏大学,020,环境工程,4,594,54241
2022,3220,江苏大学,021,机械电子工程,2,616,31712
2022,3220,江苏大学,022,机械设计制造及其自动化,4,610,37377
2022,3220,江苏大学,023,计算机科学与技术,1,632,18349
2022,3220,江苏大学,024,交通工程,3,610,37574
2022,3220,江苏大学,025,交通运输,3,596,51866
2022,3220,江苏大学,026,临床医学,6,630,19979
2022,3220,江苏大学,027,能源与动力工程,9,602,45985
2022,3220,江苏大学,028,农业机械化及其自动化,4,603,45126
2022,3220,江苏大学,029,农业智能装备工程,2,601,47234
2022,3220,江苏大学,030,生物医学工程,4,608,39149
2022,3220,江苏大学,031,食品科学与工程类,8,593,55189
2022,3220,江苏大学,032,数据计算及应用,2,624,24542
2022,3220,江苏大学,033,通信工程,2,616,31318
2022,3220,江苏大学,034,土木工程,4,603,44397
2022,3220,江苏大学,035,微电子科学与工程,4,616,31415
2022,3220,江苏大学,036,新能源科学与工程,4,606,41043
2022,3220,江苏大学,037,信息安全,2,629,20968
2022,3220,江苏大学,038,信息管理与信息系统,2,618,30257
2022,3220,江苏大学,039,药学类,4,597,51618
2022,3220,江苏大学,040,医学检验技术,3,595,52897
2022,3220,江苏大学,041,医学影像学,6,619,29187
2022,3220,江苏大学,042,自动化,2,616,31746
2022,3221,江苏大学京江学院(独立学院),001,材料成型及控制工程,4,520,143377
2022,3221,江苏大学京江学院(独立学院),002,车辆工程,3,526,136075
2022,3221,江苏大学京江学院(独立学院),003,机械设计制造及其自动化,7,523,140068
2022,3221,江苏大学京江学院(独立学院),004,金属材料工程,4,519,144989
2022,3221,江苏大学京江学院(独立学院),005,食品科学与工程,1,556,100025
2022,3221,江苏大学京江学院(独立学院),006,通信工程,2,535,124921
2022,3221,江苏大学京江学院(独立学院),007,医学检验技术,2,562,92546
2022,3221,江苏大学京江学院(独立学院),008,通信工程(嵌入式培养),2,532,129204
2022,3221,江苏大学京江学院(独立学院),009,能源与动力工程,5,547,110365
2022,3222,常州大学,001,社会工作,1,594,55179
2022,3222,常州大学,002,西班牙语,2,588,61877
2022,3222,常州大学,004,金融学,2,600,48341
2022,3222,常州大学,005,材料成型及控制工程,2,575,76510
2022,3222,常州大学,006,轨道交通信号与控制,3,581,69168
2022,3222,常州大学,007,能源与动力工程,4,585,64768
2022,3222,常州大学,008,油气储运工程,3,566,87620
2022,3222,常州大学,009,环境工程,2,586,63548
2022,3222,常州大学,010,信息管理与信息系统,1,586,63359
2022,3223,江苏海事职业技术学院,501,航海技术,6,497,
2022,3223,江苏海事职业技术学院,503,轮机工程技术,6,497,
2022,3223,江苏海事职业技术学院,509,船舶工程技术,4,497,
2022,3223,江苏海事职业技术学院,514,港口与航运管理,2,517,147323
2022,3223,江苏海事职业技术学院,517,电子信息工程技术,2,499,167498
2022,3224,江苏理工学院,001,机器人工程,2,568,84895
2022,3224,江苏理工学院,002,电子信息工程(师范),4,570,83270
2022,3224,江苏理工学院,003,计算机科学与技术(嵌入式培养),2,573,79462
2022,3224,江苏理工学院,004,软件工程(嵌入式培养),3,573,79111
2022,3224,江苏理工学院,005,数字媒体技术(嵌入式培养),3,570,83470
2022,3224,江苏理工学院,006,应用化学(师范),2,580,70602
2022,3224,江苏理工学院,007,汽车服务工程,4,541,117620
2022,3224,江苏理工学院,008,车辆工程,4,559,96067
2022,3224,江苏理工学院,009,交通运输,2,564,90578
2022,3224,江苏理工学院,010,材料成型及控制工程,3,551,105419
2022,3224,江苏理工学院,011,金属材料工程,5,540,118903
2022,3224,江苏理工学院,012,功能材料,3,561,93202
2022,3224,江苏理工学院,013,会计学,2,592,56429
2022,3224,江苏理工学院,014,金融学,2,579,71662
2022,3224,江苏理工学院,015,跨境电子商务,3,572,80409
2022,3224,江苏理工学院,016,商务英语,5,571,82184
2022,3224,江苏理工学院,017,汉语言文学(师范),4,588,61510
2022,3224,江苏理工学院,018,秘书学,2,569,84564
2022,3224,江苏理工学院,019,环境工程(中外合作办学),3,547,111026
2022,3225,江苏经贸职业技术学院,501,财富管理,5,497,
2022,3225,江苏经贸职业技术学院,502,国际金融,5,497,
2022,3225,江苏经贸职业技术学院,503,大数据与会计,5,508,157117
2022,3225,江苏经贸职业技术学院,504,大数据与审计,5,503,163697
2022,3225,江苏经贸职业技术学院,505,国际经济与贸易,5,497,
2022,3225,江苏经贸职业技术学院,506,工商企业管理,5,497,
2022,3225,江苏经贸职业技术学院,508,电子商务,5,504,162255
2022,3225,江苏经贸职业技术学院,509,法律事务,5,513,152258
2022,3226,江苏警官学院,001,法学,3,595,53400
2022,3226,江苏警官学院,002,行政管理,4,586,63351
2022,3226,江苏警官学院,003,计算机科学与技术,3,582,67969
2022,3227,江苏科技大学,002,外国语言文学类,6,592,56848
2022,3227,江苏科技大学,003,管理科学与工程类,6,583,67135
2022,3227,江苏科技大学,004,计算机类,6,600,47518
2022,3227,江苏科技大学,005,机械类,8,591,57753
2022,3227,江苏科技大学,006,海洋工程类,6,582,68002
2022,3227,江苏科技大学,007,应用化学,3,589,59752
2022,3227,江苏科技大学,008,生物工程,3,585,64402
2022,3227,江苏科技大学,009,环境工程,3,584,65753
2022,3227,江苏科技大学,010,应用统计学,3,596,51863
2022,3227,江苏科技大学,011,工业工程,4,582,68146
2022,3227,江苏科技大学,012,应用物理学,5,585,64641
2022,3227,江苏科技大学,013,测控技术与仪器,6,584,66358
2022,3227,江苏科技大学,014,建筑环境与能源应用工程,3,584,66009
2022,3227,江苏科技大学,015,金融工程,5,594,54321
2022,3227,江苏科技大学,016,旅游管理,2,584,66289
2022,3227,江苏科技大学,017,公共事业管理,3,586,63917
2022,3229,江苏农林职业技术学院,502,园林技术,10,497,
2022,3229,江苏农林职业技术学院,503,园林工程技术,10,497,
2022,3229,江苏农林职业技术学院,507,动物医学,10,509,156075
2022,3229,江苏农林职业技术学院,508,宠物养护与驯导,5,497,
2022,3229,江苏农林职业技术学院,509,宠物医疗技术,9,497,
2022,3229,江苏农林职业技术学院,522,计算机应用技术,8,497,
2022,3230,江苏食品药品职业技术学院,503,药学,26,497,
2022,3230,江苏食品药品职业技术学院,504,中药学,16,497,
2022,3230,江苏食品药品职业技术学院,506,中医康复技术,5,497,
2022,3230,江苏食品药品职业技术学院,508,护理,6,497,
2022,3231,江苏信息职业技术学院,503,电子商务,10,497,
2022,3232,江苏农牧科技职业学院,502,动物医学,20,497,169404
2022,3232,江苏农牧科技职业学院,511,园林技术,3,497,
2022,3232,江苏农牧科技职业学院,515,计算机应用技术,7,497,
2022,3235,金陵科技学院,001,国际经济与贸易,1,581,69663
2022,3235,金陵科技学院,002,市场营销,1,583,66951
2022,3235,金陵科技学院,003,财务管理,1,588,61249
2022,3235,金陵科技学院,004,金融学,1,592,56953
2022,3235,金陵科技学院,005,会计学,1,598,50397
2022,3235,金陵科技学院,006,车辆工程,1,574,77449
2022,3235,金陵科技学院,007,物联网工程,1,596,51881
2022,3235,金陵科技学院,008,城乡规划,1,573,78685
2022,3235,金陵科技学院,009,软件工程,1,601,46304
2022,3235,金陵科技学院,010,计算机科学与技术,1,606,41619
2022,3235,金陵科技学院,011,通信工程,1,583,67125
2022,3235,金陵科技学院,012,网络工程,1,580,70283
2022,3235,金陵科技学院,013,食品科学与工程,1,586,63446
2022,3235,金陵科技学院,014,英语,1,581,69462
2022,3238,南京财经大学,001,经济学类,3,633,17783
2022,3238,南京财经大学,002,财政学类,3,631,19082
2022,3238,南京财经大学,003,金融学类,3,635,16646
2022,3238,南京财经大学,004,国际经济与贸易,3,628,21275
2022,3238,南京财经大学,005,法学,3,638,14621
2022,3238,南京财经大学,006,英语,2,620,28600
2022,3238,南京财经大学,007,法语,2,621,27546
2022,3238,南京财经大学,008,新闻传播学类,3,624,24882
2022,3238,南京财经大学,009,广告学,2,627,22260
2022,3238,南京财经大学,010,数学与应用数学,2,615,32933
2022,3238,南京财经大学,011,计算机科学与技术,2,612,35688
2022,3238,南京财经大学,012,食品科学与工程类,3,606,41901
2022,3238,南京财经大学,013,管理科学,2,604,43860
2022,3238,南京财经大学,014,工商管理,2,629,20368
2022,3238,南京财经大学,015,市场营销,2,615,33016
2022,3238,南京财经大学,016,工商管理类,3,631,18952
2022,3238,南京财经大学,017,人力资源管理,3,627,22331
2022,3238,南京财经大学,018,劳动与社会保障,3,613,34416
2022,3238,南京财经大学,019,物流管理,4,602,45572
2022,3238,南京财经大学,020,质量管理工程,2,607,40903
2022,3238,南京财经大学,021,电子商务,4,610,37442
2022,3238,南京财经大学,022,旅游管理,2,600,48096
2022,3238,南京财经大学,025,汉语言文学,2,623,25288
2022,3238,南京财经大学,026,经济统计学(中外合作办学),4,619,29045
2022,3238,南京财经大学,027,金融工程(中外合作办学),4,597,51088
2022,3238,南京财经大学,028,工商管理(中外合作办学)(环境商务),2,593,56304
2022,3239,南京财经大学红山学院(独立学院),001,国际经济与贸易,6,549,108423
2022,3239,南京财经大学红山学院(独立学院),002,贸易经济,6,548,109977
2022,3239,南京财经大学红山学院(独立学院),003,法学,4,561,94041
2022,3239,南京财经大学红山学院(独立学院),004,英语,4,555,101065
2022,3239,南京财经大学红山学院(独立学院),005,市场营销,6,543,115494
2022,3239,南京财经大学红山学院(独立学院),006,会计学,9,556,99331
2022,3239,南京财经大学红山学院(独立学院),007,审计学,8,553,103093
2022,3239,南京财经大学红山学院(独立学院),008,人力资源管理,4,552,104779
2022,3239,南京财经大学红山学院(独立学院),009,金融学,10,550,106831
2022,3239,南京财经大学红山学院(独立学院),010,保险学,4,543,115300
2022,3239,南京财经大学红山学院(独立学院),011,税收学,4,553,104054
2022,3239,南京财经大学红山学院(独立学院),012,工商管理,4,554,102243
2022,3239,南京财经大学红山学院(独立学院),013,财务管理,9,552,105039
2022,3239,南京财经大学红山学院(独立学院),014,电子商务,6,548,109526
2022,3239,南京财经大学红山学院(独立学院),015,物流管理,6,546,111877
2022,3240,南京大学（一流大学建设高校）,002,汉语言文学,9,672,1648
2022,3240,南京大学（一流大学建设高校）,003,社会科学试验班,8,670,1968
2022,3240,南京大学（一流大学建设高校）,004,经济管理试验班,12,670,2025
2022,3240,南京大学（一流大学建设高校）,005,外国语言文学类,3,669,2216
2022,3240,南京大学（一流大学建设高校）,006,理科试验班(数理科学类),5,671,1795
2022,3240,南京大学（一流大学建设高校）,007,计算机科学与技术,6,676,1165
2022,3240,南京大学（一流大学建设高校）,008,人工智能,4,681,639
2022,3240,南京大学（一流大学建设高校）,009,软件工程,6,673,1488
2022,3240,南京大学（一流大学建设高校）,010,理科试验班类(匡亚明学院大理科班),5,677,1005
2022,3240,南京大学（一流大学建设高校）,011,理科试验班类(化学与生命科学类),2,668,2402
2022,3240,南京大学（一流大学建设高校）,014,技术科学试验班,6,670,1995
2022,3242,南京工程学院,001,机械类,6,579,71578
2022,3242,南京工程学院,002,土木类,6,575,76775
2022,3242,南京工程学院,003,环境科学与工程类,6,575,76459
2022,3242,南京工程学院,005,工业工程,3,578,73434
2022,3242,南京工程学院,006,材料成型及控制工程,2,578,73737
2022,3242,南京工程学院,007,车辆工程,2,576,75376
2022,3242,南京工程学院,008,汽车服务工程,2,570,82484
2022,3242,南京工程学院,009,交通设备与控制工程,2,579,71644
2022,3242,南京工程学院,010,交通运输,2,572,80235
2022,3242,南京工程学院,011,自动化,2,596,51888
2022,3242,南京工程学院,012,测控技术与仪器,2,577,74783
2022,3242,南京工程学院,013,数字媒体技术(嵌入式培养),2,585,64432
2022,3242,南京工程学院,014,软件工程(中外合作办学),5,571,81618
2022,3242,南京工程学院,015,电气工程及其自动化(电力系统及其自动化),5,625,23912
2022,3242,南京工程学院,016,电气工程及其自动化(电力系统继电保护),5,623,25681
2022,3242,南京工程学院,017,电气工程及其自动化(输配电工程),5,620,28170
2022,3242,南京工程学院,018,智能电网信息工程,2,618,29652
2022,3242,南京工程学院,019,电气工程与智能控制,2,619,29000
2022,3242,南京工程学院,020,电气工程及其自动化(中外合作办学),6,611,36011
2022,3242,南京工程学院,021,通信工程,2,593,55215
2022,3242,南京工程学院,022,工业设计,2,580,71144
2022,3242,南京工程学院,023,市场营销,2,581,69326
2022,3242,南京工程学院,024,物流管理,2,577,74753
2022,3242,南京工程学院,025,国际经济与贸易,2,585,64681
2022,3242,南京工程学院,026,劳动与社会保障,2,579,71742
2022,3242,南京工程学院,027,大数据管理与应用,2,587,62185
2022,3242,南京工程学院,028,信息管理与信息系统,2,583,67006
2022,3242,南京工程学院,030,能源动力类,12,581,69590
2022,3242,南京工程学院,031,材料类,6,572,80743
2022,3243,南京工业大学,001,金融学,2,631,18872
2022,3243,南京工业大学,002,国际经济与贸易,4,611,36904
2022,3243,南京工业大学,003,工商管理类,10,615,32703
2022,3243,南京工业大学,004,法学,4,626,23223
2022,3243,南京工业大学,005,公共管理类,6,603,44668
2022,3243,南京工业大学,006,英语,4,620,28348
2022,3243,南京工业大学,007,西班牙语,2,604,43308
2022,3243,南京工业大学,008,日语,4,606,41096
2022,3243,南京工业大学,009,城乡规划,2,625,23721
2022,3243,南京工业大学,010,机械类,3,614,33087
2022,3243,南京工业大学,011,测控技术与仪器,2,614,33168
2022,3243,南京工业大学,012,建筑电气与智能化,2,605,42567
2022,3243,南京工业大学,013,建筑学,2,629,20427
2022,3243,南京工业大学,014,管理科学与工程类,3,609,38500
2022,3243,南京工业大学,015,食品科学与工程类,2,608,39825
2022,3243,南京工业大学,016,电子信息类,3,626,23248
2022,3243,南京工业大学,017,土木类,13,602,45346
2022,3243,南京工业大学,018,地质工程,4,604,43124
2022,3243,南京工业大学,019,建筑环境与能源应用工程,3,604,43568
2022,3243,南京工业大学,020,给排水科学与工程,2,608,39070
2022,3243,南京工业大学,021,环境科学与工程类,13,601,46655
2022,3243,南京工业大学,022,材料类,18,594,54656
2022,3243,南京工业大学,023,化学工程与工艺,14,611,36118
2022,3243,南京工业大学,024,资源循环科学与工程,2,603,44743
2022,3243,南京工业大学,025,能源动力类,5,618,29939
2022,3243,南京工业大学,026,药学类,5,608,38981
2022,3243,南京工业大学,027,轻化工程,4,601,46435
2022,3243,南京工业大学,028,交通工程,4,612,35543
2022,3243,南京工业大学,030,自动化,3,625,23579
2022,3243,南京工业大学,031,制药工程,3,613,34901
2022,3243,南京工业大学,032,生物工程,6,608,39028
2022,3243,南京工业大学,033,材料科学与工程,2,604,43216
2022,3243,南京工业大学,034,城市地下空间工程,2,600,47790
2022,3243,南京工业大学,035,应急技术与管理,3,591,58001
2022,3243,南京工业大学,036,应急管理,3,583,67288
2022,3243,南京工业大学,037,应急装备技术与工程,2,602,45712
2022,3243,南京工业大学,038,机器人工程,2,624,24657
2022,3243,南京工业大学,039,计算机科学与技术(嵌入式培养),2,626,23033
2022,3244,南京工业大学浦江学院(独立学院),001,国际经济与贸易,2,558,97825
2022,3244,南京工业大学浦江学院(独立学院),002,日语,6,548,109273
2022,3244,南京工业大学浦江学院(独立学院),003,市场营销,3,547,110405
2022,3244,南京工业大学浦江学院(独立学院),004,财务管理,6,555,101396
2022,3244,南京工业大学浦江学院(独立学院),005,人力资源管理,2,557,98467
2022,3244,南京工业大学浦江学院(独立学院),006,公共事业管理,3,555,101457
2022,3244,南京工业大学浦江学院(独立学院),007,机械工程,2,539,120657
2022,3244,南京工业大学浦江学院(独立学院),008,电气工程及其自动化,6,532,128702
2022,3244,南京工业大学浦江学院(独立学院),009,自动化,2,534,126191
2022,3244,南京工业大学浦江学院(独立学院),010,轨道交通信号与控制,3,531,130686
2022,3244,南京工业大学浦江学院(独立学院),011,土木工程,5,531,130145
2022,3244,南京工业大学浦江学院(独立学院),012,建筑环境与能源应用工程,3,528,133439
2022,3244,南京工业大学浦江学院(独立学院),013,给排水科学与工程,3,525,137179
2022,3244,南京工业大学浦江学院(独立学院),014,工程管理,2,530,131007
2022,3244,南京工业大学浦江学院(独立学院),015,工业工程,2,555,101057
2022,3244,南京工业大学浦江学院(独立学院),016,食品科学与工程,2,552,104370
2022,3244,南京工业大学浦江学院(独立学院),020,酒店管理(中外合作办学),15,525,137096
2022,3244,南京工业大学浦江学院(独立学院),021,通信工程(嵌入式培养),2,542,116477
2022,3244,南京工业大学浦江学院(独立学院),022,建筑学,4,535,125527
2022,3244,南京工业大学浦江学院(独立学院),023,工商管理,2,555,101370
2022,3245,南京工业职业技术大学,001,机械设计制造及自动化,1,591,57492
2022,3245,南京工业职业技术大学,002,软件工程技术,1,562,92737
2022,3245,南京工业职业技术大学,003,建设工程管理,1,546,112219
2022,3246,南京航空航天大学（一流学科建设高校）,001,车辆工程,4,642,11997
2022,3246,南京航空航天大学（一流学科建设高校）,002,测控技术与仪器,6,641,13007
2022,3246,南京航空航天大学（一流学科建设高校）,003,电气工程及其自动化,9,647,9461
2022,3246,南京航空航天大学（一流学科建设高校）,004,生物医学工程,5,641,12779
2022,3246,南京航空航天大学（一流学科建设高校）,005,探测制导与控制技术,6,643,11888
2022,3246,南京航空航天大学（一流学科建设高校）,006,飞行器适航技术,2,645,10833
2022,3246,南京航空航天大学（一流学科建设高校）,007,交通运输(民航电子电气工程),2,643,11389
2022,3246,南京航空航天大学（一流学科建设高校）,008,交通运输(民航运输管理),2,642,12426
2022,3246,南京航空航天大学（一流学科建设高校）,009,土木工程,3,640,13392
2022,3246,南京航空航天大学（一流学科建设高校）,010,信息与计算科学,4,648,8979
2022,3246,南京航空航天大学（一流学科建设高校）,011,应用统计学,3,645,10528
2022,3246,南京航空航天大学（一流学科建设高校）,012,工商管理,2,644,11218
2022,3246,南京航空航天大学（一流学科建设高校）,013,会计学,4,644,11183
2022,3246,南京航空航天大学（一流学科建设高校）,014,管理科学与工程类,3,642,12033
2022,3246,南京航空航天大学（一流学科建设高校）,015,金融学,2,646,10142
2022,3246,南京航空航天大学（一流学科建设高校）,016,大数据管理与应用,6,646,10309
2022,3246,南京航空航天大学（一流学科建设高校）,017,法学,5,649,8684
2022,3246,南京航空航天大学（一流学科建设高校）,018,行政管理,2,646,10189
2022,3246,南京航空航天大学（一流学科建设高校）,022,自动化,7,646,9817
2022,3246,南京航空航天大学（一流学科建设高校）,023,电子信息类,10,645,10347
2022,3246,南京航空航天大学（一流学科建设高校）,024,微电子科学与工程(集成电路设计),7,645,10312
2022,3246,南京航空航天大学（一流学科建设高校）,025,工业设计,3,642,12016
2022,3246,南京航空航天大学（一流学科建设高校）,026,机器人工程,2,646,9848
2022,3246,南京航空航天大学（一流学科建设高校）,027,机械工程,14,642,12367
2022,3246,南京航空航天大学（一流学科建设高校）,028,智能制造工程,4,645,10523
2022,3246,南京航空航天大学（一流学科建设高校）,029,材料科学与工程,4,640,13583
2022,3246,南京航空航天大学（一流学科建设高校）,030,核工程类,5,639,14234
2022,3246,南京航空航天大学（一流学科建设高校）,031,英语(民航业务、国际贸易),4,646,10190
2022,3246,南京航空航天大学（一流学科建设高校）,032,光电信息科学与工程,5,645,10418
2022,3246,南京航空航天大学（一流学科建设高校）,033,航空航天工程,2,647,9447
2022,3246,南京航空航天大学（一流学科建设高校）,034,计算机科学与技术,6,651,7714
2022,3246,南京航空航天大学（一流学科建设高校）,035,人工智能,2,650,8125
2022,3246,南京航空航天大学（一流学科建设高校）,036,软件工程,4,650,7968
2022,3246,南京航空航天大学（一流学科建设高校）,037,物联网工程,2,650,8267
2022,3246,南京航空航天大学（一流学科建设高校）,038,信息安全,3,650,8148
2022,3246,南京航空航天大学（一流学科建设高校）,039,航空航天类,24,644,11122
2022,3246,南京航空航天大学（一流学科建设高校）,040,应用物理学,4,643,11574
2022,3246,南京航空航天大学（一流学科建设高校）,041,交通运输(中外合作办学)(机场运行与管理),6,628,21473
2022,3247,南京航空航天大学金城学院(独立学院),001,车辆工程,4,524,138369
2022,3247,南京航空航天大学金城学院(独立学院),002,电气工程及其自动化,2,539,120247
2022,3247,南京航空航天大学金城学院(独立学院),003,自动化,2,534,126186
2022,3247,南京航空航天大学金城学院(独立学院),004,物联网工程,4,535,125652
2022,3247,南京航空航天大学金城学院(独立学院),005,信息工程,3,532,128587
2022,3247,南京航空航天大学金城学院(独立学院),006,信息工程(嵌入式培养),5,536,124454
2022,3247,南京航空航天大学金城学院(独立学院),007,计算机科学与技术,3,546,112286
2022,3247,南京航空航天大学金城学院(独立学院),008,计算机科学与技术(嵌入式培养),4,538,122018
2022,3247,南京航空航天大学金城学院(独立学院),009,软件工程,4,541,118230
2022,3247,南京航空航天大学金城学院(独立学院),010,软件工程(嵌入式培养),5,535,125388
2022,3247,南京航空航天大学金城学院(独立学院),011,土木工程,2,534,126912
2022,3247,南京航空航天大学金城学院(独立学院),012,交通运输,2,529,132782
2022,3247,南京航空航天大学金城学院(独立学院),013,工商管理,7,551,106330
2022,3247,南京航空航天大学金城学院(独立学院),015,金融学,10,553,103012
2022,3247,南京航空航天大学金城学院(独立学院),016,国际经济与贸易,11,548,110118
2022,3247,南京航空航天大学金城学院(独立学院),017,英语,5,554,102449
2022,3247,南京航空航天大学金城学院(独立学院),018,翻译,8,546,111821
2022,3247,南京航空航天大学金城学院(独立学院),019,会计学,22,555,101162
2022,3247,南京航空航天大学金城学院(独立学院),020,工业设计,5,532,129310
2022,3248,南京科技职业学院,501,机械制造及自动化,5,499,168042
2022,3248,南京科技职业学院,502,机电一体化技术,3,504,162195
2022,3248,南京科技职业学院,503,无人机应用技术,3,497,
2022,3248,南京科技职业学院,504,云计算技术应用,4,499,168129
2022,3248,南京科技职业学院,505,大数据与会计,3,505,161502
2022,3248,南京科技职业学院,507,电子商务,4,498,168368
2022,3248,南京科技职业学院,508,工程造价,4,497,
2022,3249,南京机电职业技术学院,501,大数据与会计,2,497,
2022,3249,南京机电职业技术学院,504,软件技术,7,497,
2022,3249,南京机电职业技术学院,515,供用电技术,2,497,
2022,3250,南京交通职业技术学院,501,智能网联汽车技术,5,497,
2022,3250,南京交通职业技术学院,502,现代物流管理,5,497,
2022,3250,南京交通职业技术学院,503,大数据技术,5,497,
2022,3250,南京交通职业技术学院,504,城市轨道交通通信信号技术,5,506,159847
2022,3250,南京交通职业技术学院,505,工程造价,5,502,164305
2022,3250,南京交通职业技术学院,506,建筑室内设计,5,497,
2022,3251,南京理工大学（一流学科建设高校）,001,经济学类,12,642,12368
2022,3251,南京理工大学（一流学科建设高校）,002,法学,2,647,9640
2022,3251,南京理工大学（一流学科建设高校）,003,英语,4,641,12708
2022,3251,南京理工大学（一流学科建设高校）,004,语言学,4,640,13316
2022,3251,南京理工大学（一流学科建设高校）,005,机械类,18,639,13836
2022,3251,南京理工大学（一流学科建设高校）,006,智能制造工程,10,640,13126
2022,3251,南京理工大学（一流学科建设高校）,007,材料类,20,635,16277
2022,3251,南京理工大学（一流学科建设高校）,008,能源动力类,18,638,14706
2022,3251,南京理工大学（一流学科建设高校）,009,电子信息类,20,644,11130
2022,3251,南京理工大学（一流学科建设高校）,010,自动化类,26,643,11501
2022,3251,南京理工大学（一流学科建设高校）,011,计算机类,15,646,9906
2022,3251,南京理工大学（一流学科建设高校）,012,数据科学与大数据技术,8,644,10991
2022,3251,南京理工大学（一流学科建设高校）,013,网络空间安全,8,644,11252
2022,3251,南京理工大学（一流学科建设高校）,014,土木工程,9,637,15376
2022,3251,南京理工大学（一流学科建设高校）,015,化工与制药类,20,634,17072
2022,3251,南京理工大学（一流学科建设高校）,016,信息管理与信息系统,6,641,12899
2022,3251,南京理工大学（一流学科建设高校）,017,工商管理类,24,641,12606
2022,3252,南京理工大学泰州科技学院(独立学院),001,机械工程,5,523,139642
2022,3252,南京理工大学泰州科技学院(独立学院),002,机械电子工程,5,522,140976
2022,3252,南京理工大学泰州科技学院(独立学院),003,自动化,5,525,137238
2022,3252,南京理工大学泰州科技学院(独立学院),004,机器人工程,5,526,136137
2022,3252,南京理工大学泰州科技学院(独立学院),005,工业工程,5,547,111431
2022,3252,南京理工大学泰州科技学院(独立学院),006,计算机科学与技术,10,532,129013
2022,3252,南京理工大学泰州科技学院(独立学院),007,软件工程,5,533,128320
2022,3252,南京理工大学泰州科技学院(独立学院),008,软件工程(嵌入式培养),10,526,136616
2022,3252,南京理工大学泰州科技学院(独立学院),009,数据科学与大数据技术,5,531,129961
2022,3252,南京理工大学泰州科技学院(独立学院),010,信息管理与信息系统,5,524,138270
2022,3252,南京理工大学泰州科技学院(独立学院),011,电气工程及其自动化,5,529,133206
2022,3252,南京理工大学泰州科技学院(独立学院),012,电气工程与智能控制,5,524,139119
2022,3252,南京理工大学泰州科技学院(独立学院),013,电子信息工程,5,527,135653
2022,3252,南京理工大学泰州科技学院(独立学院),014,土木工程,10,520,143252
2022,3252,南京理工大学泰州科技学院(独立学院),015,工程管理,10,520,143224
2022,3252,南京理工大学泰州科技学院(独立学院),016,化学工程与工艺,5,549,108138
2022,3252,南京理工大学泰州科技学院(独立学院),017,制药工程,5,552,104728
2022,3252,南京理工大学泰州科技学院(独立学院),018,环境工程,5,546,112022
2022,3252,南京理工大学泰州科技学院(独立学院),019,经济与金融,5,549,108328
2022,3252,南京理工大学泰州科技学院(独立学院),020,国际经济与贸易,5,550,107174
2022,3252,南京理工大学泰州科技学院(独立学院),021,市场营销,5,545,113461
2022,3252,南京理工大学泰州科技学院(独立学院),022,会计学,5,557,98611
2022,3252,南京理工大学泰州科技学院(独立学院),023,财务管理,5,554,102140
2022,3252,南京理工大学泰州科技学院(独立学院),024,人力资源管理,5,547,111125
2022,3252,南京理工大学泰州科技学院(独立学院),025,审计学,5,552,104465
2022,3252,南京理工大学泰州科技学院(独立学院),026,英语,5,552,104824
2022,3253,南京理工大学紫金学院(独立学院),001,智能感知工程,7,527,134961
2022,3253,南京理工大学紫金学院(独立学院),002,机器人工程,13,529,133434
2022,3253,南京理工大学紫金学院(独立学院),003,电气工程及其自动化,12,530,131046
2022,3253,南京理工大学紫金学院(独立学院),004,光电信息科学与工程,10,528,134642
2022,3253,南京理工大学紫金学院(独立学院),005,通信工程(嵌入式培养),16,528,133829
2022,3253,南京理工大学紫金学院(独立学院),006,物联网工程(嵌入式培养),15,531,130230
2022,3253,南京理工大学紫金学院(独立学院),007,人工智能,13,529,132594
2022,3253,南京理工大学紫金学院(独立学院),008,计算机科学与技术,29,535,125234
2022,3253,南京理工大学紫金学院(独立学院),009,软件工程,12,535,124977
2022,3253,南京理工大学紫金学院(独立学院),010,自动化,12,528,134109
2022,3253,南京理工大学紫金学院(独立学院),011,软件工程(嵌入式培养),19,536,123817
2022,3253,南京理工大学紫金学院(独立学院),012,金融科技,5,552,104571
2022,3253,南京理工大学紫金学院(独立学院),013,国际经济与贸易,8,551,105481
2022,3253,南京理工大学紫金学院(独立学院),014,金融学,8,554,102438
2022,3253,南京理工大学紫金学院(独立学院),015,会计学,12,556,99665
2022,3253,南京理工大学紫金学院(独立学院),016,人力资源管理,4,554,102207
2022,3253,南京理工大学紫金学院(独立学院),017,市场营销,10,549,108062
2022,3253,南京理工大学紫金学院(独立学院),018,法学,12,561,93358
2022,3253,南京理工大学紫金学院(独立学院),019,英语,6,553,104082
2022,3253,南京理工大学紫金学院(独立学院),020,工业工程,7,525,137286
2022,3253,南京理工大学紫金学院(独立学院),021,大数据管理与应用,10,531,130156
2022,3254,南京林业大学（一流学科建设高校）,001,机械设计制造及其自动化,4,612,35097
2022,3254,南京林业大学（一流学科建设高校）,002,土木类,4,606,41430
2022,3254,南京林业大学（一流学科建设高校）,003,家具设计与工程,2,610,37654
2022,3254,南京林业大学（一流学科建设高校）,004,车辆工程,2,603,44160
2022,3254,南京林业大学（一流学科建设高校）,005,轻化工程,2,605,42931
2022,3254,南京林业大学（一流学科建设高校）,006,环境工程,2,622,26752
2022,3254,南京林业大学（一流学科建设高校）,007,林学类,4,621,27043
2022,3254,南京林业大学（一流学科建设高校）,008,木材科学与工程,4,608,39034
2022,3254,南京林业大学（一流学科建设高校）,009,生态学,2,622,26607
2022,3254,南京林业大学（一流学科建设高校）,012,工商管理类,2,630,19879
2022,3254,南京林业大学（一流学科建设高校）,013,风景园林,2,631,18911
2022,3254,南京林业大学（一流学科建设高校）,014,园林,2,627,22549
2022,3254,南京林业大学（一流学科建设高校）,015,新闻传播学类,2,632,18369
2022,3254,南京林业大学（一流学科建设高校）,016,日语,2,624,24590
2022,3255,南京旅游职业学院,502,大数据与财务管理,1,509,156977
2022,3255,南京旅游职业学院,505,旅游管理,3,506,160110
2022,3255,南京旅游职业学院,506,电子商务,1,508,157368
2022,3255,南京旅游职业学院,509,烹饪工艺与营养,2,519,144797
2022,3255,南京旅游职业学院,510,西式烹饪工艺,1,517,147577
2022,3255,南京旅游职业学院,512,旅游日语,1,517,147491
2022,3255,南京旅游职业学院,513,应用韩语,2,499,167159
2022,3256,南京农业大学（一流学科建设高校）,001,农学,7,634,17081
2022,3256,南京农业大学（一流学科建设高校）,002,种子科学与工程,2,630,19752
2022,3256,南京农业大学（一流学科建设高校）,003,智慧农业,3,629,20423
2022,3256,南京农业大学（一流学科建设高校）,004,植物保护,6,631,19376
2022,3256,南京农业大学（一流学科建设高校）,005,环境科学与工程类,11,629,20949
2022,3256,南京农业大学（一流学科建设高校）,006,风景园林,4,637,15331
2022,3256,南京农业大学（一流学科建设高校）,007,园艺,6,629,20547
2022,3256,南京农业大学（一流学科建设高校）,008,园林,4,632,18553
2022,3256,南京农业大学（一流学科建设高校）,009,国际经济与贸易,4,639,14008
2022,3256,南京农业大学（一流学科建设高校）,010,农林经济管理,2,644,11296
2022,3256,南京农业大学（一流学科建设高校）,011,工商管理类,6,638,14697
2022,3256,南京农业大学（一流学科建设高校）,012,动物医学类,4,634,16895
2022,3256,南京农业大学（一流学科建设高校）,013,食品科学与工程类,11,632,18410
2022,3256,南京农业大学（一流学科建设高校）,014,食品营养与健康,2,632,18706
2022,3256,南京农业大学（一流学科建设高校）,015,公共管理类,11,640,13569
2022,3256,南京农业大学（一流学科建设高校）,016,人文地理与城乡规划,6,637,15347
2022,3256,南京农业大学（一流学科建设高校）,017,英语,5,637,14923
2022,3256,南京农业大学（一流学科建设高校）,018,日语,2,634,17418
2022,3256,南京农业大学（一流学科建设高校）,019,社会学类,9,639,14231
2022,3256,南京农业大学（一流学科建设高校）,020,文化遗产,4,639,14076
2022,3256,南京农业大学（一流学科建设高校）,021,信息与计算科学,4,632,18812
2022,3256,南京农业大学（一流学科建设高校）,022,应用化学,5,628,21405
2022,3256,南京农业大学（一流学科建设高校）,023,统计学,2,642,12336
2022,3256,南京农业大学（一流学科建设高校）,024,生物科学类,8,632,18364
2022,3256,南京农业大学（一流学科建设高校）,025,生物科学(生物学基地班),3,637,15383
2022,3256,南京农业大学（一流学科建设高校）,026,生物技术(生命科学与技术基地班),6,634,17400
2022,3256,南京农业大学（一流学科建设高校）,027,金融学,4,642,12301
2022,3256,南京农业大学（一流学科建设高校）,028,会计学,4,642,12121
2022,3256,南京农业大学（一流学科建设高校）,029,投资学,2,640,13337
2022,3256,南京农业大学（一流学科建设高校）,030,机械类,7,626,22791
2022,3256,南京农业大学（一流学科建设高校）,031,农业工程类,5,624,24993
2022,3256,南京农业大学（一流学科建设高校）,032,电子信息类,8,630,19704
2022,3256,南京农业大学（一流学科建设高校）,033,人工智能,2,635,16290
2022,3256,南京农业大学（一流学科建设高校）,034,计算机科学与技术,4,636,15558
2022,3256,南京农业大学（一流学科建设高校）,035,数据科学与大数据技术,2,637,15290
2022,3256,南京农业大学（一流学科建设高校）,036,信息管理与信息系统,5,631,19228
2022,3256,南京农业大学（一流学科建设高校）,037,工程管理,3,626,22777
2022,3257,南京审计大学,001,金融学,4,634,17169
2022,3257,南京审计大学,002,金融数学,4,625,23600
2022,3257,南京审计大学,003,法学(法务会计),5,634,17299
2022,3257,南京审计大学,004,英语,4,622,26747
2022,3257,南京审计大学,005,计算机科学与技术,4,625,23609
2022,3257,南京审计大学,006,工程造价,2,596,51808
2022,3257,南京审计大学,007,工程审计,4,616,31902
2022,3257,南京审计大学,008,审计学,4,643,11630
2022,3257,南京审计大学,009,金融工程(中外合作办学),4,603,44866
2022,3257,南京审计大学,010,信息管理与信息系统(中外合作办学),2,593,55301
2022,3257,南京审计大学,011,工程管理(中外合作办学),2,586,63640
2022,3257,南京审计大学,012,审计学(中外合作办学),4,632,18813
2022,3257,南京审计大学,013,会计学,3,639,13925
2022,3257,南京审计大学,014,财务管理,4,632,18164
2022,3258,南京审计大学金审学院(独立学院),001,审计学,3,573,79533
2022,3258,南京审计大学金审学院(独立学院),002,会计学,3,568,85593
2022,3258,南京审计大学金审学院(独立学院),003,财务管理,3,566,87334
2022,3258,南京审计大学金审学院(独立学院),004,金融学,3,565,88589
2022,3258,南京审计大学金审学院(独立学院),005,保险学,3,553,103268
2022,3258,南京审计大学金审学院(独立学院),006,国际经济与贸易,3,558,97097
2022,3258,南京审计大学金审学院(独立学院),007,税收学,3,561,93405
2022,3258,南京审计大学金审学院(独立学院),008,工商管理,3,558,97199
2022,3258,南京审计大学金审学院(独立学院),009,物流管理,1,557,98774
2022,3258,南京审计大学金审学院(独立学院),010,行政管理,2,557,97984
2022,3258,南京审计大学金审学院(独立学院),011,计算机科学与技术,2,552,104413
2022,3258,南京审计大学金审学院(独立学院),012,信息管理与信息系统,1,544,114794
2022,3259,南京师范大学（一流学科建设高校）,001,小学教育(师范),4,653,7097
2022,3259,南京师范大学（一流学科建设高校）,002,学前教育(师范),2,647,9472
2022,3259,南京师范大学（一流学科建设高校）,003,教育技术学(师范),2,645,10427
2022,3259,南京师范大学（一流学科建设高校）,004,应用心理学,2,652,7117
2022,3259,南京师范大学（一流学科建设高校）,007,中国语言文学类,4,658,5065
2022,3259,南京师范大学（一流学科建设高校）,009,外国语言文学类(双外语),3,654,6556
2022,3259,南京师范大学（一流学科建设高校）,010,新闻传播学类,2,652,7291
2022,3259,南京师范大学（一流学科建设高校）,012,历史学类,3,657,5514
2022,3259,南京师范大学（一流学科建设高校）,013,数学类,3,652,7232
2022,3259,南京师范大学（一流学科建设高校）,014,统计学,3,643,11593
2022,3259,南京师范大学（一流学科建设高校）,015,物理学(含师范),3,647,9621
2022,3259,南京师范大学（一流学科建设高校）,016,化学类,4,648,8992
2022,3259,南京师范大学（一流学科建设高校）,017,测绘工程,3,630,19648
2022,3259,南京师范大学（一流学科建设高校）,018,地理科学类,4,654,6705
2022,3259,南京师范大学（一流学科建设高校）,019,生物科学类,5,649,8508
2022,3259,南京师范大学（一流学科建设高校）,020,能源动力类,6,632,18265
2022,3259,南京师范大学（一流学科建设高校）,021,自动化,4,637,14863
2022,3259,南京师范大学（一流学科建设高校）,022,计算机科学与技术,3,644,11151
2022,3259,南京师范大学（一流学科建设高校）,023,环境科学与工程类,4,640,13233
2022,3259,南京师范大学（一流学科建设高校）,024,海洋资源与环境,6,628,21631
2022,3259,南京师范大学（一流学科建设高校）,025,食品科学与工程,3,639,13941
2022,3259,南京师范大学（一流学科建设高校）,031,社会学,3,650,8294
2022,3260,南京师范大学泰州学院(独立学院),001,工商管理,8,546,111484
2022,3260,南京师范大学泰州学院(独立学院),002,国际经济与贸易,8,549,108624
2022,3260,南京师范大学泰州学院(独立学院),003,财务管理,8,552,104203
2022,3260,南京师范大学泰州学院(独立学院),004,法学,9,556,99494
2022,3260,南京师范大学泰州学院(独立学院),005,行政管理,5,547,111380
2022,3260,南京师范大学泰州学院(独立学院),006,汉语言文学,9,560,95083
2022,3260,南京师范大学泰州学院(独立学院),007,英语,9,555,101332
2022,3260,南京师范大学泰州学院(独立学院),008,制药工程,9,549,107990
2022,3261,南京师范大学中北学院(独立学院),001,汉语言文学,2,567,86530
2022,3261,南京师范大学中北学院(独立学院),003,法学,2,572,80602
2022,3261,南京师范大学中北学院(独立学院),004,物联网工程,3,533,127468
2022,3261,南京师范大学中北学院(独立学院),005,电气工程及其自动化,2,534,126577
2022,3263,南京特殊教育师范学院,001,特殊教育(师范),3,587,62864
2022,3263,南京特殊教育师范学院,002,小学教育(师范),2,582,68159
2022,3263,南京特殊教育师范学院,003,手语翻译,2,574,77789
2022,3263,南京特殊教育师范学院,004,学前教育(师范),6,573,79652
2022,3263,南京特殊教育师范学院,005,教育康复学(师范),2,576,75681
2022,3263,南京特殊教育师范学院,006,公共事业管理,2,569,84378
2022,3263,南京特殊教育师范学院,007,英语(师范),4,580,71443
2022,3263,南京特殊教育师范学院,008,汉语言文学(师范),4,582,68340
2022,3263,南京特殊教育师范学院,009,康复治疗学,3,568,84952
2022,3263,南京特殊教育师范学院,010,教育技术学(师范),4,574,77595
2022,3263,南京特殊教育师范学院,011,计算机科学与技术(嵌入式培养),2,562,92061
2022,3263,南京特殊教育师范学院,012,数学与应用数学(师范),7,557,98562
2022,3263,南京特殊教育师范学院,013,数据科学与大数据技术,4,544,114878
2022,3264,南京体育学院,004,新闻学,10,569,84341
2022,3264,南京体育学院,005,运动人体科学,10,559,96361
2022,3264,南京体育学院,006,运动康复,9,565,88571
2022,3265,南京铁道职业技术学院,501,智能控制技术,6,514,150729
2022,3265,南京铁道职业技术学院,502,电气自动化技术,10,509,156458
2022,3265,南京铁道职业技术学院,503,铁道工程技术,3,526,137011
2022,3265,南京铁道职业技术学院,504,铁道机车运用与维护,6,539,120537
2022,3265,南京铁道职业技术学院,505,高速铁路综合维修技术,2,529,133220
2022,3265,南京铁道职业技术学院,506,城市轨道交通工程技术,3,513,151921
2022,3265,南京铁道职业技术学院,507,城市轨道车辆应用技术,30,505,161471
2022,3265,南京铁道职业技术学院,508,城市轨道交通机电技术,10,504,162321
2022,3265,南京铁道职业技术学院,509,城市轨道交通通信信号技术,30,507,159249
2022,3265,南京铁道职业技术学院,510,城市轨道交通供配电技术,20,503,162873
2022,3265,南京铁道职业技术学院,511,城市轨道交通运营管理,25,516,148239
2022,3265,南京铁道职业技术学院,512,物联网应用技术,4,497,
2022,3265,南京铁道职业技术学院,513,云计算技术应用,10,497,
2022,3265,南京铁道职业技术学院,514,财税大数据应用,7,497,
2022,3265,南京铁道职业技术学院,515,大数据与会计,10,507,158769
2022,3265,南京铁道职业技术学院,516,跨境电子商务,6,497,
2022,3265,南京铁道职业技术学院,517,现代物流管理,2,512,153605
2022,3265,南京铁道职业技术学院,518,城市轨道交通车辆制造与维护,10,511,154195
2022,3265,南京铁道职业技术学院,519,铁道运输类,11,533,128166
2022,3265,南京铁道职业技术学院,520,移动应用开发,5,499,167338
2022,3266,南京晓庄学院,001,日语,2,581,70174
2022,3266,南京晓庄学院,002,网络与新媒体,2,580,71013
2022,3266,南京晓庄学院,005,化学(师范),2,570,82579
2022,3266,南京晓庄学院,006,英语(师范),2,592,56630
2022,3267,南京信息工程大学（一流学科建设高校）,001,大气科学类,20,629,20889
2022,3267,南京信息工程大学（一流学科建设高校）,002,应用气象学,4,626,23160
2022,3267,南京信息工程大学（一流学科建设高校）,003,安全工程,2,617,30578
2022,3267,南京信息工程大学（一流学科建设高校）,004,气象技术与工程,2,622,26047
2022,3267,南京信息工程大学（一流学科建设高校）,005,地理科学类,4,626,22887
2022,3267,南京信息工程大学（一流学科建设高校）,006,遥感科学与技术,2,622,26274
2022,3267,南京信息工程大学（一流学科建设高校）,007,地理空间信息工程,2,620,28394
2022,3267,南京信息工程大学（一流学科建设高校）,008,测控技术与仪器,2,617,30336
2022,3267,南京信息工程大学（一流学科建设高校）,009,电气工程及其自动化,3,624,24476
2022,3267,南京信息工程大学（一流学科建设高校）,010,自动化,3,624,24619
2022,3267,南京信息工程大学（一流学科建设高校）,011,机器人工程,2,627,22324
2022,3267,南京信息工程大学（一流学科建设高校）,012,数据科学与大数据技术,3,629,20335
2022,3267,南京信息工程大学（一流学科建设高校）,013,机械电子工程,2,622,26334
2022,3267,南京信息工程大学（一流学科建设高校）,014,人工智能,2,627,21984
2022,3267,南京信息工程大学（一流学科建设高校）,015,信息工程,2,627,22246
2022,3267,南京信息工程大学（一流学科建设高校）,016,电子信息类,6,628,21597
2022,3267,南京信息工程大学（一流学科建设高校）,017,计算机类,3,632,18689
2022,3267,南京信息工程大学（一流学科建设高校）,018,数学与应用数学,2,630,19610
2022,3267,南京信息工程大学（一流学科建设高校）,019,信息与计算科学,2,629,20745
2022,3267,南京信息工程大学（一流学科建设高校）,020,应用统计学,3,627,22410
2022,3267,南京信息工程大学（一流学科建设高校）,021,光电信息科学与工程,4,623,25475
2022,3267,南京信息工程大学（一流学科建设高校）,022,金融工程,2,628,21788
2022,3267,南京信息工程大学（一流学科建设高校）,023,信息管理与信息系统,2,624,24596
2022,3267,南京信息工程大学（一流学科建设高校）,024,经济统计学,2,626,22993
2022,3267,南京信息工程大学（一流学科建设高校）,025,国际经济与贸易,4,625,24167
2022,3267,南京信息工程大学（一流学科建设高校）,026,工商管理类,4,621,26818
2022,3267,南京信息工程大学（一流学科建设高校）,027,汉语国际教育,3,623,25490
2022,3267,南京信息工程大学（一流学科建设高校）,028,英语,2,626,23186
2022,3267,南京信息工程大学（一流学科建设高校）,029,日语,2,622,26763
2022,3267,南京信息工程大学（一流学科建设高校）,030,法学,3,634,17346
2022,3267,南京信息工程大学（一流学科建设高校）,031,行政管理,2,621,27378
2022,3267,南京信息工程大学（一流学科建设高校）,036,地理科学(师范),2,632,18817
2022,3267,南京信息工程大学（一流学科建设高校）,037,数学与应用数学(师范),2,624,24527
2022,3267,南京信息工程大学（一流学科建设高校）,039,大气科学(中外合作办学),2,620,27773
2022,3267,南京信息工程大学（一流学科建设高校）,040,环境工程(中外合作办学),2,595,53245
2022,3267,南京信息工程大学（一流学科建设高校）,041,数学与应用数学(中外合作办学),4,599,49142
2022,3267,南京信息工程大学（一流学科建设高校）,042,应用化学(中外合作办学),3,597,51592
2022,3267,南京信息工程大学（一流学科建设高校）,043,地理信息科学(中外合作办学),2,619,29425
2022,3267,南京信息工程大学（一流学科建设高校）,044,数据科学与大数据技术(中外合作办学),4,614,33201
2022,3267,南京信息工程大学（一流学科建设高校）,045,国际经济与贸易(中外合作办学),3,609,38773
2022,3267,南京信息工程大学（一流学科建设高校）,046,物联网工程(中外合作办学),2,611,36783
2022,3267,南京信息工程大学（一流学科建设高校）,047,电气工程及其自动化(中外合作办学),2,614,33785
2022,3267,南京信息工程大学（一流学科建设高校）,048,人工智能(中外合作办学),2,614,33539
2022,3267,南京信息工程大学（一流学科建设高校）,049,软件工程(中外合作办学),2,615,32228
2022,3268,无锡学院,001,物联网工程,3,562,92205
2022,3268,无锡学院,002,计算机科学与技术,2,566,87582
2022,3268,无锡学院,003,计算机科学与技术(嵌入式培养),2,567,86541
2022,3268,无锡学院,004,软件工程,3,565,88803
2022,3268,无锡学院,005,信息安全,2,560,94619
2022,3268,无锡学院,006,电子信息工程,2,561,93269
2022,3268,无锡学院,007,电子科学与技术,3,560,94909
2022,3268,无锡学院,008,通信工程,2,558,97430
2022,3268,无锡学院,009,微电子科学与工程,2,557,98007
2022,3268,无锡学院,010,光电信息科学与工程,2,558,97909
2022,3268,无锡学院,011,人工智能,2,560,94549
2022,3268,无锡学院,012,电气工程及其自动化,2,558,97746
2022,3268,无锡学院,013,自动化,2,560,94828
2022,3268,无锡学院,014,机器人工程,2,557,98426
2022,3268,无锡学院,015,轨道交通信号与控制,2,556,100038
2022,3268,无锡学院,016,环境科学与工程,2,561,93416
2022,3268,无锡学院,017,大气科学,3,558,96864
2022,3268,无锡学院,018,会计学,2,577,74716
2022,3268,无锡学院,019,国际经济与贸易,2,574,78077
2022,3268,无锡学院,020,金融工程,2,575,76763
2022,3269,南京信息职业技术学院,502,工业机器人技术,7,497,
2022,3269,南京信息职业技术学院,504,城市轨道交通通信信号技术,6,497,
2022,3269,南京信息职业技术学院,505,虚拟现实技术应用,6,497,
2022,3269,南京信息职业技术学院,506,嵌入式技术应用,7,497,
2022,3270,南京医科大学（一流学科建设高校）,001,临床医学(5+3一体化),4,660,4407
2022,3270,南京医科大学（一流学科建设高校）,002,临床医学(5+3一体化，儿科医学),2,656,5946
2022,3270,南京医科大学（一流学科建设高校）,003,口腔医学(5+3一体化),2,662,3739
2022,3270,南京医科大学（一流学科建设高校）,004,临床医学,4,655,6054
2022,3270,南京医科大学（一流学科建设高校）,005,医学影像学,2,648,8956
2022,3270,南京医科大学（一流学科建设高校）,006,儿科学,2,649,8540
2022,3270,南京医科大学（一流学科建设高校）,007,口腔医学,3,656,5840
2022,3270,南京医科大学（一流学科建设高校）,008,预防医学,3,638,14810
2022,3270,南京医科大学（一流学科建设高校）,009,基础医学,2,640,13268
2022,3270,南京医科大学（一流学科建设高校）,010,法医学,2,637,15110
2022,3270,南京医科大学（一流学科建设高校）,011,临床药学,4,634,17256
2022,3270,南京医科大学（一流学科建设高校）,012,医学检验技术,2,633,17988
2022,3270,南京医科大学（一流学科建设高校）,013,康复治疗学,2,616,31601
2022,3270,南京医科大学（一流学科建设高校）,014,卫生检验与检疫,2,625,24231
2022,3270,南京医科大学（一流学科建设高校）,015,应用统计学(生物统计学),2,617,30469
2022,3270,南京医科大学（一流学科建设高校）,016,药学,2,633,18037
2022,3270,南京医科大学（一流学科建设高校）,017,护理学,4,604,43251
2022,3271,南京医科大学康达学院(独立学院),001,临床医学(全科医学),4,564,89551
2022,3271,南京医科大学康达学院(独立学院),002,预防医学,2,572,80948
2022,3271,南京医科大学康达学院(独立学院),003,药学,2,566,88374
2022,3271,南京医科大学康达学院(独立学院),004,医学信息工程,2,535,125059
2022,3271,南京医科大学康达学院(独立学院),005,公共事业管理(卫生事业管理),3,546,111517
2022,3271,南京医科大学康达学院(独立学院),006,医疗保险,3,544,114119
2022,3272,南京艺术学院,005,美术学,1,611,36248
2022,3272,南京艺术学院,011,艺术设计学,1,630,19725
2022,3272,南京艺术学院,029,戏剧影视文学(影视策划与制片),1,638,14514
2022,3272,南京艺术学院,036,影视摄影与制作,1,594,55071
2022,3272,南京艺术学院,041,公共事业管理,1,595,53036
2022,3272,南京艺术学院,042,文化产业管理,1,597,51137
2022,3272,南京艺术学院,043,艺术管理,1,618,30148
2022,3273,南京邮电大学（一流学科建设高校）,001,通信工程,8,637,14862
2022,3273,南京邮电大学（一流学科建设高校）,002,电子信息工程,5,635,16186
2022,3273,南京邮电大学（一流学科建设高校）,003,电子科学与技术,5,637,15485
2022,3273,南京邮电大学（一流学科建设高校）,004,柔性电子学,2,630,19860
2022,3273,南京邮电大学（一流学科建设高校）,005,微电子科学与工程,7,634,17384
2022,3273,南京邮电大学（一流学科建设高校）,006,集成电路设计与集成系统,2,639,14176
2022,3273,南京邮电大学（一流学科建设高校）,007,计算机科学与技术,4,639,13897
2022,3273,南京邮电大学（一流学科建设高校）,008,信息安全,6,635,16392
2022,3273,南京邮电大学（一流学科建设高校）,009,软件工程,10,636,15630
2022,3273,南京邮电大学（一流学科建设高校）,010,自动化,7,631,18928
2022,3273,南京邮电大学（一流学科建设高校）,011,电气工程及其自动化,5,632,18627
2022,3273,南京邮电大学（一流学科建设高校）,012,智能电网信息工程,4,631,18880
2022,3273,南京邮电大学（一流学科建设高校）,013,人工智能,5,634,16854
2022,3273,南京邮电大学（一流学科建设高校）,014,网络工程,5,634,17334
2022,3273,南京邮电大学（一流学科建设高校）,015,物联网工程,5,634,17038
2022,3273,南京邮电大学（一流学科建设高校）,016,经济学类,6,635,16657
2022,3273,南京邮电大学（一流学科建设高校）,017,金融科技,3,634,17321
2022,3273,南京邮电大学（一流学科建设高校）,018,英语,7,629,20885
2022,3274,南京邮电大学通达学院(独立学院),001,电子商务,2,553,103968
2022,3274,南京邮电大学通达学院(独立学院),002,广告学,2,561,93500
2022,3274,南京邮电大学通达学院(独立学院),003,金融工程,2,554,101848
2022,3274,南京邮电大学通达学院(独立学院),004,财务管理,3,553,103870
2022,3274,南京邮电大学通达学院(独立学院),005,信息管理与信息系统,2,538,122376
2022,3274,南京邮电大学通达学院(独立学院),006,电气工程及其自动化,3,533,127962
2022,3274,南京邮电大学通达学院(独立学院),007,数字媒体技术,2,535,125528
2022,3274,南京邮电大学通达学院(独立学院),008,物联网工程(嵌入式培养),2,533,127995
2022,3274,南京邮电大学通达学院(独立学院),009,数据科学与大数据技术,3,535,125784
2022,3274,南京邮电大学通达学院(独立学院),010,信息工程,2,530,131626
2022,3274,南京邮电大学通达学院(独立学院),011,通信工程,3,530,131227
2022,3274,南京邮电大学通达学院(独立学院),012,计算机科学与技术(嵌入式培养),3,535,125274
2022,3274,南京邮电大学通达学院(独立学院),013,光电信息科学与工程,2,525,137295
2022,3275,南京中医药大学（一流学科建设高校）,001,食品卫生与营养学,5,612,35012
2022,3275,南京中医药大学（一流学科建设高校）,002,中医学,5,642,12198
2022,3275,南京中医药大学（一流学科建设高校）,003,眼视光学,6,610,36974
2022,3275,南京中医药大学（一流学科建设高校）,004,中药学类,6,618,29943
2022,3275,南京中医药大学（一流学科建设高校）,005,信息管理与信息系统,5,595,53373
2022,3275,南京中医药大学（一流学科建设高校）,006,临床医学(老年医学),5,616,31675
2022,3275,南京中医药大学（一流学科建设高校）,007,康复治疗学(中外合作办学),10,595,53784
2022,3276,南通大学,001,思想政治教育(师范),2,622,26293
2022,3276,南通大学,002,小学教育(师范),2,620,28221
2022,3276,南通大学,003,学前教育(师范),2,612,35301
2022,3276,南通大学,004,应用心理学,3,607,40996
2022,3276,南通大学,005,翻译,1,610,37871
2022,3276,南通大学,006,化学(师范),7,602,45382
2022,3276,南通大学,007,高分子材料与工程,3,580,70705
2022,3276,南通大学,008,通信工程,2,597,51112
2022,3276,南通大学,009,电子信息工程,2,599,49486
2022,3276,南通大学,010,计算机科学与技术,2,599,49447
2022,3276,南通大学,011,纺织工程,5,573,79863
2022,3276,南通大学,012,服装设计与工程,5,579,72243
2022,3276,南通大学,014,康复治疗学,2,593,55310
2022,3276,南通大学,015,医学影像学,2,617,31046
2022,3276,南通大学,016,护理学,4,581,69360
2022,3276,南通大学,017,预防医学,1,600,47490
2022,3276,南通大学,018,医学检验技术,3,602,46166
2022,3276,南通大学,023,地理信息科学,2,604,44016
2022,3276,南通大学,024,环境科学,2,591,57536
2022,3276,南通大学,025,交通工程,5,582,68143
2022,3276,南通大学,026,交通设备与控制工程,6,584,65497
2022,3276,南通大学,027,药学,2,599,49081
2022,3277,南通大学杏林学院(独立学院),001,经济统计学,10,545,113151
2022,3277,南通大学杏林学院(独立学院),002,海洋技术,10,539,120927
2022,3277,南通大学杏林学院(独立学院),003,酒店管理,10,533,127858
2022,3277,南通大学杏林学院(独立学院),004,行政管理,10,541,118562
2022,3277,南通大学杏林学院(独立学院),005,城市管理,10,536,124650
2022,3277,南通大学杏林学院(独立学院),006,物流管理,10,535,125273
2022,3279,南通职业大学,502,工程造价,6,497,
2022,3279,南通职业大学,504,机电一体化技术,3,497,
2022,3279,南通职业大学,510,大数据与会计,10,497,
2022,3280,三江学院(民办),001,英语,5,553,103365
2022,3280,三江学院(民办),002,互联网金融,8,521,142143
2022,3280,三江学院(民办),003,投资学,8,541,117812
2022,3280,三江学院(民办),004,网络空间安全,5,520,143141
2022,3280,三江学院(民办),005,风景园林,6,547,111258
2022,3280,三江学院(民办),006,智能制造工程,5,520,143082
2022,3280,三江学院(民办),007,机器人工程,3,521,141872
2022,3280,三江学院(民办),008,建筑电气与智能化,3,530,131043
2022,3280,三江学院(民办),009,集成电路设计与集成系统,4,519,144905
2022,3280,三江学院(民办),010,文化产业管理,5,548,109960
2022,3281,苏州大学（一流学科建设高校）,001,中国语言文学类,2,656,5739
2022,3281,苏州大学（一流学科建设高校）,003,图书情报与档案管理类,2,650,8304
2022,3281,苏州大学（一流学科建设高校）,004,思想政治教育(师范),2,653,7008
2022,3281,苏州大学（一流学科建设高校）,005,教育学(师范),2,653,7047
2022,3281,苏州大学（一流学科建设高校）,006,金融学,2,655,5982
2022,3281,苏州大学（一流学科建设高校）,007,法学,2,658,5205
2022,3281,苏州大学（一流学科建设高校）,008,建筑学,2,646,10112
2022,3281,苏州大学（一流学科建设高校）,009,风景园林,2,641,12698
2022,3281,苏州大学（一流学科建设高校）,010,数学类,2,650,8050
2022,3281,苏州大学（一流学科建设高校）,011,物理学(师范),2,644,10875
2022,3281,苏州大学（一流学科建设高校）,012,新能源材料与器件(中外合作办学),4,630,20135
2022,3281,苏州大学（一流学科建设高校）,013,化学类,2,646,9941
2022,3281,苏州大学（一流学科建设高校）,014,材料类,2,644,11320
2022,3281,苏州大学（一流学科建设高校）,015,纳米材料与技术,5,639,13790
2022,3281,苏州大学（一流学科建设高校）,016,软件工程,2,651,7957
2022,3281,苏州大学（一流学科建设高校）,017,电子信息类,3,647,9720
2022,3281,苏州大学（一流学科建设高校）,018,电气工程及其自动化,2,646,10262
2022,3281,苏州大学（一流学科建设高校）,019,机械工程,2,642,12054
2022,3281,苏州大学（一流学科建设高校）,020,纺织类,2,635,16413
2022,3281,苏州大学（一流学科建设高校）,021,电气工程与智能控制,2,645,10604
2022,3281,苏州大学（一流学科建设高校）,031,放射医学,2,649,8709
2022,3281,苏州大学（一流学科建设高校）,032,药学,2,647,9513
2022,3281,苏州大学（一流学科建设高校）,033,临床医学(5+3一体化),2,660,4290
2022,3281,苏州大学（一流学科建设高校）,034,临床医学,2,656,5877
2022,3281,苏州大学（一流学科建设高校）,035,医学影像学,2,649,8396
2022,3281,苏州大学（一流学科建设高校）,036,集成电路设计与集成系统,2,644,10839
2022,3281,苏州大学（一流学科建设高校）,037,数据科学与大数据技术,2,649,8737
2022,3281,苏州大学（一流学科建设高校）,038,机器人工程,2,648,9120
2022,3282,苏州城市学院,001,国际经济与贸易,9,567,87138
2022,3282,苏州城市学院,002,日语,8,565,89095
2022,3282,苏州城市学院,003,应用心理学,9,569,84591
2022,3282,苏州城市学院,004,测控技术与仪器,7,546,111932
2022,3282,苏州城市学院,005,轨道交通信号与控制,7,546,112147
2022,3283,苏州大学应用技术学院(独立学院),001,电气工程及其自动化,5,530,131849
2022,3283,苏州大学应用技术学院(独立学院),002,电子信息工程,5,524,138740
2022,3283,苏州大学应用技术学院(独立学院),003,机械工程,5,520,144152
2022,3283,苏州大学应用技术学院(独立学院),004,软件工程(嵌入式培养),18,522,141195
2022,3283,苏州大学应用技术学院(独立学院),005,电子商务(嵌入式培养),5,542,116612
2022,3283,苏州大学应用技术学院(独立学院),006,国际经济与贸易,5,548,109942
2022,3283,苏州大学应用技术学院(独立学院),007,投资学,5,545,113493
2022,3283,苏州大学应用技术学院(独立学院),008,物流管理,5,542,116589
2022,3283,苏州大学应用技术学院(独立学院),009,服装设计与工程(中外合作办学),5,529,133385
2022,3286,苏州工业园区职业技术学院,507,城市轨道交通通信信号技术,2,497,
2022,3286,苏州工业园区职业技术学院,508,计算机网络技术,2,497,
2022,3286,苏州工业园区职业技术学院,517,工程造价,2,497,
2022,3288,苏州科技大学,001,建筑学,2,614,33167
2022,3288,苏州科技大学,002,城乡规划,2,616,31677
2022,3288,苏州科技大学,003,风景园林,2,609,38032
2022,3288,苏州科技大学,004,给排水科学与工程,2,589,60161
2022,3288,苏州科技大学,005,地理信息科学,2,608,39784
2022,3288,苏州科技大学,006,测绘工程,2,581,69411
2022,3288,苏州科技大学,007,建筑环境与能源应用工程,2,593,55571
2022,3288,苏州科技大学,008,工程力学,2,585,64426
2022,3288,苏州科技大学,009,无机非金属材料工程,2,591,57643
2022,3288,苏州科技大学,010,计算机科学与技术,2,606,41294
2022,3288,苏州科技大学,011,通信工程,2,600,47744
2022,3288,苏州科技大学,012,数学与应用数学(师范),2,599,48457
2022,3288,苏州科技大学,013,信息与计算科学,2,598,49688
2022,3288,苏州科技大学,014,生物技术,2,593,56314
2022,3288,苏州科技大学,015,化学(师范),2,603,44227
2022,3288,苏州科技大学,016,应用化学,2,595,53153
2022,3288,苏州科技大学,017,功能材料,2,591,58302
2022,3288,苏州科技大学,018,旅游管理,2,593,56131
2022,3288,苏州科技大学,019,物流管理,2,594,54751
2022,3288,苏州科技大学,020,金融工程,2,597,51751
2022,3288,苏州科技大学,021,汉语言文学,2,610,37507
2022,3288,苏州科技大学,022,历史学(师范),2,615,32592
2022,3288,苏州科技大学,029,土木工程(中外合作办学),4,574,77510
2022,3288,苏州科技大学,030,工程管理(中外合作办学),4,574,78266
2022,3288,苏州科技大学,031,物流管理(中外合作办学),2,577,74655
2022,3288,苏州科技大学,032,机械设计制造及其自动化(中外合作办学),2,578,73465
2022,3288,苏州科技大学,034,区块链工程,2,600,48223
2022,3289,苏州农业职业技术学院,501,园艺技术,5,497,
2022,3289,苏州农业职业技术学院,502,园林技术,5,497,
2022,3291,苏州卫生职业技术学院,501,护理,4,520,144035
2022,3291,苏州卫生职业技术学院,502,药学,3,517,147038
2022,3291,苏州卫生职业技术学院,503,医学检验技术,3,518,146422
2022,3292,苏州职业大学,501,机械制造及自动化,5,500,166183
2022,3292,苏州职业大学,503,机电一体化技术,5,497,
2022,3292,苏州职业大学,504,工业机器人技术,2,508,158096
2022,3292,苏州职业大学,505,应用电子技术,5,497,
2022,3292,苏州职业大学,506,计算机网络技术,5,511,153769
2022,3292,苏州职业大学,507,国际经济与贸易,4,502,164716
2022,3292,苏州职业大学,508,市场营销,5,500,166562
2022,3292,苏州职业大学,509,电子商务,6,506,159833
2022,3292,苏州职业大学,510,现代物流管理,5,499,167717
2022,3292,苏州职业大学,511,商务英语,6,510,155151
2022,3292,苏州职业大学,512,商务日语,6,506,160195
2022,3293,无锡城市职业技术学院,501,电子商务,2,497,
2022,3293,无锡城市职业技术学院,504,会计信息管理,2,497,
2022,3293,无锡城市职业技术学院,512,信息安全技术应用,2,497,
2022,3293,无锡城市职业技术学院,516,学前教育(师范),5,497,
2022,3296,无锡商业职业技术学院,504,大数据与会计,6,497,
2022,3296,无锡商业职业技术学院,506,旅游管理,7,497,
2022,3297,西交利物浦大学(中外合作办学),001,数学类(中外合作办学),16,586,63651
2022,3297,西交利物浦大学(中外合作办学),002,电子信息类(中外合作办学),42,587,62099
2022,3297,西交利物浦大学(中外合作办学),003,生物科学类(中外合作办学),10,588,61804
2022,3297,西交利物浦大学(中外合作办学),004,化学类(中外合作办学),2,591,57822
2022,3297,西交利物浦大学(中外合作办学),005,工商管理类(中外合作办学),23,589,60683
2022,3297,西交利物浦大学(中外合作办学),006,金融学类(中外合作办学),37,588,61565
2022,3297,西交利物浦大学(中外合作办学),007,建筑类(中外合作办学),16,588,61856
2022,3297,西交利物浦大学(中外合作办学),008,土木类(中外合作办学),2,586,64260
2022,3297,西交利物浦大学(中外合作办学),009,外国语言文学类(中外合作办学),12,589,60508
2022,3298,徐州工程学院,001,土木工程,4,546,111617
2022,3298,徐州工程学院,002,机械设计制造及其自动化,5,549,107942
2022,3298,徐州工程学院,003,电子信息工程,6,553,103177
2022,3298,徐州工程学院,004,物流工程,5,561,94222
2022,3298,徐州工程学院,005,会计学,3,573,79244
2022,3298,徐州工程学院,006,英语,3,573,79886
2022,3298,徐州工程学院,007,朝鲜语,4,559,96690
2022,3298,徐州工程学院,008,汉语言文学,2,583,67841
2022,3298,徐州工程学院,009,国际经济与贸易,3,567,87090
2022,3298,徐州工程学院,010,市场营销,3,564,89755
2022,3298,徐州工程学院,011,旅游管理,2,561,93740
2022,3299,江苏建筑职业技术学院,502,园林工程技术,2,497,
2022,3299,江苏建筑职业技术学院,506,新能源汽车技术,2,497,
2022,3301,江苏师范大学,001,哲学,2,608,39845
2022,3301,江苏师范大学,002,法学,2,614,33618
2022,3301,江苏师范大学,003,思想政治教育(师范),3,628,21459
2022,3301,江苏师范大学,004,教育技术学(师范),3,616,32043
2022,3301,江苏师范大学,005,汉语言文学(师范),2,632,18842
2022,3301,江苏师范大学,006,汉语国际教育(师范),4,615,32412
2022,3301,江苏师范大学,007,英语(师范),2,628,21653
2022,3301,江苏师范大学,008,广告学,2,610,37767
2022,3301,江苏师范大学,009,历史学(师范),2,632,18793
2022,3301,江苏师范大学,010,数学与应用数学(师范),2,620,27961
2022,3301,江苏师范大学,011,化学(师范),2,622,26184
2022,3301,江苏师范大学,012,生物科学(师范),4,621,27098
2022,3301,江苏师范大学,013,电子信息工程,2,595,53466
2022,3301,江苏师范大学,014,光电信息科学与工程,2,590,58973
2022,3301,江苏师范大学,015,文化产业管理,2,605,43027
2022,3301,江苏师范大学,016,行政管理,2,596,52110
2022,3301,江苏师范大学,017,金融工程(中外合作办学),3,580,71445
2022,3301,江苏师范大学,018,轨道交通信号与控制(中外合作办学),3,562,92932
2022,3301,江苏师范大学,019,机械设计制造及其自动化(中外合作办学),2,569,84080
2022,3301,江苏师范大学,020,电子信息工程(中外合作办学),2,575,76735
2022,3301,江苏师范大学,021,电子科学与技术(中外合作办学),2,567,86009
2022,3302,江苏师范大学科文学院(独立学院),001,财务管理,3,554,102216
2022,3302,江苏师范大学科文学院(独立学院),002,物流管理,3,550,107674
2022,3302,江苏师范大学科文学院(独立学院),003,电子商务及法律,3,548,109899
2022,3302,江苏师范大学科文学院(独立学院),004,国际经济与贸易,2,557,98311
2022,3302,江苏师范大学科文学院(独立学院),005,金融科技,2,556,100267
2022,3302,江苏师范大学科文学院(独立学院),006,汉语言文学,2,566,87396
2022,3302,江苏师范大学科文学院(独立学院),007,互联网金融,2,556,99964
2022,3302,江苏师范大学科文学院(独立学院),008,英语,2,561,94112
2022,3302,江苏师范大学科文学院(独立学院),009,机器人工程,3,524,138485
2022,3302,江苏师范大学科文学院(独立学院),010,电气工程与智能控制,5,522,140708
2022,3302,江苏师范大学科文学院(独立学院),011,软件工程(嵌入式培养),7,521,142538
2022,3302,江苏师范大学科文学院(独立学院),012,数据科学与大数据技术,2,526,135948
2022,3302,江苏师范大学科文学院(独立学院),013,商务英语,2,554,102810
2022,3303,徐州医科大学,001,麻醉学,7,624,24341
2022,3303,徐州医科大学,002,临床医学,9,626,23045
2022,3303,徐州医科大学,003,医学影像学,2,616,31610
2022,3303,徐州医科大学,004,护理学类,2,613,34699
2022,3303,徐州医科大学,005,预防医学,2,594,54319
2022,3304,盐城工学院,001,化学工程与工艺,4,558,97738
2022,3304,盐城工学院,002,应用化学,3,557,98197
2022,3304,盐城工学院,003,制药工程,3,559,95900
2022,3305,盐城师范学院,002,法语,5,564,90472
2022,3305,盐城师范学院,004,化学(师范),5,573,79295
2022,3306,扬州大学,001,广播电视学,2,616,32056
2022,3306,扬州大学,002,法语,2,617,30978
2022,3306,扬州大学,003,日语,1,611,36260
2022,3306,扬州大学,004,数学与应用数学(师范),1,626,22897
2022,3306,扬州大学,005,物理学(含师范),1,613,34338
2022,3306,扬州大学,006,微电子科学与工程,1,615,32471
2022,3306,扬州大学,007,高分子材料与工程,1,605,42608
2022,3306,扬州大学,008,化学工程与工艺,1,602,46049
2022,3306,扬州大学,009,电子信息工程,2,615,32438
2022,3306,扬州大学,010,交通工程,2,596,52508
2022,3306,扬州大学,011,工程管理,2,602,45365
2022,3306,扬州大学,012,水利类,2,608,39785
2022,3306,扬州大学,013,水文与水资源工程,2,594,54035
2022,3306,扬州大学,014,电气工程及其自动化,2,613,34645
2022,3306,扬州大学,015,环境工程,2,603,44581
2022,3306,扬州大学,016,给排水科学与工程,1,597,50953
2022,3306,扬州大学,017,动物医学,2,621,27462
2022,3306,扬州大学,018,生物科学(师范),2,620,27819
2022,3306,扬州大学,019,生物技术,1,612,35272
2022,3306,扬州大学,020,经济学,1,623,25608
2022,3306,扬州大学,021,国际经济与贸易,1,616,32117
2022,3306,扬州大学,022,汉语言文学(师范),1,637,15461
2022,3306,扬州大学,023,历史学(师范),1,641,12993
2022,3306,扬州大学,024,法学,2,627,22645
2022,3306,扬州大学,025,机械设计制造及其自动化,2,611,36494
2022,3306,扬州大学,026,车辆工程,2,605,42240
2022,3306,扬州大学,027,临床医学,2,629,20333
2022,3307,扬州大学广陵学院(独立学院),001,广播电视学,4,557,99136
2022,3307,扬州大学广陵学院(独立学院),002,汉语言文学,4,562,92469
2022,3307,扬州大学广陵学院(独立学院),003,英语,4,557,98437
2022,3307,扬州大学广陵学院(独立学院),004,国际经济与贸易,4,553,103895
2022,3307,扬州大学广陵学院(独立学院),005,会计学,2,562,92855
2022,3307,扬州大学广陵学院(独立学院),006,人力资源管理,2,556,100093
2022,3307,扬州大学广陵学院(独立学院),007,市场营销,2,551,105970
2022,3307,扬州大学广陵学院(独立学院),008,旅游管理,4,543,116225
2022,3307,扬州大学广陵学院(独立学院),009,智能制造工程,2,525,137104
2022,3307,扬州大学广陵学院(独立学院),010,通信工程,2,534,126209
2022,3307,扬州大学广陵学院(独立学院),011,微电子科学与工程,2,535,125452
2022,3307,扬州大学广陵学院(独立学院),012,电气工程及其自动化,2,536,123773
2022,3307,扬州大学广陵学院(独立学院),013,工程管理,2,523,139500
2022,3307,扬州大学广陵学院(独立学院),014,生物制药,4,522,140682
2022,3310,扬州市职业大学,507,市场营销,5,497,
2022,3310,扬州市职业大学,508,大数据与会计,2,512,153416
2022,3310,扬州市职业大学,510,应用英语,3,497,
2022,3310,扬州市职业大学,512,现代文秘,5,497,
2022,3312,镇江市高等专科学校,501,计算机应用技术,2,510,155963
2022,3312,镇江市高等专科学校,502,护理,2,518,146597
2022,3312,镇江市高等专科学校,503,医学检验技术,2,517,147570
2022,3312,镇江市高等专科学校,504,眼视光技术,2,505,160656
2022,3312,镇江市高等专科学校,505,大数据与会计,1,509,156869
2022,3312,镇江市高等专科学校,506,学前教育(师范),4,522,140806
2022,3312,镇江市高等专科学校,507,法律事务,2,516,147947
2022,3315,中国矿业大学（一流学科建设高校）,001,人工智能,5,632,18283
2022,3315,中国矿业大学（一流学科建设高校）,002,大数据管理与应用,4,633,17630
2022,3315,中国矿业大学（一流学科建设高校）,003,机器人工程,4,631,18980
2022,3315,中国矿业大学（一流学科建设高校）,004,遥感科学与技术,2,631,19220
2022,3315,中国矿业大学（一流学科建设高校）,005,新能源材料与器件,2,630,20189
2022,3315,中国矿业大学（一流学科建设高校）,006,电子信息类,10,632,18665
2022,3315,中国矿业大学（一流学科建设高校）,007,机械类,6,629,20492
2022,3315,中国矿业大学（一流学科建设高校）,008,材料类,2,626,23022
2022,3315,中国矿业大学（一流学科建设高校）,009,公共管理类,5,635,16217
2022,3315,中国矿业大学（一流学科建设高校）,010,中国语言文学类,2,641,12955
2022,3315,中国矿业大学（一流学科建设高校）,011,电气类,10,633,17655
2022,3315,中国矿业大学（一流学科建设高校）,012,计算机类,15,634,16959
2022,3315,中国矿业大学（一流学科建设高校）,013,安全科学与工程类,4,629,20602
2022,3315,中国矿业大学（一流学科建设高校）,014,土木类,4,625,23776
2022,3315,中国矿业大学（一流学科建设高校）,015,建筑类,10,626,22772
2022,3315,中国矿业大学（一流学科建设高校）,016,数学类,12,630,19647
2022,3315,中国矿业大学（一流学科建设高校）,017,物理学类,4,628,21532
2022,3315,中国矿业大学（一流学科建设高校）,018,工商管理类,25,634,17407
2022,3315,中国矿业大学（一流学科建设高校）,019,外国语言文学类,12,634,17427
2022,3315,中国矿业大学（一流学科建设高校）,022,金融学,5,636,15846
2022,3315,中国矿业大学（一流学科建设高校）,023,土木工程(中外合作办学),3,609,38798
2022,3316,中国药科大学（一流学科建设高校）,001,药学(本博贯通强基拔尖实验班),2,654,6508
2022,3316,中国药科大学（一流学科建设高校）,002,药学(基础药学理科基地),2,651,7845
2022,3316,中国药科大学（一流学科建设高校）,003,药学类,30,636,16075
2022,3316,中国药科大学（一流学科建设高校）,004,中药学类,11,633,17597
2022,3316,中国药科大学（一流学科建设高校）,005,药学(国家生命科学与技术人才培养基地),2,651,7628
2022,3316,中国药科大学（一流学科建设高校）,006,药学(中外合作办学),5,625,24097
2022,3316,中国药科大学（一流学科建设高校）,007,生物技术,2,639,14070
2022,3316,中国药科大学（一流学科建设高校）,008,生物制药,5,641,13053
2022,3316,中国药科大学（一流学科建设高校）,009,化工与制药类,8,632,18420
2022,3316,中国药科大学（一流学科建设高校）,010,临床药学,4,642,12159
2022,3316,中国药科大学（一流学科建设高校）,011,临床药学(中外合作办学),5,627,22150
2022,3318,南通理工学院(民办),001,土木工程,3,511,153771
2022,3318,南通理工学院(民办),002,物流管理,5,538,122402
2022,3318,南通理工学院(民办),003,财务管理,4,541,117962
2022,3318,南通理工学院(民办),004,电子商务,4,544,114998
2022,3318,南通理工学院(民办),005,健康服务与管理,3,541,118647
2022,3318,南通理工学院(民办),006,酒店管理,4,532,129150
2022,3318,南通理工学院(民办),007,标准化工程,5,537,123196
2022,3318,南通理工学院(民办),008,市场营销,5,534,126239
2022,3318,南通理工学院(民办),009,数据科学与大数据技术(嵌入式培养),2,522,141300
2022,3321,无锡工艺职业技术学院,518,服装设计与工艺,4,497,
2022,3323,苏州科技大学天平学院(独立学院),001,市场营销,2,553,103437
2022,3323,苏州科技大学天平学院(独立学院),002,英语,3,552,104913
2022,3323,苏州科技大学天平学院(独立学院),003,日语,3,546,112294
2022,3325,中国人民大学(苏州校区)（一流大学建设高校）,001,法语(中外合作办学),1,651,7941
2022,3325,中国人民大学(苏州校区)（一流大学建设高校）,002,国民经济管理(中外合作办学),2,651,7608
2022,3325,中国人民大学(苏州校区)（一流大学建设高校）,003,金融学(中外合作办学),13,651,7887
2022,3325,中国人民大学(苏州校区)（一流大学建设高校）,004,数学与应用数学(中外合作办学),5,649,8740
2022,3325,中国人民大学(苏州校区)（一流大学建设高校）,005,人力资源管理(中外合作办学),3,653,6977
2022,3325,中国人民大学(苏州校区)（一流大学建设高校）,006,传播学(中外合作办学)(国际新闻传播方向),2,652,7518
2022,3326,江苏科技大学苏州理工学院(独立学院),001,船舶与海洋工程,2,528,133562
2022,3326,江苏科技大学苏州理工学院(独立学院),002,机械设计制造及其自动化,2,536,124566
2022,3326,江苏科技大学苏州理工学院(独立学院),003,焊接技术与工程,2,524,138805
2022,3326,江苏科技大学苏州理工学院(独立学院),004,国际经济与贸易,2,550,107632
2022,3326,江苏科技大学苏州理工学院(独立学院),005,英语,2,558,97929
2022,3336,常州工程职业技术学院,502,数字媒体技术,5,497,
2022,3337,徐州生物工程职业技术学院,501,护理,7,497,
2022,3337,徐州生物工程职业技术学院,502,康复治疗技术,2,497,
2022,3337,徐州生物工程职业技术学院,503,中药学,3,499,167131
2022,3337,徐州生物工程职业技术学院,513,医用电子仪器技术,3,497,
2022,3339,江苏航空职业技术学院,506,飞行器维修技术,2,504,162252
2022,3339,江苏航空职业技术学院,507,航空发动机维修技术,2,497,
2022,3339,江苏航空职业技术学院,508,无人机应用技术,2,504,162461
2022,3339,江苏航空职业技术学院,512,空中乘务,2,508,157981
2022,3339,江苏航空职业技术学院,513,民航安全技术管理,2,497,
2022,3339,江苏航空职业技术学院,514,民航空中安全保卫,2,501,165168
2022,3339,江苏航空职业技术学院,515,机场运行服务与管理,2,514,151278
2022,3339,江苏航空职业技术学院,516,飞机机电设备维修,2,497,
2022,3340,九州职业技术学院(民办),506,护理,30,497,
2022,3347,苏州信息职业技术学院,501,工业机器人技术,11,497,
2022,3348,江苏护理职业学院,501,护理,16,509,157076
2022,3348,江苏护理职业学院,502,助产,3,506,160295
2022,3348,江苏护理职业学院,503,药学,3,512,152609
2022,3348,江苏护理职业学院,504,医学检验技术,5,507,158719
2022,3348,江苏护理职业学院,505,口腔医学技术,2,516,148886
2022,3348,江苏护理职业学院,506,医学美容技术,2,512,153451
2022,3348,江苏护理职业学院,507,康复治疗技术,4,506,159675
2022,3350,江苏卫生健康职业学院,501,临床医学,24,519,144783
2022,3350,江苏卫生健康职业学院,502,护理,16,508,158165
2022,3350,江苏卫生健康职业学院,503,药学,8,510,155960
2022,3350,江苏卫生健康职业学院,504,中医学,10,513,152308
2022,3350,江苏卫生健康职业学院,505,医学检验技术,8,508,157277
2022,3350,江苏卫生健康职业学院,506,医学影像技术,10,515,149862
2022,3350,江苏卫生健康职业学院,507,预防医学,4,507,158857
2022,3351,南京城市职业学院,504,大数据与财务管理,3,497,
2022,3351,南京城市职业学院,505,大数据与会计,2,497,170017
2022,3351,南京城市职业学院,507,跨境电子商务,5,497,
2022,3351,南京城市职业学院,510,计算机应用技术,6,497,
2022,3351,南京城市职业学院,511,计算机网络技术,4,497,
2022,3351,南京城市职业学院,512,软件技术,9,497,
2022,3353,连云港师范高等专科学校,501,电子商务,4,497,
2022,3353,连云港师范高等专科学校,502,小学语文教育(师范),4,511,154552
2022,3353,连云港师范高等专科学校,503,小学英语教育(师范),4,511,154560
2022,3353,连云港师范高等专科学校,504,小学数学教育(师范),4,506,160430
2022,3353,连云港师范高等专科学校,505,小学教育(师范),4,512,153501
2022,3356,徐州幼儿师范高等专科学校,501,学前教育(师范),10,497,
2022,3401,安徽财经大学,001,金融学,6,594,54030
2022,3401,安徽财经大学,002,会计学,4,606,41372
2022,3401,安徽财经大学,003,经济学,2,594,54393
2022,3401,安徽财经大学,004,金融学类,4,595,53524
2022,3401,安徽财经大学,005,经济与贸易类,6,591,57690
2022,3401,安徽财经大学,006,供应链管理,3,585,65311
2022,3401,安徽财经大学,007,工商管理类,5,592,57129
2022,3402,蚌埠工商学院(民办),001,会计学,4,552,105182
2022,3402,蚌埠工商学院(民办),002,金融学,3,551,105669
2022,3402,蚌埠工商学院(民办),003,金融工程,2,544,114030
2022,3402,蚌埠工商学院(民办),004,人力资源管理,3,543,115555
2022,3402,蚌埠工商学院(民办),005,财务管理,3,550,107055
2022,3402,蚌埠工商学院(民办),006,审计学,2,551,105635
2022,3402,蚌埠工商学院(民办),007,国际经济与贸易,3,546,112354
2022,3404,安徽大学（一流学科建设高校）,001,数学类,4,633,17594
2022,3404,安徽大学（一流学科建设高校）,002,材料类,4,624,24652
2022,3404,安徽大学（一流学科建设高校）,003,电子信息工程,5,634,16909
2022,3404,安徽大学（一流学科建设高校）,004,电气工程及其自动化,4,633,17650
2022,3404,安徽大学（一流学科建设高校）,005,机械类,4,628,21339
2022,3404,安徽大学（一流学科建设高校）,006,互联网金融,5,630,20053
2022,3404,安徽大学（一流学科建设高校）,007,计算机类,10,636,15749
2022,3404,安徽大学（一流学科建设高校）,008,人工智能,6,634,16944
2022,3404,安徽大学（一流学科建设高校）,009,新闻传播学类,8,640,13573
2022,3404,安徽大学（一流学科建设高校）,010,经济学,4,638,14780
2022,3404,安徽大学（一流学科建设高校）,011,金融学,4,638,14396
2022,3404,安徽大学（一流学科建设高校）,012,工商管理类,8,636,15926
2022,3404,安徽大学（一流学科建设高校）,013,法语,3,637,15529
2022,3404,安徽大学（一流学科建设高校）,014,法学类,3,646,9820
2022,3404,安徽大学（一流学科建设高校）,015,思想政治教育,3,639,14036
2022,3404,安徽大学（一流学科建设高校）,020,计算机科学与技术,7,637,14879
2022,3404,安徽大学（一流学科建设高校）,021,应用物理学(中外合作办学),8,598,50354
2022,3404,安徽大学（一流学科建设高校）,022,应用统计学(中外合作办学),8,601,47090
2022,3404,安徽大学（一流学科建设高校）,023,数字媒体技术(中外合作办学),9,602,45995
2022,3406,安徽工程大学,001,机械设计制造及其自动化,5,567,86020
2022,3406,安徽工程大学,002,测控技术与仪器,5,556,99311
2022,3406,安徽工程大学,003,材料科学与工程,5,560,94905
2022,3406,安徽工程大学,004,材料成型及控制工程,5,555,100659
2022,3406,安徽工程大学,005,自动化,5,569,83802
2022,3406,安徽工程大学,006,电子信息科学与技术,5,569,84026
2022,3406,安徽工程大学,007,服装设计与工程,5,557,98585
2022,3406,安徽工程大学,008,轻化工程,5,559,96541
2022,3406,安徽工程大学,009,生物工程,5,566,88234
2022,3406,安徽工程大学,010,食品科学与工程,7,567,86855
2022,3406,安徽工程大学,011,环境工程,5,566,88199
2022,3406,安徽工程大学,012,应用化学,5,561,93861
2022,3406,安徽工程大学,013,化学工程与工艺,7,562,92561
2022,3406,安徽工程大学,014,高分子材料与工程,6,560,94995
2022,3406,安徽工程大学,015,工商管理,5,572,80619
2022,3406,安徽工程大学,016,工业工程,5,572,80751
2022,3406,安徽工程大学,017,工业设计,5,564,89752
2022,3406,安徽工程大学,018,软件工程,5,574,77617
2022,3406,安徽工程大学,019,物联网工程,5,568,85306
2022,3406,安徽工程大学,020,统计学,5,573,79049
2022,3406,安徽工程大学,021,金融工程,5,571,81815
2022,3406,安徽工程大学,022,建筑学,5,567,86764
2022,3406,安徽工程大学,023,土木工程,5,562,92113
2022,3406,安徽工程大学,024,给排水科学与工程,5,559,96359
2022,3407,安徽信息工程学院(民办),001,计算机科学与技术,9,517,147350
2022,3407,安徽信息工程学院(民办),002,软件工程,10,512,152592
2022,3407,安徽信息工程学院(民办),003,人工智能,2,514,150449
2022,3407,安徽信息工程学院(民办),004,数据科学与大数据技术,3,513,151709
2022,3410,安徽工业大学,001,材料类,2,569,83897
2022,3410,安徽工业大学,002,土木工程,2,578,72962
2022,3410,安徽工业大学,003,车辆工程,1,571,81447
2022,3410,安徽工业大学,004,机械工程,2,574,77508
2022,3410,安徽工业大学,005,机械设计制造及其自动化,3,595,53631
2022,3410,安徽工业大学,006,电气工程及其自动化,2,589,60024
2022,3410,安徽工业大学,007,电子信息工程,2,584,65658
2022,3410,安徽工业大学,008,自动化,2,588,61093
2022,3410,安徽工业大学,009,计算机类,2,589,60315
2022,3410,安徽工业大学,010,人工智能,2,592,56689
2022,3410,安徽工业大学,011,光电信息科学与工程,2,574,77506
2022,3410,安徽工业大学,012,数据科学与大数据技术,2,588,61139
2022,3410,安徽工业大学,013,外国语言文学类,2,578,73367
2022,3410,安徽工业大学,014,财务管理,2,583,67744
2022,3410,安徽工业大学,015,经济统计学,2,585,64865
2022,3411,马鞍山学院(民办),001,国际经济与贸易,5,532,129708
2022,3411,马鞍山学院(民办),002,金融学,5,533,128073
2022,3411,马鞍山学院(民办),003,英语,5,534,126812
2022,3411,马鞍山学院(民办),004,财务管理,5,534,127263
2022,3416,安徽建筑大学,001,土木工程,2,578,73250
2022,3416,安徽建筑大学,002,城市地下空间工程,2,562,92690
2022,3416,安徽建筑大学,003,道路桥梁与渡河工程,2,568,85108
2022,3416,安徽建筑大学,004,地质工程,2,564,89897
2022,3416,安徽建筑大学,005,勘查技术与工程,2,566,87956
2022,3416,安徽建筑大学,006,交通工程,2,575,76426
2022,3416,安徽建筑大学,007,安全工程,2,562,92509
2022,3416,安徽建筑大学,008,建筑学,1,609,38401
2022,3416,安徽建筑大学,009,城乡规划,1,596,52371
2022,3416,安徽建筑大学,010,风景园林,1,583,66742
2022,3416,安徽建筑大学,011,地理信息科学,2,584,65662
2022,3416,安徽建筑大学,012,能源与动力工程,2,571,81404
2022,3416,安徽建筑大学,013,建筑环境与能源应用工程,2,569,84245
2022,3416,安徽建筑大学,014,给排水科学与工程,2,565,88471
2022,3416,安徽建筑大学,015,环境生态工程,2,572,80584
2022,3416,安徽建筑大学,016,经济学,2,582,68214
2022,3416,安徽建筑大学,017,金融工程,2,569,83615
2022,3416,安徽建筑大学,018,工程管理,2,566,87221
2022,3416,安徽建筑大学,019,房地产开发与管理,2,561,93363
2022,3416,安徽建筑大学,020,工程造价,2,577,74763
2022,3416,安徽建筑大学,021,会计学,2,586,63682
2022,3416,安徽建筑大学,022,财务管理,2,582,68104
2022,3416,安徽建筑大学,023,电子信息工程,2,576,75201
2022,3416,安徽建筑大学,024,通信工程,2,572,80811
2022,3416,安徽建筑大学,025,计算机科学与技术,2,583,67297
2022,3416,安徽建筑大学,026,网络工程,2,579,72521
2022,3416,安徽建筑大学,027,物联网工程,2,575,76731
2022,3416,安徽建筑大学,028,建筑电气与智能化,2,567,86357
2022,3416,安徽建筑大学,029,应用化学,2,567,86521
2022,3416,安徽建筑大学,030,金属材料工程,2,564,90260
2022,3416,安徽建筑大学,031,无机非金属材料工程,2,565,89181
2022,3416,安徽建筑大学,032,高分子材料与工程,2,568,85170
2022,3416,安徽建筑大学,033,应用物理学,2,563,91758
2022,3416,安徽建筑大学,034,声学,2,562,93018
2022,3416,安徽建筑大学,035,统计学,2,567,86444
2022,3416,安徽建筑大学,036,机械设计制造及其自动化,2,570,82286
2022,3416,安徽建筑大学,037,机械电子工程,2,572,80081
2022,3416,安徽建筑大学,038,工业设计,2,577,74262
2022,3416,安徽建筑大学,039,测控技术与仪器,2,567,86765
2022,3416,安徽建筑大学,040,电气工程及其自动化,2,574,77654
2022,3416,安徽建筑大学,041,自动化,2,572,80665
2022,3416,安徽建筑大学,042,法学,2,591,58300
2022,3416,安徽建筑大学,043,人力资源管理,2,581,70094
2022,3416,安徽建筑大学,044,土地资源管理,2,576,75804
2022,3417,合肥城市学院(民办),001,机械设计制造及其自动化,3,530,131616
2022,3417,合肥城市学院(民办),002,机械电子工程,2,523,140037
2022,3417,合肥城市学院(民办),003,汽车服务工程,2,515,149048
2022,3417,合肥城市学院(民办),004,电气工程及其自动化,2,522,141346
2022,3417,合肥城市学院(民办),005,物联网工程,2,526,136494
2022,3417,合肥城市学院(民办),006,数据科学与大数据技术,2,519,144948
2022,3417,合肥城市学院(民办),007,建筑学,2,552,105049
2022,3417,合肥城市学院(民办),008,城乡规划,2,517,147357
2022,3417,合肥城市学院(民办),009,风景园林,2,546,111784
2022,3417,合肥城市学院(民办),010,工程管理,2,507,158603
2022,3417,合肥城市学院(民办),011,市场营销,2,534,126765
2022,3417,合肥城市学院(民办),012,财务管理,2,546,112122
2022,3417,合肥城市学院(民办),013,人力资源管理,2,544,114091
2022,3417,合肥城市学院(民办),014,资产评估,2,541,118022
2022,3417,合肥城市学院(民办),015,城市管理,2,535,125299
2022,3419,安徽警官职业学院,501,知识产权管理,13,497,
2022,3419,安徽警官职业学院,504,大数据技术,5,497,
2022,3420,安徽科技学院,001,电子信息工程,1,564,90377
2022,3420,安徽科技学院,002,工商管理,2,566,87978
2022,3420,安徽科技学院,003,物流管理,1,566,88359
2022,3420,安徽科技学院,004,质量管理工程,3,557,98724
2022,3420,安徽科技学院,005,应用化学,3,558,97279
2022,3420,安徽科技学院,006,无机非金属材料工程,3,535,124981
2022,3420,安徽科技学院,007,材料科学与工程,3,532,128678
2022,3420,安徽科技学院,008,新能源材料与器件,3,535,125276
2022,3420,安徽科技学院,009,城乡规划,1,566,87322
2022,3420,安徽科技学院,010,风景园林,2,560,94726
2022,3420,安徽科技学院,011,车辆工程,2,560,95256
2022,3420,安徽科技学院,012,工业设计,3,539,120365
2022,3420,安徽科技学院,013,生物工程,2,564,90264
2022,3420,安徽科技学院,014,食品科学与工程,2,560,95373
2022,3420,安徽科技学院,015,食品质量与安全,1,564,89990
2022,3421,安徽理工大学,001,金融学,2,591,57763
2022,3421,安徽理工大学,002,机械设计制造及其自动化,2,578,72781
2022,3421,安徽理工大学,003,过程装备与控制工程,2,564,89890
2022,3421,安徽理工大学,004,车辆工程,4,566,87330
2022,3421,安徽理工大学,005,测控技术与仪器,3,563,90885
2022,3421,安徽理工大学,006,无机非金属材料工程,4,567,86807
2022,3421,安徽理工大学,007,高分子材料与工程,4,569,83581
2022,3421,安徽理工大学,008,电气工程及其自动化,2,583,67528
2022,3421,安徽理工大学,009,电子信息工程,2,584,66440
2022,3421,安徽理工大学,010,光电信息科学与工程,4,579,72452
2022,3421,安徽理工大学,011,集成电路设计与集成系统,2,581,69330
2022,3421,安徽理工大学,012,自动化,2,582,68446
2022,3421,安徽理工大学,013,信息安全,2,585,64538
2022,3421,安徽理工大学,014,数字媒体技术,2,584,65546
2022,3421,安徽理工大学,015,区块链工程,2,575,76312
2022,3421,安徽理工大学,016,城市地下空间工程,2,562,92142
2022,3421,安徽理工大学,017,测绘工程,4,562,92304
2022,3421,安徽理工大学,018,遥感科学与技术,2,576,75460
2022,3421,安徽理工大学,019,地理空间信息工程,2,568,85010
2022,3421,安徽理工大学,020,制药工程,5,579,72364
2022,3421,安徽理工大学,021,弹药工程与爆炸技术,4,557,98633
2022,3421,安徽理工大学,022,建筑学,2,583,67155
2022,3421,安徽理工大学,023,应急技术与管理,2,556,99276
2022,3421,安徽理工大学,024,职业卫生工程,4,553,104024
2022,3421,安徽理工大学,025,临床医学,2,606,41930
2022,3421,安徽理工大学,026,预防医学,3,583,66691
2022,3421,安徽理工大学,027,医学检验技术,2,590,59582
2022,3421,安徽理工大学,028,工程管理,4,562,92454
2022,3421,安徽理工大学,029,护理学,4,572,80200
2022,3421,安徽理工大学,030,机械电子工程(中外合作办学),4,553,102838
2022,3422,安徽农业大学,001,农学,4,576,75856
2022,3422,安徽农业大学,002,种子科学与工程,4,569,83788
2022,3422,安徽农业大学,003,植物保护,4,571,81531
2022,3422,安徽农业大学,004,智慧农业,2,577,74239
2022,3422,安徽农业大学,005,园艺,6,571,82193
2022,3422,安徽农业大学,006,材料科学与工程,2,568,85029
2022,3422,安徽农业大学,007,木材科学与工程,4,568,85554
2022,3422,安徽农业大学,008,林学,2,576,75560
2022,3422,安徽农业大学,009,动物科学,4,573,78843
2022,3422,安徽农业大学,010,动物医学,4,586,63897
2022,3422,安徽农业大学,011,水产养殖学,4,567,87002
2022,3422,安徽农业大学,012,食品科学与工程类,4,576,75496
2022,3422,安徽农业大学,013,茶学,4,580,71241
2022,3422,安徽农业大学,014,食品卫生与营养学,4,574,78071
2022,3422,安徽农业大学,015,应用化学,2,574,77457
2022,3422,安徽农业大学,016,生物科学类,4,575,76904
2022,3422,安徽农业大学,017,生物制药,2,586,63420
2022,3422,安徽农业大学,018,应用生物科学,2,574,78539
2022,3422,安徽农业大学,019,地理信息科学,2,588,61199
2022,3422,安徽农业大学,020,环境科学与工程类,4,572,80315
2022,3422,安徽农业大学,021,农业资源与环境,3,572,81030
2022,3422,安徽农业大学,022,机械类,2,573,79095
2022,3422,安徽农业大学,023,电子信息类,4,577,74163
2022,3422,安徽农业大学,024,计算机科学与技术,4,583,66671
2022,3422,安徽农业大学,025,工商管理类,2,589,60431
2022,3422,安徽农业大学,026,公共管理类,4,579,71758
2022,3422,安徽农业大学,027,农林经济管理,2,582,68315
2022,3422,安徽农业大学,028,社会工作,2,578,73604
2022,3422,安徽农业大学,029,应用心理学,2,587,62788
2022,3422,安徽农业大学,030,日语,2,582,68769
2022,3425,安徽师范大学,001,中国语言文学类,2,626,22774
2022,3425,安徽师范大学,002,汉语言文学(师范),2,627,22533
2022,3425,安徽师范大学,003,思想政治教育(师范),2,625,24185
2022,3425,安徽师范大学,005,法学,5,616,31994
2022,3425,安徽师范大学,006,社会学类,2,596,52395
2022,3425,安徽师范大学,007,会计学,1,600,48330
2022,3425,安徽师范大学,008,财务管理,1,600,48086
2022,3425,安徽师范大学,009,俄语,2,590,58981
2022,3425,安徽师范大学,010,法语,2,593,55569
2022,3425,安徽师范大学,011,日语,2,597,50962
2022,3425,安徽师范大学,012,葡萄牙语,2,587,63145
2022,3425,安徽师范大学,013,化学(师范),2,599,49010
2022,3425,安徽师范大学,014,地理科学(师范),2,624,25077
2022,3425,安徽师范大学,015,旅游管理,2,587,62728
2022,3425,安徽师范大学,016,生物科学(师范),2,617,30575
2022,3425,安徽师范大学,017,生物技术,2,596,52788
2022,3425,安徽师范大学,018,生态学,2,592,57172
2022,3425,安徽师范大学,019,环境科学与工程类,2,590,59597
2022,3426,安徽师范大学皖江学院(独立学院),001,计算机类,5,529,132212
2022,3426,安徽师范大学皖江学院(独立学院),002,电子信息类,5,520,143490
2022,3429,安徽医科大学,001,临床医学,7,630,20214
2022,3429,安徽医科大学,002,麻醉学,2,626,22771
2022,3429,安徽医科大学,003,预防医学,2,620,28296
2022,3429,安徽医科大学,004,临床药学,3,615,32213
2022,3429,安徽医科大学,005,药学,2,605,42304
2022,3429,安徽医科大学,006,护理学,2,583,67014
2022,3431,安徽医学高等专科学校,501,临床医学,16,514,151364
2022,3431,安徽医学高等专科学校,502,康复治疗技术,4,497,
2022,3431,安徽医学高等专科学校,503,口腔医学,20,515,149722
2022,3431,安徽医学高等专科学校,504,口腔医学技术,6,508,157178
2022,3431,安徽医学高等专科学校,505,护理,30,500,166372
2022,3431,安徽医学高等专科学校,506,护理(口腔护理),12,497,170021
2022,3431,安徽医学高等专科学校,507,助产,4,497,
2022,3431,安徽医学高等专科学校,508,药学,10,499,167922
2022,3431,安徽医学高等专科学校,509,中药学,5,502,164830
2022,3431,安徽医学高等专科学校,510,生物制药技术,8,497,
2022,3431,安徽医学高等专科学校,511,医学检验技术,6,506,159538
2022,3431,安徽医学高等专科学校,512,眼视光技术,8,502,164374
2022,3431,安徽医学高等专科学校,514,卫生检验与检疫技术,4,497,
2022,3431,安徽医学高等专科学校,515,卫生信息管理,4,497,
2022,3431,安徽医学高等专科学校,517,医学影像技术,4,509,156558
2022,3432,安徽职业技术学院,501,电子商务,5,497,
2022,3434,安徽中医药大学,001,中医学,4,612,35485
2022,3434,安徽中医药大学,002,中医骨伤科学,2,609,37988
2022,3434,安徽中医药大学,003,中药学,3,588,61318
2022,3434,安徽中医药大学,004,数据科学与大数据技术,3,571,81863
2022,3434,安徽中医药大学,005,国际经济与贸易,3,571,82271
2022,3434,安徽中医药大学,006,护理学,5,573,79791
2022,3435,安徽中医药高等专科学校,501,中医学,14,509,156857
2022,3435,安徽中医药高等专科学校,502,中医骨伤,4,507,158773
2022,3435,安徽中医药高等专科学校,503,临床医学,4,517,146696
2022,3435,安徽中医药高等专科学校,504,预防医学,8,504,162216
2022,3435,安徽中医药高等专科学校,505,医学检验技术,8,503,163024
2022,3435,安徽中医药高等专科学校,506,医学影像技术,8,505,161287
2022,3435,安徽中医药高等专科学校,508,药学,14,497,
2022,3435,安徽中医药高等专科学校,509,中药学,14,497,170272
2022,3435,安徽中医药高等专科学校,510,针灸推拿,10,503,163193
2022,3435,安徽中医药高等专科学校,511,康复治疗技术,10,497,
2022,3435,安徽中医药高等专科学校,514,护理,10,499,167092
2022,3435,安徽中医药高等专科学校,515,口腔医学,6,527,135052
2022,3435,安徽中医药高等专科学校,516,口腔医学技术,14,506,159459
2022,3436,安庆师范大学,001,电子信息类,5,554,102450
2022,3437,蚌埠学院,001,光电信息科学与工程,1,549,108158
2022,3437,蚌埠学院,002,无机非金属材料工程,1,555,101556
2022,3437,蚌埠学院,003,电子信息工程,1,549,107986
2022,3437,蚌埠学院,004,软件工程,1,560,94641
2022,3437,蚌埠学院,005,汉语言文学,1,573,79135
2022,3438,蚌埠医学院,001,医学影像学,5,589,60438
2022,3438,蚌埠医学院,002,精神医学,10,570,82861
2022,3438,蚌埠医学院,003,医学检验技术,5,578,73862
2022,3439,巢湖学院,001,金融工程,9,558,97775
2022,3439,巢湖学院,002,互联网金融,8,557,98489
2022,3439,巢湖学院,003,国际经济与贸易,9,557,98099
2022,3439,巢湖学院,004,会计学,4,559,95664
2022,3439,巢湖学院,005,旅游管理,5,557,99040
2022,3440,合肥职业技术学院,503,药学,35,497,
2022,3441,池州学院,003,英语(师范),2,577,74819
2022,3441,池州学院,004,材料化学,3,532,129440
2022,3441,池州学院,005,高分子材料与工程,3,528,134318
2022,3441,池州学院,006,计算机科学与技术,3,548,109363
2022,3441,池州学院,007,网络工程,4,534,126165
2022,3441,池州学院,008,环境工程,3,525,137694
2022,3441,池州学院,009,旅游管理,3,555,100616
2022,3442,滁州学院,001,汉语言文学(师范),2,586,63786
2022,3442,滁州学院,002,新闻学,1,574,78618
2022,3442,滁州学院,003,网络与新媒体,1,578,73745
2022,3442,滁州学院,004,金融工程,2,563,90886
2022,3442,滁州学院,005,地理信息科学,2,578,73838
2022,3442,滁州学院,006,旅游管理,1,560,95368
2022,3442,滁州学院,007,工商管理,1,565,89373
2022,3442,滁州学院,008,市场营销,1,561,93231
2022,3442,滁州学院,009,国际经济与贸易,1,563,91265
2022,3442,滁州学院,010,财务管理,1,568,85565
2022,3442,滁州学院,011,英语,1,577,74206
2022,3442,滁州学院,012,商务英语,1,566,87297
2022,3443,阜阳师范大学,001,科学教育(师范),35,555,100396
2022,3443,阜阳师范大学,002,电气工程及其自动化,5,549,108679
2022,3445,合肥工业大学（一流学科建设高校）,001,自动化,12,636,15692
2022,3445,合肥工业大学（一流学科建设高校）,002,机器人工程,4,634,16866
2022,3445,合肥工业大学（一流学科建设高校）,003,电气工程及其自动化,8,638,14451
2022,3445,合肥工业大学（一流学科建设高校）,004,电子科学与技术,3,637,15097
2022,3445,合肥工业大学（一流学科建设高校）,005,微电子科学与工程,3,636,15597
2022,3445,合肥工业大学（一流学科建设高校）,006,集成电路设计与集成系统,6,633,18075
2022,3445,合肥工业大学（一流学科建设高校）,007,应用物理学,2,634,17101
2022,3445,合肥工业大学（一流学科建设高校）,008,信息管理与信息系统,4,635,16404
2022,3445,合肥工业大学（一流学科建设高校）,009,工商管理类,4,637,15115
2022,3445,合肥工业大学（一流学科建设高校）,010,高分子材料与工程,2,625,23881
2022,3445,合肥工业大学（一流学科建设高校）,011,化学工程与工艺,4,622,26479
2022,3445,合肥工业大学（一流学科建设高校）,012,应用化学,3,623,25218
2022,3445,合肥工业大学（一流学科建设高校）,013,化学,2,622,25995
2022,3445,合肥工业大学（一流学科建设高校）,014,机械类(智能制造),19,629,20932
2022,3445,合肥工业大学（一流学科建设高校）,015,工业工程,4,629,20416
2022,3445,合肥工业大学（一流学科建设高校）,016,计算机科学与技术,5,644,11052
2022,3445,合肥工业大学（一流学科建设高校）,017,电子信息工程,5,637,15095
2022,3445,合肥工业大学（一流学科建设高校）,018,通信工程,6,636,16086
2022,3445,合肥工业大学（一流学科建设高校）,019,信息安全,3,637,15058
2022,3445,合肥工业大学（一流学科建设高校）,020,智能科学与技术,2,640,13360
2022,3445,合肥工业大学（一流学科建设高校）,021,建筑学,4,636,15792
2022,3445,合肥工业大学（一流学科建设高校）,022,城乡规划,2,636,16084
2022,3445,合肥工业大学（一流学科建设高校）,025,金融工程,4,635,16481
2022,3445,合肥工业大学（一流学科建设高校）,026,交通运输,2,627,21914
2022,3445,合肥工业大学（一流学科建设高校）,027,车辆工程,8,630,19864
2022,3445,合肥工业大学（一流学科建设高校）,028,交通工程,4,629,20943
2022,3445,合肥工业大学（一流学科建设高校）,029,能源与动力工程,4,631,18955
2022,3445,合肥工业大学（一流学科建设高校）,030,新能源科学与工程,2,635,16662
2022,3445,合肥工业大学（一流学科建设高校）,031,软件工程,8,641,12900
2022,3445,合肥工业大学（一流学科建设高校）,032,食品科学与工程类,11,625,23999
2022,3445,合肥工业大学（一流学科建设高校）,033,信息与计算科学,4,634,17181
2022,3445,合肥工业大学（一流学科建设高校）,034,统计学,2,635,16477
2022,3445,合肥工业大学（一流学科建设高校）,035,土木类,2,629,20426
2022,3445,合肥工业大学（一流学科建设高校）,036,工程力学,3,627,22627
2022,3445,合肥工业大学（一流学科建设高校）,037,测绘工程,12,615,32787
2022,3445,合肥工业大学（一流学科建设高校）,038,英语,4,634,17046
2022,3445,合肥工业大学（一流学科建设高校）,039,法学,2,641,12931
2022,3445,合肥工业大学（一流学科建设高校）,040,仪器类,12,625,23503
2022,3445,合肥工业大学（一流学科建设高校）,041,环境工程,2,625,24180
2022,3445,合肥工业大学（一流学科建设高校）,042,地质类,3,624,24431
2022,3445,合肥工业大学（一流学科建设高校）,043,遥感科学与技术,2,630,19737
2022,3445,合肥工业大学（一流学科建设高校）,044,材料类,4,623,25245
2022,3445,合肥工业大学（一流学科建设高校）,045,材料成型及控制工程,2,623,25553
2022,3445,合肥工业大学（一流学科建设高校）,046,材料物理,3,624,24512
2022,3445,合肥工业大学（一流学科建设高校）,047,国际经济与贸易(中外合作办学),9,625,23715
2022,3446,合肥学院,001,电子信息工程,2,569,83909
2022,3446,合肥学院,002,计算机科学与技术,2,570,82984
2022,3446,合肥学院,003,数据科学与大数据技术,2,571,81839
2022,3446,合肥学院,004,土木工程,4,549,108461
2022,3446,合肥学院,005,食品质量与安全,2,566,87792
2022,3446,合肥学院,006,生物工程,4,560,94553
2022,3446,合肥学院,007,无机非金属材料工程,2,556,99812
2022,3446,合肥学院,008,化学工程与工艺,4,559,95889
2022,3446,合肥学院,009,工业设计,2,564,90421
2022,3446,合肥学院,010,金融学,2,577,74169
2022,3446,合肥学院,011,国际经济与贸易,2,568,85220
2022,3446,合肥学院,012,财务管理,2,572,81117
2022,3446,合肥学院,013,新闻学,2,576,76146
2022,3446,合肥学院,014,学前教育(师范),2,575,77379
2022,3446,合肥学院,015,英语,2,580,70797
2022,3446,合肥学院,016,德语,2,564,90115
2022,3446,合肥学院,017,日语,2,573,79102
2022,3446,合肥学院,018,旅游管理,2,561,94108
2022,3446,合肥学院,019,物流管理(中外合作办学),2,559,96625
2022,3447,皖江工学院(民办),001,水利水电工程,3,543,115606
2022,3447,皖江工学院(民办),002,港口航道与海岸工程,3,537,123594
2022,3447,皖江工学院(民办),003,地理空间信息工程,2,503,163371
2022,3447,皖江工学院(民办),004,国际经济与贸易,2,536,124089
2022,3448,淮北师范大学,001,经济学,1,592,57337
2022,3448,淮北师范大学,002,国际经济与贸易,1,574,78209
2022,3448,淮北师范大学,003,法学,1,597,51002
2022,3448,淮北师范大学,004,特殊教育(师范),1,584,65708
2022,3448,淮北师范大学,005,汉语言文学(师范),2,609,38350
2022,3448,淮北师范大学,006,英语(师范),1,605,42891
2022,3448,淮北师范大学,007,新闻学,1,583,67682
2022,3448,淮北师范大学,008,历史学类,1,608,39856
2022,3448,淮北师范大学,009,化学(师范),1,585,64839
2022,3448,淮北师范大学,010,应用化学,1,579,71807
2022,3448,淮北师范大学,011,生物科学(师范),1,597,51715
2022,3448,淮北师范大学,012,应用心理学,1,594,54245
2022,3448,淮北师范大学,013,统计学,1,579,72116
2022,3448,淮北师范大学,014,化学工程与工艺,1,570,82448
2022,3448,淮北师范大学,015,环境科学,1,571,81187
2022,3448,淮北师范大学,016,园艺,1,568,85912
2022,3448,淮北师范大学,017,人力资源管理,1,576,75862
2022,3448,淮北师范大学,018,物流管理,1,570,82719
2022,3448,淮北师范大学,019,电子商务,1,577,73972
2022,3449,淮北职业技术学院,501,小学教育(师范),20,508,157672
2022,3450,淮南联合大学,501,工程造价,5,497,
2022,3450,淮南联合大学,505,动漫制作技术,15,497,
2022,3450,淮南联合大学,506,医学美容技术,10,497,
2022,3450,淮南联合大学,507,大数据与会计,15,497,
2022,3450,淮南联合大学,508,电子商务,12,497,
2022,3450,淮南联合大学,510,小学英语教育(师范),13,497,
2022,3451,淮南师范学院,001,金融工程,2,540,119211
2022,3451,淮南师范学院,002,法学,2,579,71916
2022,3451,淮南师范学院,003,社会工作,3,566,87567
2022,3451,淮南师范学院,004,学前教育(师范),2,574,78423
2022,3451,淮南师范学院,005,小学教育(师范),2,587,62900
2022,3451,淮南师范学院,006,商务英语,2,559,96737
2022,3451,淮南师范学院,007,数学与应用数学(师范),2,568,85861
2022,3451,淮南师范学院,008,电子信息工程,2,543,115650
2022,3451,淮南师范学院,009,人工智能,2,544,114402
2022,3451,淮南师范学院,010,轨道交通信号与控制,2,540,118975
2022,3451,淮南师范学院,011,软件工程,2,547,110782
2022,3451,淮南师范学院,012,数据科学与大数据技术,2,543,115826
2022,3451,淮南师范学院,013,水产养殖学,3,531,130092
2022,3451,淮南师范学院,014,财务管理,2,572,80113
2022,3453,皖南医学院,001,临床医学,12,595,53244
2022,3453,皖南医学院,002,麻醉学,6,587,62332
2022,3453,皖南医学院,003,医学影像学,6,569,84242
2022,3453,皖南医学院,004,口腔医学,6,603,44663
2022,3453,皖南医学院,005,预防医学,2,587,62386
2022,3453,皖南医学院,006,药学,2,578,73852
2022,3453,皖南医学院,007,药物制剂,2,571,81543
2022,3453,皖南医学院,008,法医学,2,597,51551
2022,3453,皖南医学院,009,医学检验技术,2,581,69058
2022,3453,皖南医学院,010,卫生检验与检疫,2,575,77196
2022,3453,皖南医学院,011,护理学,2,571,81822
2022,3454,芜湖职业技术学院,501,机械设计与制造,8,497,
2022,3454,芜湖职业技术学院,503,机电一体化技术,12,497,
2022,3455,中国科学技术大学（一流大学建设高校）,001,理科试验班类,42,672,1628
2022,3455,中国科学技术大学（一流大学建设高校）,002,工科试验班,28,671,1810
2022,3456,黄山学院,004,酒店管理(中外合作办学),6,549,108431
2022,3457,合肥工业大学(宣城校区)（一流学科建设高校）,001,材料成型及控制工程,2,622,26565
2022,3457,合肥工业大学(宣城校区)（一流学科建设高校）,002,新能源材料与器件,2,626,22782
2022,3457,合肥工业大学(宣城校区)（一流学科建设高校）,003,电气工程与智能控制,3,632,18850
2022,3457,合肥工业大学(宣城校区)（一流学科建设高校）,004,能源化学工程,3,623,25737
2022,3457,合肥工业大学(宣城校区)（一流学科建设高校）,005,机械工程,5,624,24392
2022,3457,合肥工业大学(宣城校区)（一流学科建设高校）,006,过程装备与控制工程,2,624,24406
2022,3457,合肥工业大学(宣城校区)（一流学科建设高校）,007,计算机科学与技术,4,638,14422
2022,3457,合肥工业大学(宣城校区)（一流学科建设高校）,008,物联网工程,2,635,16531
2022,3457,合肥工业大学(宣城校区)（一流学科建设高校）,009,电子信息科学与技术,2,633,17846
2022,3457,合肥工业大学(宣城校区)（一流学科建设高校）,010,生物技术,4,622,25950
2022,3457,合肥工业大学(宣城校区)（一流学科建设高校）,011,城市地下空间工程,3,621,27504
2022,3457,合肥工业大学(宣城校区)（一流学科建设高校）,012,英语,2,632,18281
2022,3457,合肥工业大学(宣城校区)（一流学科建设高校）,013,法学,2,639,13947
2022,3457,合肥工业大学(宣城校区)（一流学科建设高校）,014,网络与新媒体,2,637,15351
2022,3457,合肥工业大学(宣城校区)（一流学科建设高校）,015,环境工程,2,622,26062
2022,3457,合肥工业大学(宣城校区)（一流学科建设高校）,016,环境生态工程,2,622,26256
2022,3457,合肥工业大学(宣城校区)（一流学科建设高校）,017,机械工程,2,624,24605
2022,3457,合肥工业大学(宣城校区)（一流学科建设高校）,018,精细化工,3,595,52955
2022,3458,安徽大学江淮学院(独立学院),001,财务管理,10,552,104335
2022,3458,安徽大学江淮学院(独立学院),002,计算机科学与技术,10,528,133669
2022,3461,黄山职业技术学院,503,临床医学,10,497,
2022,3461,黄山职业技术学院,504,护理,70,497,
2022,3474,安徽交通职业技术学院,502,城市轨道交通运营管理,30,497,
2022,3475,合肥幼儿师范高等专科学校,501,学前教育(师范),5,500,167036
2022,3475,合肥幼儿师范高等专科学校,502,早期教育(师范),3,497,
2022,3475,合肥幼儿师范高等专科学校,503,特殊教育(师范),2,497,170022
2022,3477,皖西卫生职业学院,502,临床医学,15,497,
2022,3478,铜陵职业技术学院,505,医学影像技术,2,497,
2022,3482,安徽粮食工程职业学院,501,粮食储运与质量安全,2,497,
2022,3483,安徽卫生健康职业学院,501,临床医学,10,497,
2022,3483,安徽卫生健康职业学院,502,护理,10,497,
2022,3501,福建电力职业技术学院,502,电力技术类,5,497,
2022,3503,福建工程学院,001,机械设计制造及其自动化,3,558,97546
2022,3503,福建工程学院,002,材料成型及控制工程,5,542,117273
2022,3503,福建工程学院,003,城市地下空间工程,4,542,116386
2022,3503,福建工程学院,004,建筑学,4,566,88197
2022,3503,福建工程学院,005,城乡规划,6,562,92300
2022,3503,福建工程学院,006,风景园林,6,562,93055
2022,3503,福建工程学院,007,历史建筑保护工程,1,568,85888
2022,3503,福建工程学院,008,给排水科学与工程,9,546,111549
2022,3503,福建工程学院,009,建筑环境与能源应用工程,10,545,113454
2022,3503,福建工程学院,010,英语,1,568,85958
2022,3503,福建工程学院,011,翻译,1,567,87030
2022,3503,福建工程学院,012,法学,2,580,71393
2022,3503,福建工程学院,013,知识产权,1,573,79869
2022,3503,福建工程学院,014,交通运输,4,559,95964
2022,3507,福建农林大学,001,种子科学与工程,4,573,79820
2022,3507,福建农林大学,002,农学,3,582,67864
2022,3507,福建农林大学,003,植物科学与技术,4,573,78937
2022,3507,福建农林大学,004,植物保护,7,574,78523
2022,3507,福建农林大学,005,生物信息学,2,585,64453
2022,3507,福建农林大学,006,生物工程,2,588,61775
2022,3507,福建农林大学,007,水产养殖学,7,568,85479
2022,3507,福建农林大学,008,动物医学,6,588,61298
2022,3507,福建农林大学,009,动物科学,2,578,72910
2022,3507,福建农林大学,010,蜂学,5,567,87148
2022,3507,福建农林大学,011,食品质量与安全,2,577,74473
2022,3507,福建农林大学,012,食品科学与工程,4,578,72983
2022,3507,福建农林大学,013,轻化工程,7,568,85123
2022,3507,福建农林大学,014,木材科学与工程,6,567,86065
2022,3507,福建农林大学,015,茶学,2,579,72196
2022,3507,福建农林大学,016,林学类,10,575,76561
2022,3507,福建农林大学,017,生物科学类,8,580,70584
2022,3507,福建农林大学,018,食品营养与健康,2,577,74774
2022,3507,福建农林大学,019,海洋科学,7,569,83980
2022,3507,福建农林大学,020,风景园林(中外合作办学),3,581,69332
2022,3507,福建农林大学,021,生态学(中外合作办学),4,568,85336
2022,3507,福建农林大学,022,农业资源与环境(中外合作办学),8,562,92578
2022,3507,福建农林大学,023,园艺(中外合作办学),5,564,90563
2022,3511,福建师范大学,001,工商管理类,4,601,46990
2022,3511,福建师范大学,004,英语,3,626,23448
2022,3511,福建师范大学,006,网络空间安全,9,590,58865
2022,3511,福建师范大学,007,旅游管理类,5,590,59072
2022,3511,福建师范大学,008,软件工程,9,593,55657
2022,3511,福建师范大学,009,环境科学与工程类,9,590,59046
2022,3511,福建师范大学,010,教育技术学(师范),3,618,29903
2022,3511,福建师范大学,013,数字媒体技术(中外合作办学),5,575,76302
2022,3511,福建师范大学,014,网络工程(中外合作办学),5,575,77179
2022,3511,福建师范大学,015,通信工程(中外合作办学),8,564,89549
2022,3511,福建师范大学,016,学前教育(中外合作办学)(师范),8,585,65379
2022,3511,福建师范大学,017,电子信息工程(中外合作办学),8,568,85019
2022,3511,福建师范大学,018,计算机科学与技术(中外合作办学),8,575,76318
2022,3512,福建师范大学协和学院(独立学院),001,国际经济与贸易,5,542,117527
2022,3512,福建师范大学协和学院(独立学院),002,国际商务,4,541,118723
2022,3512,福建师范大学协和学院(独立学院),003,投资学,5,540,119227
2022,3512,福建师范大学协和学院(独立学院),004,法学,5,553,103668
2022,3512,福建师范大学协和学院(独立学院),005,汉语言文学,4,554,102561
2022,3512,福建师范大学协和学院(独立学院),006,工商管理,4,546,112690
2022,3512,福建师范大学协和学院(独立学院),007,市场营销,4,545,113877
2022,3512,福建师范大学协和学院(独立学院),008,人力资源管理,5,545,112786
2022,3512,福建师范大学协和学院(独立学院),009,物流管理,4,542,117387
2022,3512,福建师范大学协和学院(独立学院),013,金融学(国际金融实验班),5,532,129459
2022,3512,福建师范大学协和学院(独立学院),014,财务管理(国际会计实验班),6,532,128904
2022,3515,福建医科大学,001,临床医学,3,640,13582
2022,3515,福建医科大学,002,麻醉学,2,623,25143
2022,3515,福建医科大学,003,放射医学,1,615,32806
2022,3515,福建医科大学,004,口腔医学,2,646,10055
2022,3515,福建医科大学,005,预防医学,2,611,36448
2022,3515,福建医科大学,006,药学,2,605,42188
2022,3515,福建医科大学,007,卫生检验与检疫,2,596,52727
2022,3515,福建医科大学,008,医学影像技术,2,602,45403
2022,3515,福建医科大学,009,智能医学工程,2,604,43316
2022,3515,福建医科大学,010,应用心理学,2,601,46331
2022,3515,福建医科大学,011,护理学,2,598,50197
2022,3516,福建中医药大学,001,中医学,2,620,28470
2022,3516,福建中医药大学,002,临床医学,1,628,21347
2022,3516,福建中医药大学,003,中西医临床医学,1,624,24604
2022,3516,福建中医药大学,004,药学,1,606,41407
2022,3516,福建中医药大学,005,药物制剂,1,599,48584
2022,3516,福建中医药大学,006,中药学,1,605,42953
2022,3516,福建中医药大学,007,针灸推拿学,1,617,31043
2022,3516,福建中医药大学,008,信息管理与信息系统,1,582,68396
2022,3516,福建中医药大学,009,公共事业管理,1,581,70001
2022,3516,福建中医药大学,010,护理学,1,593,55542
2022,3516,福建中医药大学,011,康复物理治疗,1,596,52089
2022,3517,福州大学（一流学科建设高校）,001,电气工程及其自动化,4,640,13295
2022,3517,福州大学（一流学科建设高校）,002,智能电网信息工程,3,636,15825
2022,3517,福州大学（一流学科建设高校）,003,车辆工程,4,628,21709
2022,3517,福州大学（一流学科建设高校）,004,数学类,4,637,14890
2022,3517,福州大学（一流学科建设高校）,005,化学工程与工艺,4,622,26071
2022,3517,福州大学（一流学科建设高校）,006,土木工程,3,626,22910
2022,3517,福州大学（一流学科建设高校）,007,智能建造,2,632,18235
2022,3517,福州大学（一流学科建设高校）,008,人文地理与城乡规划,4,637,15218
2022,3517,福州大学（一流学科建设高校）,009,金融学,4,641,12724
2022,3517,福州大学（一流学科建设高校）,010,会计学,4,642,12204
2022,3517,福州大学（一流学科建设高校）,011,公共管理类,4,637,15098
2022,3517,福州大学（一流学科建设高校）,012,生物医学工程,4,631,19108
2022,3517,福州大学（一流学科建设高校）,013,德语,4,635,16618
2022,3517,福州大学（一流学科建设高校）,014,日语,4,634,17052
2022,3517,福州大学（一流学科建设高校）,015,人工智能,2,640,13639
2022,3517,福州大学（一流学科建设高校）,016,软件工程,4,640,13508
2022,3517,福州大学（一流学科建设高校）,017,电子信息类,4,639,14094
2022,3517,福州大学（一流学科建设高校）,018,数字媒体技术,3,637,15118
2022,3517,福州大学（一流学科建设高校）,019,集成电路设计与集成系统,3,633,17622
2022,3517,福州大学（一流学科建设高校）,020,化学,4,630,19603
2022,3517,福州大学（一流学科建设高校）,021,制药工程,3,623,25441
2022,3517,福州大学（一流学科建设高校）,022,建筑学,4,637,15420
2022,3517,福州大学（一流学科建设高校）,025,材料科学与工程,5,620,27711
2022,3517,福州大学（一流学科建设高校）,026,法学,4,646,9978
2022,3517,福州大学（一流学科建设高校）,027,自动化(中外合作办学),4,620,27887
2022,3517,福州大学（一流学科建设高校）,028,软件工程(中外合作办学),4,627,22045
2022,3517,福州大学（一流学科建设高校）,029,数字媒体技术(中外合作办学),3,624,24419
2022,3517,福州大学（一流学科建设高校）,030,电子信息工程(中外合作办学),3,623,25779
2022,3518,阳光学院(民办),001,人工智能,4,511,154137
2022,3518,阳光学院(民办),002,计算机科学与技术,3,515,149173
2022,3518,阳光学院(民办),003,电子信息工程,3,514,150452
2022,3518,阳光学院(民办),004,金融学,5,531,130264
2022,3518,阳光学院(民办),005,国际经济与贸易,4,529,133163
2022,3518,阳光学院(民办),006,会计学,5,536,124205
2022,3518,阳光学院(民办),007,工商管理,4,529,132348
2022,3518,阳光学院(民办),008,酒店管理,4,527,135650
2022,3518,阳光学院(民办),009,电子商务,4,530,131827
2022,3518,阳光学院(民办),010,法学,3,543,115997
2022,3518,阳光学院(民办),012,土木工程,4,508,157418
2022,3518,阳光学院(民办),013,应用心理学,4,548,110260
2022,3518,阳光学院(民办),014,学前教育,4,544,114937
2022,3518,阳光学院(民办),015,商务英语,5,531,130777
2022,3518,阳光学院(民办),017,跨境电子商务,4,530,131490
2022,3518,阳光学院(民办),018,数字媒体技术,3,518,145666
2022,3518,阳光学院(民办),019,电子商务(中外合作办学),8,520,143632
2022,3519,福州大学至诚学院(独立学院),001,材料成型及控制工程,4,515,149403
2022,3519,福州大学至诚学院(独立学院),002,财务管理,4,551,105809
2022,3519,福州大学至诚学院(独立学院),004,电气工程及其自动化,4,530,131454
2022,3519,福州大学至诚学院(独立学院),005,电子信息工程,4,520,143513
2022,3519,福州大学至诚学院(独立学院),006,国际经济与贸易,4,547,111156
2022,3519,福州大学至诚学院(独立学院),007,汉语言文学,4,561,93212
2022,3519,福州大学至诚学院(独立学院),008,化学工程与工艺,7,541,117763
2022,3519,福州大学至诚学院(独立学院),009,环境工程,5,540,119713
2022,3519,福州大学至诚学院(独立学院),010,机械设计制造及其自动化,7,517,146922
2022,3519,福州大学至诚学院(独立学院),011,计算机科学与技术,5,527,134714
2022,3519,福州大学至诚学院(独立学院),012,建筑学,4,555,101230
2022,3519,福州大学至诚学院(独立学院),013,金融工程,3,548,109685
2022,3519,福州大学至诚学院(独立学院),014,金融科技,4,544,114102
2022,3519,福州大学至诚学院(独立学院),015,软件工程,5,526,136432
2022,3519,福州大学至诚学院(独立学院),016,数据科学与大数据技术,3,523,139479
2022,3519,福州大学至诚学院(独立学院),017,土木工程,4,517,146821
2022,3519,福州大学至诚学院(独立学院),018,网络与新媒体,3,558,97340
2022,3519,福州大学至诚学院(独立学院),019,物流管理,3,542,117178
2022,3519,福州大学至诚学院(独立学院),020,信息与计算科学,3,522,140650
2022,3519,福州大学至诚学院(独立学院),022,应用化学,7,536,123743
2022,3519,福州大学至诚学院(独立学院),023,英语,4,551,106336
2022,3520,福州理工学院(民办),001,广告学,5,533,127386
2022,3520,福州理工学院(民办),002,网络与新媒体,5,535,125171
2022,3520,福州理工学院(民办),003,财务管理,10,531,130384
2022,3520,福州理工学院(民办),004,物流管理,5,530,131630
2022,3520,福州理工学院(民办),005,电子商务,5,530,132198
2022,3520,福州理工学院(民办),006,经济学,5,529,132910
2022,3520,福州理工学院(民办),007,商务英语,5,529,133309
2022,3521,福州外语外贸学院(民办),001,会计学,2,546,112528
2022,3521,福州外语外贸学院(民办),002,财务管理,2,535,126054
2022,3521,福州外语外贸学院(民办),003,审计学,5,535,125653
2022,3521,福州外语外贸学院(民办),004,金融学,5,532,129765
2022,3521,福州外语外贸学院(民办),005,金融工程,2,530,131215
2022,3521,福州外语外贸学院(民办),006,投资学,3,527,135380
2022,3521,福州外语外贸学院(民办),007,资产评估,3,531,130462
2022,3521,福州外语外贸学院(民办),008,国际经济与贸易,4,531,130840
2022,3521,福州外语外贸学院(民办),009,国际商务,2,527,134988
2022,3521,福州外语外贸学院(民办),010,物流管理,2,529,133120
2022,3521,福州外语外贸学院(民办),011,经济统计学,3,529,132245
2022,3521,福州外语外贸学院(民办),012,市场营销,2,531,130753
2022,3521,福州外语外贸学院(民办),013,供应链管理,3,524,138612
2022,3521,福州外语外贸学院(民办),014,电子商务,2,531,130667
2022,3521,福州外语外贸学院(民办),015,英语,2,542,117432
2022,3521,福州外语外贸学院(民办),016,翻译,2,533,127577
2022,3521,福州外语外贸学院(民办),017,法语,2,532,129193
2022,3521,福州外语外贸学院(民办),018,日语,3,532,129115
2022,3521,福州外语外贸学院(民办),019,西班牙语,2,535,125711
2022,3521,福州外语外贸学院(民办),020,学前教育,2,553,103446
2022,3521,福州外语外贸学院(民办),021,小学教育,2,555,101510
2022,3521,福州外语外贸学院(民办),022,艺术教育,2,521,142649
2022,3523,华侨大学,001,哲学(中西人文综合试验班),3,614,33795
2022,3523,华侨大学,002,国际事务与国际关系,2,612,35742
2022,3523,华侨大学,003,汉语国际教育,5,609,38727
2022,3523,华侨大学,004,新闻传播学类,4,622,26682
2022,3523,华侨大学,005,机械工程,4,596,52574
2022,3523,华侨大学,006,工业设计,4,606,41842
2022,3523,华侨大学,007,车辆工程,3,592,56739
2022,3523,华侨大学,008,智能制造工程,6,592,56625
2022,3523,华侨大学,009,应用物理学(拔尖人才试点班),3,597,50826
2022,3523,华侨大学,010,电气工程及其自动化,8,602,45406
2022,3523,华侨大学,011,电子信息类,9,602,45841
2022,3523,华侨大学,012,计算机科学与技术,4,610,37707
2022,3523,华侨大学,013,软件工程,4,610,37478
2022,3523,华侨大学,014,人工智能,3,607,40180
2022,3523,华侨大学,015,土木类,15,588,61143
2022,3523,华侨大学,016,给排水科学与工程(城镇智能水系统方向),4,582,67934
2022,3523,华侨大学,017,建筑学,2,629,20654
2022,3523,华侨大学,018,城乡规划,3,615,32328
2022,3523,华侨大学,019,风景园林(五年),3,608,39183
2022,3523,华侨大学,020,经济学类,9,599,48742
2022,3523,华侨大学,021,金融学,4,607,40612
2022,3523,华侨大学,022,法学,7,625,24131
2022,3523,华侨大学,023,中国语言文学类,5,616,31688
2022,3523,华侨大学,024,英语,3,613,34823
2022,3523,华侨大学,025,翻译,4,608,39977
2022,3523,华侨大学,026,数学与应用数学(金融统计、数据分析方向),5,595,52995
2022,3523,华侨大学,027,光电信息科学与工程,3,597,50857
2022,3523,华侨大学,028,物联网工程,2,603,45024
2022,3523,华侨大学,029,数据科学与大数据技术,4,599,48747
2022,3523,华侨大学,030,信息管理与信息系统,5,591,57954
2022,3523,华侨大学,031,工商管理类,4,596,52113
2022,3523,华侨大学,032,财务管理,4,612,35675
2022,3523,华侨大学,033,行政管理(数字政府治理、社会福利、公共危机管理方向),5,594,54598
2022,3523,华侨大学,034,旅游管理类,5,587,62112
2022,3523,华侨大学,035,经济学类,5,598,50241
2022,3523,华侨大学,036,工商管理类(中美121双学位班、可接轨ACCA国际注会),5,592,56930
2022,3523,华侨大学,037,国际商务(全英文教学),4,587,62408
2022,3524,集美大学,001,交通运输,3,590,59179
2022,3524,集美大学,004,轮机工程(船机修造方向),3,572,80262
2022,3524,集美大学,006,船舶与海洋工程,2,590,58967
2022,3524,集美大学,007,水产养殖学,3,581,69383
2022,3524,集美大学,008,海洋渔业科学与技术,3,583,67059
2022,3524,集美大学,009,水生动物医学,3,579,71766
2022,3524,集美大学,010,数字经济,3,586,63515
2022,3524,集美大学,011,国际经济与贸易,2,602,45921
2022,3524,集美大学,012,工商管理,2,602,46010
2022,3524,集美大学,016,数学与应用数学,2,595,53226
2022,3524,集美大学,017,英语,2,611,36657
2022,3524,集美大学,018,日语,2,602,45891
2022,3524,集美大学,019,法学,2,618,29953
2022,3524,集美大学,020,港口航道与海岸工程,3,584,66217
2022,3526,集美大学诚毅学院(独立学院),001,财政学,5,554,101595
2022,3526,集美大学诚毅学院(独立学院),002,金融学,5,557,98409
2022,3526,集美大学诚毅学院(独立学院),003,金融工程,5,552,104674
2022,3526,集美大学诚毅学院(独立学院),004,国际经济与贸易,4,554,102247
2022,3526,集美大学诚毅学院(独立学院),005,法学,4,562,92556
2022,3526,集美大学诚毅学院(独立学院),007,汉语言文学,4,565,89441
2022,3526,集美大学诚毅学院(独立学院),008,英语,4,559,95787
2022,3526,集美大学诚毅学院(独立学院),009,机械工程,3,527,134742
2022,3526,集美大学诚毅学院(独立学院),010,智能制造工程,3,533,127791
2022,3526,集美大学诚毅学院(独立学院),011,电子信息工程,3,535,125002
2022,3526,集美大学诚毅学院(独立学院),012,通信工程,2,534,127040
2022,3526,集美大学诚毅学院(独立学院),013,自动化,2,538,122342
2022,3526,集美大学诚毅学院(独立学院),014,计算机科学与技术,4,536,124502
2022,3526,集美大学诚毅学院(独立学院),015,软件工程,2,535,125370
2022,3526,集美大学诚毅学院(独立学院),016,网络工程,2,533,128094
2022,3526,集美大学诚毅学院(独立学院),017,数据科学与大数据技术,3,537,123451
2022,3526,集美大学诚毅学院(独立学院),018,交通运输,4,549,108761
2022,3526,集美大学诚毅学院(独立学院),019,工商管理,5,554,102023
2022,3526,集美大学诚毅学院(独立学院),020,会计学,5,559,95933
2022,3526,集美大学诚毅学院(独立学院),021,供应链管理,3,553,103239
2022,3526,集美大学诚毅学院(独立学院),022,电子商务,5,552,104194
2022,3528,龙岩学院,001,商务英语,3,557,98304
2022,3528,龙岩学院,002,经济与贸易类,2,562,93012
2022,3528,龙岩学院,003,工商管理类,2,564,89939
2022,3528,龙岩学院,004,旅游管理,2,556,100325
2022,3528,龙岩学院,005,计算机科学与技术,1,555,101550
2022,3528,龙岩学院,006,广播电视学,2,564,89959
2022,3529,闽江学院,001,电子商务,3,565,88428
2022,3529,闽江学院,002,物流工程,1,564,89855
2022,3529,闽江学院,003,汉语国际教育,2,575,77327
2022,3529,闽江学院,004,广告学,1,580,71458
2022,3529,闽江学院,008,通信工程,2,559,96142
2022,3529,闽江学院,009,电气工程及其自动化,1,567,86869
2022,3529,闽江学院,010,人工智能,2,559,96218
2022,3530,闽南理工学院(民办),001,机械设计制造及其自动化,1,525,137958
2022,3530,闽南理工学院(民办),002,电子商务,1,532,129768
2022,3530,闽南理工学院(民办),003,电气工程及其自动化,1,525,137367
2022,3530,闽南理工学院(民办),004,经济学,1,534,126224
2022,3530,闽南理工学院(民办),005,人力资源管理,1,543,116039
2022,3530,闽南理工学院(民办),006,金融工程,1,533,127528
2022,3530,闽南理工学院(民办),007,财务管理,1,543,116165
2022,3530,闽南理工学院(民办),008,审计学,1,537,123603
2022,3532,宁德职业技术学院,518,学前教育(师范),10,497,
2022,3532,宁德职业技术学院,519,小学教育(师范),10,512,152929
2022,3536,泉州职业技术大学(民办),001,工程造价,5,498,168263
2022,3536,泉州职业技术大学(民办),002,机械设计制造及自动化,5,500,166460
2022,3536,泉州职业技术大学(民办),003,应用化工技术,5,526,136535
2022,3536,泉州职业技术大学(民办),004,计算机应用工程,5,500,166939
2022,3536,泉州职业技术大学(民办),005,大数据与财务管理,12,526,136418
2022,3536,泉州职业技术大学(民办),006,大数据与会计,13,527,134819
2022,3536,泉州职业技术大学(民办),007,电子商务,10,524,138915
2022,3536,泉州职业技术大学(民办),008,酒店管理,5,521,142589
2022,3537,泉州师范学院,001,学前教育(师范),5,576,75438
2022,3537,泉州师范学院,002,汉语言文学(师范),2,590,59186
2022,3537,泉州师范学院,003,汉语国际教育(师范),3,583,67267
2022,3537,泉州师范学院,004,历史学(师范),2,594,55151
2022,3537,泉州师范学院,005,数学与应用数学(师范),4,570,82277
2022,3537,泉州师范学院,006,物理学(师范),3,570,83456
2022,3537,泉州师范学院,007,化学(师范),3,581,69494
2022,3537,泉州师范学院,008,地理科学(师范),4,588,62003
2022,3537,泉州师范学院,009,生物科学(师范),4,584,66416
2022,3537,泉州师范学院,010,金融工程,2,566,87545
2022,3537,泉州师范学院,011,国际经济与贸易,2,569,84032
2022,3537,泉州师范学院,012,英语,4,583,67263
2022,3537,泉州师范学院,013,广播电视学,4,569,84595
2022,3537,泉州师范学院,014,人文地理与城乡规划,3,566,87751
2022,3537,泉州师范学院,015,机械设计制造及其自动化,2,544,114481
2022,3537,泉州师范学院,016,汽车服务工程,2,542,116791
2022,3537,泉州师范学院,017,材料化学,2,557,98537
2022,3537,泉州师范学院,018,电气工程与智能控制,2,548,109557
2022,3537,泉州师范学院,019,通信工程,2,564,90302
2022,3537,泉州师范学院,020,电子信息科学与技术,2,550,107242
2022,3537,泉州师范学院,021,计算机科学与技术,1,569,83558
2022,3537,泉州师范学院,022,数字媒体技术,2,552,104433
2022,3537,泉州师范学院,023,化工与制药类,3,558,97580
2022,3537,泉州师范学院,024,纺织工程,3,554,102543
2022,3537,泉州师范学院,025,服装设计与工程,3,551,105736
2022,3537,泉州师范学院,026,环境科学,3,559,96188
2022,3537,泉州师范学院,027,食品科学与工程,5,560,95006
2022,3537,泉州师范学院,028,国际商务,2,566,87686
2022,3537,泉州师范学院,029,体育经济与管理,2,559,96347
2022,3537,泉州师范学院,037,软件工程,10,546,111815
2022,3538,泉州信息工程学院(民办),001,电子信息工程,3,513,151489
2022,3538,泉州信息工程学院(民办),002,通信工程,3,515,149877
2022,3538,泉州信息工程学院(民办),003,微电子科学与工程,3,510,155202
2022,3538,泉州信息工程学院(民办),004,电气工程及其自动化,3,515,149703
2022,3538,泉州信息工程学院(民办),005,物联网工程,3,514,150440
2022,3538,泉州信息工程学院(民办),006,数据科学与大数据技术,5,512,152614
2022,3538,泉州信息工程学院(民办),007,信息管理与信息系统,3,510,155263
2022,3538,泉州信息工程学院(民办),008,网络空间安全,5,511,154720
2022,3538,泉州信息工程学院(民办),009,土木工程,3,507,158529
2022,3538,泉州信息工程学院(民办),010,工程造价,3,512,153443
2022,3538,泉州信息工程学院(民办),011,电子商务,35,524,138855
2022,3538,泉州信息工程学院(民办),012,国际商务,20,523,140375
2022,3538,泉州信息工程学院(民办),013,金融工程,35,523,139869
2022,3538,泉州信息工程学院(民办),014,物流管理,20,524,139007
2022,3538,泉州信息工程学院(民办),015,审计学,35,528,133456
2022,3538,泉州信息工程学院(民办),016,财务管理,35,526,136615
2022,3538,泉州信息工程学院(民办),017,国际经济与贸易,20,525,137680
2022,3538,泉州信息工程学院(民办),022,软件工程(中外合作办学),11,502,163814
2022,3539,泉州医学高等专科学校,501,临床医学,2,528,134136
2022,3539,泉州医学高等专科学校,502,口腔医学,3,546,111765
2022,3539,泉州医学高等专科学校,503,护理,3,515,149961
2022,3539,泉州医学高等专科学校,504,药学,2,518,146117
2022,3540,三明学院,001,物流管理,3,558,97670
2022,3540,三明学院,002,旅游管理与服务教育,2,557,98732
2022,3540,三明学院,003,物联网工程,3,543,115723
2022,3540,三明学院,004,人工智能,3,542,116362
2022,3540,三明学院,005,电子信息工程,4,543,115706
2022,3540,三明学院,006,车辆工程,3,539,120316
2022,3540,三明学院,007,机器人工程,2,541,117734
2022,3540,三明学院,008,化学工程与工艺,2,556,99270
2022,3540,三明学院,009,土木工程,4,539,120876
2022,3540,三明学院,010,商务英语,4,559,96799
2022,3541,武夷学院,001,茶学,3,560,94900
2022,3541,武夷学院,002,旅游管理,2,558,97908
2022,3541,武夷学院,003,酒店管理,1,557,98828
2022,3541,武夷学院,004,文化产业管理,1,559,96276
2022,3541,武夷学院,010,机械设计制造及其自动化,2,542,116353
2022,3541,武夷学院,011,电气工程及其自动化,1,553,103183
2022,3541,武夷学院,012,环境工程,2,560,94432
2022,3541,武夷学院,013,土木工程,3,542,117122
2022,3541,武夷学院,014,建筑学,3,563,91056
2022,3541,武夷学院,015,通信工程,2,542,116842
2022,3541,武夷学院,016,汉语言文学,1,580,70404
2022,3541,武夷学院,017,商务英语,1,562,92552
2022,3541,武夷学院,019,国际经济与贸易,1,562,92011
2022,3541,武夷学院,020,物流管理,2,561,94039
2022,3542,厦门城市职业学院,501,大数据与会计,5,497,
2022,3542,厦门城市职业学院,511,学前教育(师范),8,507,158958
2022,3543,厦门大学（一流大学建设高校）,001,人文科学试验班,2,662,3797
2022,3543,厦门大学（一流大学建设高校）,002,新闻传播学类,2,662,3748
2022,3543,厦门大学（一流大学建设高校）,003,外国语言文学类,4,660,4289
2022,3543,厦门大学（一流大学建设高校）,004,外国语言文学类(外国语言文学加会计或财务),2,661,4232
2022,3543,厦门大学（一流大学建设高校）,005,法学类,3,667,2658
2022,3543,厦门大学（一流大学建设高校）,006,公共管理类,2,661,4046
2022,3543,厦门大学（一流大学建设高校）,007,经济学类,16,662,3868
2022,3543,厦门大学（一流大学建设高校）,008,统计学类,2,663,3527
2022,3543,厦门大学（一流大学建设高校）,009,数据科学与大数据技术,2,662,3707
2022,3543,厦门大学（一流大学建设高校）,010,会计学,10,664,3262
2022,3543,厦门大学（一流大学建设高校）,011,工商管理类,2,661,4203
2022,3543,厦门大学（一流大学建设高校）,012,管理科学与工程类,2,654,6440
2022,3543,厦门大学（一流大学建设高校）,013,化学类(含化学化工材料类),8,651,7712
2022,3543,厦门大学（一流大学建设高校）,014,数学类(含物理类),7,656,5909
2022,3543,厦门大学（一流大学建设高校）,015,能源动力类,2,655,6321
2022,3543,厦门大学（一流大学建设高校）,016,计算机类,13,656,5773
2022,3543,厦门大学（一流大学建设高校）,017,工科试验班,7,652,7249
2022,3543,厦门大学（一流大学建设高校）,018,建筑类,3,658,5208
2022,3543,厦门大学（一流大学建设高校）,019,理科试验班(海洋生态环境类),5,653,7020
2022,3543,厦门大学（一流大学建设高校）,020,理科试验班(生命科学与医学类),7,654,6509
2022,3543,厦门大学（一流大学建设高校）,021,临床医学,3,653,6818
2022,3544,厦门大学嘉庚学院(独立学院),001,财政学,3,564,90478
2022,3544,厦门大学嘉庚学院(独立学院),002,税收学,4,560,94574
2022,3544,厦门大学嘉庚学院(独立学院),003,金融学,4,565,88965
2022,3544,厦门大学嘉庚学院(独立学院),004,国际经济与贸易,6,558,97476
2022,3544,厦门大学嘉庚学院(独立学院),005,法学,4,578,73785
2022,3544,厦门大学嘉庚学院(独立学院),006,汉语言文学,4,573,78652
2022,3544,厦门大学嘉庚学院(独立学院),007,英语,5,564,90638
2022,3544,厦门大学嘉庚学院(独立学院),008,日语,6,552,105116
2022,3544,厦门大学嘉庚学院(独立学院),009,新闻学,4,569,84545
2022,3544,厦门大学嘉庚学院(独立学院),010,广播电视学,4,561,93431
2022,3544,厦门大学嘉庚学院(独立学院),011,广告学,5,563,91691
2022,3544,厦门大学嘉庚学院(独立学院),012,机械设计制造及其自动化,4,535,125069
2022,3544,厦门大学嘉庚学院(独立学院),013,机械电子工程,4,533,127993
2022,3544,厦门大学嘉庚学院(独立学院),014,车辆工程,3,528,134007
2022,3544,厦门大学嘉庚学院(独立学院),015,电气工程及其自动化,4,533,127371
2022,3544,厦门大学嘉庚学院(独立学院),016,电子信息工程,3,549,108200
2022,3544,厦门大学嘉庚学院(独立学院),017,通信工程,4,540,119373
2022,3544,厦门大学嘉庚学院(独立学院),018,光电信息科学与工程,3,532,128692
2022,3544,厦门大学嘉庚学院(独立学院),019,自动化,3,533,127822
2022,3544,厦门大学嘉庚学院(独立学院),020,机器人工程,3,536,123974
2022,3544,厦门大学嘉庚学院(独立学院),021,计算机科学与技术,4,552,104789
2022,3544,厦门大学嘉庚学院(独立学院),022,软件工程,3,556,99496
2022,3544,厦门大学嘉庚学院(独立学院),023,物联网工程,2,549,109061
2022,3544,厦门大学嘉庚学院(独立学院),024,智能科学与技术,2,546,111533
2022,3544,厦门大学嘉庚学院(独立学院),025,数据科学与大数据技术,3,545,113157
2022,3544,厦门大学嘉庚学院(独立学院),026,土木工程,5,530,131439
2022,3544,厦门大学嘉庚学院(独立学院),027,给排水科学与工程,3,531,130666
2022,3544,厦门大学嘉庚学院(独立学院),028,环境科学与工程,3,556,100004
2022,3544,厦门大学嘉庚学院(独立学院),029,建筑学,3,560,94658
2022,3544,厦门大学嘉庚学院(独立学院),030,城乡规划,4,561,94122
2022,3544,厦门大学嘉庚学院(独立学院),031,风景园林,2,565,89481
2022,3544,厦门大学嘉庚学院(独立学院),032,信息管理与信息系统,6,529,132603
2022,3544,厦门大学嘉庚学院(独立学院),033,工程管理,4,527,134778
2022,3544,厦门大学嘉庚学院(独立学院),034,工程管理,2,528,134098
2022,3544,厦门大学嘉庚学院(独立学院),035,工程造价,4,532,128879
2022,3544,厦门大学嘉庚学院(独立学院),036,大数据管理与应用,4,535,125993
2022,3544,厦门大学嘉庚学院(独立学院),037,工商管理,6,558,97300
2022,3544,厦门大学嘉庚学院(独立学院),038,市场营销,5,554,101881
2022,3544,厦门大学嘉庚学院(独立学院),039,会计学,6,569,84069
2022,3544,厦门大学嘉庚学院(独立学院),040,财务管理,3,565,88613
2022,3544,厦门大学嘉庚学院(独立学院),041,国际商务,4,555,101148
2022,3544,厦门大学嘉庚学院(独立学院),042,文化产业管理,3,558,97116
2022,3544,厦门大学嘉庚学院(独立学院),043,行政管理,5,556,99574
2022,3544,厦门大学嘉庚学院(独立学院),044,物流管理,5,555,101565
2022,3544,厦门大学嘉庚学院(独立学院),045,电子商务,7,556,99472
2022,3544,厦门大学嘉庚学院(独立学院),046,旅游管理,5,553,103630
2022,3545,厦门海洋职业技术学院,509,旅游管理,5,497,
2022,3547,厦门华厦学院(民办),001,金融学,4,535,125825
2022,3547,厦门华厦学院(民办),002,投资学,2,535,125275
2022,3547,厦门华厦学院(民办),003,国际经济与贸易,2,541,118779
2022,3547,厦门华厦学院(民办),004,艺术教育(以培养音乐和舞蹈人才为主),4,529,132210
2022,3547,厦门华厦学院(民办),005,商务英语,3,541,118151
2022,3547,厦门华厦学院(民办),006,网络与新媒体,2,548,109737
2022,3547,厦门华厦学院(民办),007,数据科学与大数据技术,2,524,138542
2022,3547,厦门华厦学院(民办),008,制药工程,2,548,109772
2022,3547,厦门华厦学院(民办),009,环境科学与工程,1,540,119088
2022,3547,厦门华厦学院(民办),010,康复治疗学,2,552,104729
2022,3547,厦门华厦学院(民办),011,会计学,3,538,121856
2022,3547,厦门华厦学院(民办),012,财务管理,3,538,122370
2022,3547,厦门华厦学院(民办),013,审计学,3,539,120581
2022,3547,厦门华厦学院(民办),014,物流工程,2,532,129289
2022,3547,厦门华厦学院(民办),015,供应链管理,2,537,122790
2022,3547,厦门华厦学院(民办),016,电子商务,3,537,123276
2022,3547,厦门华厦学院(民办),017,会展经济与管理,1,540,119600
2022,3548,厦门理工学院,001,车辆工程,3,573,79124
2022,3548,厦门理工学院,002,自动化,3,579,71586
2022,3548,厦门理工学院,003,软件工程,3,583,66976
2022,3548,厦门理工学院,004,网络与新媒体,3,585,65207
2022,3548,厦门理工学院,006,电子信息工程(中外合作办学),3,569,84153
2022,3553,闽南师范大学,001,英语(师范),2,610,37671
2022,3553,闽南师范大学,002,日语,3,579,72195
2022,3553,闽南师范大学,003,翻译,2,583,67147
2022,3553,闽南师范大学,004,法学,2,595,53849
2022,3553,闽南师范大学,005,社会工作,2,579,72351
2022,3553,闽南师范大学,006,软件工程,3,578,72935
2022,3553,闽南师范大学,007,小学教育(师范),2,611,36305
2022,3553,闽南师范大学,008,心理学(师范),2,595,53367
2022,3553,闽南师范大学,009,广告学,3,584,66330
2022,3553,闽南师范大学,010,经济与金融,3,578,72954
2022,3553,闽南师范大学,011,国际商务,3,572,80880
2022,3553,闽南师范大学,012,人力资源管理,3,576,76173
2022,3553,闽南师范大学,013,旅游管理,2,569,83974
2022,3562,福州墨尔本理工职业学院(中外合作办学),506,大数据与会计(中外合作办学),20,497,
2022,3563,厦门大学（马来西亚分校招生专业）（一流大学建设高校）,001,金融学(厦门大学马来西亚分校招生专业),2,637,15076
2022,3563,厦门大学（马来西亚分校招生专业）（一流大学建设高校）,002,会计学(厦门大学马来西亚分校招生专业),3,638,14669
2022,3563,厦门大学（马来西亚分校招生专业）（一流大学建设高校）,003,化学工程与工艺(厦门大学马来西亚分校招生专业),3,611,35955
2022,3563,厦门大学（马来西亚分校招生专业）（一流大学建设高校）,004,海洋技术(厦门大学马来西亚分校招生专业),2,626,23023
2022,3563,厦门大学（马来西亚分校招生专业）（一流大学建设高校）,005,新能源科学与工程(厦门大学马来西亚分校招生专业),1,629,20482
2022,3563,厦门大学（马来西亚分校招生专业）（一流大学建设高校）,006,数字媒体技术(厦门大学马来西亚分校招生专业),3,626,22928
2022,3563,厦门大学（马来西亚分校招生专业）（一流大学建设高校）,007,计算机科学与技术(厦门大学马来西亚分校招生专业),3,629,20962
2022,3563,厦门大学（马来西亚分校招生专业）（一流大学建设高校）,008,软件工程(厦门大学马来西亚分校招生专业),2,627,22307
2022,3563,厦门大学（马来西亚分校招生专业）（一流大学建设高校）,009,数学与应用数学(厦门大学马来西亚分校招生专业),2,627,22074
2022,3563,厦门大学（马来西亚分校招生专业）（一流大学建设高校）,010,广告学(厦门大学马来西亚分校招生专业),2,634,17385
2022,3563,厦门大学（马来西亚分校招生专业）（一流大学建设高校）,011,英语(厦门大学马来西亚分校招生专业),2,633,17504
2022,3563,厦门大学（马来西亚分校招生专业）（一流大学建设高校）,012,物理学(厦门大学马来西亚分校招生专业),2,626,23130
2022,3563,厦门大学（马来西亚分校招生专业）（一流大学建设高校）,013,人工智能(厦门大学马来西亚分校招生专业),2,629,20405
2022,3564,仰恩大学(民办),001,网络与新媒体,5,542,116742
2022,3601,东华理工大学,001,地质类,3,585,64844
2022,3601,东华理工大学,002,地质学类,3,590,58882
2022,3601,东华理工大学,003,城乡规划,3,578,73447
2022,3601,东华理工大学,004,勘查技术与工程,3,571,82096
2022,3601,东华理工大学,005,地球物理学类,3,567,86309
2022,3601,东华理工大学,006,给排水科学与工程,3,569,84084
2022,3601,东华理工大学,007,地下水科学与工程,3,566,87198
2022,3601,东华理工大学,008,应用化学,4,571,81200
2022,3601,东华理工大学,009,化学工程与工艺,4,588,61198
2022,3601,东华理工大学,010,生物技术,3,570,82883
2022,3601,东华理工大学,011,材料科学与工程,5,566,87648
2022,3601,东华理工大学,012,国际经济与贸易,3,581,69971
2022,3601,东华理工大学,013,英语(外贸方向),5,579,72047
2022,3601,东华理工大学,014,测绘类,6,564,90230
2022,3601,东华理工大学,015,土地资源管理,3,577,74131
2022,3601,东华理工大学,016,土木类,6,567,86085
2022,3602,赣东学院,002,国际经济与贸易,2,557,98973
2022,3602,赣东学院,003,法学,2,561,93702
2022,3602,赣东学院,005,汉语国际教育,2,559,96207
2022,3602,赣东学院,006,英语,2,560,94907
2022,3602,赣东学院,007,日语,2,556,99992
2022,3602,赣东学院,008,网络与新媒体,2,561,94004
2022,3602,赣东学院,009,机械工程,2,542,116977
2022,3602,赣东学院,010,电子信息工程,2,542,117564
2022,3602,赣东学院,011,通信工程,2,540,119318
2022,3602,赣东学院,012,自动化,3,542,116518
2022,3602,赣东学院,013,计算机科学与技术,3,547,110742
2022,3602,赣东学院,014,软件工程,3,546,111957
2022,3602,赣东学院,015,网络工程,2,541,118392
2022,3602,赣东学院,016,土木工程,3,540,119137
2022,3602,赣东学院,017,测绘工程,3,537,122580
2022,3602,赣东学院,018,工程管理,3,531,129937
2022,3602,赣东学院,019,市场营销,2,558,97050
2022,3602,赣东学院,020,会计学,3,559,95878
2022,3602,赣东学院,021,财务管理,3,560,95348
2022,3603,赣南师范大学,001,历史学(师范),4,606,42041
2022,3603,赣南师范大学,002,汉语言文学(师范),4,610,37123
2022,3603,赣南师范大学,003,汉语国际教育(师范),3,587,62403
2022,3603,赣南师范大学,004,思想政治教育(师范),4,599,49459
2022,3603,赣南师范大学,005,社会工作,2,571,81777
2022,3603,赣南师范大学,006,英语(师范),2,607,40935
2022,3603,赣南师范大学,007,商务英语,4,573,79309
2022,3603,赣南师范大学,008,国际经济与贸易,4,568,85515
2022,3603,赣南师范大学,009,市场营销,2,565,88998
2022,3603,赣南师范大学,010,会计学,4,575,76691
2022,3603,赣南师范大学,011,金融学,4,574,78005
2022,3603,赣南师范大学,012,学前教育(师范),3,584,66296
2022,3603,赣南师范大学,013,小学教育(师范),2,609,38280
2022,3603,赣南师范大学,014,应用心理学(师范),2,594,54947
2022,3603,赣南师范大学,015,法学,4,586,63776
2022,3603,赣南师范大学,016,地理科学(师范),2,604,43512
2022,3603,赣南师范大学,017,地理信息科学,2,580,71129
2022,3603,赣南师范大学,018,新闻学,3,580,71229
2022,3603,赣南师范大学,019,数学与应用数学(师范),2,581,69374
2022,3603,赣南师范大学,020,应用统计学,2,572,80705
2022,3603,赣南师范大学,021,数据科学与大数据技术,2,568,85916
2022,3603,赣南师范大学,022,电子信息工程,3,559,95724
2022,3603,赣南师范大学,023,电子科学与技术,2,559,96221
2022,3603,赣南师范大学,024,化学(师范),2,588,61455
2022,3603,赣南师范大学,025,应用化学,2,566,87635
2022,3603,赣南师范大学,026,环境科学,2,561,93967
2022,3603,赣南师范大学,027,教育技术学(师范),2,580,70451
2022,3603,赣南师范大学,028,生物科学(师范),2,585,65201
2022,3603,赣南师范大学,029,园艺,4,561,94343
2022,3604,赣南医学院,001,临床医学,8,590,59118
2022,3604,赣南医学院,002,麻醉学,2,589,60719
2022,3604,赣南医学院,003,医学影像学,2,569,84264
2022,3604,赣南医学院,004,口腔医学,3,599,48466
2022,3604,赣南医学院,005,预防医学,3,570,82780
2022,3604,赣南医学院,006,法医学,2,573,79290
2022,3604,赣南医学院,007,应用心理学,2,572,81078
2022,3604,赣南医学院,008,法学,2,575,76970
2022,3604,赣南医学院,009,药学,2,570,82641
2022,3604,赣南医学院,010,制药工程,5,561,93731
2022,3604,赣南医学院,011,护理学,2,569,84449
2022,3604,赣南医学院,012,医学影像技术,2,570,83466
2022,3604,赣南医学院,013,生物医学工程,2,543,115925
2022,3604,赣南医学院,014,物联网工程,2,541,118501
2022,3604,赣南医学院,015,康复治疗学,2,551,105715
2022,3604,赣南医学院,016,精神医学,3,578,73744
2022,3604,赣南医学院,017,儿科学,3,583,66831
2022,3604,赣南医学院,018,生物信息学,2,566,88142
2022,3604,赣南医学院,019,假肢矫形工程,2,546,112401
2022,3604,赣南医学院,020,健康服务与管理,2,564,90023
2022,3604,赣南医学院,021,公共事业管理,2,558,96894
2022,3605,华东交通大学,001,土木工程,3,589,60070
2022,3605,华东交通大学,002,建筑环境与能源应用工程,2,579,71856
2022,3605,华东交通大学,003,给排水科学与工程,2,582,68225
2022,3605,华东交通大学,004,建筑学,2,601,46415
2022,3605,华东交通大学,005,工程管理(中外合作办学),4,565,88518
2022,3605,华东交通大学,006,机械设计制造及其自动化,3,595,53037
2022,3605,华东交通大学,007,机械电子工程,2,595,53685
2022,3605,华东交通大学,008,车辆工程,2,588,60905
2022,3605,华东交通大学,009,电气工程及其自动化,3,595,53385
2022,3605,华东交通大学,010,自动化类,3,592,56421
2022,3605,华东交通大学,011,通信工程,3,591,57814
2022,3605,华东交通大学,012,计算机类,2,592,56922
2022,3605,华东交通大学,013,数据科学与大数据技术,2,589,60417
2022,3605,华东交通大学,014,交通运输,2,598,50180
2022,3605,华东交通大学,015,铁道工程,2,583,67404
2022,3605,华东交通大学,016,金融学,2,595,53622
2022,3605,华东交通大学,017,会计学,2,607,40517
2022,3605,华东交通大学,018,人力资源管理,2,596,52420
2022,3605,华东交通大学,019,材料成型及控制工程,2,562,92747
2022,3605,华东交通大学,020,高分子材料与工程,3,560,94427
2022,3605,华东交通大学,021,翻译,2,592,57185
2022,3605,华东交通大学,022,虚拟现实技术,3,584,66411
2022,3605,华东交通大学,501,道路与桥梁工程技术,2,523,139671
2022,3605,华东交通大学,502,铁道工程技术,4,511,154439
2022,3605,华东交通大学,503,铁道车辆技术,4,509,156104
2022,3605,华东交通大学,504,铁道机车运用与维护,4,509,156233
2022,3605,华东交通大学,505,铁道信号自动控制,2,520,143321
2022,3605,华东交通大学,506,铁道交通运营管理,2,549,108367
2022,3605,华东交通大学,507,高速铁路综合维修技术,2,503,163565
2022,3606,南昌交通学院(民办),001,金融学,2,535,125079
2022,3606,南昌交通学院(民办),002,国际经济与贸易,2,538,122074
2022,3606,南昌交通学院(民办),003,电子商务,2,534,127300
2022,3606,南昌交通学院(民办),004,旅游管理与服务教育,2,531,130750
2022,3606,南昌交通学院(民办),005,市场营销,2,533,128485
2022,3606,南昌交通学院(民办),006,会计学,2,551,105509
2022,3606,南昌交通学院(民办),007,人力资源管理,2,541,117821
2022,3606,南昌交通学院(民办),008,公共事业管理,2,542,117393
2022,3606,南昌交通学院(民办),009,法学,2,546,111836
2022,3606,南昌交通学院(民办),010,英语,2,550,107349
2022,3606,南昌交通学院(民办),011,机械设计制造及其自动化,2,524,138319
2022,3606,南昌交通学院(民办),012,机械电子工程,2,522,141313
2022,3606,南昌交通学院(民办),013,机器人工程,2,512,153254
2022,3606,南昌交通学院(民办),014,电气工程及其自动化,2,529,132330
2022,3606,南昌交通学院(民办),015,交通工程,3,543,115870
2022,3606,南昌交通学院(民办),016,物流管理,2,540,118838
2022,3606,南昌交通学院(民办),017,土木工程,2,521,142234
2022,3606,南昌交通学院(民办),018,建筑学,2,548,109280
2022,3606,南昌交通学院(民办),019,物联网工程,2,520,144038
2022,3606,南昌交通学院(民办),020,计算机科学与技术,2,523,140265
2022,3606,南昌交通学院(民办),021,软件工程,2,531,130011
2022,3606,南昌交通学院(民办),501,建筑工程技术,3,497,
2022,3606,南昌交通学院(民办),503,工程造价,3,497,
2022,3606,南昌交通学院(民办),505,计算机网络技术,3,497,
2022,3607,江西财经大学,004,金融学(国际投资与金融),2,631,19559
2022,3607,江西财经大学,005,金融学(CFA方向),2,634,17247
2022,3607,江西财经大学,006,国际经济与贸易(CITF方向),2,628,21822
2022,3607,江西财经大学,007,工商管理(智能商务),1,628,21909
2022,3607,江西财经大学,008,物流管理(智慧供应链),2,605,42628
2022,3607,江西财经大学,009,市场营销(国际营销),5,600,48136
2022,3607,江西财经大学,010,劳动与社会保障(康养金融),1,609,38001
2022,3607,江西财经大学,011,会计学,2,632,18548
2022,3607,江西财经大学,012,会计学(CIMA),2,634,16941
2022,3607,江西财经大学,013,会计学(ACCA),2,637,15147
2022,3607,江西财经大学,014,国际经济与贸易(数字贸易),4,625,23880
2022,3607,江西财经大学,015,国际商务(IPMP方向),2,619,29287
2022,3607,江西财经大学,016,电子商务(商务大数据分析),3,618,29994
2022,3607,江西财经大学,017,经济学(数理经济实验班),2,631,19370
2022,3607,江西财经大学,018,金融学(FRM方向),3,631,19472
2022,3607,江西财经大学,019,经济统计学,2,629,20840
2022,3607,江西财经大学,020,应用统计学,2,629,20375
2022,3607,江西财经大学,021,计算机科学与技术(财经大数据管理),2,613,34444
2022,3607,江西财经大学,022,数据科学与大数据技术,2,612,35022
2022,3607,江西财经大学,023,信息与计算科学(经济计量),2,607,40091
2022,3607,江西财经大学,024,信息管理与信息系统(金融智能),2,606,41095
2022,3607,江西财经大学,025,工程管理(投资与造价),2,599,48621
2022,3607,江西财经大学,026,土地资源管理(评估与规划),2,611,36824
2022,3607,江西财经大学,027,旅游管理(数字文旅),4,593,55251
2022,3607,江西财经大学,028,法学,2,634,16926
2022,3607,江西财经大学,029,法学(国际经济法),2,628,21237
2022,3607,江西财经大学,030,物联网工程,2,613,34855
2022,3607,江西财经大学,031,法学(法务会计),2,631,19047
2022,3607,江西财经大学,032,商务英语,2,612,35801
2022,3607,江西财经大学,033,日语(商务方向),2,604,43437
2022,3607,江西财经大学,034,社会工作(数字社会治理),4,601,46767
2022,3607,江西财经大学,035,新闻学(经济新闻),4,608,39138
2022,3607,江西财经大学,036,金融学,2,633,17637
2022,3607,江西财经大学,037,财政学,2,629,21006
2022,3607,江西财经大学,038,会计学(国际会计),2,630,19991
2022,3607,江西财经大学,040,虚拟现实技术,2,574,78268
2022,3607,江西财经大学,041,汉语国际教育(商务方向),2,606,41765
2022,3607,江西财经大学,042,房地产开发与管理(投资与评估),1,560,95111
2022,3607,江西财经大学,043,财务管理,1,629,20993
2022,3607,江西财经大学,044,金融工程,1,630,20111
2022,3607,江西财经大学,045,数字经济,1,629,20795
2022,3607,江西财经大学,046,国民经济管理(数字化治理和投资管理),1,622,26195
2022,3607,江西财经大学,047,会计学(注册会计师),2,634,17322
2022,3607,江西财经大学,048,行政管理(数字政务),1,622,26502
2022,3607,江西财经大学,049,保险学,1,617,30865
2022,3607,江西财经大学,050,人力资源管理(数字人力),1,626,23175
2022,3607,江西财经大学,051,税收学(数字税收),2,627,22569
2022,3607,江西财经大学,052,市场营销(数字营销),1,624,24529
2022,3608,江西财经大学现代经济管理学院(独立学院),001,会计学,4,553,103500
2022,3608,江西财经大学现代经济管理学院(独立学院),002,会计学(注册会计师),6,553,103740
2022,3608,江西财经大学现代经济管理学院(独立学院),003,财务管理,4,548,110031
2022,3608,江西财经大学现代经济管理学院(独立学院),004,工程审计,2,513,151743
2022,3608,江西财经大学现代经济管理学院(独立学院),005,金融学,6,545,112754
2022,3608,江西财经大学现代经济管理学院(独立学院),006,国际经济与贸易,4,542,116959
2022,3608,江西财经大学现代经济管理学院(独立学院),007,电子商务,6,540,119953
2022,3608,江西财经大学现代经济管理学院(独立学院),008,金融科技,2,548,109624
2022,3608,江西财经大学现代经济管理学院(独立学院),009,保险学,3,535,126058
2022,3608,江西财经大学现代经济管理学院(独立学院),010,工程管理,2,514,150811
2022,3608,江西财经大学现代经济管理学院(独立学院),011,工程造价,4,515,149630
2022,3608,江西财经大学现代经济管理学院(独立学院),012,市场营销,6,541,117912
2022,3608,江西财经大学现代经济管理学院(独立学院),013,人力资源管理,4,543,115884
2022,3608,江西财经大学现代经济管理学院(独立学院),014,物流管理,4,539,120332
2022,3608,江西财经大学现代经济管理学院(独立学院),015,法学,4,554,102223
2022,3608,江西财经大学现代经济管理学院(独立学院),016,商务英语,4,542,117499
2022,3608,江西财经大学现代经济管理学院(独立学院),017,计算机科学与技术,4,521,142658
2022,3608,江西财经大学现代经济管理学院(独立学院),018,信息管理与信息系统,2,516,148179
2022,3608,江西财经大学现代经济管理学院(独立学院),019,大数据管理与应用,3,518,146428
2022,3610,江西应用科技学院(民办),001,智能科学与技术,3,512,153212
2022,3610,江西应用科技学院(民办),002,区块链工程,3,505,161366
2022,3610,江西应用科技学院(民办),003,工程造价,2,510,155082
2022,3610,江西应用科技学院(民办),004,电子商务,3,529,132365
2022,3610,江西应用科技学院(民办),005,商务英语,5,530,131068
2022,3610,江西应用科技学院(民办),006,国际经济与贸易,6,526,136186
2022,3610,江西应用科技学院(民办),007,财务管理,3,534,126572
2022,3610,江西应用科技学院(民办),008,金融工程,6,528,134669
2022,3610,江西应用科技学院(民办),009,会计学,6,533,128216
2022,3610,江西应用科技学院(民办),010,物流管理,3,528,133890
2022,3610,江西应用科技学院(民办),011,市场营销,3,529,133375
2022,3610,江西应用科技学院(民办),012,酒店管理,3,524,139033
2022,3610,江西应用科技学院(民办),013,旅游管理与服务教育,3,524,138363
2022,3610,江西应用科技学院(民办),014,健康服务与管理,6,529,132654
2022,3610,江西应用科技学院(民办),015,学前教育,47,529,133128
2022,3610,江西应用科技学院(民办),016,小学教育,30,542,117456
2022,3610,江西应用科技学院(民办),018,宝石及材料工艺学,3,505,161150
2022,3610,江西应用科技学院(民办),026,商务英语(跨境电商方向),4,523,140574
2022,3610,江西应用科技学院(民办),505,电子商务,12,497,
2022,3610,江西应用科技学院(民办),506,大数据与会计,20,497,
2022,3610,江西应用科技学院(民办),513,移动应用开发(移动手游、小程序应用方向),15,497,
2022,3612,江西电力职业技术学院,501,电力系统自动化技术,6,497,
2022,3613,江西服装学院(民办),003,服装设计与工程,6,524,138563
2022,3613,江西服装学院(民办),009,纺织工程,3,528,134641
2022,3613,江西服装学院(民办),010,国际经济与贸易,2,528,134572
2022,3613,江西服装学院(民办),011,市场营销,2,529,133348
2022,3613,江西服装学院(民办),012,财务管理,2,533,128455
2022,3613,江西服装学院(民办),013,电子商务,2,529,133369
2022,3613,江西服装学院(民办),014,网络与新媒体,2,533,128439
2022,3613,江西服装学院(民办),015,商务英语,3,523,140487
2022,3614,南昌工学院(民办),001,机械设计制造及其自动化,5,508,157111
2022,3614,南昌工学院(民办),002,机械电子工程,3,509,156536
2022,3614,南昌工学院(民办),003,汽车服务工程,2,506,159781
2022,3614,南昌工学院(民办),004,材料成型及控制工程,2,505,160906
2022,3614,南昌工学院(民办),005,车辆工程,2,506,159508
2022,3614,南昌工学院(民办),006,智能制造工程,2,509,156262
2022,3614,南昌工学院(民办),007,电子信息工程,5,512,153101
2022,3614,南昌工学院(民办),008,网络工程,3,513,151969
2022,3614,南昌工学院(民办),009,电气工程及其自动化,3,514,150684
2022,3614,南昌工学院(民办),010,软件工程,5,516,148368
2022,3614,南昌工学院(民办),011,数字媒体技术,3,519,144551
2022,3614,南昌工学院(民办),012,数据科学与大数据技术,3,520,143854
2022,3614,南昌工学院(民办),013,智能科学与技术,2,509,156014
2022,3614,南昌工学院(民办),014,土木工程,4,505,161622
2022,3614,南昌工学院(民办),015,工程管理,3,513,151651
2022,3614,南昌工学院(民办),016,工程造价,3,513,152211
2022,3614,南昌工学院(民办),017,城乡规划,2,512,152900
2022,3614,南昌工学院(民办),018,智能建造,2,505,160846
2022,3614,南昌工学院(民办),019,会计学,4,535,125458
2022,3614,南昌工学院(民办),020,财务管理,3,533,127853
2022,3614,南昌工学院(民办),021,审计学,3,535,125805
2022,3614,南昌工学院(民办),022,人力资源管理,3,529,132477
2022,3614,南昌工学院(民办),023,物流工程,2,530,131805
2022,3614,南昌工学院(民办),024,国际经济与贸易,2,530,131273
2022,3614,南昌工学院(民办),025,大数据管理与应用,2,506,159364
2022,3614,南昌工学院(民办),026,电子商务,2,528,133507
2022,3614,南昌工学院(民办),027,思想政治教育(教师教育),3,554,102279
2022,3614,南昌工学院(民办),028,秘书学(新媒体),2,531,130971
2022,3614,南昌工学院(民办),029,学前教育(教师教育),2,543,115355
2022,3614,南昌工学院(民办),030,小学教育(教师教育),5,548,110078
2022,3614,南昌工学院(民办),031,数学与应用数学(教师教育),3,523,139686
2022,3614,南昌工学院(民办),032,英语(教师教育),3,547,110904
2022,3614,南昌工学院(民办),033,汉语言文学(教师教育),5,547,111086
2022,3614,南昌工学院(民办),034,商务英语,2,535,125999
2022,3614,南昌工学院(民办),501,电气自动化技术,9,497,
2022,3614,南昌工学院(民办),526,法律事务,11,497,
2022,3619,江西科技师范大学,001,管理科学,2,549,108567
2022,3619,江西科技师范大学,002,财务管理,2,578,72989
2022,3619,江西科技师范大学,003,国际经济与贸易,2,572,80458
2022,3619,江西科技师范大学,007,计算机科学与技术,3,573,78987
2022,3619,江西科技师范大学,008,涂料工程,3,561,94268
2022,3619,江西科技师范大学,009,生物工程,3,565,89295
2022,3619,江西科技师范大学,010,药学,2,571,81362
2022,3619,江西科技师范大学,011,材料化学,3,561,94114
2022,3619,江西科技师范大学,015,汉语言文学(师范),2,597,50835
2022,3619,江西科技师范大学,016,历史学(师范),2,596,52148
2022,3619,江西科技师范大学,017,英语(师范),2,596,52833
2022,3619,江西科技师范大学,018,会计学(国际会计),3,576,75830
2022,3619,江西科技师范大学,019,旅游管理(含职教师范),3,568,85910
2022,3619,江西科技师范大学,020,酒店管理(国际酒店),3,562,92904
2022,3619,江西科技师范大学,021,法学(企业法律实务),2,588,60996
2022,3619,江西科技师范大学,022,社会工作(含职教师范),2,571,82192
2022,3619,江西科技师范大学,023,教育技术学(师范),2,589,59889
2022,3619,江西科技师范大学,024,学前教育(师范),2,585,64803
2022,3619,江西科技师范大学,025,思想政治教育(师范),2,594,54471
2022,3619,江西科技师范大学,029,数学与应用数学(师范),2,589,59819
2022,3619,江西科技师范大学,030,物理学(师范),2,577,74769
2022,3619,江西科技师范大学,031,化学(师范),2,589,60004
2022,3619,江西科技师范大学,032,应用化学(含职教师范),2,574,77636
2022,3619,江西科技师范大学,033,土木工程(含职教师范),2,558,97234
2022,3619,江西科技师范大学,034,建筑环境与能源应用工程(含职教师范),2,558,97025
2022,3619,江西科技师范大学,035,建筑学,2,564,89646
2022,3619,江西科技师范大学,036,生物科学(师范),2,587,62760
2022,3619,江西科技师范大学,037,制药工程(含职教师范),2,570,83225
2022,3619,江西科技师范大学,038,机械电子工程(含职教师范),3,556,99991
2022,3619,江西科技师范大学,039,计算机科学与技术,3,571,82093
2022,3619,江西科技师范大学,040,虚拟现实技术,3,561,93280
2022,3620,南昌应用技术师范学院(民办),004,电子信息工程,1,528,133780
2022,3620,南昌应用技术师范学院(民办),005,计算机科学与技术,1,530,131324
2022,3620,南昌应用技术师范学院(民办),006,国际经济与贸易,1,544,115101
2022,3620,南昌应用技术师范学院(民办),007,旅游管理,2,531,130967
2022,3620,南昌应用技术师范学院(民办),008,财务管理,3,537,122690
2022,3620,南昌应用技术师范学院(民办),009,跨境电子商务,4,529,133087
2022,3620,南昌应用技术师范学院(民办),010,英语,2,543,116231
2022,3620,南昌应用技术师范学院(民办),011,汉语言文学,1,557,98603
2022,3620,南昌应用技术师范学院(民办),012,数学与应用数学,2,528,134425
2022,3620,南昌应用技术师范学院(民办),013,法学,2,555,101046
2022,3621,江西科技学院(民办),011,人工智能,2,518,146155
2022,3621,江西科技学院(民办),012,计算机科学与技术,2,520,143613
2022,3621,江西科技学院(民办),013,软件工程,2,516,147982
2022,3621,江西科技学院(民办),014,工程造价,2,512,152936
2022,3621,江西科技学院(民办),015,人力资源管理,5,530,131961
2022,3621,江西科技学院(民办),016,工商管理,5,529,133172
2022,3621,江西科技学院(民办),017,电子商务,5,532,129151
2022,3621,江西科技学院(民办),018,跨境电子商务,3,529,133304
2022,3621,江西科技学院(民办),019,会计学,7,536,123997
2022,3621,江西科技学院(民办),020,财务管理,2,541,118484
2022,3621,江西科技学院(民办),021,金融工程,2,535,124930
2022,3621,江西科技学院(民办),022,国际经济与贸易,2,531,130444
2022,3621,江西科技学院(民办),023,商务英语,4,529,132504
2022,3621,江西科技学院(民办),024,护理学,6,545,112802
2022,3621,江西科技学院(民办),025,新闻学,3,538,122112
2022,3621,江西科技学院(民办),026,网络与新媒体,4,543,115885
2022,3621,江西科技学院(民办),027,汉语言文学,4,547,111123
2022,3621,江西科技学院(民办),028,学前教育,5,545,113225
2022,3621,江西科技学院(民办),029,小学教育,5,555,101190
2022,3621,江西科技学院(民办),030,教育学,5,533,128476
2022,3621,江西科技学院(民办),506,大数据技术,5,497,
2022,3621,江西科技学院(民办),508,软件技术,8,497,
2022,3621,江西科技学院(民办),510,现代移动通信技术,3,497,
2022,3621,江西科技学院(民办),513,工程造价,4,497,
2022,3621,江西科技学院(民办),514,建筑室内设计,4,497,
2022,3621,江西科技学院(民办),524,法律事务,3,497,
2022,3621,江西科技学院(民办),528,市场营销,5,497,
2022,3621,江西科技学院(民办),529,国际经济与贸易,5,497,
2022,3621,江西科技学院(民办),535,中文,6,497,
2022,3622,江西理工大学,002,环境工程,3,571,81243
2022,3622,江西理工大学,003,土木类,3,565,88445
2022,3622,江西理工大学,004,测绘工程,3,561,93252
2022,3622,江西理工大学,005,地理信息科学,3,586,63743
2022,3622,江西理工大学,006,给排水科学与工程,3,553,102915
2022,3622,江西理工大学,007,冶金工程,2,568,85509
2022,3622,江西理工大学,008,化学工程与工艺,3,569,83837
2022,3622,江西理工大学,009,新能源科学与工程,3,584,65889
2022,3622,江西理工大学,010,材料科学与工程,3,560,94746
2022,3622,江西理工大学,011,机械工程,2,570,82822
2022,3622,江西理工大学,012,智能制造工程,3,577,73948
2022,3622,江西理工大学,013,机械电子工程,2,569,83648
2022,3622,江西理工大学,014,电气工程及其自动化,3,577,73989
2022,3622,江西理工大学,015,自动化,3,573,79740
2022,3622,江西理工大学,016,电子科学与技术,3,575,76398
2022,3622,江西理工大学,017,电子科学与技术(中外合作办学),3,564,90579
2022,3622,江西理工大学,018,计算机类,3,583,67346
2022,3622,江西理工大学,019,电子信息类,3,579,71680
2022,3622,江西理工大学,020,工程造价,3,570,83198
2022,3622,江西理工大学,021,会计学,2,589,59957
2022,3622,江西理工大学,022,英语,3,583,67642
2022,3622,江西理工大学,023,信息与计算科学,3,572,80497
2022,3622,江西理工大学,025,建筑学,3,586,63592
2022,3622,江西理工大学,026,城乡规划,2,579,72056
2022,3622,江西理工大学,027,安全工程,2,562,92501
2022,3622,江西理工大学,028,虚拟现实技术,3,577,74200
2022,3622,江西理工大学,029,财务管理,3,584,66190
2022,3622,江西理工大学,030,人力资源管理,3,578,73003
2022,3622,江西理工大学,031,材料成型及控制工程,3,562,92429
2022,3622,江西理工大学,032,机器人工程,3,575,76485
2022,3623,赣南科技学院,001,冶金工程,2,554,102190
2022,3623,赣南科技学院,002,材料成型及控制工程,2,536,123851
2022,3623,赣南科技学院,003,电气工程及其自动化,2,542,116431
2022,3623,赣南科技学院,004,机器人工程,2,541,118564
2022,3623,赣南科技学院,005,机械工程,2,539,120011
2022,3623,赣南科技学院,006,土木工程,2,539,120655
2022,3623,赣南科技学院,007,工程造价,2,540,119990
2022,3623,赣南科技学院,008,矿物加工工程,2,556,100145
2022,3623,赣南科技学院,009,金融学,2,559,96117
2022,3623,赣南科技学院,010,电子商务,2,558,96888
2022,3623,赣南科技学院,011,工商管理,2,558,97543
2022,3623,赣南科技学院,012,会计学,2,562,92294
2022,3623,赣南科技学院,013,国际经济与贸易,2,558,97426
2022,3623,赣南科技学院,015,葡萄牙语,2,557,98399
2022,3623,赣南科技学院,016,电子信息工程,2,542,117347
2022,3623,赣南科技学院,017,计算机科学与技术,2,551,106529
2022,3623,赣南科技学院,018,通信工程,2,542,116971
2022,3623,赣南科技学院,019,数据科学与大数据技术,2,548,109570
2022,3625,江西农业大学,001,农学,2,572,80860
2022,3625,江西农业大学,002,园艺,6,568,85841
2022,3625,江西农业大学,003,植物保护,4,568,85885
2022,3625,江西农业大学,004,动植物检疫,4,566,87535
2022,3625,江西农业大学,005,茶学,2,568,85680
2022,3625,江西农业大学,006,林产化工,2,566,87950
2022,3625,江西农业大学,007,林学,3,571,82179
2022,3625,江西农业大学,008,园林,2,578,73125
2022,3625,江西农业大学,010,动物药学,2,578,73036
2022,3625,江西农业大学,011,水产养殖学,4,562,92480
2022,3625,江西农业大学,012,机械设计制造及其自动化,2,566,87962
2022,3625,江西农业大学,013,车辆工程,2,557,98872
2022,3625,江西农业大学,014,农业机械化及其自动化,4,563,91573
2022,3625,江西农业大学,015,国际经济与贸易,2,578,73183
2022,3625,江西农业大学,016,金融学,2,581,69107
2022,3625,江西农业大学,017,经济学,1,581,69051
2022,3625,江西农业大学,018,农林经济管理,4,575,77184
2022,3625,江西农业大学,019,会计学(中外高水平大学学生交流计划),2,582,68302
2022,3625,江西农业大学,020,环境科学与工程,4,565,88774
2022,3625,江西农业大学,021,地理信息科学,2,567,86982
2022,3625,江西农业大学,022,农业水利工程,4,559,96028
2022,3625,江西农业大学,023,电子商务,2,561,93193
2022,3625,江西农业大学,024,计算机科学与技术,2,581,69194
2022,3625,江西农业大学,025,数据科学与大数据技术,2,575,77102
2022,3625,江西农业大学,026,软件工程(英语方向),2,570,82989
2022,3625,江西农业大学,027,物联网工程,2,569,83851
2022,3625,江西农业大学,028,应用化学,6,563,91230
2022,3625,江西农业大学,029,材料化学,4,556,99199
2022,3625,江西农业大学,030,教育技术学,2,578,73417
2022,3625,江西农业大学,031,食品质量与安全,4,567,87116
2022,3625,江西农业大学,032,食品科学与工程,2,568,85567
2022,3625,江西农业大学,033,生物工程,2,568,85851
2022,3625,江西农业大学,034,制药工程,4,570,82363
2022,3625,江西农业大学,035,生物技术(食用菌),4,566,88262
2022,3625,江西农业大学,036,日语,3,573,79455
2022,3625,江西农业大学,037,英语,2,584,66552
2022,3626,江西农业大学南昌商学院(独立学院),001,数字经济,2,548,110203
2022,3626,江西农业大学南昌商学院(独立学院),002,国际经济与贸易,3,545,112903
2022,3626,江西农业大学南昌商学院(独立学院),003,日语,3,541,118763
2022,3626,江西农业大学南昌商学院(独立学院),004,商务英语,3,546,112499
2022,3626,江西农业大学南昌商学院(独立学院),005,新闻学,2,554,101813
2022,3626,江西农业大学南昌商学院(独立学院),006,广告学,3,551,106231
2022,3626,江西农业大学南昌商学院(独立学院),007,电子信息工程,2,518,145546
2022,3626,江西农业大学南昌商学院(独立学院),008,物联网工程,2,525,137060
2022,3626,江西农业大学南昌商学院(独立学院),009,风景园林,2,550,107583
2022,3626,江西农业大学南昌商学院(独立学院),010,工程管理,3,513,151597
2022,3626,江西农业大学南昌商学院(独立学院),011,大数据管理与应用,3,513,151805
2022,3626,江西农业大学南昌商学院(独立学院),012,工商管理,3,546,112588
2022,3626,江西农业大学南昌商学院(独立学院),013,财务管理,2,549,108519
2022,3626,江西农业大学南昌商学院(独立学院),014,人力资源管理,2,552,104661
2022,3626,江西农业大学南昌商学院(独立学院),015,审计学,2,549,108794
2022,3626,江西农业大学南昌商学院(独立学院),016,物流管理,3,539,120836
2022,3626,江西农业大学南昌商学院(独立学院),017,电子商务,2,550,107673
2022,3626,江西农业大学南昌商学院(独立学院),018,旅游管理,3,534,127317
2022,3627,江西师范大学,005,会计学,2,605,42236
2022,3627,江西师范大学,006,金融学,2,600,48385
2022,3627,江西师范大学,007,经济学,2,608,39658
2022,3627,江西师范大学,008,地理科学类,7,618,30303
2022,3627,江西师范大学,009,化学类,3,599,48783
2022,3627,江西师范大学,010,计算机科学与技术,3,596,51849
2022,3627,江西师范大学,011,计算机科学与技术(师范),2,599,48920
2022,3627,江西师范大学,012,人工智能,1,597,51214
2022,3627,江西师范大学,013,数据科学与大数据技术,1,594,54049
2022,3627,江西师范大学,018,小学教育(师范),2,622,26097
2022,3627,江西师范大学,019,历史学类,8,621,27013
2022,3627,江西师范大学,021,思想政治教育(师范),5,626,23473
2022,3627,江西师范大学,022,生物科学(师范),6,616,31759
2022,3627,江西师范大学,023,数学与应用数学(师范),13,607,40598
2022,3627,江西师范大学,024,统计学,2,585,64281
2022,3627,江西师范大学,025,英语(师范),8,622,26000
2022,3627,江西师范大学,026,中国语言文学类,10,622,26069
2022,3627,江西师范大学,027,电子信息类,1,594,54546
2022,3627,江西师范大学,028,物理学(师范),3,603,44170
2022,3627,江西师范大学,029,心理学类,6,611,36213
2022,3627,江西师范大学,030,新闻传播学类,8,602,46117
2022,3627,江西师范大学,031,法学,5,612,35873
2022,3628,江西师范大学科学技术学院(独立学院),001,金融工程,2,545,112784
2022,3628,江西师范大学科学技术学院(独立学院),002,国际经济与贸易,3,544,114270
2022,3628,江西师范大学科学技术学院(独立学院),003,工商管理,2,550,106793
2022,3628,江西师范大学科学技术学院(独立学院),004,财务管理,3,548,109158
2022,3628,江西师范大学科学技术学院(独立学院),005,会计学,3,554,101798
2022,3628,江西师范大学科学技术学院(独立学院),006,电子商务,2,548,109619
2022,3628,江西师范大学科学技术学院(独立学院),007,小学教育,3,567,86592
2022,3628,江西师范大学科学技术学院(独立学院),009,翻译,2,546,111625
2022,3628,江西师范大学科学技术学院(独立学院),010,日语,2,544,114989
2022,3628,江西师范大学科学技术学院(独立学院),011,广告学,2,554,101742
2022,3628,江西师范大学科学技术学院(独立学院),012,物理学,2,533,127354
2022,3629,江西司法警官职业学院,501,司法信息技术,5,497,
2022,3629,江西司法警官职业学院,502,司法鉴定技术,5,497,170157
2022,3629,江西司法警官职业学院,504,行政管理,5,497,
2022,3629,江西司法警官职业学院,506,法律事务,10,497,169608
2022,3629,江西司法警官职业学院,509,计算机应用技术,5,497,
2022,3629,江西司法警官职业学院,510,无人机应用技术,5,497,
2022,3633,江西信息应用职业技术学院,502,大气探测技术,10,497,
2022,3637,江西中医药大学,001,中医学,5,614,33204
2022,3637,江西中医药大学,002,中医养生学,2,592,57210
2022,3637,江西中医药大学,003,中西医临床医学,2,608,39116
2022,3637,江西中医药大学,004,中医骨伤科学,2,607,40464
2022,3637,江西中医药大学,005,针灸推拿学,4,595,53719
2022,3637,江西中医药大学,006,康复治疗学,4,571,81214
2022,3637,江西中医药大学,007,护理学,2,572,80275
2022,3637,江西中医药大学,009,英语,2,574,78280
2022,3637,江西中医药大学,010,应用心理学,2,586,63188
2022,3637,江西中医药大学,011,药学,1,584,65776
2022,3637,江西中医药大学,012,中药学,1,586,63254
2022,3637,江西中医药大学,013,药物制剂,1,570,82723
2022,3637,江西中医药大学,014,中药制药,1,576,75101
2022,3637,江西中医药大学,015,保险学,2,564,89874
2022,3637,江西中医药大学,016,市场营销,1,567,86108
2022,3637,江西中医药大学,017,公共事业管理,1,573,79888
2022,3637,江西中医药大学,018,医学信息工程,2,567,86071
2022,3637,江西中医药大学,019,计算机科学与技术,2,582,68204
2022,3637,江西中医药大学,020,医学影像技术,1,586,63624
2022,3638,南昌医学院,001,护理学,8,566,88033
2022,3638,南昌医学院,002,助产学,10,563,91576
2022,3638,南昌医学院,003,市场营销,5,557,98276
2022,3638,南昌医学院,004,保险学,5,557,98577
2022,3638,南昌医学院,005,公共事业管理,5,558,97866
2022,3638,南昌医学院,006,中医学,6,584,66252
2022,3638,南昌医学院,007,针灸推拿学,6,577,74485
2022,3638,南昌医学院,008,中西医临床医学,6,580,70382
2022,3638,南昌医学院,009,临床医学,6,577,73988
2022,3638,南昌医学院,010,康复治疗学,5,570,82584
2022,3638,南昌医学院,011,医学检验技术,5,573,78742
2022,3638,南昌医学院,012,医学影像技术,5,572,81142
2022,3638,南昌医学院,013,口腔医学技术,5,575,76708
2022,3638,南昌医学院,014,药学,8,565,89112
2022,3638,南昌医学院,015,中药学,6,568,85825
2022,3639,江西中医药高等专科学校,501,中医学,18,504,162591
2022,3639,江西中医药高等专科学校,502,针灸推拿,10,497,170038
2022,3639,江西中医药高等专科学校,503,医学检验技术,4,501,165507
2022,3639,江西中医药高等专科学校,504,护理,8,502,164425
2022,3639,江西中医药高等专科学校,505,助产,4,497,
2022,3639,江西中医药高等专科学校,506,药学,6,501,165097
2022,3640,井冈山大学,007,护理学,20,563,91281
2022,3640,井冈山大学,008,预防医学,4,572,80506
2022,3640,井冈山大学,009,应用心理学,10,566,87795
2022,3640,井冈山大学,010,小学教育(师范),12,583,66897
2022,3640,井冈山大学,011,生物科学(师范),2,581,69340
2022,3640,井冈山大学,012,化学(师范),2,580,71395
2022,3640,井冈山大学,013,会计学,4,570,83155
2022,3640,井冈山大学,014,西班牙语,2,568,85511
2022,3640,井冈山大学,015,日语,2,565,89447
2022,3640,井冈山大学,016,德语,2,567,86132
2022,3640,井冈山大学,017,英语(师范),2,584,66499
2022,3640,井冈山大学,018,历史学(师范),4,584,65953
2022,3640,井冈山大学,019,新闻学,6,572,80856
2022,3640,井冈山大学,020,汉语国际教育,2,574,78548
2022,3640,井冈山大学,021,汉语言文学(师范),8,586,64177
2022,3640,井冈山大学,022,思想政治教育(师范),3,584,66347
2022,3641,景德镇学院,005,汉语言文学(师范),3,581,69862
2022,3641,景德镇学院,006,物流管理,2,559,96091
2022,3641,景德镇学院,007,财务管理,2,563,91239
2022,3641,景德镇学院,008,网络工程,3,540,119386
2022,3641,景德镇学院,009,小学教育(师范),3,580,70504
2022,3642,景德镇陶瓷大学,001,材料物理,1,536,123725
2022,3642,景德镇陶瓷大学,002,材料化学,1,544,113965
2022,3642,景德镇陶瓷大学,003,无机非金属材料工程,1,537,122596
2022,3642,景德镇陶瓷大学,004,粉体材料科学与工程,1,533,127643
2022,3642,景德镇陶瓷大学,005,新能源材料与器件,1,540,119827
2022,3642,景德镇陶瓷大学,006,能源与动力工程,1,554,102457
2022,3642,景德镇陶瓷大学,007,环境工程,1,562,92213
2022,3642,景德镇陶瓷大学,021,机械设计制造及其自动化,1,552,104164
2022,3642,景德镇陶瓷大学,022,材料成型及控制工程,1,545,113331
2022,3642,景德镇陶瓷大学,023,机械电子工程,1,546,111584
2022,3642,景德镇陶瓷大学,024,电子信息工程,1,558,97157
2022,3642,景德镇陶瓷大学,025,电子科学与技术,1,556,99761
2022,3642,景德镇陶瓷大学,026,自动化,1,553,102868
2022,3642,景德镇陶瓷大学,027,智能制造工程,1,549,107904
2022,3642,景德镇陶瓷大学,028,工商管理类,4,565,89285
2022,3642,景德镇陶瓷大学,029,国际经济与贸易,1,568,85354
2022,3642,景德镇陶瓷大学,030,电子商务,1,568,85686
2022,3642,景德镇陶瓷大学,031,信息与计算科学,1,561,93667
2022,3642,景德镇陶瓷大学,032,信息管理与信息系统,1,547,111301
2022,3642,景德镇陶瓷大学,033,英语,1,568,85858
2022,3642,景德镇陶瓷大学,034,日语,1,563,91565
2022,3642,景德镇陶瓷大学,035,法学,1,580,71403
2022,3642,景德镇陶瓷大学,036,知识产权,1,578,73552
2022,3642,景德镇陶瓷大学,037,文物与博物馆学,1,585,65100
2022,3642,景德镇陶瓷大学,038,文物保护技术,1,580,70814
2022,3642,景德镇陶瓷大学,039,文化遗产,1,581,69872
2022,3642,景德镇陶瓷大学,040,考古学,1,596,52736
2022,3643,景德镇艺术职业大学(民办),002,计算机科学与技术,2,517,146886
2022,3643,景德镇艺术职业大学(民办),008,生态环境工程技术,2,499,167345
2022,3643,景德镇艺术职业大学(民办),009,机械设计制造及自动化,2,508,157903
2022,3643,景德镇艺术职业大学(民办),010,大数据与财务管理,2,536,124033
2022,3643,景德镇艺术职业大学(民办),011,现代物流管理,2,533,127755
2022,3643,景德镇艺术职业大学(民办),012,应用英语,2,536,124680
2022,3643,景德镇艺术职业大学(民办),013,应用日语,2,523,139568
2022,3643,景德镇艺术职业大学(民办),014,法律,2,536,124285
2022,3643,景德镇艺术职业大学(民办),015,社会工作,2,529,132404
2022,3644,九江学院,005,国际经济与贸易,4,560,95292
2022,3644,九江学院,006,金融学,2,566,87628
2022,3644,九江学院,008,汉语国际教育,3,563,91987
2022,3644,九江学院,009,电子信息工程,4,542,116712
2022,3644,九江学院,010,物联网工程,3,543,115584
2022,3644,九江学院,011,临床医学,4,575,76263
2022,3644,九江学院,012,口腔医学,4,596,52483
2022,3644,九江学院,013,药学,3,562,92733
2022,3644,九江学院,014,护理学,3,565,89082
2022,3644,九江学院,015,会计学,3,570,83149
2022,3644,九江学院,016,审计学,3,568,84769
2022,3644,九江学院,017,工商管理,3,558,96935
2022,3645,九江职业技术学院,515,建筑室内设计,4,497,
2022,3646,南昌大学（一流学科建设高校）,007,中国语言文学类,3,645,10813
2022,3646,南昌大学（一流学科建设高校）,008,哲学,3,637,15337
2022,3646,南昌大学（一流学科建设高校）,009,新闻传播学类,5,640,13461
2022,3646,南昌大学（一流学科建设高校）,010,英语,4,640,13326
2022,3646,南昌大学（一流学科建设高校）,011,英语(英西),3,635,16595
2022,3646,南昌大学（一流学科建设高校）,012,日语,4,633,18015
2022,3646,南昌大学（一流学科建设高校）,013,法语,2,636,15997
2022,3646,南昌大学（一流学科建设高校）,014,西班牙语,2,634,16811
2022,3646,南昌大学（一流学科建设高校）,015,俄语,2,630,20105
2022,3646,南昌大学（一流学科建设高校）,016,法学类,2,644,11289
2022,3646,南昌大学（一流学科建设高校）,017,应用心理学,2,639,14043
2022,3646,南昌大学（一流学科建设高校）,018,经济学,4,639,13832
2022,3646,南昌大学（一流学科建设高校）,019,金融学,4,640,13348
2022,3646,南昌大学（一流学科建设高校）,020,工商管理,3,639,14142
2022,3646,南昌大学（一流学科建设高校）,021,会计学,2,642,11980
2022,3646,南昌大学（一流学科建设高校）,022,工业工程,3,623,25603
2022,3646,南昌大学（一流学科建设高校）,023,工商管理(中法实验班),3,635,16375
2022,3646,南昌大学（一流学科建设高校）,025,管理科学与工程类,4,627,22356
2022,3646,南昌大学（一流学科建设高校）,026,数学类,3,633,17527
2022,3646,南昌大学（一流学科建设高校）,027,物理学类,4,627,22424
2022,3646,南昌大学（一流学科建设高校）,028,化学类,4,625,24050
2022,3646,南昌大学（一流学科建设高校）,029,生物科学类,4,629,20777
2022,3646,南昌大学（一流学科建设高校）,030,水产养殖学,3,623,25492
2022,3646,南昌大学（一流学科建设高校）,031,食品科学与工程类,4,624,24697
2022,3646,南昌大学（一流学科建设高校）,032,生物工程,3,625,24100
2022,3646,南昌大学（一流学科建设高校）,033,材料类,5,622,26413
2022,3646,南昌大学（一流学科建设高校）,034,化工与制药类,3,628,21865
2022,3646,南昌大学（一流学科建设高校）,035,环境科学与工程类,4,618,30153
2022,3646,南昌大学（一流学科建设高校）,036,机械设计制造及其自动化,5,623,25622
2022,3646,南昌大学（一流学科建设高校）,037,车辆工程,2,623,25250
2022,3646,南昌大学（一流学科建设高校）,038,材料成型及控制工程,3,620,27756
2022,3646,南昌大学（一流学科建设高校）,039,土木类,4,623,25429
2022,3646,南昌大学（一流学科建设高校）,040,建筑类,3,630,19940
2022,3646,南昌大学（一流学科建设高校）,041,水利水电工程,5,625,23813
2022,3646,南昌大学（一流学科建设高校）,042,电子信息类,5,632,18696
2022,3646,南昌大学（一流学科建设高校）,043,电气工程及其自动化,4,633,17529
2022,3646,南昌大学（一流学科建设高校）,044,自动化,4,631,19436
2022,3646,南昌大学（一流学科建设高校）,045,测控技术与仪器,4,623,25209
2022,3646,南昌大学（一流学科建设高校）,046,计算机类(计算机与大数据),5,635,16418
2022,3646,南昌大学（一流学科建设高校）,047,临床医学,10,639,13694
2022,3646,南昌大学（一流学科建设高校）,048,临床医学类(中外合作办学)(中英双学位合作办学),10,624,24746
2022,3646,南昌大学（一流学科建设高校）,049,医学影像学,4,634,16815
2022,3646,南昌大学（一流学科建设高校）,050,预防医学,3,635,16282
2022,3646,南昌大学（一流学科建设高校）,051,药学,5,624,24516
2022,3646,南昌大学（一流学科建设高校）,052,护理学,5,614,33303
2022,3647,南昌大学科学技术学院(独立学院),001,汉语言文学,2,560,95404
2022,3647,南昌大学科学技术学院(独立学院),002,德语,10,535,125598
2022,3647,南昌大学科学技术学院(独立学院),003,会计学,2,555,101361
2022,3647,南昌大学科学技术学院(独立学院),004,旅游管理,12,532,129744
2022,3647,南昌大学科学技术学院(独立学院),005,财务管理,2,551,105730
2022,3647,南昌大学科学技术学院(独立学院),006,金融学,2,551,106461
2022,3647,南昌大学科学技术学院(独立学院),007,生物工程,2,549,107973
2022,3647,南昌大学科学技术学院(独立学院),008,土木工程,2,525,138023
2022,3647,南昌大学科学技术学院(独立学院),009,电气工程及其自动化,2,522,141341
2022,3647,南昌大学科学技术学院(独立学院),010,电子信息工程,2,522,141761
2022,3647,南昌大学科学技术学院(独立学院),011,计算机科学与技术,2,529,132319
2022,3648,南昌工程学院,001,水利水电工程,4,569,84309
2022,3648,南昌工程学院,002,水文与水资源工程,2,564,90141
2022,3648,南昌工程学院,003,港口航道与海岸工程,2,562,92825
2022,3648,南昌工程学院,004,智慧水利,2,564,89609
2022,3648,南昌工程学院,005,水土保持与荒漠化防治,2,559,95944
2022,3648,南昌工程学院,006,园林,2,560,94520
2022,3648,南昌工程学院,007,土木工程,6,544,114784
2022,3648,南昌工程学院,008,给排水科学与工程,2,554,101760
2022,3648,南昌工程学院,009,能源与动力工程,2,566,87904
2022,3648,南昌工程学院,010,车辆工程,2,548,109465
2022,3648,南昌工程学院,011,电气工程及其自动化,2,556,99193
2022,3648,南昌工程学院,012,自动化,2,558,97332
2022,3648,南昌工程学院,013,智能电网信息工程,2,554,102171
2022,3648,南昌工程学院,014,通信工程,2,562,92819
2022,3648,南昌工程学院,015,电子信息工程,2,562,92667
2022,3648,南昌工程学院,016,计算机科学与技术,2,568,85510
2022,3648,南昌工程学院,017,应用统计学,2,569,83749
2022,3648,南昌工程学院,018,市场营销,2,563,91686
2022,3648,南昌工程学院,019,物流管理,2,566,87730
2022,3648,南昌工程学院,020,电子商务,2,564,90670
2022,3648,南昌工程学院,021,人力资源管理,2,571,81933
2022,3648,南昌工程学院,022,审计学,2,572,80375
2022,3648,南昌工程学院,023,国际经济与贸易,2,567,86297
2022,3648,南昌工程学院,024,投资学,2,563,91073
2022,3648,南昌工程学院,025,英语,2,569,84652
2022,3648,南昌工程学院,026,翻译,2,561,94027
2022,3648,南昌工程学院,027,法语,2,565,88942
2022,3648,南昌工程学院,028,土木工程(中外合作办学)(中荷合作),2,532,128683
2022,3648,南昌工程学院,029,电气工程及其自动化(中外合作办学)(中韩合作),2,548,109439
2022,3649,南昌航空大学,001,金属材料工程,3,554,101844
2022,3649,南昌航空大学,002,高分子材料与工程,2,562,92008
2022,3649,南昌航空大学,003,复合材料与工程,2,561,93556
2022,3649,南昌航空大学,004,应用化学,2,577,74302
2022,3649,南昌航空大学,005,环境工程,3,570,83347
2022,3649,南昌航空大学,006,给排水科学与工程,2,573,79030
2022,3649,南昌航空大学,007,机械设计制造及其自动化,2,583,67101
2022,3649,南昌航空大学,008,材料成型及控制工程,2,555,100470
2022,3649,南昌航空大学,009,通信工程,2,582,68084
2022,3649,南昌航空大学,010,网络工程,2,583,66678
2022,3649,南昌航空大学,011,电气工程及其自动化,2,595,53755
2022,3649,南昌航空大学,012,计算机科学与技术,3,587,62094
2022,3649,南昌航空大学,013,飞行器设计与工程,2,588,61596
2022,3649,南昌航空大学,014,飞行器制造工程(航空维修工程与技术),2,580,70684
2022,3649,南昌航空大学,015,测控技术与仪器,2,577,73887
2022,3649,南昌航空大学,016,光电信息科学与工程,2,578,72887
2022,3649,南昌航空大学,017,电子科学与技术,2,584,65685
2022,3649,南昌航空大学,018,生物医学工程(医疗电子与软件),2,569,83603
2022,3649,南昌航空大学,019,经济学(金融与投资),2,585,65275
2022,3649,南昌航空大学,020,工商管理(人力资源),2,582,68168
2022,3649,南昌航空大学,021,电子商务(商务运营),2,580,70361
2022,3649,南昌航空大学,022,会计学,2,588,60923
2022,3649,南昌航空大学,024,土木工程,2,570,82697
2022,3649,南昌航空大学,025,工程管理,2,575,76559
2022,3649,南昌航空大学,032,物联网工程,2,583,67228
2022,3649,南昌航空大学,033,数学与应用数学,2,581,69377
2022,3649,南昌航空大学,034,英语(外贸英语),2,587,62457
2022,3649,南昌航空大学,035,法语,2,591,58467
2022,3649,南昌航空大学,036,新闻学,2,586,63914
2022,3650,南昌航空大学科技学院(独立学院),001,飞行器制造工程,1,537,122671
2022,3650,南昌航空大学科技学院(独立学院),002,机械设计制造及其自动化,1,526,135962
2022,3650,南昌航空大学科技学院(独立学院),003,材料成型及控制工程,1,523,139831
2022,3650,南昌航空大学科技学院(独立学院),004,金属材料工程,1,520,143512
2022,3650,南昌航空大学科技学院(独立学院),005,测控技术与仪器,1,551,105550
2022,3650,南昌航空大学科技学院(独立学院),006,计算机科学与技术,2,531,129780
2022,3650,南昌航空大学科技学院(独立学院),007,软件工程,2,527,135161
2022,3650,南昌航空大学科技学院(独立学院),008,网络空间安全,2,525,137059
2022,3650,南昌航空大学科技学院(独立学院),009,电子商务,2,541,118058
2022,3650,南昌航空大学科技学院(独立学院),010,工商管理,3,544,115148
2022,3650,南昌航空大学科技学院(独立学院),011,市场营销(数字营销),4,538,122048
2022,3650,南昌航空大学科技学院(独立学院),017,英语,3,546,112548
2022,3651,南昌理工学院(民办),001,小学教育,3,550,107108
2022,3651,南昌理工学院(民办),002,大数据管理与应用,4,510,155253
2022,3651,南昌理工学院(民办),003,金融科技,4,532,128729
2022,3651,南昌理工学院(民办),004,国际经济与贸易,4,530,132189
2022,3651,南昌理工学院(民办),005,法学,5,545,113079
2022,3651,南昌理工学院(民办),006,学前教育,10,541,118466
2022,3651,南昌理工学院(民办),007,汉语言文学,4,544,115069
2022,3651,南昌理工学院(民办),008,英语,6,533,128056
2022,3651,南昌理工学院(民办),009,翻译,4,531,130632
2022,3651,南昌理工学院(民办),010,康复治疗学,4,541,118078
2022,3651,南昌理工学院(民办),011,护理学,12,546,112587
2022,3651,南昌理工学院(民办),012,工商管理,6,531,129811
2022,3651,南昌理工学院(民办),013,会计学,6,540,119403
2022,3651,南昌理工学院(民办),014,财务管理,4,538,121345
2022,3651,南昌理工学院(民办),015,人力资源管理,4,534,126636
2022,3651,南昌理工学院(民办),016,电子商务,6,532,129027
2022,3651,南昌理工学院(民办),501,建筑装饰工程技术,4,497,
2022,3651,南昌理工学院(民办),503,工程造价,5,497,
2022,3651,南昌理工学院(民办),509,计算机应用技术,2,499,167852
2022,3651,南昌理工学院(民办),510,计算机网络技术,5,501,165721
2022,3651,南昌理工学院(民办),511,软件技术,5,497,
2022,3651,南昌理工学院(民办),512,动漫制作技术,6,497,
2022,3651,南昌理工学院(民办),513,护理,25,497,
2022,3651,南昌理工学院(民办),515,心理咨询,5,513,152406
2022,3651,南昌理工学院(民办),518,大数据与会计,6,497,
2022,3651,南昌理工学院(民办),519,国际经济与贸易,4,497,
2022,3651,南昌理工学院(民办),523,现代物流管理,2,497,
2022,3651,南昌理工学院(民办),524,学前教育,20,497,
2022,3651,南昌理工学院(民办),525,商务英语,8,497,
2022,3651,南昌理工学院(民办),526,法律事务,6,498,169112
2022,3652,豫章师范学院,001,特殊教育(师范),2,580,70857
2022,3652,豫章师范学院,003,汉语言文学(师范),2,584,65650
2022,3652,豫章师范学院,004,英语(师范),2,579,71722
2022,3652,豫章师范学院,005,商务英语,2,563,91892
2022,3652,豫章师范学院,006,数据科学与大数据技术,2,544,113976
2022,3652,豫章师范学院,007,环境工程,2,557,98289
2022,3652,豫章师范学院,008,物流管理,2,559,96667
2022,3652,豫章师范学院,012,人力资源管理,2,562,92848
2022,3652,豫章师范学院,501,虚拟现实技术应用,3,512,152731
2022,3653,萍乡学院,004,英语(师范),1,579,71917
2022,3653,萍乡学院,005,电子商务,2,558,97342
2022,3653,萍乡学院,006,数学与应用数学(师范),2,557,97993
2022,3653,萍乡学院,007,无机非金属材料工程,2,551,105659
2022,3653,萍乡学院,008,应用化学,2,554,102250
2022,3653,萍乡学院,009,复合材料与工程,2,535,125133
2022,3653,萍乡学院,010,数据科学与大数据技术,2,542,117086
2022,3653,萍乡学院,012,思想政治教育(师范),1,579,72152
2022,3653,萍乡学院,013,汉语言文学(师范),2,581,69415
2022,3653,萍乡学院,014,小学教育(师范),4,579,72575
2022,3653,萍乡学院,015,学前教育(师范),5,567,87119
2022,3653,萍乡学院,501,学前教育(师范),10,517,147218
2022,3654,上饶师范学院,003,教育技术学(师范),6,572,80764
2022,3654,上饶师范学院,004,物理学(师范),7,557,99026
2022,3654,上饶师范学院,005,英语(师范),6,581,70024
2022,3654,上饶师范学院,006,化学(师范),6,576,76123
2022,3654,上饶师范学院,007,生物科学(师范),6,576,75203
2022,3654,上饶师范学院,008,历史学(师范),6,580,70583
2022,3654,上饶师范学院,009,数学与应用数学(师范),7,562,92009
2022,3654,上饶师范学院,010,数据科学与大数据技术,6,543,115821
2022,3654,上饶师范学院,012,汉语言文学(师范),6,584,66562
2022,3654,上饶师范学院,014,思想政治教育(师范),6,581,69528
2022,3656,新余学院,007,新能源材料与器件,1,562,93041
2022,3656,新余学院,008,新能源科学与工程,1,559,95824
2022,3656,新余学院,009,材料科学与工程,1,554,102232
2022,3656,新余学院,010,材料成型及控制工程,1,539,120496
2022,3656,新余学院,011,数学与应用数学(师范),1,564,89650
2022,3656,新余学院,012,软件工程,1,563,90840
2022,3656,新余学院,013,土木工程,1,550,106827
2022,3656,新余学院,014,工程造价,1,554,102547
2022,3656,新余学院,015,智能建造,1,541,117665
2022,3656,新余学院,016,电子信息工程,1,548,109716
2022,3656,新余学院,017,通信工程,1,548,109422
2022,3656,新余学院,018,网络与新媒体,1,568,85868
2022,3656,新余学院,019,商务英语,1,562,92490
2022,3656,新余学院,020,财务管理,1,566,87831
2022,3656,新余学院,021,护理学,1,567,86885
2022,3656,新余学院,022,康复治疗学,1,565,89448
2022,3656,新余学院,023,学前教育(师范),1,574,78431
2022,3657,宜春学院,010,网络与新媒体,1,580,71344
2022,3657,宜春学院,011,知识产权,1,573,79795
2022,3657,宜春学院,012,国际经济与贸易,2,560,94727
2022,3657,宜春学院,013,市场营销,2,558,97560
2022,3657,宜春学院,014,财务管理,2,563,91053
2022,3657,宜春学院,015,英语(师范),2,580,71232
2022,3657,宜春学院,016,法语,2,560,95392
2022,3657,宜春学院,017,翻译,2,559,95716
2022,3657,宜春学院,018,商务英语,2,559,96062
2022,3657,宜春学院,019,学前教育(师范),4,569,83595
2022,3657,宜春学院,020,数学与应用数学(师范),3,562,92922
2022,3657,宜春学院,021,数据科学与大数据技术,1,549,108787
2022,3657,宜春学院,022,人工智能,1,559,95795
2022,3657,宜春学院,023,计算机科学与技术,1,557,99123
2022,3657,宜春学院,024,材料物理,2,538,121395
2022,3657,宜春学院,025,土木工程,2,542,117366
2022,3657,宜春学院,026,化学(师范),2,571,81838
2022,3657,宜春学院,027,应用化学,1,562,92040
2022,3657,宜春学院,028,制药工程,1,563,91859
2022,3657,宜春学院,029,食品质量与安全,1,562,92134
2022,3657,宜春学院,030,生物工程,1,559,96323
2022,3657,宜春学院,031,药学,2,568,85893
2022,3657,宜春学院,032,人文地理与城乡规划,2,562,92021
2022,3657,宜春学院,033,环境科学,2,555,100768
2022,3657,宜春学院,034,园艺,2,556,100071
2022,3657,宜春学院,035,动物科学,2,561,93956
2022,3657,宜春学院,036,动物医学,2,569,83733
2022,3657,宜春学院,037,园林,2,560,94682
2022,3657,宜春学院,038,临床医学,12,570,82917
2022,3657,宜春学院,039,麻醉学,4,575,76399
2022,3657,宜春学院,040,预防医学,4,571,82189
2022,3657,宜春学院,041,护理学,4,563,91494
2022,3657,宜春学院,042,临床医学,5,572,80566
2022,3657,宜春学院,044,思想政治教育(师范),2,579,72615
2022,3663,江西应用技术职业学院,502,国土资源调查与管理,2,497,
2022,3666,九江职业大学,501,小学语文教育(师范),2,528,133847
2022,3666,九江职业大学,502,学前教育(师范),4,510,155691
2022,3666,九江职业大学,503,建筑室内设计,4,497,
2022,3666,九江职业大学,505,大数据与会计,4,497,
2022,3666,九江职业大学,506,护理,4,505,161263
2022,3669,江西医学高等专科学校,501,药品生产技术,2,511,154312
2022,3669,江西医学高等专科学校,502,临床医学,4,515,149399
2022,3669,江西医学高等专科学校,503,口腔医学,2,547,110361
2022,3669,江西医学高等专科学校,504,护理,5,507,158501
2022,3669,江西医学高等专科学校,505,助产,4,497,
2022,3669,江西医学高等专科学校,506,药学,3,500,166504
2022,3669,江西医学高等专科学校,507,中医学,2,500,166200
2022,3669,江西医学高等专科学校,509,中药学,3,511,154383
2022,3669,江西医学高等专科学校,511,医学检验技术,4,503,162741
2022,3669,江西医学高等专科学校,512,医学影像技术,3,498,168933
2022,3669,江西医学高等专科学校,513,医学生物技术,3,499,167810
2022,3669,江西医学高等专科学校,515,放射治疗技术,2,497,
2022,3669,江西医学高等专科学校,516,康复治疗技术,2,506,160089
2022,3669,江西医学高等专科学校,517,卫生信息管理,2,500,166580
2022,3669,江西医学高等专科学校,518,预防医学,2,509,156065
2022,3669,江西医学高等专科学校,519,眼视光技术,2,515,149366
2022,3669,江西医学高等专科学校,520,临床医学(全科医学方向),4,512,152881
2022,3669,江西医学高等专科学校,521,临床医学(医学影像方向),7,508,157474
2022,3669,江西医学高等专科学校,522,临床医学(医学美容方向),4,501,165844
2022,3669,江西医学高等专科学校,523,临床医学(病理学方向),3,499,167889
2022,3669,江西医学高等专科学校,524,护理(美容方向),3,502,164375
2022,3679,江西水利职业学院,512,水利水电建筑工程,10,497,
2022,3682,赣州师范高等专科学校,501,小学语文教育(师范),4,527,135462
2022,3682,赣州师范高等专科学校,502,小学数学教育(师范),4,524,138669
2022,3682,赣州师范高等专科学校,503,小学英语教育(师范),2,534,126470
2022,3682,赣州师范高等专科学校,504,学前教育(师范),2,517,147482
2022,3682,赣州师范高等专科学校,505,小学教育(师范),2,540,119935
2022,3682,赣州师范高等专科学校,507,小学科学教育(师范),2,519,144384
2022,3682,赣州师范高等专科学校,508,应用日语,2,497,
2022,3683,宜春幼儿师范高等专科学校,501,美术教育(师范),20,497,
2022,3683,宜春幼儿师范高等专科学校,502,学前教育(师范),20,497,
2022,3683,宜春幼儿师范高等专科学校,503,小学教育(师范),10,511,154387
2022,3683,宜春幼儿师范高等专科学校,504,小学语文教育(师范),10,510,155869
2022,3683,宜春幼儿师范高等专科学校,505,小学英语教育(师范),5,509,156883
2022,3683,宜春幼儿师范高等专科学校,506,小学道德与法治教育(师范),5,508,157700
2022,3685,江西师范高等专科学校,501,小学教育(师范),5,522,140981
2022,3685,江西师范高等专科学校,502,小学语文教育(师范),5,516,148834
2022,3685,江西师范高等专科学校,503,小学数学教育(师范),5,515,149873
2022,3685,江西师范高等专科学校,504,小学英语教育(师范),5,516,148150
2022,3687,萍乡卫生职业学院,504,临床医学,15,500,166332
2022,3687,萍乡卫生职业学院,505,临床医学(医学影像方向),2,513,151468
2022,3687,萍乡卫生职业学院,506,临床医学(医学美容方向),2,499,167789
2022,3687,萍乡卫生职业学院,510,中医学,5,497,
2022,3687,萍乡卫生职业学院,513,医学检验技术,3,502,164815
2022,3687,萍乡卫生职业学院,514,医学影像技术,2,507,158641
2022,3690,南昌师范学院,004,小学教育(师范),1,584,65738
2022,3690,南昌师范学院,005,秘书学,1,569,84186
2022,3697,抚州幼儿师范高等专科学校,502,小学教育(师范),2,505,161579
2022,3701,滨州学院,001,财务管理,5,558,97840
2022,3701,滨州学院,002,应用化学,3,552,104461
2022,3701,滨州学院,003,化学工程与工艺,3,552,104532
2022,3701,滨州学院,004,土木工程,5,534,126297
2022,3701,滨州学院,005,机械设计制造及其自动化,6,538,121609
2022,3701,滨州学院,006,航空航天工程,2,533,127433
2022,3701,滨州学院,007,光电信息科学与工程,4,538,121370
2022,3701,滨州学院,008,数据科学与大数据技术,2,545,113000
2022,3702,滨州医学院,001,特殊教育,2,565,88874
2022,3702,滨州医学院,002,临床医学,4,593,55365
2022,3702,滨州医学院,003,口腔医学,2,624,24447
2022,3702,滨州医学院,004,眼视光学,2,578,73106
2022,3702,滨州医学院,005,康复治疗学,3,563,91196
2022,3702,滨州医学院,006,中医学,2,592,57249
2022,3703,德州学院,001,法学,10,563,91822
2022,3703,德州学院,002,电子信息工程,5,539,120088
2022,3703,德州学院,003,制药工程,5,554,102354
2022,3704,东营职业学院,503,大数据与会计,1,499,167958
2022,3705,济南大学,001,中国语言文学类(师范),6,612,35746
2022,3705,济南大学,002,新闻传播学类,6,600,47786
2022,3705,济南大学,003,金融数学,4,590,59539
2022,3705,济南大学,004,数据科学与大数据技术,4,597,51049
2022,3705,济南大学,005,经济学类,6,594,55034
2022,3705,济南大学,006,工商管理类,6,592,56951
2022,3705,济南大学,007,英语,3,610,36954
2022,3705,济南大学,008,法学,6,602,45852
2022,3705,济南大学,009,材料类,3,581,69126
2022,3705,济南大学,010,化学类,3,592,57196
2022,3705,济南大学,011,化工与制药类,3,590,59508
2022,3705,济南大学,012,机械类,3,587,62564
2022,3705,济南大学,013,土木类,2,585,64427
2022,3705,济南大学,014,建筑类,2,596,52699
2022,3705,济南大学,015,计算机类,2,605,43044
2022,3705,济南大学,016,电子信息类,2,599,49032
2022,3705,济南大学,017,应急管理,3,574,78585
2022,3705,济南大学,022,应用心理学(师范),6,598,50348
2022,3705,济南大学,023,公共事业管理,3,591,57682
2022,3705,济南大学,024,制药工程,2,585,64500
2022,3705,济南大学,025,工业设计,2,590,58952
2022,3706,烟台科技学院(民办),001,经济学,3,535,125502
2022,3706,烟台科技学院(民办),002,汉语言文学,7,545,113931
2022,3706,烟台科技学院(民办),003,英语,7,530,131494
2022,3706,烟台科技学院(民办),004,新闻学,3,539,120849
2022,3706,烟台科技学院(民办),005,广告学,3,544,114460
2022,3706,烟台科技学院(民办),006,机器人工程,2,511,154010
2022,3706,烟台科技学院(民办),007,物联网工程,2,515,149934
2022,3706,烟台科技学院(民办),008,财务管理,3,533,127777
2022,3708,山东职业学院,502,城市轨道交通运营管理,48,497,
2022,3709,济宁医学院,001,临床医学,8,587,62705
2022,3709,济宁医学院,002,医学影像学,1,584,66344
2022,3709,济宁医学院,003,精神医学,2,579,71824
2022,3709,济宁医学院,004,口腔医学,2,605,42825
2022,3709,济宁医学院,005,预防医学,3,577,74203
2022,3709,济宁医学院,006,中西医临床医学,3,586,63434
2022,3709,济宁医学院,007,食品质量与安全,2,560,94833
2022,3709,济宁医学院,008,医学检验技术,3,575,76976
2022,3709,济宁医学院,009,康复治疗学,3,566,88298
2022,3709,济宁医学院,010,护理学,7,565,88494
2022,3709,济宁医学院,011,药学,2,569,83959
2022,3709,济宁医学院,012,药物制剂,2,566,87900
2022,3709,济宁医学院,013,中药学,2,568,85879
2022,3710,聊城大学,002,经济学,3,572,80063
2022,3710,聊城大学,003,法学,3,584,66447
2022,3710,聊城大学,004,思想政治教育(师范),3,589,60355
2022,3710,聊城大学,006,数学与应用数学(师范),3,573,78965
2022,3710,聊城大学,007,生物科学(师范),3,581,69175
2022,3710,聊城大学,008,计算机科学与技术,2,576,75241
2022,3710,聊城大学,009,生物工程,2,565,89343
2022,3710,聊城大学,010,行政管理,3,569,83756
2022,3711,临沂大学,001,生物科学(师范),2,582,68001
2022,3711,临沂大学,002,法学,5,582,68760
2022,3711,临沂大学,003,环境工程,7,561,94038
2022,3711,临沂大学,004,医学检验技术,3,570,82658
2022,3711,临沂大学,007,土木工程,6,549,108869
2022,3711,临沂大学,008,建筑学,5,572,80212
2022,3711,临沂大学,009,汉语言文学(师范),2,590,59053
2022,3711,临沂大学,010,数据科学与大数据技术,6,559,95522
2022,3711,临沂大学,011,新能源材料与器件,5,549,107911
2022,3711,临沂大学,012,医学影像技术,8,568,84763
2022,3711,临沂大学,013,卫生检验与检疫,3,565,88859
2022,3711,临沂大学,016,机械设计制造及其自动化(中外合作办学),10,520,143589
2022,3712,鲁东大学,002,汉语国际教育,2,578,73144
2022,3712,鲁东大学,003,思想政治教育(师范),3,594,54925
2022,3712,鲁东大学,004,日语,2,572,80961
2022,3712,鲁东大学,005,应用心理学,2,583,66706
2022,3712,鲁东大学,006,经济学,2,577,73953
2022,3712,鲁东大学,007,国际经济与贸易,3,572,80313
2022,3712,鲁东大学,008,地理科学(师范),3,596,52518
2022,3712,鲁东大学,009,水产养殖学,2,561,93832
2022,3713,青岛滨海学院(民办),001,经济学,4,528,133814
2022,3713,青岛滨海学院(民办),002,国际经济与贸易,4,527,135328
2022,3713,青岛滨海学院(民办),003,学前教育,3,538,121729
2022,3713,青岛滨海学院(民办),004,融合教育,3,525,137483
2022,3713,青岛滨海学院(民办),005,汉语国际教育,4,528,133761
2022,3713,青岛滨海学院(民办),006,英语,4,528,133704
2022,3713,青岛滨海学院(民办),007,俄语,3,522,141855
2022,3713,青岛滨海学院(民办),008,日语,3,527,135420
2022,3713,青岛滨海学院(民办),009,朝鲜语,3,522,141351
2022,3713,青岛滨海学院(民办),010,翻译,4,525,137808
2022,3713,青岛滨海学院(民办),011,广播电视学,3,529,132244
2022,3713,青岛滨海学院(民办),012,广告学,3,533,127816
2022,3713,青岛滨海学院(民办),013,机械设计制造及其自动化,4,511,153860
2022,3713,青岛滨海学院(民办),014,工业设计,3,507,158488
2022,3713,青岛滨海学院(民办),015,计算机科学与技术,3,512,152886
2022,3713,青岛滨海学院(民办),016,网络工程,3,510,155213
2022,3713,青岛滨海学院(民办),017,土木工程,3,509,156789
2022,3713,青岛滨海学院(民办),018,护理学,3,543,115483
2022,3713,青岛滨海学院(民办),019,市场营销,3,526,136677
2022,3713,青岛滨海学院(民办),020,财务管理,4,529,132389
2022,3713,青岛滨海学院(民办),021,物流管理,3,525,137325
2022,3714,青岛大学,001,环境科学与工程,6,582,68603
2022,3714,青岛大学,002,金融学,2,592,56356
2022,3714,青岛大学,003,法学,2,615,33028
2022,3714,青岛大学,004,英语,2,602,45509
2022,3714,青岛大学,005,德语,2,595,53782
2022,3714,青岛大学,006,西班牙语(中外合作办学),3,576,76125
2022,3714,青岛大学,007,电气工程及其自动化,5,596,51949
2022,3714,青岛大学,008,应用化学,5,586,64216
2022,3714,青岛大学,009,化学工程与工艺,5,585,64710
2022,3714,青岛大学,010,临床医学,3,629,20330
2022,3714,青岛大学,011,药学,4,589,60017
2022,3714,青岛大学,012,工商管理,5,595,53468
2022,3714,青岛大学,013,会计学,5,600,47454
2022,3714,青岛大学,014,材料类,11,573,79660
2022,3714,青岛大学,015,自动化,6,594,54670
2022,3714,青岛大学,016,微电子科学与工程,3,594,54403
2022,3714,青岛大学,017,应用物理学,5,588,61480
2022,3714,青岛大学,018,纺织工程,8,570,83384
2022,3714,青岛大学,019,光电信息科学与工程,3,593,55525
2022,3714,青岛大学,020,生物技术,3,588,61653
2022,3714,青岛大学,021,食品科学与工程,4,589,60781
2022,3714,青岛大学,022,信息管理与信息系统,3,590,59146
2022,3714,青岛大学,023,物流管理,3,582,68072
2022,3714,青岛大学,024,测控技术与仪器,2,588,61211
2022,3714,青岛大学,025,机械工程,8,586,63502
2022,3714,青岛大学,026,数学与应用数学,5,588,61091
2022,3714,青岛大学,027,应用统计学,2,586,63220
2022,3717,青岛恒星科技学院(民办),001,汉语言文学,2,532,129453
2022,3717,青岛恒星科技学院(民办),002,教育技术学,2,528,134004
2022,3717,青岛恒星科技学院(民办),003,学前教育,4,532,129581
2022,3717,青岛恒星科技学院(民办),004,汉语国际教育,2,524,138903
2022,3717,青岛恒星科技学院(民办),005,英语,2,525,137123
2022,3717,青岛恒星科技学院(民办),006,机械工程,2,506,159429
2022,3717,青岛恒星科技学院(民办),007,机器人工程,2,509,156717
2022,3717,青岛恒星科技学院(民办),008,国际商务,2,521,142723
2022,3717,青岛恒星科技学院(民办),009,人力资源管理,2,521,142624
2022,3717,青岛恒星科技学院(民办),010,会展经济与管理,2,521,142645
2022,3717,青岛恒星科技学院(民办),011,智能制造工程,2,503,163057
2022,3717,青岛恒星科技学院(民办),012,软件工程,2,504,161900
2022,3717,青岛恒星科技学院(民办),013,工程造价,2,501,165222
2022,3717,青岛恒星科技学院(民办),014,土木工程,2,502,164028
2022,3719,青岛科技大学,001,海洋科学,2,579,72656
2022,3719,青岛科技大学,002,机械工程,2,581,69736
2022,3719,青岛科技大学,003,测控技术与仪器,2,575,77163
2022,3719,青岛科技大学,004,高分子材料与工程(招收橡胶工程方向),10,571,81657
2022,3719,青岛科技大学,005,机器人工程,2,586,63252
2022,3719,青岛科技大学,006,计算机科学与技术,3,590,59062
2022,3719,青岛科技大学,007,制药工程,2,579,71577
2022,3719,青岛科技大学,008,船舶与海洋工程,2,570,82876
2022,3719,青岛科技大学,009,环境科学,3,574,78093
2022,3719,青岛科技大学,010,物流管理,2,582,68722
2022,3720,青岛理工大学,001,会计学,1,607,40724
2022,3720,青岛理工大学,002,财务管理,1,595,53821
2022,3720,青岛理工大学,003,市场营销,1,581,69113
2022,3720,青岛理工大学,004,英语,2,590,58679
2022,3720,青岛理工大学,005,建筑学,1,607,40208
2022,3720,青岛理工大学,006,城乡规划,1,599,49242
2022,3720,青岛理工大学,007,风景园林,1,595,53987
2022,3720,青岛理工大学,008,材料科学与工程,2,577,74369
2022,3720,青岛理工大学,009,测控技术与仪器,1,573,79097
2022,3720,青岛理工大学,010,给排水科学与工程,2,575,76438
2022,3720,青岛理工大学,011,建筑环境与能源应用工程,2,577,74886
2022,3720,青岛理工大学,012,环境工程,2,585,64563
2022,3720,青岛理工大学,013,环境科学,2,579,72527
2022,3720,青岛理工大学,014,安全工程,1,575,77139
2022,3720,青岛理工大学,015,交通工程,2,584,65485
2022,3720,青岛理工大学,016,计算机科学与技术,1,601,46915
2022,3720,青岛理工大学,017,软件工程,2,590,58737
2022,3720,青岛理工大学,018,自动化,2,588,61172
2022,3720,青岛理工大学,019,电气工程及其自动化,1,594,54412
2022,3720,青岛理工大学,020,建筑电气与智能化,1,590,58732
2022,3720,青岛理工大学,021,工业工程,2,575,76580
2022,3720,青岛理工大学,022,应用物理学,1,586,63163
2022,3720,青岛理工大学,023,数学与应用数学,1,587,62440
2022,3720,青岛理工大学,024,经济学,2,593,56060
2022,3720,青岛理工大学,025,统计学,2,586,63438
2022,3720,青岛理工大学,026,机械类,6,576,75624
2022,3720,青岛理工大学,027,管理科学与工程类,3,570,82870
2022,3720,青岛理工大学,028,土木类,5,585,64709
2022,3720,青岛理工大学,029,工程力学,1,574,77543
2022,3720,青岛理工大学,030,网络与新媒体,1,595,53349
2022,3720,青岛理工大学,031,网络空间安全,2,589,59789
2022,3721,青岛农业大学,001,园林(含创新实验班),2,571,81605
2022,3721,青岛农业大学,002,食品科学与工程(含创新实验班),2,573,79544
2022,3721,青岛农业大学,003,财务管理,2,581,69551
2022,3721,青岛农业大学,004,社会工作,2,574,78320
2022,3721,青岛农业大学,005,公共事业管理,2,573,79662
2022,3721,青岛农业大学,006,茶学,2,569,83840
2022,3721,青岛农业大学,007,制药工程,2,568,84778
2022,3721,青岛农业大学,008,马业科学,2,565,88835
2022,3721,青岛农业大学,009,水产养殖学,2,564,89932
2022,3721,青岛农业大学,010,草坪科学与工程,2,560,95274
2022,3722,青岛农业大学海都学院(独立学院),001,财务管理,4,533,127674
2022,3722,青岛农业大学海都学院(独立学院),002,电气工程及其自动化,1,520,143764
2022,3722,青岛农业大学海都学院(独立学院),003,动物医学,7,550,106798
2022,3722,青岛农业大学海都学院(独立学院),004,国际经济与贸易,1,548,109675
2022,3722,青岛农业大学海都学院(独立学院),005,机械设计制造及其自动化,1,525,137308
2022,3722,青岛农业大学海都学院(独立学院),006,园林,1,552,104422
2022,3722,青岛农业大学海都学院(独立学院),007,食品科学与工程,1,544,113972
2022,3722,青岛农业大学海都学院(独立学院),008,食品质量与安全,1,548,109468
2022,3722,青岛农业大学海都学院(独立学院),009,土木工程,1,531,130345
2022,3722,青岛农业大学海都学院(独立学院),010,园艺,1,530,132036
2022,3722,青岛农业大学海都学院(独立学院),011,市场营销,1,532,128838
2022,3722,青岛农业大学海都学院(独立学院),502,畜牧兽医,1,512,153041
2022,3722,青岛农业大学海都学院(独立学院),505,软件技术,2,507,159074
2022,3722,青岛农业大学海都学院(独立学院),507,园林技术,1,510,155834
2022,3722,青岛农业大学海都学院(独立学院),508,大数据技术,2,506,160369
2022,3722,青岛农业大学海都学院(独立学院),509,建筑工程技术,2,497,
2022,3722,青岛农业大学海都学院(独立学院),510,电气自动化技术,2,511,154564
2022,3723,青岛求实职业技术学院(民办),504,医学影像技术,10,497,
2022,3724,青岛职业技术学院,501,工业机器人技术,3,497,
2022,3724,青岛职业技术学院,504,海洋化工技术,2,497,
2022,3724,青岛职业技术学院,507,商务日语,5,497,
2022,3724,青岛职业技术学院,509,传播与策划,2,497,
2022,3725,曲阜师范大学,001,教育技术学(师范),5,589,60493
2022,3725,曲阜师范大学,002,商务英语,6,580,71285
2022,3725,曲阜师范大学,003,物流管理,6,566,87728
2022,3725,曲阜师范大学,004,财务管理,5,585,64505
2022,3725,曲阜师范大学,005,教育学(师范),5,595,53519
2022,3725,曲阜师范大学,006,历史学(师范),4,612,35604
2022,3725,曲阜师范大学,007,汉语言文学(师范),5,612,35359
2022,3725,曲阜师范大学,008,物理学(师范),4,590,58798
2022,3726,齐鲁理工学院(民办),001,电气工程及其自动化,2,513,151470
2022,3726,齐鲁理工学院(民办),002,工程造价,2,510,155676
2022,3726,齐鲁理工学院(民办),003,生物医学工程,2,536,124440
2022,3726,齐鲁理工学院(民办),004,生物制药,2,534,127342
2022,3726,齐鲁理工学院(民办),005,护理学,2,544,114680
2022,3726,齐鲁理工学院(民办),006,康复治疗学,2,542,117023
2022,3726,齐鲁理工学院(民办),007,医学影像技术,2,548,109759
2022,3726,齐鲁理工学院(民办),008,中药学,2,541,117700
2022,3726,齐鲁理工学院(民办),009,学前教育,2,546,112698
2022,3726,齐鲁理工学院(民办),010,汉语言文学,2,539,120449
2022,3726,齐鲁理工学院(民办),502,护理,16,497,
2022,3726,齐鲁理工学院(民办),504,医学影像技术,10,499,167994
2022,3726,齐鲁理工学院(民办),505,学前教育,8,497,
2022,3727,日照职业技术学院,501,动漫制作技术,1,538,121721
2022,3727,日照职业技术学院,503,软件技术,1,518,145812
2022,3727,日照职业技术学院,509,电气自动化技术,1,498,168389
2022,3727,日照职业技术学院,517,汽车检测与维修技术,1,505,161557
2022,3728,山东财经大学,001,经济学类,2,606,41042
2022,3728,山东财经大学,002,财政学类,2,607,40829
2022,3728,山东财经大学,003,经济与贸易类,2,604,43137
2022,3728,山东财经大学,004,电子商务类,6,572,80661
2022,3728,山东财经大学,005,工商管理类,6,602,45989
2022,3728,山东财经大学,006,财务管理,2,607,40764
2022,3728,山东财经大学,007,法学,6,605,42890
2022,3728,山东财经大学,008,外国语言文学类,6,590,59626
2022,3728,山东财经大学,009,经济统计学,5,599,48954
2022,3728,山东财经大学,010,计算机类,5,591,57713
2022,3728,山东财经大学,011,金融学,4,609,38188
2022,3728,山东财经大学,012,会计学,2,608,39312
2022,3728,山东财经大学,013,国际经济发展合作,2,595,53985
2022,3729,山东财经大学东方学院(独立学院),001,会计学,8,543,115773
2022,3729,山东财经大学东方学院(独立学院),002,金融学,8,537,122991
2022,3729,山东财经大学东方学院(独立学院),003,国际经济与贸易,7,532,128706
2022,3729,山东财经大学东方学院(独立学院),004,电子商务,7,531,129824
2022,3731,山东大学（一流大学建设高校）,001,哲学类,2,656,5907
2022,3731,山东大学（一流大学建设高校）,002,经济学类,4,656,5754
2022,3731,山东大学（一流大学建设高校）,003,政治学类,4,652,7194
2022,3731,山东大学（一流大学建设高校）,004,法学类,4,658,5160
2022,3731,山东大学（一流大学建设高校）,005,中国语言文学类,4,658,5148
2022,3731,山东大学（一流大学建设高校）,006,外国语言文学类,10,651,7567
2022,3731,山东大学（一流大学建设高校）,007,历史学类,2,657,5317
2022,3731,山东大学（一流大学建设高校）,008,数学类,6,656,5941
2022,3731,山东大学（一流大学建设高校）,009,物理学类,5,649,8572
2022,3731,山东大学（一流大学建设高校）,010,化学类,5,646,10243
2022,3731,山东大学（一流大学建设高校）,011,电子信息类(通信电子与光电方向),8,649,8682
2022,3731,山东大学（一流大学建设高校）,012,计算机类(计算机与智能方向),6,651,7737
2022,3731,山东大学（一流大学建设高校）,013,生物科学类,4,649,8753
2022,3731,山东大学（一流大学建设高校）,014,材料类,6,643,11698
2022,3731,山东大学（一流大学建设高校）,015,机械类,4,647,9607
2022,3731,山东大学（一流大学建设高校）,016,自动化类,8,648,9113
2022,3731,山东大学（一流大学建设高校）,017,智能医学工程,4,646,10308
2022,3731,山东大学（一流大学建设高校）,018,能源动力类,6,646,9887
2022,3731,山东大学（一流大学建设高校）,019,电气工程及其自动化,6,650,8128
2022,3731,山东大学（一流大学建设高校）,020,土木类,6,643,11599
2022,3731,山东大学（一流大学建设高校）,021,建筑学,4,649,8718
2022,3731,山东大学（一流大学建设高校）,022,环境科学与工程类,3,647,9725
2022,3731,山东大学（一流大学建设高校）,023,预防医学,2,651,7765
2022,3731,山东大学（一流大学建设高校）,024,临床医学(5+3一体化),2,660,4461
2022,3731,山东大学（一流大学建设高校）,025,临床医学,4,654,6417
2022,3731,山东大学（一流大学建设高校）,026,口腔医学,2,664,3166
2022,3731,山东大学（一流大学建设高校）,027,药学类,2,649,8623
2022,3731,山东大学（一流大学建设高校）,028,工商管理类,6,653,7083
2022,3731,山东大学（一流大学建设高校）,029,计算机类(软件数媒与大数据方向),10,650,8132
2022,3731,山东大学（一流大学建设高校）,030,电子信息类(微电子与电路集成方向),6,648,9028
2022,3731,山东大学（一流大学建设高校）,031,新闻传播学类,2,656,5903
2022,3731,山东大学（一流大学建设高校）,033,网络空间安全,4,650,8241
2022,3731,山东大学（一流大学建设高校）,034,智能建造与智慧交通,2,648,9134
2022,3731,山东大学（一流大学建设高校）,035,临床医学(本博连读，齐鲁医学堂),2,660,4359
2022,3732,山东大学威海分校（一流大学建设高校）,001,经济学类,5,648,8858
2022,3732,山东大学威海分校（一流大学建设高校）,002,工商管理类,5,648,8948
2022,3732,山东大学威海分校（一流大学建设高校）,003,法学类,4,650,8211
2022,3732,山东大学威海分校（一流大学建设高校）,004,汉语言文学,4,651,7799
2022,3732,山东大学威海分校（一流大学建设高校）,005,外国语言文学类,5,648,9069
2022,3732,山东大学威海分校（一流大学建设高校）,006,海洋科学,4,640,13139
2022,3732,山东大学威海分校（一流大学建设高校）,007,海洋资源开发技术,3,637,14908
2022,3732,山东大学威海分校（一流大学建设高校）,008,自动化类,3,646,10051
2022,3732,山东大学威海分校（一流大学建设高校）,009,电子信息类,3,647,9526
2022,3732,山东大学威海分校（一流大学建设高校）,010,物理学,3,642,12133
2022,3732,山东大学威海分校（一流大学建设高校）,011,数学类,4,649,8818
2022,3732,山东大学威海分校（一流大学建设高校）,014,金融学(中外合作办学),5,643,11829
2022,3732,山东大学威海分校（一流大学建设高校）,015,机械设计制造及其自动化(中外合作办学),3,637,15394
2022,3732,山东大学威海分校（一流大学建设高校）,016,计算机科学与技术(中外合作办学),6,642,11988
2022,3732,山东大学威海分校（一流大学建设高校）,017,数学与应用数学(中外合作办学),3,641,12781
2022,3734,山东工商学院,001,国际经济与贸易,2,564,89893
2022,3734,山东工商学院,002,金融学,2,573,78672
2022,3734,山东工商学院,003,法学,2,581,70075
2022,3734,山东工商学院,004,会计学,2,578,73460
2022,3734,山东工商学院,005,财务管理,2,571,82027
2022,3734,山东工商学院,006,审计学,1,572,79936
2022,3734,山东工商学院,007,应用统计学,1,568,85880
2022,3734,山东工商学院,008,自动化,1,566,87943
2022,3734,山东工商学院,009,电气工程及其自动化,1,553,103337
2022,3734,山东工商学院,010,电子信息工程,1,550,106857
2022,3734,山东工商学院,011,通信工程,1,550,107448
2022,3734,山东工商学院,012,软件工程,1,570,82545
2022,3734,山东工商学院,013,网络工程,1,560,94938
2022,3734,山东工商学院,014,信息管理与信息系统,1,545,112911
2022,3734,山东工商学院,015,安全工程,1,541,118328
2022,3734,山东工商学院,016,工程管理,2,539,120043
2022,3734,山东工商学院,017,应急技术与管理,1,541,117671
2022,3734,山东工商学院,018,工商管理,2,565,89453
2022,3734,山东工商学院,019,市场营销,2,560,94683
2022,3734,山东工商学院,020,人力资源管理,3,563,91976
2022,3734,山东工商学院,021,资产评估,1,569,84419
2022,3734,山东工商学院,022,电子商务,1,564,90533
2022,3734,山东工商学院,023,金融学(中外合作办学),5,547,110560
2022,3734,山东工商学院,024,国际经济与贸易(中外合作办学),5,544,114326
2022,3734,山东工商学院,025,会计学(中外合作办学),5,545,112815
2022,3734,山东工商学院,026,财务管理(中外合作办学),5,545,113718
2022,3734,山东工商学院,027,公共管理类,2,559,96784
2022,3734,山东工商学院,028,经济学类,2,566,88145
2022,3734,山东工商学院,029,外国语言文学类,3,562,92790
2022,3734,山东工商学院,030,新闻传播学类,1,576,75908
2022,3735,山东工艺美术学院,013,文化产业管理,3,555,101080
2022,3735,山东工艺美术学院,014,广告学,3,559,96241
2022,3735,山东工艺美术学院,015,工业设计,3,541,118621
2022,3735,山东工艺美术学院,016,服装设计与工程,3,530,131005
2022,3735,山东工艺美术学院,017,包装工程,3,531,130475
2022,3735,山东工艺美术学院,018,风景园林,3,537,123206
2022,3735,山东工艺美术学院,019,建筑学,7,533,127638
2022,3737,山东建筑大学,001,建筑学,1,612,35461
2022,3737,山东建筑大学,002,计算机类,5,569,84150
2022,3737,山东建筑大学,003,能源与动力工程,2,567,86680
2022,3737,山东建筑大学,004,英语,3,574,77450
2022,3737,山东建筑大学,005,城市地下空间工程,4,557,98002
2022,3737,山东建筑大学,006,工程管理,2,565,88514
2022,3737,山东建筑大学,007,工程造价,2,578,73031
2022,3737,山东建筑大学,008,建筑环境与能源应用工程,2,557,98813
2022,3737,山东建筑大学,009,给排水科学与工程,3,558,97609
2022,3737,山东建筑大学,010,机械工程,3,556,99677
2022,3737,山东建筑大学,011,机械电子工程,2,569,83657
2022,3737,山东建筑大学,012,电气工程及其自动化,2,567,86246
2022,3737,山东建筑大学,013,建筑电气与智能化,2,560,94600
2022,3737,山东建筑大学,014,道路桥梁与渡河工程,2,554,101997
2022,3737,山东建筑大学,015,车辆工程,3,553,103235
2022,3737,山东建筑大学,016,信息与计算科学,2,570,82959
2022,3738,山东交通学院,001,机械类(车辆),2,542,116711
2022,3738,山东交通学院,002,交通运输,2,557,98247
2022,3738,山东交通学院,003,土木类,4,542,117322
2022,3738,山东交通学院,004,机械工程,2,547,111286
2022,3738,山东交通学院,005,电子信息工程,2,547,110692
2022,3738,山东交通学院,006,测控技术与仪器,2,541,117803
2022,3738,山东交通学院,007,飞行器制造工程,2,549,108103
2022,3738,山东交通学院,008,轨道交通信号与控制,2,555,100872
2022,3738,山东交通学院,009,数字经济,2,558,97086
2022,3738,山东交通学院,010,人力资源管理,2,559,96256
2022,3738,山东交通学院,011,英语,2,563,91235
2022,3738,山东交通学院,013,金融工程,2,564,90073
2022,3738,山东交通学院,014,交通管理,2,563,90767
2022,3742,山东科技大学,001,日语,2,583,67846
2022,3742,山东科技大学,002,朝鲜语,2,575,76700
2022,3742,山东科技大学,003,海洋技术,6,571,81516
2022,3742,山东科技大学,004,智能制造工程,2,592,56655
2022,3742,山东科技大学,005,新能源材料与器件,2,591,58259
2022,3742,山东科技大学,006,物联网工程,2,592,56712
2022,3742,山东科技大学,007,土木类,9,576,75072
2022,3742,山东科技大学,008,测绘工程,4,575,76363
2022,3742,山东科技大学,009,交通工程,2,591,57451
2022,3742,山东科技大学,010,船舶与海洋工程,4,572,80365
2022,3742,山东科技大学,011,电气工程及其自动化(中外合作办学),5,564,89980
2022,3742,山东科技大学,012,通信工程(中外合作办学),5,557,98645
2022,3742,山东科技大学,013,自动化(中外合作办学),5,567,86874
2022,3743,山东理工大学,001,农业机械化及其自动化,2,565,88561
2022,3743,山东理工大学,002,食品科学与工程,2,570,83316
2022,3743,山东理工大学,003,自动化,6,574,77910
2022,3743,山东理工大学,004,计算机科学与技术,4,594,54539
2022,3743,山东理工大学,005,通信工程,2,579,71524
2022,3743,山东理工大学,006,化学工程与工艺,2,570,82662
2022,3743,山东理工大学,007,化学,2,573,79331
2022,3743,山东理工大学,008,应用化学,4,564,89732
2022,3743,山东理工大学,009,土木工程,2,573,79217
2022,3743,山东理工大学,010,城乡规划,2,577,74609
2022,3743,山东理工大学,011,环境工程,4,565,88550
2022,3743,山东理工大学,012,采矿工程,2,562,92001
2022,3743,山东理工大学,013,矿物加工工程,2,562,93010
2022,3743,山东理工大学,014,资源勘查工程,4,559,96206
2022,3743,山东理工大学,015,材料化学,2,554,102027
2022,3743,山东理工大学,016,高分子材料与工程,2,553,103079
2022,3743,山东理工大学,017,生物工程,2,570,83492
2022,3743,山东理工大学,018,生物科学,2,573,79444
2022,3743,山东理工大学,019,数学与应用数学,2,584,65611
2022,3743,山东理工大学,020,统计学,2,579,72013
2022,3743,山东理工大学,021,光电信息科学与工程,2,573,78895
2022,3743,山东理工大学,022,国际经济与贸易,2,575,76869
2022,3743,山东理工大学,023,经济学,4,581,69302
2022,3743,山东理工大学,024,工商管理,4,577,74631
2022,3743,山东理工大学,025,财务管理,2,585,65021
2022,3743,山东理工大学,026,市场营销,2,574,78374
2022,3743,山东理工大学,027,信息管理与信息系统,2,569,83878
2022,3743,山东理工大学,028,工业工程,4,568,84840
2022,3743,山东理工大学,029,汉语言文学,2,589,60424
2022,3743,山东理工大学,030,英语,4,580,70526
2022,3743,山东理工大学,031,法学,4,588,60973
2022,3743,山东理工大学,032,交通工程,2,558,97226
2022,3743,山东理工大学,033,车辆工程,2,565,88566
2022,3743,山东理工大学,034,信息与计算科学,2,590,59391
2022,3744,山东力明科技职业学院(民办),502,口腔医学,2,504,162311
2022,3745,山东农业大学,001,植物科学与技术,2,572,80915
2022,3745,山东农业大学,002,土地资源管理,3,573,79447
2022,3745,山东农业大学,003,土地整治工程,2,566,87578
2022,3745,山东农业大学,004,环境科学与工程类,4,568,84829
2022,3745,山东农业大学,005,农业资源与环境,2,567,86043
2022,3745,山东农业大学,006,园林,2,568,84826
2022,3745,山东农业大学,007,植物生产类,4,571,81773
2022,3745,山东农业大学,008,动物医学类,3,582,68119
2022,3745,山东农业大学,009,动物科学,4,578,73850
2022,3745,山东农业大学,010,水产养殖学,2,567,87160
2022,3745,山东农业大学,011,电气工程及其自动化,2,568,85424
2022,3745,山东农业大学,012,自动化,2,566,87550
2022,3745,山东农业大学,013,工商管理类,3,582,68522
2022,3745,山东农业大学,014,金融学,2,581,69523
2022,3745,山东农业大学,015,数字经济,2,584,66374
2022,3745,山东农业大学,016,国际经济与贸易,3,575,76724
2022,3745,山东农业大学,017,食品科学与工程类,4,570,83308
2022,3745,山东农业大学,018,生物科学类,6,568,85673
2022,3745,山东农业大学,019,日语,3,572,80999
2022,3745,山东农业大学,020,公共管理类,3,573,79138
2022,3745,山东农业大学,021,文化产业管理,2,576,76019
2022,3745,山东农业大学,022,水利类,5,563,91107
2022,3745,山东农业大学,023,土木类,4,558,97704
2022,3745,山东农业大学,024,数学类,3,575,76375
2022,3745,山东农业大学,025,测绘类,2,558,97694
2022,3745,山东农业大学,026,材料化学,2,562,92900
2022,3745,山东农业大学,027,应用化学,4,561,93195
2022,3746,齐鲁工业大学,002,轻工类,5,562,92706
2022,3746,齐鲁工业大学,003,新媒体技术,3,569,83822
2022,3746,齐鲁工业大学,004,工业设计,5,570,83092
2022,3746,齐鲁工业大学,005,酿酒工程,5,567,86514
2022,3746,齐鲁工业大学,006,食品科学与工程类,5,568,85168
2022,3746,齐鲁工业大学,007,化工与制药类,10,562,92400
2022,3746,齐鲁工业大学,008,高分子材料与工程,4,562,92042
2022,3746,齐鲁工业大学,009,测控技术与仪器(海洋测控方向),5,558,96809
2022,3746,齐鲁工业大学,010,电子竞技运动与管理,5,563,91363
2022,3747,山东商业职业技术学院,501,软件技术,3,503,163651
2022,3747,山东商业职业技术学院,502,大数据与会计,5,497,
2022,3748,山东师范大学,001,思想政治教育(师范),1,625,23876
2022,3748,山东师范大学,002,金融学类,4,594,54939
2022,3748,山东师范大学,003,法学,2,618,29678
2022,3748,山东师范大学,004,学前教育(师范),1,606,41310
2022,3748,山东师范大学,005,小学教育(师范),1,624,25080
2022,3748,山东师范大学,007,中国语言文学类,1,642,12303
2022,3748,山东师范大学,008,汉语国际教育(师范),1,629,20886
2022,3748,山东师范大学,011,新闻传播学类,2,610,37609
2022,3748,山东师范大学,012,历史学(师范),5,622,26372
2022,3748,山东师范大学,013,数学与应用数学(师范),1,616,31647
2022,3748,山东师范大学,014,统计学,2,597,51602
2022,3748,山东师范大学,015,物理学(师范),3,610,37010
2022,3748,山东师范大学,016,电子信息类,4,588,60837
2022,3748,山东师范大学,017,化学(师范),4,615,32830
2022,3748,山东师范大学,018,化学工程与工艺,1,601,47005
2022,3748,山东师范大学,019,生物科学类,2,612,35775
2022,3748,山东师范大学,020,环境科学,1,590,59288
2022,3748,山东师范大学,021,地理科学类,2,614,33451
2022,3748,山东师范大学,022,心理学类,1,614,33372
2022,3748,山东师范大学,023,通信工程,2,596,52586
2022,3748,山东师范大学,024,人工智能,1,597,50915
2022,3748,山东师范大学,025,计算机类,4,594,54765
2022,3748,山东师范大学,026,信息管理与信息系统,1,586,63726
2022,3748,山东师范大学,027,工商管理类,3,597,51003
2022,3748,山东师范大学,028,哲学,1,614,33885
2022,3748,山东师范大学,029,公共管理类,5,589,60546
2022,3750,齐鲁医药学院(民办),001,临床医学,1,562,92391
2022,3750,齐鲁医药学院(民办),002,医学影像学,1,557,98107
2022,3750,齐鲁医药学院(民办),003,口腔医学,1,589,59909
2022,3750,齐鲁医药学院(民办),004,预防医学,1,557,98825
2022,3750,齐鲁医药学院(民办),005,中药学,1,555,100525
2022,3750,齐鲁医药学院(民办),006,医学检验技术,1,561,93320
2022,3750,齐鲁医药学院(民办),007,康复治疗学,1,553,103114
2022,3750,齐鲁医药学院(民办),008,智能医学工程,1,551,106396
2022,3750,齐鲁医药学院(民办),009,护理学,1,560,94671
2022,3750,齐鲁医药学院(民办),010,健康服务与管理,1,557,98121
2022,3751,山东现代学院(民办),001,医学检验技术,12,541,117727
2022,3751,山东现代学院(民办),002,康复治疗学,12,536,124024
2022,3751,山东现代学院(民办),003,药学,8,540,119327
2022,3751,山东现代学院(民办),004,中药学,7,538,122093
2022,3751,山东现代学院(民办),005,护理学,21,540,119140
2022,3751,山东现代学院(民办),006,助产学,8,535,124978
2022,3751,山东现代学院(民办),007,学前教育,12,533,128078
2022,3751,山东现代学院(民办),501,临床医学,12,497,
2022,3751,山东现代学院(民办),502,口腔医学,7,505,160491
2022,3751,山东现代学院(民办),504,护理,12,497,
2022,3751,山东现代学院(民办),505,学前教育,12,497,
2022,3752,山东协和学院(民办),001,土木工程,1,516,147970
2022,3752,山东协和学院(民办),002,护理学,16,542,117446
2022,3752,山东协和学院(民办),003,助产学,1,550,107812
2022,3752,山东协和学院(民办),004,计算机科学与技术,1,524,138544
2022,3752,山东协和学院(民办),005,学前教育,4,538,122083
2022,3752,山东协和学院(民办),006,英语,1,545,113234
2022,3752,山东协和学院(民办),007,会计学,2,541,118434
2022,3752,山东协和学院(民办),008,财务管理,1,538,122336
2022,3752,山东协和学院(民办),009,电子商务,1,527,135171
2022,3752,山东协和学院(民办),010,审计学,1,538,121444
2022,3752,山东协和学院(民办),011,康复治疗学,6,541,118494
2022,3752,山东协和学院(民办),012,医学影像技术,6,545,113370
2022,3752,山东协和学院(民办),013,医学检验技术,6,545,113673
2022,3752,山东协和学院(民办),014,中药学,5,539,120416
2022,3752,山东协和学院(民办),015,口腔医学,4,566,88021
2022,3752,山东协和学院(民办),503,护理,16,497,
2022,3752,山东协和学院(民办),504,中药学,2,513,152094
2022,3752,山东协和学院(民办),505,医学检验技术,2,515,149230
2022,3752,山东协和学院(民办),506,医学影像技术,2,522,140913
2022,3752,山东协和学院(民办),508,康复治疗技术,2,515,149572
2022,3752,山东协和学院(民办),509,大数据与会计,2,507,158892
2022,3752,山东协和学院(民办),510,电子商务,1,517,147103
2022,3752,山东协和学院(民办),511,临床医学,26,497,
2022,3752,山东协和学院(民办),512,口腔医学,6,516,148541
2022,3752,山东协和学院(民办),513,中医学,11,497,
2022,3752,山东协和学院(民办),514,针灸推拿,3,497,
2022,3752,山东协和学院(民办),515,学前教育,4,497,
2022,3754,山东畜牧兽医职业学院,502,动物医学,5,497,
2022,3755,山东医学高等专科学校,501,临床医学,1,540,119904
2022,3755,山东医学高等专科学校,502,口腔医学,1,559,96017
2022,3755,山东医学高等专科学校,503,药学,1,542,117334
2022,3755,山东医学高等专科学校,504,医学检验技术,1,540,118947
2022,3755,山东医学高等专科学校,505,预防医学,1,537,123395
2022,3755,山东医学高等专科学校,506,口腔医学,1,550,107199
2022,3755,山东医学高等专科学校,507,医学影像技术,3,523,140146
2022,3755,山东医学高等专科学校,508,康复治疗技术,1,531,130022
2022,3756,山东英才学院(民办),001,网络与新媒体,10,523,140021
2022,3756,山东英才学院(民办),002,财务管理,10,520,144138
2022,3756,山东英才学院(民办),003,审计学,10,522,140723
2022,3756,山东英才学院(民办),004,市场营销,10,518,145480
2022,3756,山东英才学院(民办),005,国际商务,15,518,145749
2022,3756,山东英才学院(民办),008,金融工程,35,517,146875
2022,3756,山东英才学院(民办),009,电子商务,5,521,142408
2022,3756,山东英才学院(民办),010,商务英语,10,518,146378
2022,3756,山东英才学院(民办),505,护理,10,497,
2022,3757,泰山学院,002,汉语言文学,4,570,83186
2022,3757,泰山学院,003,历史学类,3,570,82937
2022,3757,泰山学院,004,英语(含师范类),4,566,87676
2022,3757,泰山学院,005,工商管理类,4,557,98676
2022,3758,潍坊学院,001,数学与应用数学(师范),10,547,110318
2022,3758,潍坊学院,002,朝鲜语,10,553,102854
2022,3758,潍坊学院,003,会计学,10,559,95695
2022,3758,潍坊学院,004,法学,10,562,92430
2022,3758,潍坊学院,005,旅游管理,10,554,102683
2022,3758,潍坊学院,006,汉语言文学(师范),10,576,75343
2022,3759,潍坊医学院,001,临床医学,3,601,46619
2022,3759,潍坊医学院,002,麻醉学,2,602,45843
2022,3759,潍坊医学院,003,口腔医学,2,622,26277
2022,3759,潍坊医学院,004,预防医学,2,578,72796
2022,3759,潍坊医学院,005,医学影像学,2,603,44733
2022,3759,潍坊医学院,006,医学检验技术,2,578,73677
2022,3759,潍坊医学院,007,药学,2,572,79994
2022,3759,潍坊医学院,008,生物技术,2,561,93975
2022,3759,潍坊医学院,009,生物医学工程,2,563,91425
2022,3759,潍坊医学院,010,卫生检验与检疫,3,569,84502
2022,3759,潍坊医学院,011,护理学,5,567,87024
2022,3759,潍坊医学院,012,康复治疗学,3,567,86751
2022,3760,烟台大学,001,新闻学,2,594,54864
2022,3760,烟台大学,002,汉语国际教育,2,589,60764
2022,3760,烟台大学,003,法学,2,626,23038
2022,3760,烟台大学,004,知识产权,2,613,34889
2022,3760,烟台大学,005,英语,2,591,57706
2022,3760,烟台大学,006,日语,2,591,58138
2022,3760,烟台大学,007,国际经济与贸易,2,591,58311
2022,3760,烟台大学,008,统计学,2,585,64746
2022,3760,烟台大学,009,自动化,2,578,73592
2022,3760,烟台大学,010,土木工程,2,572,80364
2022,3760,烟台大学,011,应用化学,3,568,85390
2022,3760,烟台大学,012,化学工程与工艺,5,565,88893
2022,3760,烟台大学,013,食品质量与安全,2,575,77154
2022,3760,烟台大学,014,环境科学与工程,3,570,83487
2022,3760,烟台大学,015,材料科学与工程,5,563,91295
2022,3760,烟台大学,016,金属材料工程,2,564,90135
2022,3761,烟台南山学院(民办),001,纺织工程,4,522,141104
2022,3761,烟台南山学院(民办),002,自动化,3,519,145274
2022,3761,烟台南山学院(民办),003,人工智能,3,511,154256
2022,3761,烟台南山学院(民办),004,机械设计制造及其自动化,4,511,154462
2022,3761,烟台南山学院(民办),005,工商管理,4,529,132514
2022,3761,烟台南山学院(民办),006,旅游管理,4,526,137014
2022,3761,烟台南山学院(民办),007,市场营销,4,528,134595
2022,3761,烟台南山学院(民办),008,物流管理,4,525,137834
2022,3761,烟台南山学院(民办),009,英语,4,536,124125
2022,3761,烟台南山学院(民办),010,汉语国际教育,4,530,131055
2022,3761,烟台南山学院(民办),011,康复治疗学,4,545,113061
2022,3761,烟台南山学院(民办),012,测控技术与仪器,4,502,164234
2022,3761,烟台南山学院(民办),013,交通运输,4,533,127768
2022,3761,烟台南山学院(民办),505,电子商务,3,497,
2022,3762,枣庄学院,001,金融数学,5,553,102916
2022,3763,中国海洋大学（一流大学建设高校）,001,海洋科学,3,643,11510
2022,3763,中国海洋大学（一流大学建设高校）,002,大气科学,4,640,13183
2022,3763,中国海洋大学（一流大学建设高校）,003,电子信息类,5,643,11422
2022,3763,中国海洋大学（一流大学建设高校）,004,光电信息科学与工程,2,642,12042
2022,3763,中国海洋大学（一流大学建设高校）,005,计算机类,4,647,9566
2022,3763,中国海洋大学（一流大学建设高校）,006,海洋技术,3,641,12549
2022,3763,中国海洋大学（一流大学建设高校）,007,物理学,2,642,12185
2022,3763,中国海洋大学（一流大学建设高校）,008,计算机科学与技术(中外合作办学),4,633,18074
2022,3763,中国海洋大学（一流大学建设高校）,009,化学,2,642,11937
2022,3763,中国海洋大学（一流大学建设高校）,010,材料类,2,640,13481
2022,3763,中国海洋大学（一流大学建设高校）,011,生物科学类,2,647,9497
2022,3763,中国海洋大学（一流大学建设高校）,012,海洋渔业科学与技术,2,642,12240
2022,3763,中国海洋大学（一流大学建设高校）,013,海洋资源与环境,2,645,10697
2022,3763,中国海洋大学（一流大学建设高校）,014,水产养殖学,2,641,12735
2022,3763,中国海洋大学（一流大学建设高校）,015,食品科学与工程类,3,640,13558
2022,3763,中国海洋大学（一流大学建设高校）,016,药学,2,644,11181
2022,3763,中国海洋大学（一流大学建设高校）,017,环境工程,2,641,12574
2022,3763,中国海洋大学（一流大学建设高校）,018,土木类,2,638,14381
2022,3763,中国海洋大学（一流大学建设高校）,019,船舶与海洋工程,2,640,13372
2022,3763,中国海洋大学（一流大学建设高校）,020,港口航道与海岸工程,2,638,14380
2022,3763,中国海洋大学（一流大学建设高校）,021,工业设计,2,641,12767
2022,3763,中国海洋大学（一流大学建设高校）,022,机械设计制造及其自动化,2,643,11488
2022,3763,中国海洋大学（一流大学建设高校）,023,自动化,2,645,10510
2022,3763,中国海洋大学（一流大学建设高校）,024,数学类,3,643,11455
2022,3763,中国海洋大学（一流大学建设高校）,025,文化产业管理,2,647,9638
2022,3763,中国海洋大学（一流大学建设高校）,026,新闻传播学类,2,649,8768
2022,3763,中国海洋大学（一流大学建设高校）,027,法学,2,650,8256
2022,3763,中国海洋大学（一流大学建设高校）,028,电子商务,2,647,9783
2022,3763,中国海洋大学（一流大学建设高校）,029,工商管理,2,648,9130
2022,3763,中国海洋大学（一流大学建设高校）,030,市场营销,2,645,10719
2022,3763,中国海洋大学（一流大学建设高校）,031,国际经济与贸易,3,647,9666
2022,3763,中国海洋大学（一流大学建设高校）,032,数学与应用数学(中外合作办学),4,631,18983
2022,3763,中国海洋大学（一流大学建设高校）,033,生物技术(中外合作办学),2,636,16104
2022,3763,中国海洋大学（一流大学建设高校）,034,食品科学与工程(中外合作办学),4,629,20340
2022,3763,中国海洋大学（一流大学建设高校）,035,法语,2,643,11695
2022,3763,中国海洋大学（一流大学建设高校）,036,日语,2,644,11332
2022,3763,中国海洋大学（一流大学建设高校）,037,英语,1,648,9010
2022,3764,青岛工学院(民办),001,工业设计,4,511,154208
2022,3764,青岛工学院(民办),002,信息安全,4,509,156035
2022,3764,青岛工学院(民办),003,食品科学与工程,6,531,130085
2022,3764,青岛工学院(民办),004,食品营养与检验教育,8,529,132796
2022,3764,青岛工学院(民办),005,食品质量与安全,6,531,130496
2022,3764,青岛工学院(民办),006,化学工程与工业生物工程,6,528,133710
2022,3764,青岛工学院(民办),007,英语,4,529,133160
2022,3764,青岛工学院(民办),008,日语,4,525,137632
2022,3764,青岛工学院(民办),009,德语,4,525,138224
2022,3764,青岛工学院(民办),010,电子商务,4,526,136160
2022,3764,青岛工学院(民办),011,物流管理,4,525,137891
2022,3764,青岛工学院(民办),012,国际商务,4,524,138960
2022,3764,青岛工学院(民办),013,金融工程,4,527,135471
2022,3764,青岛工学院(民办),014,工商管理,2,528,133779
2022,3764,青岛工学院(民办),015,市场营销,2,526,136965
2022,3764,青岛工学院(民办),016,人力资源管理,4,526,136790
2022,3764,青岛工学院(民办),017,审计学,4,530,132011
2022,3764,青岛工学院(民办),018,汉语言文学,6,537,123194
2022,3764,青岛工学院(民办),019,知识产权,4,533,128481
2022,3764,青岛工学院(民办),020,财务管理,6,527,135309
2022,3765,中国石油大学(华东)（一流学科建设高校）,001,地球物理学,2,621,27663
2022,3765,中国石油大学(华东)（一流学科建设高校）,002,船舶与海洋工程,2,622,26559
2022,3765,中国石油大学(华东)（一流学科建设高校）,003,海洋油气工程,2,624,24481
2022,3765,中国石油大学(华东)（一流学科建设高校）,004,化学,2,622,26556
2022,3765,中国石油大学(华东)（一流学科建设高校）,005,化学工程与工艺,2,624,25016
2022,3765,中国石油大学(华东)（一流学科建设高校）,006,能源化学工程,2,622,26444
2022,3765,中国石油大学(华东)（一流学科建设高校）,007,应用化学,2,621,26869
2022,3765,中国石油大学(华东)（一流学科建设高校）,008,工程力学,2,628,21853
2022,3765,中国石油大学(华东)（一流学科建设高校）,009,油气储运工程,2,625,23786
2022,3765,中国石油大学(华东)（一流学科建设高校）,010,电气工程及其自动化,2,632,18541
2022,3765,中国石油大学(华东)（一流学科建设高校）,011,过程装备与控制工程,2,624,24414
2022,3765,中国石油大学(华东)（一流学科建设高校）,012,能源与动力工程,2,628,21276
2022,3765,中国石油大学(华东)（一流学科建设高校）,013,地理信息科学,2,629,20325
2022,3765,中国石油大学(华东)（一流学科建设高校）,014,电子信息工程,2,631,19032
2022,3765,中国石油大学(华东)（一流学科建设高校）,015,通信工程,2,631,19518
2022,3765,中国石油大学(华东)（一流学科建设高校）,016,智能感知工程,2,629,20618
2022,3765,中国石油大学(华东)（一流学科建设高校）,017,自动化,2,632,18755
2022,3765,中国石油大学(华东)（一流学科建设高校）,018,计算机科学与技术,2,636,15857
2022,3765,中国石油大学(华东)（一流学科建设高校）,019,软件工程,8,632,18173
2022,3765,中国石油大学(华东)（一流学科建设高校）,020,智能科学与技术,2,631,19593
2022,3765,中国石油大学(华东)（一流学科建设高校）,021,光电信息科学与工程,2,629,20395
2022,3765,中国石油大学(华东)（一流学科建设高校）,022,数据科学与大数据技术,2,631,19113
2022,3765,中国石油大学(华东)（一流学科建设高校）,023,数学类,4,629,20575
2022,3765,中国石油大学(华东)（一流学科建设高校）,024,管理科学与工程类,2,628,21216
2022,3765,中国石油大学(华东)（一流学科建设高校）,025,英语,2,634,17408
2022,3766,山东石油化工学院,001,能源动力类,4,553,103470
2022,3766,山东石油化工学院,002,计算机类,3,538,121591
2022,3766,山东石油化工学院,003,财务管理,2,559,96551
2022,3766,山东石油化工学院,004,汉语言文学,3,561,93969
2022,3766,山东石油化工学院,005,学前教育(师范),2,563,90920
2022,3766,山东石油化工学院,006,应用化学,3,553,103257
2022,3766,山东石油化工学院,007,建筑环境与能源应用工程,3,536,124197
2022,3766,山东石油化工学院,008,自动化,3,537,123041
2022,3766,山东石油化工学院,009,法学,2,560,95450
2022,3766,山东石油化工学院,010,机械设计制造及其自动化,3,536,124198
2022,3766,山东石油化工学院,011,信息与计算科学,2,537,122793
2022,3768,青岛城市学院(民办),001,土木工程,1,519,144389
2022,3768,青岛城市学院(民办),002,智能建造,1,516,148557
2022,3768,青岛城市学院(民办),003,工程造价,1,525,137058
2022,3768,青岛城市学院(民办),004,工程管理,1,511,154388
2022,3768,青岛城市学院(民办),005,机械设计制造及其自动化,1,520,143261
2022,3768,青岛城市学院(民办),006,电气工程及其自动化,1,529,133250
2022,3768,青岛城市学院(民办),007,机器人工程,1,514,150472
2022,3768,青岛城市学院(民办),008,建筑学,1,545,113823
2022,3768,青岛城市学院(民办),009,城乡规划,1,544,114248
2022,3768,青岛城市学院(民办),010,软件工程,1,519,144610
2022,3768,青岛城市学院(民办),011,数据科学与大数据技术,1,516,148006
2022,3768,青岛城市学院(民办),012,国际经济与贸易,1,529,133064
2022,3768,青岛城市学院(民办),013,市场营销,1,532,129753
2022,3768,青岛城市学院(民办),014,跨境电子商务,1,527,135400
2022,3768,青岛城市学院(民办),015,会计学,1,546,112518
2022,3768,青岛城市学院(民办),016,审计学,1,540,119945
2022,3768,青岛城市学院(民办),017,互联网金融,1,532,128640
2022,3768,青岛城市学院(民办),018,外国语言文学类,1,536,124765
2022,3768,青岛城市学院(民办),019,财务管理,1,540,119522
2022,3769,山东工程职业技术大学(民办),001,机械设计制造及自动化,2,509,156514
2022,3769,山东工程职业技术大学(民办),002,物联网工程技术,2,503,163481
2022,3769,山东工程职业技术大学(民办),003,大数据与会计,2,528,134232
2022,3769,山东工程职业技术大学(民办),004,电子商务,2,524,138378
2022,3769,山东工程职业技术大学(民办),005,建筑设计,2,501,165486
2022,3770,山东中医药大学,001,中医学,2,620,28451
2022,3770,山东中医药大学,002,中西医临床医学,2,618,29705
2022,3770,山东中医药大学,003,中药学,1,614,33750
2022,3770,山东中医药大学,004,药学,1,594,54253
2022,3770,山东中医药大学,005,制药工程,1,585,64704
2022,3770,山东中医药大学,006,针灸推拿学,2,603,44487
2022,3770,山东中医药大学,007,康复治疗学,2,583,66984
2022,3770,山东中医药大学,008,护理学,1,583,67733
2022,3770,山东中医药大学,009,眼视光学,1,622,26181
2022,3770,山东中医药大学,010,眼视光医学,2,621,27342
2022,3771,青岛电影学院(民办),016,网络与新媒体,3,527,135325
2022,3771,青岛电影学院(民办),017,知识产权,3,522,141087
2022,3771,青岛电影学院(民办),018,新闻学,2,531,130154
2022,3771,青岛电影学院(民办),019,广告学,2,523,140536
2022,3773,青岛黄海学院(民办),001,电气工程及其自动化,2,511,153969
2022,3773,青岛黄海学院(民办),002,人工智能,4,510,154900
2022,3773,青岛黄海学院(民办),003,财务管理,4,525,137339
2022,3773,青岛黄海学院(民办),004,物流管理,2,528,134043
2022,3773,青岛黄海学院(民办),005,商务英语,5,523,140163
2022,3773,青岛黄海学院(民办),006,经济统计学,3,528,133732
2022,3773,青岛黄海学院(民办),007,学前教育,6,535,125875
2022,3773,青岛黄海学院(民办),008,物联网工程,2,513,151702
2022,3773,青岛黄海学院(民办),009,智能交互设计,2,503,162792
2022,3773,青岛黄海学院(民办),501,大数据与会计,3,497,
2022,3773,青岛黄海学院(民办),502,大数据技术,3,497,
2022,3773,青岛黄海学院(民办),503,护理,4,497,
2022,3773,青岛黄海学院(民办),504,口腔医学,2,505,161004
2022,3773,青岛黄海学院(民办),505,学前教育,3,497,
2022,3775,山东第一医科大学,001,临床医学,4,616,31848
2022,3775,山东第一医科大学,002,口腔医学,5,608,39865
2022,3775,山东第一医科大学,003,医学影像学,5,592,56948
2022,3775,山东第一医科大学,004,药学,8,583,67137
2022,3778,北京交通大学(威海校区)（一流学科建设高校）,001,信息管理与信息系统(中外合作办学),4,622,26543
2022,3778,北京交通大学(威海校区)（一流学科建设高校）,002,通信工程(中外合作办学),3,627,21953
2022,3778,北京交通大学(威海校区)（一流学科建设高校）,003,计算机科学与技术(中外合作办学),3,629,20461
2022,3778,北京交通大学(威海校区)（一流学科建设高校）,004,环境工程(中外合作办学),5,611,36017
2022,3778,北京交通大学(威海校区)（一流学科建设高校）,005,工商管理(中外合作办学),3,630,20077
2022,3781,山东电力高等专科学校,501,供用电技术,50,562,92018
2022,4001,长江大学,001,新闻传播学类,2,610,37868
2022,4001,长江大学,002,历史学(师范),1,612,35636
2022,4001,长江大学,003,中国语言文学类,1,610,37809
2022,4001,长江大学,004,外国语言文学类,1,605,43083
2022,4001,长江大学,005,日语(语言、商务),1,600,47656
2022,4001,长江大学,006,经济学类,2,604,43707
2022,4001,长江大学,007,金融学(含荆楚卓越人才协同育人计划),1,608,39980
2022,4001,长江大学,008,工商管理类,1,598,50625
2022,4001,长江大学,009,信息管理与信息系统,1,590,59359
2022,4001,长江大学,010,法学类,1,615,32618
2022,4001,长江大学,011,数学类(师范),1,596,51945
2022,4001,长江大学,012,机械类(教育部卓越工程师、省支柱产业人才培养计划),2,592,56537
2022,4001,长江大学,013,电子信息类(教育部卓越工程师、省支柱产业人才培养计划),1,599,48976
2022,4001,长江大学,014,计算机类,1,600,47414
2022,4001,长江大学,015,建筑类,2,592,56371
2022,4001,长江大学,016,资源勘查工程(石油勘探、新能源、油气测录工程),1,591,57567
2022,4001,长江大学,017,地质学,1,611,36647
2022,4001,长江大学,018,新能源科学与工程,1,588,61128
2022,4001,长江大学,019,植物生产类(含教育部卓越农林、省支柱产业人才培养计划),3,578,73443
2022,4001,长江大学,020,农业资源与环境(生态农业),2,576,75756
2022,4001,长江大学,021,园艺(教育部卓越农林、省荆楚卓越人才计划),1,580,70276
2022,4001,长江大学,022,风景园林,1,597,51062
2022,4001,长江大学,023,动物医学类(含教育部卓越农林人才教育培养计划),4,584,66494
2022,4001,长江大学,024,临床医学(含教育部卓越医生、省荆楚卓越人才育人计划),2,617,31147
2022,4001,长江大学,025,中西医临床医学,1,605,42277
2022,4001,长江大学,026,土木工程(中外合作办学),5,544,114730
2022,4006,鄂州职业大学,501,护理,15,497,
2022,4006,鄂州职业大学,503,学前教育(师范),15,497,
2022,4006,鄂州职业大学,504,小学教育(师范),36,499,167282
2022,4006,鄂州职业大学,505,小学英语教育(师范),15,497,170207
2022,4007,恩施职业技术学院,501,大数据与会计,2,497,
2022,4007,恩施职业技术学院,502,学前教育(师范),3,497,
2022,4007,恩施职业技术学院,503,小学教育(师范),10,500,166161
2022,4011,湖北大学,001,工商管理类,5,601,47183
2022,4011,湖北大学,002,旅游管理,2,592,57223
2022,4011,湖北大学,003,国际事务与国际关系(中外合作办学),4,581,69371
2022,4011,湖北大学,005,档案学,3,596,52488
2022,4011,湖北大学,006,环境工程(中外合作办学),4,577,74852
2022,4011,湖北大学,007,材料化学(中外合作办学),4,573,79686
2022,4011,湖北大学,008,新闻传播学类,5,606,41148
2022,4012,湖北大学知行学院(独立学院),001,会计学(财务会计、管理会计方向),4,549,108853
2022,4012,湖北大学知行学院(独立学院),002,财务管理(公司财务、商业数据分析方向),2,546,112255
2022,4012,湖北大学知行学院(独立学院),003,审计学(财务审计、工程审计方向),2,552,105060
2022,4012,湖北大学知行学院(独立学院),004,风景园林,1,551,105538
2022,4012,湖北大学知行学院(独立学院),005,英语(教育、翻译方向),2,552,104463
2022,4012,湖北大学知行学院(独立学院),006,商务英语,2,544,114228
2022,4012,湖北大学知行学院(独立学院),007,法语,2,544,113954
2022,4012,湖北大学知行学院(独立学院),008,金融学(银行经营、投资理财方向),4,543,115174
2022,4012,湖北大学知行学院(独立学院),009,国际经济与贸易(国际贸易实务方向、跨境电商方向),2,544,114297
2022,4012,湖北大学知行学院(独立学院),010,汉语言文学(教育、对外教学、写作、商务文秘方向),4,553,103574
2022,4012,湖北大学知行学院(独立学院),011,旅游管理(会展商务旅游、涉外饭店管理方向),2,535,125470
2022,4012,湖北大学知行学院(独立学院),012,法学,2,563,90980
2022,4012,湖北大学知行学院(独立学院),013,机器人工程,2,518,145589
2022,4012,湖北大学知行学院(独立学院),014,工程管理,2,513,152381
2022,4012,湖北大学知行学院(独立学院),015,生物工程(生物医药、高新生物产业方向),1,551,106268
2022,4012,湖北大学知行学院(独立学院),016,生物技术(制药、生物大数据方向),1,547,111350
2022,4012,湖北大学知行学院(独立学院),017,应用化学(新能源材料方向),2,548,109698
2022,4012,湖北大学知行学院(独立学院),018,食品科学与工程类,2,544,114078
2022,4012,湖北大学知行学院(独立学院),019,新闻传播学类,3,549,107939
2022,4012,湖北大学知行学院(独立学院),020,机械类,2,518,145544
2022,4012,湖北大学知行学院(独立学院),021,计算机类,4,521,142100
2022,4012,湖北大学知行学院(独立学院),022,电子信息类,2,521,142419
2022,4013,湖北第二师范学院,001,中国语言文学类(师范),7,586,64167
2022,4013,湖北第二师范学院,002,日语,2,570,82555
2022,4013,湖北第二师范学院,003,化学类,3,553,103011
2022,4013,湖北第二师范学院,004,国际经济与贸易,3,568,85138
2022,4013,湖北第二师范学院,005,学前教育(中外合作办学)(师范),5,568,84898
2022,4013,湖北第二师范学院,006,电子信息科学与技术(中外合作办学),2,545,113248
2022,4013,湖北第二师范学院,007,外国语言文学类,3,583,67463
2022,4014,湖北工业大学,001,机械设计制造及其自动化,2,599,49278
2022,4014,湖北工业大学,002,电气工程及其自动化,2,620,27760
2022,4014,湖北工业大学,003,计算机类,2,601,46474
2022,4014,湖北工业大学,006,工商管理类,3,591,57449
2022,4015,湖北工业大学工程技术学院(独立学院),001,机械设计制造及其自动化,3,527,135034
2022,4015,湖北工业大学工程技术学院(独立学院),002,机械电子工程,3,515,149451
2022,4015,湖北工业大学工程技术学院(独立学院),003,新能源汽车工程,3,516,148713
2022,4015,湖北工业大学工程技术学院(独立学院),004,电气工程及其自动化,3,520,143732
2022,4015,湖北工业大学工程技术学院(独立学院),005,物联网工程,2,518,145467
2022,4015,湖北工业大学工程技术学院(独立学院),006,计算机科学与技术,2,524,138997
2022,4015,湖北工业大学工程技术学院(独立学院),007,高分子材料与工程,2,545,113536
2022,4015,湖北工业大学工程技术学院(独立学院),008,道路桥梁与渡河工程,3,513,151808
2022,4015,湖北工业大学工程技术学院(独立学院),009,工程管理,3,512,153126
2022,4015,湖北工业大学工程技术学院(独立学院),010,金融学,3,539,120778
2022,4015,湖北工业大学工程技术学院(独立学院),011,国际经济与贸易,3,540,119392
2022,4015,湖北工业大学工程技术学院(独立学院),012,大数据管理与应用,2,520,143372
2022,4015,湖北工业大学工程技术学院(独立学院),014,财务管理,3,537,123510
2022,4015,湖北工业大学工程技术学院(独立学院),015,物流管理,3,537,123642
2022,4015,湖北工业大学工程技术学院(独立学院),016,电子商务,3,534,126157
2022,4015,湖北工业大学工程技术学院(独立学院),017,英语,3,539,120448
2022,4015,湖北工业大学工程技术学院(独立学院),018,商务英语,2,537,123427
2022,4016,湖北商贸学院(民办),001,金融学,4,531,130574
2022,4016,湖北商贸学院(民办),002,会计学,4,531,130310
2022,4018,湖北交通职业技术学院,503,航空装备类,10,497,
2022,4018,湖北交通职业技术学院,508,虚拟现实技术应用,10,497,
2022,4019,湖北经济学院,001,经济学类,4,573,79440
2022,4019,湖北经济学院,002,金融学类,6,575,76579
2022,4019,湖北经济学院,003,金融工程,4,572,80180
2022,4019,湖北经济学院,004,财政学类,4,572,79995
2022,4019,湖北经济学院,005,工商管理类,3,572,80769
2022,4019,湖北经济学院,006,物联网工程,2,566,87622
2022,4020,湖北经济学院法商学院(独立学院),001,金融学,20,530,131915
2022,4020,湖北经济学院法商学院(独立学院),002,会计学(注册会计师),20,535,125367
2022,4020,湖北经济学院法商学院(独立学院),003,审计学,15,532,129404
2022,4020,湖北经济学院法商学院(独立学院),004,法学(经济法),15,541,118246
2022,4020,湖北经济学院法商学院(独立学院),005,英语(经贸英语),10,531,130642
2022,4022,湖北民族大学,001,汉语言文学,3,576,75816
2022,4022,湖北民族大学,002,计算机科学与技术,2,559,96063
2022,4022,湖北民族大学,003,生物工程,2,561,94044
2022,4022,湖北民族大学,004,社会学,3,567,87056
2022,4022,湖北民族大学,005,新闻学,2,572,80989
2022,4022,湖北民族大学,006,英语,2,573,79629
2022,4022,湖北民族大学,007,日语,2,563,91135
2022,4022,湖北民族大学,008,国际经济与贸易,2,566,88357
2022,4022,湖北民族大学,009,商务英语,2,568,85373
2022,4022,湖北民族大学,010,临床医学,2,581,69325
2022,4022,湖北民族大学,011,旅游管理,2,560,94812
2022,4022,湖北民族大学,013,思想政治教育,2,575,77389
2022,4023,湖北汽车工业学院,001,机械设计制造及其自动化,3,541,118614
2022,4023,湖北汽车工业学院,002,车辆工程,3,540,118919
2022,4023,湖北汽车工业学院,003,车辆工程(中外合作办学)(中英合作),4,532,129271
2022,4024,湖北汽车工业学院科技学院(独立学院),001,国际经济与贸易,3,532,128700
2022,4024,湖北汽车工业学院科技学院(独立学院),002,机械设计制造及其自动化,1,526,135992
2022,4024,湖北汽车工业学院科技学院(独立学院),003,材料成型及控制工程(智能制造),2,516,148192
2022,4024,湖北汽车工业学院科技学院(独立学院),004,车辆工程,1,512,153128
2022,4024,湖北汽车工业学院科技学院(独立学院),005,计算机科学与技术(大数据技术),1,529,132893
2022,4024,湖北汽车工业学院科技学院(独立学院),006,信息管理与信息系统(大数据分析与应用),1,521,142080
2022,4024,湖北汽车工业学院科技学院(独立学院),007,财务管理,3,532,128791
2022,4024,湖北汽车工业学院科技学院(独立学院),008,物流管理,3,538,122434
2022,4026,湖北三峡职业技术学院,511,学前教育,4,497,
2022,4026,湖北三峡职业技术学院,513,口腔医学,6,518,146314
2022,4026,湖北三峡职业技术学院,514,临床医学,6,512,153103
2022,4026,湖北三峡职业技术学院,515,药学,2,497,169577
2022,4026,湖北三峡职业技术学院,516,医学美容技术,2,499,167319
2022,4026,湖北三峡职业技术学院,517,护理,4,497,
2022,4028,湖北生物科技职业学院,502,动物医学,5,505,161060
2022,4028,湖北生物科技职业学院,504,药学,8,497,
2022,4028,湖北生物科技职业学院,505,医学生物技术,6,497,
2022,4029,湖北师范大学,002,教育学类(师范),4,606,41425
2022,4029,湖北师范大学,003,旅游管理与服务教育,3,571,82247
2022,4029,湖北师范大学,004,广播电视学,1,585,64734
2022,4029,湖北师范大学,005,网络与新媒体,3,582,68617
2022,4029,湖北师范大学,006,化学类,3,593,56273
2022,4029,湖北师范大学,007,化学工程与工艺,2,580,71212
2022,4029,湖北师范大学,008,地理科学类,2,604,43897
2022,4029,湖北师范大学,009,环境工程,2,565,88460
2022,4029,湖北师范大学,010,生物科学类,3,590,59610
2022,4029,湖北师范大学,011,食品科学与工程,2,572,80167
2022,4029,湖北师范大学,012,电子信息工程(中外合作办学),8,540,119561
2022,4030,湖北水利水电职业技术学院,504,工程造价,6,497,
2022,4031,湖北职业技术学院,503,临床医学,60,497,
2022,4031,湖北职业技术学院,504,口腔医学,65,505,160848
2022,4031,湖北职业技术学院,505,护理,20,497,
2022,4031,湖北职业技术学院,506,药学,6,497,
2022,4031,湖北职业技术学院,507,医学检验技术,6,497,
2022,4031,湖北职业技术学院,508,医学影像技术,8,497,
2022,4032,湖北中医药大学,001,中医学,6,617,31004
2022,4032,湖北中医药大学,002,中医学(5+3一体化),3,626,23014
2022,4032,湖北中医药大学,003,针灸推拿学,8,593,55623
2022,4032,湖北中医药大学,004,中医学(针灸推拿方向5+3一体化),3,622,26472
2022,4032,湖北中医药大学,005,康复治疗学,1,583,66896
2022,4032,湖北中医药大学,006,中西医临床医学,6,608,39761
2022,4032,湖北中医药大学,007,中医学(中西医结合方向5+3一体化),4,623,25697
2022,4032,湖北中医药大学,008,医学影像技术,2,600,48191
2022,4032,湖北中医药大学,009,医学实验技术,2,582,68641
2022,4032,湖北中医药大学,010,中药学,6,592,56486
2022,4032,湖北中医药大学,011,药学,6,587,62222
2022,4032,湖北中医药大学,012,制药工程,2,578,72882
2022,4032,湖北中医药大学,013,药物制剂,4,578,73333
2022,4032,湖北中医药大学,014,中药制药,1,587,62399
2022,4032,湖北中医药大学,015,医学检验技术,5,595,53851
2022,4032,湖北中医药大学,016,生物技术,1,578,73661
2022,4032,湖北中医药大学,017,卫生检验与检疫,2,582,67892
2022,4032,湖北中医药大学,018,食品质量与安全,1,586,64249
2022,4032,湖北中医药大学,019,护理学,1,581,69885
2022,4032,湖北中医药大学,020,助产学,1,584,66218
2022,4032,湖北中医药大学,021,市场营销,3,570,82369
2022,4032,湖北中医药大学,022,公共事业管理,2,576,75509
2022,4032,湖北中医药大学,023,国际商务,1,579,71977
2022,4032,湖北中医药大学,024,物流管理,1,576,75993
2022,4032,湖北中医药大学,025,保险学,2,568,85125
2022,4032,湖北中医药大学,026,信息管理与信息系统,2,565,88829
2022,4032,湖北中医药大学,027,医学信息工程,2,571,81573
2022,4032,湖北中医药大学,028,物联网工程,1,594,54397
2022,4032,湖北中医药大学,029,公共事业管理(医事法学方向),1,582,69016
2022,4032,湖北中医药大学,030,应用心理学,1,600,47916
2022,4032,湖北中医药大学,031,汉语国际教育,1,577,74898
2022,4032,湖北中医药大学,032,英语,2,579,72371
2022,4032,湖北中医药大学,033,运动康复,5,571,81172
2022,4032,湖北中医药大学,034,健康服务与管理,1,570,83242
2022,4033,湖北中医药高等专科学校,501,药品质量与安全,3,497,169301
2022,4033,湖北中医药高等专科学校,503,智能医疗装备技术,3,498,168860
2022,4033,湖北中医药高等专科学校,504,临床医学,6,523,140330
2022,4033,湖北中医药高等专科学校,505,口腔医学,5,537,122673
2022,4033,湖北中医药高等专科学校,506,护理,3,514,151233
2022,4033,湖北中医药高等专科学校,507,助产,2,506,160400
2022,4033,湖北中医药高等专科学校,508,药学,3,516,148676
2022,4033,湖北中医药高等专科学校,509,中医学,6,519,144330
2022,4033,湖北中医药高等专科学校,510,中医骨伤,2,516,148683
2022,4033,湖北中医药高等专科学校,511,针灸推拿,5,508,158156
2022,4033,湖北中医药高等专科学校,512,中药学,3,516,149021
2022,4033,湖北中医药高等专科学校,513,中药制药,2,510,155619
2022,4033,湖北中医药高等专科学校,514,中医养生保健,2,504,162714
2022,4033,湖北中医药高等专科学校,515,医学检验技术,3,512,153264
2022,4033,湖北中医药高等专科学校,516,医学美容技术,3,504,162085
2022,4033,湖北中医药高等专科学校,517,康复治疗技术,3,500,166199
2022,4033,湖北中医药高等专科学校,518,健康管理,2,506,159626
2022,4033,湖北中医药高等专科学校,519,智慧健康养老服务与管理,2,497,
2022,4034,华中科技大学（一流大学建设高校）,001,物理学类,4,655,5979
2022,4034,华中科技大学（一流大学建设高校）,002,化学类,6,652,7123
2022,4034,华中科技大学（一流大学建设高校）,003,机械类,12,654,6400
2022,4034,华中科技大学（一流大学建设高校）,004,材料类,12,650,8187
2022,4034,华中科技大学（一流大学建设高校）,005,能源动力类,9,653,6872
2022,4034,华中科技大学（一流大学建设高校）,006,土木类,8,649,8576
2022,4034,华中科技大学（一流大学建设高校）,007,电气工程及其自动化,13,658,4982
2022,4034,华中科技大学（一流大学建设高校）,008,生物医学工程类(国家生命科学与技术人才试验班),6,655,6122
2022,4034,华中科技大学（一流大学建设高校）,009,电子信息类(电信学院),14,656,5721
2022,4034,华中科技大学（一流大学建设高校）,010,电子信息类(光电学院),25,656,5829
2022,4034,华中科技大学（一流大学建设高校）,011,计算机类(计算机学院),9,670,2016
2022,4034,华中科技大学（一流大学建设高校）,012,计算机类(网安学院),9,662,3836
2022,4034,华中科技大学（一流大学建设高校）,013,软件工程,4,665,3101
2022,4034,华中科技大学（一流大学建设高校）,014,自动化类,14,658,4975
2022,4034,华中科技大学（一流大学建设高校）,015,建筑类(智慧建筑规划试验班),8,655,6096
2022,4034,华中科技大学（一流大学建设高校）,016,工商管理类,8,657,5536
2022,4034,华中科技大学（一流大学建设高校）,017,经济学类,10,652,7166
2022,4034,华中科技大学（一流大学建设高校）,018,国际商务(英语二学位),4,654,6449
2022,4034,华中科技大学（一流大学建设高校）,019,新闻传播学类,4,659,4746
2022,4034,华中科技大学（一流大学建设高校）,020,电气工程及其自动化(电气卓越计划实验班),2,664,3345
2022,4034,华中科技大学（一流大学建设高校）,021,生物科学(国家科教协同计划贝时璋菁英班),3,656,5728
2022,4034,华中科技大学（一流大学建设高校）,022,生物科学(中外合作办学),10,641,12597
2022,4034,华中科技大学（一流大学建设高校）,023,临床医学(本博贯通培养),4,673,1570
2022,4034,华中科技大学（一流大学建设高校）,024,临床医学类,20,662,3855
2022,4034,华中科技大学（一流大学建设高校）,025,数学类,3,656,5683
2022,4034,华中科技大学（一流大学建设高校）,026,经济学(经济学创新实验班),2,653,6973
2022,4034,华中科技大学（一流大学建设高校）,027,机械设计制造及其自动化(未来技术学院),3,668,2423
2022,4035,文华学院(民办),002,工程管理,2,523,139979
2022,4035,文华学院(民办),005,建筑学,2,552,104741
2022,4035,文华学院(民办),006,城乡规划,2,546,111633
2022,4035,文华学院(民办),009,土木工程,2,515,149997
2022,4035,文华学院(民办),010,给排水科学与工程,2,515,149313
2022,4035,文华学院(民办),011,电气工程及其自动化,2,516,148401
2022,4035,文华学院(民办),012,智能电网信息工程,2,511,154695
2022,4035,文华学院(民办),013,机器人工程,2,515,149711
2022,4035,文华学院(民办),014,机械设计制造及其自动化,2,519,145273
2022,4035,文华学院(民办),015,能源与动力工程(新能源),2,523,139544
2022,4035,文华学院(民办),016,智能制造工程,2,511,153977
2022,4035,文华学院(民办),017,财务管理,2,542,117300
2022,4035,文华学院(民办),018,电子商务,2,540,118948
2022,4035,文华学院(民办),019,工商管理,2,541,117770
2022,4035,文华学院(民办),020,国际经济与贸易,2,542,117545
2022,4035,文华学院(民办),021,会计学,2,544,114257
2022,4035,文华学院(民办),022,金融学,2,543,115276
2022,4035,文华学院(民办),023,法学,2,547,111442
2022,4035,文华学院(民办),024,广告学,2,549,108722
2022,4035,文华学院(民办),025,网络与新媒体,2,551,106069
2022,4035,文华学院(民办),026,新闻学,2,549,108920
2022,4035,文华学院(民办),027,电子信息工程(智能信息处理与应用),2,521,141985
2022,4035,文华学院(民办),028,光电信息科学与工程(5G通信智能光网络技术),2,519,144727
2022,4035,文华学院(民办),029,计算机科学与技术,2,534,126164
2022,4035,文华学院(民办),030,软件工程,2,527,134871
2022,4035,文华学院(民办),031,通信工程(智能技术与5G应用),2,521,142207
2022,4035,文华学院(民办),032,翻译,2,543,116220
2022,4035,文华学院(民办),033,英语,2,547,111387
2022,4035,文华学院(民办),034,日语,2,537,123045
2022,4035,文华学院(民办),501,工程造价,6,497,
2022,4035,文华学院(民办),504,大数据与财务管理,5,497,
2022,4035,文华学院(民办),506,应用英语,4,497,169625
2022,4035,文华学院(民办),507,计算机应用技术(中软国际大数据卓越班),15,497,
2022,4036,武昌首义学院(民办),001,计算机科学与技术,2,534,126687
2022,4036,武昌首义学院(民办),002,软件工程,2,538,121487
2022,4036,武昌首义学院(民办),003,物联网工程,1,533,127794
2022,4036,武昌首义学院(民办),004,电子信息工程,1,527,135318
2022,4036,武昌首义学院(民办),005,数据科学与大数据技术,2,524,138416
2022,4036,武昌首义学院(民办),006,计算机科学与技术(华为云特色班),1,542,116707
2022,4036,武昌首义学院(民办),007,软件工程(华为云特色班),1,532,128602
2022,4036,武昌首义学院(民办),008,通信工程,1,534,126641
2022,4036,武昌首义学院(民办),009,物联网工程(腾讯云精英班),1,530,131554
2022,4036,武昌首义学院(民办),010,电气工程及其自动化,1,528,134592
2022,4036,武昌首义学院(民办),011,机械电子工程,2,520,143591
2022,4036,武昌首义学院(民办),012,自动化(智能制造方向),1,520,143210
2022,4036,武昌首义学院(民办),013,机械设计制造及其自动化(智能制造方向),1,526,135934
2022,4036,武昌首义学院(民办),014,机器人工程,1,529,132625
2022,4036,武昌首义学院(民办),015,土木工程,2,516,148363
2022,4036,武昌首义学院(民办),016,给排水科学与工程,1,514,150668
2022,4036,武昌首义学院(民办),017,工程造价,1,518,145776
2022,4036,武昌首义学院(民办),018,智能建造,2,515,149735
2022,4036,武昌首义学院(民办),019,外国语言文学类,3,549,108409
2022,4036,武昌首义学院(民办),020,金融学,2,546,111486
2022,4036,武昌首义学院(民办),021,财务管理,3,551,106354
2022,4036,武昌首义学院(民办),022,会计学,1,554,102058
2022,4036,武昌首义学院(民办),023,金融科技,2,544,114202
2022,4036,武昌首义学院(民办),024,会计学(英国皇家特许管理会计师方向),1,547,110395
2022,4036,武昌首义学院(民办),025,市场营销(数字化营销方向),3,542,117533
2022,4036,武昌首义学院(民办),026,法学,3,551,105949
2022,4036,武昌首义学院(民办),027,新闻学(智能新闻传播方向),3,552,105218
2022,4036,武昌首义学院(民办),028,网络与新媒体,3,556,100222
2022,4036,武昌首义学院(民办),029,汉语言文学,3,556,100088
2022,4036,武昌首义学院(民办),501,大数据与财务管理(腾讯云特色班),7,499,167579
2022,4036,武昌首义学院(民办),502,市场营销(腾讯云特色班),6,497,
2022,4036,武昌首义学院(民办),503,计算机应用技术(华为云特色班),7,509,156915
2022,4036,武昌首义学院(民办),504,机电一体化技术(工业机器人方向),6,501,165441
2022,4036,武昌首义学院(民办),505,电气自动化技术(工业机器人方向),6,497,
2022,4036,武昌首义学院(民办),506,建筑工程技术(智能建造方向),6,497,
2022,4036,武昌首义学院(民办),507,现代通信技术,6,497,
2022,4036,武昌首义学院(民办),508,计算机应用技术(腾讯云特色班),6,497,
2022,4037,华中农业大学（一流学科建设高校）,001,生物科学类,17,632,18477
2022,4037,华中农业大学（一流学科建设高校）,002,生物工程,10,628,21681
2022,4037,华中农业大学（一流学科建设高校）,003,计算机类,4,632,18577
2022,4037,华中农业大学（一流学科建设高校）,004,食品科学与工程类,15,626,23184
2022,4037,华中农业大学（一流学科建设高校）,005,农业工程类,19,616,31555
2022,4037,华中农业大学（一流学科建设高校）,006,机械类,21,619,28709
2022,4037,华中农业大学（一流学科建设高校）,007,园林(国家卓越农林人才计划),4,631,18892
2022,4037,华中农业大学（一流学科建设高校）,008,园艺(国家卓越农林人才计划),8,628,21568
2022,4037,华中农业大学（一流学科建设高校）,009,林学,3,627,22061
2022,4037,华中农业大学（一流学科建设高校）,010,茶学,4,624,24767
2022,4037,华中农业大学（一流学科建设高校）,011,风景园林,3,636,15887
2022,4037,华中农业大学（一流学科建设高校）,012,设施农业科学与工程,7,623,25882
2022,4037,华中农业大学（一流学科建设高校）,013,水产类,14,620,28415
2022,4037,华中农业大学（一流学科建设高校）,014,动物科学(国家卓越农林人才计划),5,626,22862
2022,4037,华中农业大学（一流学科建设高校）,015,动物医学,7,632,18388
2022,4037,华中农业大学（一流学科建设高校）,016,植物生产类,14,622,25998
2022,4037,华中农业大学（一流学科建设高校）,017,智慧农业,10,633,18004
2022,4037,华中农业大学（一流学科建设高校）,018,环境科学与工程类,10,624,24945
2022,4037,华中农业大学（一流学科建设高校）,019,社会学类,8,635,16725
2022,4037,华中农业大学（一流学科建设高校）,020,法学,4,641,12851
2022,4037,华中农业大学（一流学科建设高校）,021,广告学,4,636,16063
2022,4037,华中农业大学（一流学科建设高校）,022,经济学类,9,636,15824
2022,4037,华中农业大学（一流学科建设高校）,023,工商管理类,5,637,15518
2022,4037,华中农业大学（一流学科建设高校）,024,外国语言文学类,3,635,16554
2022,4037,华中农业大学（一流学科建设高校）,025,公共管理类,2,639,14158
2022,4037,华中农业大学（一流学科建设高校）,026,管理科学与工程类,10,621,27137
2022,4038,武汉设计工程学院(民办),010,食品科学与工程,2,538,121281
2022,4038,武汉设计工程学院(民办),011,园林,2,533,128420
2022,4038,武汉设计工程学院(民办),012,商务英语,2,532,129596
2022,4039,华中师范大学（一流学科建设高校）,001,教育学类,4,653,6846
2022,4039,华中师范大学（一流学科建设高校）,005,心理学类,2,650,8364
2022,4039,华中师范大学（一流学科建设高校）,006,法学类,2,651,7837
2022,4039,华中师范大学（一流学科建设高校）,008,马克思主义理论类,1,657,5584
2022,4039,华中师范大学（一流学科建设高校）,010,中国语言文学类,2,658,5038
2022,4039,华中师范大学（一流学科建设高校）,012,日语,2,645,10744
2022,4039,华中师范大学（一流学科建设高校）,013,朝鲜语(韩语),2,642,12417
2022,4039,华中师范大学（一流学科建设高校）,016,数学类,1,653,6966
2022,4039,华中师范大学（一流学科建设高校）,017,统计学,2,645,10438
2022,4039,华中师范大学（一流学科建设高校）,019,物理学(基地班),2,648,9143
2022,4039,华中师范大学（一流学科建设高校）,020,物理学类,2,646,9879
2022,4039,华中师范大学（一流学科建设高校）,021,电子信息类,4,640,13446
2022,4039,华中师范大学（一流学科建设高校）,023,化学类,4,648,8999
2022,4039,华中师范大学（一流学科建设高校）,025,生物科学类,4,649,8783
2022,4039,华中师范大学（一流学科建设高校）,027,新闻传播学类,2,651,7885
2022,4039,华中师范大学（一流学科建设高校）,028,计算机类,7,640,13317
2022,4039,华中师范大学（一流学科建设高校）,030,教育技术学,3,645,10830
2022,4039,华中师范大学（一流学科建设高校）,031,数字媒体技术,2,642,12007
2022,4039,华中师范大学（一流学科建设高校）,032,数据科学与大数据技术,2,642,12221
2022,4039,华中师范大学（一流学科建设高校）,033,管理科学与工程类,2,637,15282
2022,4039,华中师范大学（一流学科建设高校）,034,经济学类,4,647,9597
2022,4039,华中师范大学（一流学科建设高校）,035,金融工程,2,641,12552
2022,4039,华中师范大学（一流学科建设高校）,036,房地产开发与管理,4,623,25276
2022,4039,华中师范大学（一流学科建设高校）,037,社会学类,2,649,8763
2022,4039,华中师范大学（一流学科建设高校）,038,公共管理类,2,648,9251
2022,4039,华中师范大学（一流学科建设高校）,039,政治学类,2,656,5888
2022,4040,汉口学院(民办),001,法学,8,543,116060
2022,4040,汉口学院(民办),002,英语,5,537,123645
2022,4040,汉口学院(民办),003,网络与新媒体,5,544,114629
2022,4042,黄冈职业技术学院,501,临床医学,10,500,166882
2022,4042,黄冈职业技术学院,502,口腔医学,14,511,154143
2022,4042,黄冈职业技术学院,503,药学,5,497,
2022,4042,黄冈职业技术学院,504,医学检验技术,4,497,
2022,4042,黄冈职业技术学院,506,护理,10,497,
2022,4043,湖北理工学院,001,应用化学,2,556,100258
2022,4043,湖北理工学院,002,材料类,2,538,121736
2022,4043,湖北理工学院,003,环境工程(荆楚卓越计划),2,544,114371
2022,4043,湖北理工学院,004,能源与环境系统工程,2,557,99111
2022,4043,湖北理工学院,005,安全工程,2,551,106216
2022,4045,荆楚理工学院,001,应用物理学,3,540,119353
2022,4045,荆楚理工学院,004,数字媒体技术(中外合作办学),5,514,150322
2022,4045,荆楚理工学院,501,电气自动化技术,3,519,144778
2022,4045,荆楚理工学院,502,应用化工技术,5,512,153133
2022,4045,荆楚理工学院,503,印刷数字图文技术,2,514,150827
2022,4045,荆楚理工学院,504,护理,5,520,143143
2022,4045,荆楚理工学院,505,大数据与会计,5,511,154815
2022,4047,荆州职业技术学院,508,口腔医学技术,10,497,
2022,4047,荆州职业技术学院,512,动物医学,10,497,
2022,4048,三峡大学,001,建筑类,2,593,55998
2022,4048,三峡大学,002,材料类,4,568,84892
2022,4048,三峡大学,003,电气工程及其自动化,4,624,24768
2022,4048,三峡大学,004,计算机类,6,594,54178
2022,4048,三峡大学,005,国际经济与贸易,2,582,67882
2022,4048,三峡大学,006,财务管理,6,586,63229
2022,4048,三峡大学,007,临床医学,4,592,56494
2022,4049,三峡大学科技学院(独立学院),001,水利水电工程,3,527,135410
2022,4049,三峡大学科技学院(独立学院),002,土木类,1,519,144450
2022,4049,三峡大学科技学院(独立学院),003,机械设计制造及其自动化,1,520,143255
2022,4049,三峡大学科技学院(独立学院),004,电气工程及其自动化(含电力系统、输电线路工程方向),2,532,128632
2022,4049,三峡大学科技学院(独立学院),005,计算机类,2,524,138554
2022,4049,三峡大学科技学院(独立学院),006,临床医学,8,557,98550
2022,4049,三峡大学科技学院(独立学院),007,国际经济与贸易,2,539,120841
2022,4049,三峡大学科技学院(独立学院),008,金融学,2,542,117304
2022,4049,三峡大学科技学院(独立学院),009,财务管理,2,543,115548
2022,4049,三峡大学科技学院(独立学院),010,工商管理类,1,543,116066
2022,4049,三峡大学科技学院(独立学院),011,英语(含商务方向、教育方向),2,551,106341
2022,4049,三峡大学科技学院(独立学院),012,法学,2,547,111405
2022,4051,荆州理工职业学院,513,小学教育(师范),10,497,
2022,4053,随州职业技术学院,501,临床医学,50,497,
2022,4055,武汉大学（一流大学建设高校）,001,中国语言文学类(含中国语言文学国家拔尖学生培养基地),2,663,3588
2022,4055,武汉大学（一流大学建设高校）,002,历史学类(含历史学国家拔尖学生培养基地),2,662,3770
2022,4055,武汉大学（一流大学建设高校）,003,外国语言文学类,2,662,3977
2022,4055,武汉大学（一流大学建设高校）,004,经济学类(含经济学国家拔尖学生培养基地),6,663,3584
2022,4055,武汉大学（一流大学建设高校）,005,工商管理类,8,654,6584
2022,4055,武汉大学（一流大学建设高校）,006,公共管理类,4,661,4115
2022,4055,武汉大学（一流大学建设高校）,008,数学类(含数学国家拔尖学生培养基地),3,662,3942
2022,4055,武汉大学（一流大学建设高校）,009,物理学类(含物理学国家拔尖学生培养基地),6,657,5315
2022,4055,武汉大学（一流大学建设高校）,010,化学类(含化学国家拔尖学生培养基地),2,655,6227
2022,4055,武汉大学（一流大学建设高校）,011,生物科学类(含生物国家拔尖学生培养基地),3,655,6172
2022,4055,武汉大学（一流大学建设高校）,012,建筑学(中外合作办学),2,650,8305
2022,4055,武汉大学（一流大学建设高校）,013,计算机类(国家网络安全学院),12,661,4169
2022,4055,武汉大学（一流大学建设高校）,014,理科试验班(弘毅学堂),2,667,2524
2022,4055,武汉大学（一流大学建设高校）,015,哲学类(含哲学国家拔尖学生培养基地),2,663,3631
2022,4055,武汉大学（一流大学建设高校）,016,新闻传播学类(含卓越新闻传播人才教育培养计划),4,663,3450
2022,4055,武汉大学（一流大学建设高校）,017,法学(含国际法试验班),6,672,1623
2022,4055,武汉大学（一流大学建设高校）,018,理科试验班(空间信息与资源环境类),2,655,5995
2022,4055,武汉大学（一流大学建设高校）,019,信息管理与信息系统,2,657,5375
2022,4055,武汉大学（一流大学建设高校）,020,人文科学试验班(弘毅学堂),2,663,3633
2022,4055,武汉大学（一流大学建设高校）,021,金融学类(弘毅学堂数理经济与数理金融试验班),2,668,2321
2022,4055,武汉大学（一流大学建设高校）,022,临床医学(本博融通),4,670,1931
2022,4055,武汉大学（一流大学建设高校）,023,口腔医学,3,672,1673
2022,4055,武汉大学（一流大学建设高校）,024,口腔医学(5+3一体化),2,670,2005
2022,4055,武汉大学（一流大学建设高校）,025,临床医学(5+3一体化),6,665,3000
2022,4055,武汉大学（一流大学建设高校）,026,计算机类(计算机学院),20,662,3904
2022,4055,武汉大学（一流大学建设高校）,027,电子信息类(含卓越工程师教育培养计划),18,656,5819
2022,4055,武汉大学（一流大学建设高校）,028,测绘类(含卓越工程师教育培养计划),2,654,6574
2022,4055,武汉大学（一流大学建设高校）,029,遥感科学与技术,2,655,6198
2022,4055,武汉大学（一流大学建设高校）,030,临床医学类,5,657,5363
2022,4055,武汉大学（一流大学建设高校）,031,国际经济与贸易(弘毅学堂数字贸易与金融试验班),2,663,3554
2022,4055,武汉大学（一流大学建设高校）,032,工科试验班(A电气类卓越工程师培养计划),4,660,4483
2022,4055,武汉大学（一流大学建设高校）,033,工科试验班(A智能机器人试验班),3,662,3730
2022,4055,武汉大学（一流大学建设高校）,034,工科试验班(B含卓越工程师教育培养计划),9,655,5998
2022,4055,武汉大学（一流大学建设高校）,035,工科试验班(弘毅学堂),4,668,2289
2022,4056,武汉晴川学院(民办),001,机械电子工程(智能机器人及编程),2,521,142074
2022,4056,武汉晴川学院(民办),002,物联网工程,2,514,150489
2022,4056,武汉晴川学院(民办),003,计算机科学与技术,2,529,133257
2022,4056,武汉晴川学院(民办),004,英语,2,541,118665
2022,4056,武汉晴川学院(民办),005,商务英语,2,533,127929
2022,4056,武汉晴川学院(民办),006,翻译,2,538,121961
2022,4056,武汉晴川学院(民办),007,学前教育,2,550,107638
2022,4056,武汉晴川学院(民办),008,国际经济与贸易,2,530,131438
2022,4056,武汉晴川学院(民办),009,电子商务,2,532,129241
2022,4056,武汉晴川学院(民办),010,市场营销,2,533,128427
2022,4056,武汉晴川学院(民办),011,物流管理,2,536,124112
2022,4056,武汉晴川学院(民办),012,金融科技,2,531,130435
2022,4056,武汉晴川学院(民办),013,会计学,2,538,121300
2022,4056,武汉晴川学院(民办),014,财务管理,4,536,124010
2022,4056,武汉晴川学院(民办),015,新闻学,2,543,115559
2022,4056,武汉晴川学院(民办),501,电子商务,7,498,168189
2022,4056,武汉晴川学院(民办),503,供用电技术,6,497,
2022,4056,武汉晴川学院(民办),504,电子信息工程技术,6,507,158973
2022,4058,武汉工程大学,001,电气工程及其自动化,2,603,44343
2022,4058,武汉工程大学,002,电子信息工程(含集成电路设计、模式识别与智能系统方向),2,601,46407
2022,4058,武汉工程大学,003,通信工程(融合通信与智慧互联方向),2,599,48606
2022,4058,武汉工程大学,004,会计学(含大数据会计、智能财务方向),2,602,45918
2022,4058,武汉工程大学,005,计算机类,4,602,45777
2022,4058,武汉工程大学,006,软件工程,2,601,46299
2022,4058,武汉工程大学,007,人工智能,2,601,46543
2022,4058,武汉工程大学,008,法学类,4,611,36828
2022,4058,武汉工程大学,009,数据科学与大数据技术,2,599,48640
2022,4058,武汉工程大学,010,英语(含文化传播、英语教育、商务方向),2,597,51467
2022,4059,武汉工程大学邮电与信息工程学院(独立学院),001,过程装备与控制工程(数字化制造方向),2,515,149829
2022,4059,武汉工程大学邮电与信息工程学院(独立学院),002,自动化(AI方向),2,519,144893
2022,4059,武汉工程大学邮电与信息工程学院(独立学院),003,自动化(物联网方向),2,520,143253
2022,4059,武汉工程大学邮电与信息工程学院(独立学院),004,计算机科学与技术,8,526,136523
2022,4059,武汉工程大学邮电与信息工程学院(独立学院),005,计算机科学与技术(AI方向),3,524,138315
2022,4059,武汉工程大学邮电与信息工程学院(独立学院),006,软件工程,3,522,140775
2022,4059,武汉工程大学邮电与信息工程学院(独立学院),007,软件工程(大数据与云计算方向),2,528,134324
2022,4059,武汉工程大学邮电与信息工程学院(独立学院),008,通信工程(移动通信方向),2,517,146903
2022,4059,武汉工程大学邮电与信息工程学院(独立学院),009,网络工程(物联网方向),3,518,145540
2022,4059,武汉工程大学邮电与信息工程学院(独立学院),010,高分子材料与工程,2,539,120045
2022,4059,武汉工程大学邮电与信息工程学院(独立学院),011,高分子材料与工程(光电信息材料方向),4,537,123286
2022,4059,武汉工程大学邮电与信息工程学院(独立学院),012,国际经济与贸易(跨境电商方向),3,531,130625
2022,4059,武汉工程大学邮电与信息工程学院(独立学院),013,法学,6,545,113601
2022,4059,武汉工程大学邮电与信息工程学院(独立学院),014,英语,3,535,126064
2022,4060,武汉工程职业技术学院,507,大数据与会计,2,497,
2022,4061,武汉轻工大学,001,食品科学与工程类,4,576,75451
2022,4061,武汉轻工大学,002,生物工程类,3,573,79621
2022,4061,武汉轻工大学,003,化学工程与工艺,2,579,71804
2022,4061,武汉轻工大学,004,材料化学(先进材料方向),2,576,75699
2022,4061,武汉轻工大学,005,机械类,4,574,77589
2022,4061,武汉轻工大学,006,动物药学(国家卓越农林计划),2,575,76549
2022,4061,武汉轻工大学,007,电子信息类,3,579,72032
2022,4061,武汉轻工大学,008,自动化,2,587,62217
2022,4061,武汉轻工大学,009,计算机类,3,585,64863
2022,4061,武汉轻工大学,010,工商管理类,5,580,71392
2022,4061,武汉轻工大学,011,物流管理(新文科试点专业),2,578,73384
2022,4061,武汉轻工大学,012,金融学(大数据金融实验班),2,590,58694
2022,4061,武汉轻工大学,013,建筑学,2,588,60853
2022,4061,武汉轻工大学,015,外国语言文学类,2,581,69237
2022,4061,武汉轻工大学,016,人工智能,2,582,67959
2022,4061,武汉轻工大学,017,广告学(中外合作办学),5,567,86533
2022,4062,武昌工学院(民办),002,投资学(数字金融方向),4,529,132235
2022,4062,武昌工学院(民办),003,国际经济与贸易,5,528,134538
2022,4062,武昌工学院(民办),004,学前教育,5,541,117943
2022,4062,武昌工学院(民办),005,小学教育,5,543,115435
2022,4062,武昌工学院(民办),006,机械设计制造及其自动化,5,513,152061
2022,4062,武昌工学院(民办),007,软件工程,5,518,145851
2022,4062,武昌工学院(民办),008,土木工程,5,508,157363
2022,4062,武昌工学院(民办),009,建筑学,4,533,127742
2022,4062,武昌工学院(民办),010,工商管理,4,528,133778
2022,4062,武昌工学院(民办),011,会计学(注册会计师方向),5,536,124322
2022,4062,武昌工学院(民办),012,电子商务,4,529,132607
2022,4062,武昌工学院(民办),501,工程造价(工程财务方向),7,497,
2022,4062,武昌工学院(民办),505,大数据与会计,3,497,
2022,4066,武汉警官职业学院,501,计算机应用技术,2,508,157510
2022,4066,武汉警官职业学院,502,计算机网络技术,2,508,157291
2022,4066,武汉警官职业学院,503,区块链技术应用,2,500,166133
2022,4066,武汉警官职业学院,504,法律事务,2,515,149724
2022,4066,武汉警官职业学院,505,法律文秘,2,510,155485
2022,4066,武汉警官职业学院,506,刑事执行,6,511,153989
2022,4066,武汉警官职业学院,507,行政执行,2,509,156822
2022,4066,武汉警官职业学院,508,司法警务,2,517,147763
2022,4066,武汉警官职业学院,509,刑事侦查技术,4,513,152323
2022,4066,武汉警官职业学院,510,司法鉴定技术,2,520,144028
2022,4066,武汉警官职业学院,511,司法信息安全,2,510,155987
2022,4066,武汉警官职业学院,512,智能安防运营管理,2,497,
2022,4067,武汉科技大学,001,机械类,10,598,50285
2022,4067,武汉科技大学,002,计算机类,16,607,40529
2022,4067,武汉科技大学,003,自动化类,16,603,44156
2022,4067,武汉科技大学,004,建筑类,5,611,36351
2022,4067,武汉科技大学,005,土木类,5,597,50743
2022,4067,武汉科技大学,006,工程力学,2,597,50768
2022,4067,武汉科技大学,007,机械类(汽车),2,598,50309
2022,4067,武汉科技大学,008,应用化学,3,597,51068
2022,4067,武汉科技大学,009,化工与制药类,6,595,53009
2022,4067,武汉科技大学,010,工商管理类,13,597,51663
2022,4067,武汉科技大学,011,外国语言文学类,9,595,53682
2022,4067,武汉科技大学,012,德语,4,594,54914
2022,4067,武汉科技大学,013,经济与贸易类,6,598,49978
2022,4067,武汉科技大学,014,法学类,7,613,34801
2022,4068,武汉城市学院(民办),001,国际经济与贸易,3,543,116116
2022,4068,武汉城市学院(民办),002,英语,4,538,122437
2022,4068,武汉城市学院(民办),003,日语,4,533,128472
2022,4068,武汉城市学院(民办),004,信息与计算科学,1,529,132440
2022,4068,武汉城市学院(民办),005,应用化学,1,544,114910
2022,4068,武汉城市学院(民办),006,机械设计制造及其自动化,3,530,131247
2022,4068,武汉城市学院(民办),007,机械电子工程,1,529,133025
2022,4068,武汉城市学院(民办),008,智能车辆工程,1,524,138767
2022,4068,武汉城市学院(民办),009,电气工程及其自动化,3,527,135288
2022,4068,武汉城市学院(民办),010,自动化,1,531,130143
2022,4068,武汉城市学院(民办),011,机器人工程,1,536,124576
2022,4068,武汉城市学院(民办),012,计算机科学与技术,4,530,131239
2022,4068,武汉城市学院(民办),013,软件工程,4,540,118839
2022,4068,武汉城市学院(民办),014,土木工程,2,527,134807
2022,4068,武汉城市学院(民办),015,给排水科学与工程,1,524,138869
2022,4068,武汉城市学院(民办),016,环境工程,1,554,101952
2022,4068,武汉城市学院(民办),017,建筑学,2,555,100625
2022,4068,武汉城市学院(民办),018,城乡规划,3,549,108744
2022,4068,武汉城市学院(民办),019,药物制剂,1,554,101913
2022,4068,武汉城市学院(民办),020,信息管理与信息系统,2,524,138877
2022,4068,武汉城市学院(民办),021,工程管理,1,523,139896
2022,4068,武汉城市学院(民办),022,工程造价,2,524,138377
2022,4068,武汉城市学院(民办),023,工商管理,3,545,113869
2022,4068,武汉城市学院(民办),024,市场营销,2,531,129812
2022,4068,武汉城市学院(民办),025,会计学,3,548,109744
2022,4068,武汉城市学院(民办),026,财务管理,3,542,116451
2022,4068,武汉城市学院(民办),027,人力资源管理,2,543,116048
2022,4068,武汉城市学院(民办),028,物流管理,3,539,121150
2022,4068,武汉城市学院(民办),029,电子商务,2,538,122436
2022,4069,武昌理工学院(民办),001,投资学(金融方向),4,529,133126
2022,4069,武昌理工学院(民办),002,电气工程及其自动化,2,511,153938
2022,4069,武昌理工学院(民办),003,机器人工程,2,511,154442
2022,4069,武昌理工学院(民办),004,生物工程,2,538,121863
2022,4069,武昌理工学院(民办),005,卫生检验与检疫,2,540,119917
2022,4069,武昌理工学院(民办),006,护理学,2,549,108123
2022,4069,武昌理工学院(民办),007,工商管理(精英班),19,525,137487
2022,4069,武昌理工学院(民办),502,工程造价,5,497,
2022,4069,武昌理工学院(民办),503,生物制药技术,3,498,168874
2022,4069,武昌理工学院(民办),505,空中乘务,4,497,
2022,4069,武昌理工学院(民办),506,计算机网络技术,3,508,157977
2022,4070,武汉纺织大学,009,材料类,4,563,91524
2022,4070,武汉纺织大学,010,纺织类,10,559,95602
2022,4070,武汉纺织大学,011,信息管理与信息系统,5,567,86718
2022,4070,武汉纺织大学,012,化学类,8,561,93639
2022,4070,武汉纺织大学,013,环境科学与工程类,6,567,86792
2022,4070,武汉纺织大学,014,会计学(ACCA),6,584,66395
2022,4070,武汉纺织大学,015,会计学(注册会计师),6,587,63099
2022,4070,武汉纺织大学,016,工程造价,4,562,92060
2022,4070,武汉纺织大学,017,国际经济与贸易,5,577,74677
2022,4070,武汉纺织大学,018,金融学类,3,584,66617
2022,4070,武汉纺织大学,019,人工智能,5,575,76425
2022,4070,武汉纺织大学,020,自动化类,4,571,81817
2022,4070,武汉纺织大学,021,大数据管理与应用,4,565,88539
2022,4071,武汉纺织大学外经贸学院(独立学院),001,工商管理,4,529,133406
2022,4071,武汉纺织大学外经贸学院(独立学院),002,市场营销,3,527,135061
2022,4071,武汉纺织大学外经贸学院(独立学院),003,会计学(注册会计师),4,536,124160
2022,4071,武汉纺织大学外经贸学院(独立学院),004,财务管理,3,532,128785
2022,4071,武汉纺织大学外经贸学院(独立学院),005,国际经济与贸易,3,529,132648
2022,4071,武汉纺织大学外经贸学院(独立学院),006,跨境电子商务,4,528,134203
2022,4071,武汉纺织大学外经贸学院(独立学院),007,英语,4,530,131593
2022,4071,武汉纺织大学外经贸学院(独立学院),008,机械设计制造及其自动化,2,511,154528
2022,4071,武汉纺织大学外经贸学院(独立学院),009,电气工程及其自动化,2,510,155096
2022,4071,武汉纺织大学外经贸学院(独立学院),010,计算机科学与技术,2,511,154037
2022,4071,武汉纺织大学外经贸学院(独立学院),011,日语,4,527,135384
2022,4071,武汉纺织大学外经贸学院(独立学院),506,机电一体化技术,2,497,
2022,4072,武汉理工大学（一流学科建设高校）,001,机械工程(智能制造本硕实验班),5,639,13928
2022,4072,武汉理工大学（一流学科建设高校）,002,电子信息类(通信本硕实验班),5,642,12227
2022,4072,武汉理工大学（一流学科建设高校）,003,交通运输类(本硕实验班),3,638,14415
2022,4072,武汉理工大学（一流学科建设高校）,004,机械设计制造及其自动化,12,636,16066
2022,4072,武汉理工大学（一流学科建设高校）,005,物流管理与工程类,8,629,20756
2022,4072,武汉理工大学（一流学科建设高校）,006,海洋工程类,5,629,20728
2022,4072,武汉理工大学（一流学科建设高校）,008,机械类(车辆),13,633,17494
2022,4072,武汉理工大学（一流学科建设高校）,009,材料成型及控制工程,5,633,17540
2022,4072,武汉理工大学（一流学科建设高校）,010,机械类(智能制造),15,635,16601
2022,4072,武汉理工大学（一流学科建设高校）,011,土木类,13,630,19962
2022,4072,武汉理工大学（一流学科建设高校）,012,建筑类,5,638,14688
2022,4072,武汉理工大学（一流学科建设高校）,013,地理信息科学,5,635,16285
2022,4072,武汉理工大学（一流学科建设高校）,014,环境科学与工程类,6,629,20643
2022,4072,武汉理工大学（一流学科建设高校）,015,电子信息类,13,641,12835
2022,4072,武汉理工大学（一流学科建设高校）,016,计算机类,16,642,11950
2022,4072,武汉理工大学（一流学科建设高校）,017,自动化类,12,639,13983
2022,4072,武汉理工大学（一流学科建设高校）,018,导航工程,5,631,18912
2022,4072,武汉理工大学（一流学科建设高校）,020,海事管理,5,635,16667
2022,4072,武汉理工大学（一流学科建设高校）,021,数学类,12,638,14554
2022,4072,武汉理工大学（一流学科建设高校）,022,应用化学,5,631,19265
2022,4072,武汉理工大学（一流学科建设高校）,023,化工与制药类(含生物方向),16,632,18856
2022,4072,武汉理工大学（一流学科建设高校）,024,工商管理类,8,639,14025
2022,4072,武汉理工大学（一流学科建设高校）,025,经济学类,8,641,12559
2022,4072,武汉理工大学（一流学科建设高校）,026,电子商务,5,636,16174
2022,4072,武汉理工大学（一流学科建设高校）,029,外国语言文学类,9,637,15445
2022,4072,武汉理工大学（一流学科建设高校）,030,思想政治教育,3,640,13400
2022,4072,武汉理工大学（一流学科建设高校）,031,法学类,7,642,12217
2022,4072,武汉理工大学（一流学科建设高校）,032,管理科学与工程类(大数据管理与安全科学),5,637,14918
2022,4072,武汉理工大学（一流学科建设高校）,033,车辆工程(中外合作办学),3,627,21967
2022,4072,武汉理工大学（一流学科建设高校）,034,金融学(中外合作办学),4,636,15950
2022,4072,武汉理工大学（一流学科建设高校）,035,生物科学类(中外合作办学),10,616,31774
2022,4072,武汉理工大学（一流学科建设高校）,036,材料类,10,634,16939
2022,4072,武汉理工大学（一流学科建设高校）,037,交通运输类,9,632,18196
2022,4073,武汉华夏理工学院(民办),001,工商管理(新媒体运营方向),3,531,130326
2022,4073,武汉华夏理工学院(民办),002,物流管理(供应链方向),4,530,131002
2022,4073,武汉华夏理工学院(民办),003,会计学(智能财务方向),3,534,126913
2022,4073,武汉华夏理工学院(民办),004,经济与金融,3,531,130617
2022,4073,武汉华夏理工学院(民办),005,金融科技,4,529,132561
2022,4073,武汉华夏理工学院(民办),006,电子商务,3,532,129353
2022,4073,武汉华夏理工学院(民办),007,英语(英语教育方向),3,541,117907
2022,4073,武汉华夏理工学院(民办),008,计算机类,7,513,152148
2022,4073,武汉华夏理工学院(民办),009,电子信息工程(智能信息处理与应用方向),4,510,155770
2022,4073,武汉华夏理工学院(民办),010,自动化(智能控制方向),4,509,156022
2022,4073,武汉华夏理工学院(民办),011,数据科学与大数据技术,8,510,155100
2022,4073,武汉华夏理工学院(民办),012,人工智能,5,507,158372
2022,4073,武汉华夏理工学院(民办),013,土木工程,5,504,161958
2022,4073,武汉华夏理工学院(民办),014,工程造价,5,507,158922
2022,4073,武汉华夏理工学院(民办),015,城乡规划,5,534,127124
2022,4073,武汉华夏理工学院(民办),016,机械类,7,509,156510
2022,4073,武汉华夏理工学院(民办),017,生物制药,5,538,122097
2022,4073,武汉华夏理工学院(民办),018,制药工程,4,537,123317
2022,4073,武汉华夏理工学院(民办),019,医学检验技术,6,550,107264
2022,4073,武汉华夏理工学院(民办),020,广告学,3,541,118145
2022,4073,武汉华夏理工学院(民办),025,大数据管理与应用,3,513,151766
2022,4074,武汉民政职业学院,501,现代殡葬技术与管理,2,512,152811
2022,4075,武汉软件工程职业学院,501,软件技术,2,511,153823
2022,4075,武汉软件工程职业学院,502,计算机网络技术,2,497,169415
2022,4077,武汉商学院,501,旅游日语,5,511,154655
2022,4077,武汉商学院,502,酒店管理与数字化运营,5,511,154824
2022,4077,武汉商学院,503,西式烹饪工艺,5,507,158364
2022,4077,武汉商学院,504,烹饪工艺与营养,5,514,151237
2022,4078,武汉生物工程学院(民办),001,生物工程,8,544,114354
2022,4078,武汉生物工程学院(民办),002,生物技术,6,540,119045
2022,4078,武汉生物工程学院(民办),003,医学检验技术,10,552,104736
2022,4078,武汉生物工程学院(民办),004,生物制药,6,543,116135
2022,4078,武汉生物工程学院(民办),005,应用化学,5,536,123896
2022,4078,武汉生物工程学院(民办),006,环境工程,5,538,121893
2022,4078,武汉生物工程学院(民办),007,食品科学与工程类,5,542,116727
2022,4078,武汉生物工程学院(民办),008,制药工程,6,542,116810
2022,4078,武汉生物工程学院(民办),009,中药学,5,550,107080
2022,4078,武汉生物工程学院(民办),010,药学,6,549,108540
2022,4078,武汉生物工程学院(民办),011,护理学,5,551,105893
2022,4078,武汉生物工程学院(民办),012,园林,5,537,123136
2022,4078,武汉生物工程学院(民办),013,园艺,5,534,126261
2022,4078,武汉生物工程学院(民办),014,计算机科学与技术,3,523,140002
2022,4078,武汉生物工程学院(民办),015,网络工程,3,513,151612
2022,4078,武汉生物工程学院(民办),016,数字媒体技术,3,521,142177
2022,4078,武汉生物工程学院(民办),017,大数据管理与应用,2,515,149194
2022,4078,武汉生物工程学院(民办),018,物联网工程,3,511,153767
2022,4078,武汉生物工程学院(民办),019,财务管理,6,534,126552
2022,4078,武汉生物工程学院(民办),020,市场营销,6,529,132756
2022,4078,武汉生物工程学院(民办),021,汉语言文学,5,547,110998
2022,4078,武汉生物工程学院(民办),022,金融工程,6,535,125777
2022,4078,武汉生物工程学院(民办),023,英语,6,533,127382
2022,4078,武汉生物工程学院(民办),024,商务英语,6,530,131794
2022,4078,武汉生物工程学院(民办),025,机械设计制造及其自动化,3,514,150377
2022,4078,武汉生物工程学院(民办),026,机器人工程,2,512,152911
2022,4078,武汉生物工程学院(民办),027,工程造价,2,513,151721
2022,4078,武汉生物工程学院(民办),028,土木工程,2,514,150288
2022,4078,武汉生物工程学院(民办),501,环境工程技术,5,497,
2022,4078,武汉生物工程学院(民办),502,食品检验检测技术,5,497,
2022,4078,武汉生物工程学院(民办),503,药品生物技术,10,497,
2022,4078,武汉生物工程学院(民办),504,药品生产技术,5,497,
2022,4078,武汉生物工程学院(民办),509,计算机应用技术,10,497,
2022,4078,武汉生物工程学院(民办),510,计算机网络技术,5,502,164242
2022,4078,武汉生物工程学院(民办),511,软件技术,10,497,
2022,4078,武汉生物工程学院(民办),512,电子商务,5,497,
2022,4078,武汉生物工程学院(民办),513,大数据与财务管理,10,497,
2022,4078,武汉生物工程学院(民办),514,市场营销,5,497,
2022,4078,武汉生物工程学院(民办),516,商务英语,10,497,
2022,4078,武汉生物工程学院(民办),518,工程造价,10,497,
2022,4079,武汉体育学院,010,应用心理学,2,556,99857
2022,4079,武汉体育学院,011,运动康复,2,583,67229
2022,4079,武汉体育学院,012,教育技术学,2,550,107485
2022,4079,武汉体育学院,013,机械电子工程,2,542,116570
2022,4079,武汉体育学院,014,数据科学与大数据技术,2,535,124944
2022,4079,武汉体育学院,018,英语,2,566,88066
2022,4079,武汉体育学院,019,新闻学,3,572,80273
2022,4080,武汉铁路职业技术学院,501,铁道交通运营管理,3,528,134130
2022,4080,武汉铁路职业技术学院,502,城市轨道交通运营管理,4,507,158963
2022,4080,武汉铁路职业技术学院,503,高速铁路客运服务,2,499,167698
2022,4080,武汉铁路职业技术学院,504,动车组检修技术,2,508,157541
2022,4080,武汉铁路职业技术学院,505,铁道车辆技术,3,497,
2022,4080,武汉铁路职业技术学院,506,城市轨道车辆应用技术,3,501,165224
2022,4080,武汉铁路职业技术学院,507,铁道信号自动控制,3,504,162510
2022,4080,武汉铁路职业技术学院,508,铁道通信与信息化技术,2,506,159486
2022,4080,武汉铁路职业技术学院,509,轨道交通通信信号设备制造与维护,3,497,
2022,4080,武汉铁路职业技术学院,511,铁道工程技术,2,517,147246
2022,4080,武汉铁路职业技术学院,512,城市轨道交通工程技术,2,497,
2022,4080,武汉铁路职业技术学院,513,测绘工程技术,2,497,
2022,4080,武汉铁路职业技术学院,514,高速铁路综合维修技术,2,500,166226
2022,4080,武汉铁路职业技术学院,516,城市轨道交通机电技术,2,500,167048
2022,4080,武汉铁路职业技术学院,524,智能控制技术,3,515,149067
2022,4080,武汉铁路职业技术学院,525,铁路物流管理,2,497,170188
2022,4080,武汉铁路职业技术学院,529,商务数据分析与应用,3,497,
2022,4080,武汉铁路职业技术学院,532,铁道机车运用与维护,3,512,153704
2022,4080,武汉铁路职业技术学院,533,城市轨道交通通信信号技术,2,497,169831
2022,4081,武汉外语外事职业学院(民办),501,商务英语,2,499,168134
2022,4084,武汉职业技术学院,501,软件技术,5,499,167950
2022,4084,武汉职业技术学院,504,商务英语,13,497,
2022,4084,武汉职业技术学院,505,应用英语,5,497,
2022,4084,武汉职业技术学院,506,应用日语,2,504,161874
2022,4084,武汉职业技术学院,507,全媒体广告策划与营销,5,497,
2022,4084,武汉职业技术学院,508,电子信息类,10,497,
2022,4084,武汉职业技术学院,509,自动化类,5,497,
2022,4084,武汉职业技术学院,510,机械设计制造类,10,497,
2022,4084,武汉职业技术学院,511,财务会计类,5,497,
2022,4084,武汉职业技术学院,513,计算机类,15,497,
2022,4084,武汉职业技术学院,514,电子商务类,5,497,
2022,4085,仙桃职业学院,501,临床医学,14,497,
2022,4085,仙桃职业学院,504,小学教育,8,497,169527
2022,4086,湖北科技学院,001,汉语言文学,4,568,85266
2022,4086,湖北科技学院,002,外国语言文学类,4,559,96050
2022,4086,湖北科技学院,003,电子信息类,4,547,110428
2022,4086,湖北科技学院,004,核工程与核技术,4,541,118018
2022,4086,湖北科技学院,005,生物医学工程,2,560,94443
2022,4086,湖北科技学院,006,护理学,2,562,92962
2022,4087,咸宁职业技术学院,511,小学教育(师范),8,507,158303
2022,4087,咸宁职业技术学院,512,小学英语教育(师范),4,502,164687
2022,4087,咸宁职业技术学院,513,小学科学教育(师范),4,500,166268
2022,4088,湖北文理学院,001,法学,3,575,77028
2022,4088,湖北文理学院,002,汉语言文学,3,574,77708
2022,4088,湖北文理学院,003,电子信息类,3,547,111090
2022,4088,湖北文理学院,004,计算机类,4,550,106889
2022,4088,湖北文理学院,005,交通设备与控制工程(智能交通方向),3,540,118954
2022,4088,湖北文理学院,006,机械类,4,541,117713
2022,4088,湖北文理学院,007,食品科学与工程类,2,560,95167
2022,4089,襄阳职业技术学院,501,临床医学,12,502,164659
2022,4089,襄阳职业技术学院,502,口腔医学,11,512,152974
2022,4089,襄阳职业技术学院,503,护理,4,497,
2022,4089,襄阳职业技术学院,504,中医学,2,498,169002
2022,4089,襄阳职业技术学院,505,医学检验技术,4,497,
2022,4089,襄阳职业技术学院,506,医学影像技术,5,501,165545
2022,4089,襄阳职业技术学院,507,康复治疗技术,2,497,
2022,4089,襄阳职业技术学院,509,早期教育(师范),3,497,
2022,4089,襄阳职业技术学院,510,学前教育(师范),3,497,
2022,4089,襄阳职业技术学院,511,小学教育(师范),8,514,150496
2022,4089,襄阳职业技术学院,512,小学语文教育(师范),7,512,153252
2022,4089,襄阳职业技术学院,513,小学英语教育(师范),5,505,161523
2022,4089,襄阳职业技术学院,514,特殊教育(师范),2,500,166856
2022,4090,湖北工程学院,001,英语,2,567,86729
2022,4090,湖北工程学院,002,经济学,2,566,87972
2022,4090,湖北工程学院,003,金融工程,1,563,91770
2022,4090,湖北工程学院,004,电子商务,2,561,93712
2022,4090,湖北工程学院,005,数据科学与大数据技术,1,561,93614
2022,4090,湖北工程学院,006,机械设计制造及其自动化,2,548,109621
2022,4090,湖北工程学院,007,电子信息类,2,548,109598
2022,4090,湖北工程学院,008,计算机类,2,562,92537
2022,4090,湖北工程学院,009,自动化类,1,548,109463
2022,4091,汉江师范学院,001,化学(师范),1,572,80936
2022,4091,汉江师范学院,501,小学教育(师范),9,536,124178
2022,4091,汉江师范学院,502,学前教育(师范),9,518,145725
2022,4091,汉江师范学院,503,小学语文教育(师范),9,523,139804
2022,4091,汉江师范学院,504,小学英语教育(师范),9,522,140713
2022,4091,汉江师范学院,505,旅游管理,6,503,162931
2022,4091,汉江师范学院,506,大数据与会计,8,516,148485
2022,4091,汉江师范学院,507,电子商务,6,512,153552
2022,4091,汉江师范学院,508,小学数学教育(师范),9,523,140310
2022,4092,湖北医药学院,001,临床医学,2,599,48592
2022,4092,湖北医药学院,002,麻醉学,1,594,54446
2022,4092,湖北医药学院,003,医学影像学,2,587,62297
2022,4092,湖北医药学院,004,精神医学,1,582,68047
2022,4092,湖北医药学院,005,儿科学,1,587,62535
2022,4092,湖北医药学院,006,医学检验技术,1,573,79360
2022,4092,湖北医药学院,007,预防医学,2,579,72541
2022,4093,中国地质大学(武汉)（一流学科建设高校）,001,地质学类(国家拔尖计划，国家理科基地班),3,639,13927
2022,4093,中国地质大学(武汉)（一流学科建设高校）,002,地质学类,3,636,15956
2022,4093,中国地质大学(武汉)（一流学科建设高校）,003,地质类(资源能源),11,627,22632
2022,4093,中国地质大学(武汉)（一流学科建设高校）,004,应用化学,2,631,19575
2022,4093,中国地质大学(武汉)（一流学科建设高校）,005,材料类,6,626,22734
2022,4093,中国地质大学(武汉)（一流学科建设高校）,006,环境科学与工程类(环境地球科学类),7,627,22475
2022,4093,中国地质大学(武汉)（一流学科建设高校）,007,地下水科学与工程(中外合作办学),5,613,34579
2022,4093,中国地质大学(武汉)（一流学科建设高校）,008,地球物理学(国家拔尖计划),2,638,14799
2022,4093,中国地质大学(武汉)（一流学科建设高校）,009,海洋科学类,10,622,26688
2022,4093,中国地质大学(武汉)（一流学科建设高校）,010,电子信息类,10,635,16260
2022,4093,中国地质大学(武汉)（一流学科建设高校）,011,自动化类,4,633,17617
2022,4093,中国地质大学(武汉)（一流学科建设高校）,012,经济学类,7,640,13594
2022,4093,中国地质大学(武汉)（一流学科建设高校）,013,英语,2,640,13630
2022,4093,中国地质大学(武汉)（一流学科建设高校）,014,地理科学类,7,636,15899
2022,4093,中国地质大学(武汉)（一流学科建设高校）,015,测绘类(测绘与信息类),3,630,20006
2022,4093,中国地质大学(武汉)（一流学科建设高校）,016,数学类,2,637,15083
2022,4093,中国地质大学(武汉)（一流学科建设高校）,017,宝石及材料工艺学,4,627,22033
2022,4093,中国地质大学(武汉)（一流学科建设高校）,019,计算机类,7,638,14548
2022,4093,中国地质大学(武汉)（一流学科建设高校）,020,计算机科学与技术(中外合作办学)(大数据方向),4,625,23728
2022,4093,中国地质大学(武汉)（一流学科建设高校）,024,思想政治教育,2,641,12873
2022,4094,武汉工程科技学院(民办),001,土木工程,2,520,143894
2022,4094,武汉工程科技学院(民办),002,机械设计制造及其自动化(智能制造方向),2,513,151815
2022,4094,武汉工程科技学院(民办),003,会计学,3,536,124790
2022,4094,武汉工程科技学院(民办),004,金融学,3,530,131650
2022,4094,武汉工程科技学院(民办),005,汉语言文学,5,540,119541
2022,4094,武汉工程科技学院(民办),006,网络与新媒体,5,535,125216
2022,4094,武汉工程科技学院(民办),007,小学教育,5,547,110407
2022,4094,武汉工程科技学院(民办),501,建筑工程技术,5,497,
2022,4094,武汉工程科技学院(民办),502,大数据与会计,5,507,158934
2022,4095,中南财经政法大学（一流学科建设高校）,001,国际政治,2,649,8711
2022,4095,中南财经政法大学（一流学科建设高校）,002,经济学类,2,653,7035
2022,4095,中南财经政法大学（一流学科建设高校）,003,国际商务,1,649,8679
2022,4095,中南财经政法大学（一流学科建设高校）,004,财政学类,6,650,8349
2022,4095,中南财经政法大学（一流学科建设高校）,005,金融学类,9,650,8138
2022,4095,中南财经政法大学（一流学科建设高校）,006,金融学类(保险精算),3,650,8355
2022,4095,中南财经政法大学（一流学科建设高校）,007,管理科学与工程类,4,637,15004
2022,4095,中南财经政法大学（一流学科建设高校）,008,法学类,10,657,5525
2022,4095,中南财经政法大学（一流学科建设高校）,010,外国语言文学类,11,642,12406
2022,4095,中南财经政法大学（一流学科建设高校）,011,法语,2,643,11770
2022,4095,中南财经政法大学（一流学科建设高校）,012,俄语,1,640,13498
2022,4095,中南财经政法大学（一流学科建设高校）,013,新闻传播学类,3,648,8873
2022,4095,中南财经政法大学（一流学科建设高校）,014,汉语言文学,3,649,8549
2022,4095,中南财经政法大学（一流学科建设高校）,015,工商管理类,15,647,9681
2022,4095,中南财经政法大学（一流学科建设高校）,016,经济与贸易类,4,649,8563
2022,4095,中南财经政法大学（一流学科建设高校）,017,工商管理类(会计学院),7,651,7723
2022,4095,中南财经政法大学（一流学科建设高校）,018,公共管理类,12,644,11370
2022,4095,中南财经政法大学（一流学科建设高校）,019,计算机类,3,642,12352
2022,4095,中南财经政法大学（一流学科建设高校）,020,环境工程,1,641,12994
2022,4095,中南财经政法大学（一流学科建设高校）,023,经济管理试验班,6,651,7909
2022,4096,中南民族大学,001,社会学类,3,598,50684
2022,4096,中南民族大学,002,经济学类,2,596,52343
2022,4096,中南民族大学,003,外国语言文学类,5,603,44515
2022,4096,中南民族大学,004,新闻传播学类,3,604,43672
2022,4096,中南民族大学,005,工商管理类,3,595,53409
2022,4096,中南民族大学,006,教育学类,3,595,53992
2022,4096,中南民族大学,007,数学类,6,580,70847
2022,4096,中南民族大学,008,电子信息类,5,585,64708
2022,4096,中南民族大学,009,计算机类,6,586,63660
2022,4096,中南民族大学,010,管理科学与工程类,5,577,74355
2022,4096,中南民族大学,011,材料类,5,572,80038
2022,4096,中南民族大学,012,环境科学与工程类,6,571,81250
2022,4096,中南民族大学,013,药学类,6,577,74460
2022,4097,武汉工商学院(民办),001,人力资源管理(数智化管理精英班),5,533,127502
2022,4097,武汉工商学院(民办),002,财务管理(数智化CMA实验班),6,530,131581
2022,4097,武汉工商学院(民办),003,会计学(注册会计师实验班),6,539,120617
2022,4097,武汉工商学院(民办),004,金融学,10,532,129345
2022,4097,武汉工商学院(民办),005,法学,4,540,119673
2022,4097,武汉工商学院(民办),006,广告学,2,543,116304
2022,4097,武汉工商学院(民办),007,市场营销,3,532,129166
2022,4097,武汉工商学院(民办),008,物流管理(智慧物流),2,531,129830
2022,4097,武汉工商学院(民办),009,物流工程(数字供应链),2,530,131601
2022,4097,武汉工商学院(民办),010,物联网工程,2,512,152703
2022,4097,武汉工商学院(民办),011,微电子科学与工程,2,525,137076
2022,4097,武汉工商学院(民办),012,机器人工程(卓越智能实验班),2,518,146231
2022,4097,武汉工商学院(民办),013,创业管理,2,530,131936
2022,4097,武汉工商学院(民办),014,人工智能,2,516,148110
2022,4097,武汉工商学院(民办),501,财富管理,2,498,169194
2022,4097,武汉工商学院(民办),502,大数据与会计,6,497,
2022,4097,武汉工商学院(民办),503,国际经济与贸易,2,525,137410
2022,4097,武汉工商学院(民办),504,市场营销,2,497,
2022,4097,武汉工商学院(民办),505,电子商务,18,497,
2022,4099,江汉大学,004,金融学,5,587,62643
2022,4110,湖北医药学院药护学院(独立学院),001,临床医学,3,563,90892
2022,4110,湖北医药学院药护学院(独立学院),002,预防医学,3,557,98845
2022,4111,武汉城市职业学院,501,学前教育(师范),6,497,
2022,4114,长江大学文理学院(独立学院),001,新闻传播学类,2,544,114411
2022,4114,长江大学文理学院(独立学院),002,外国语言文学类,2,539,120864
2022,4201,安阳工学院,001,新能源材料与器件,2,551,106053
2022,4201,安阳工学院,002,食品科学与工程,3,553,103189
2022,4201,安阳工学院,003,安全工程,2,531,129863
2022,4201,安阳工学院,004,市场营销,2,557,99113
2022,4201,安阳工学院,005,土木工程(中外合作办学),3,519,144297
2022,4201,安阳工学院,006,电气工程及其自动化(中外合作办学),3,520,143799
2022,4202,安阳师范学院,001,汉语言文学(师范),4,579,72443
2022,4202,安阳师范学院,002,历史学类,4,575,77421
2022,4202,安阳师范学院,003,计算机科学与技术,3,552,104748
2022,4202,安阳师范学院,004,化学(师范),4,568,84906
2022,4202,安阳师范学院,005,物理学(师范),3,554,102018
2022,4202,安阳师范学院,006,法学,4,569,84727
2022,4202,安阳师范学院,007,数学与应用数学(师范),4,555,100915
2022,4202,安阳师范学院,008,社会学,4,559,96285
2022,4203,河南财经政法大学,001,经济与贸易类,2,586,64068
2022,4203,河南财经政法大学,002,工商管理类,2,586,64238
2022,4203,河南财经政法大学,003,金融学类,4,589,60834
2022,4203,河南财经政法大学,004,法学,6,603,44836
2022,4203,河南财经政法大学,005,会计学,2,597,51773
2022,4203,河南财经政法大学,006,经济学类,2,588,61295
2022,4203,河南财经政法大学,007,数学类,2,583,66803
2022,4203,河南财经政法大学,008,金融学(中外合作办学),5,575,77054
2022,4203,河南财经政法大学,009,人文地理与城乡规划(中外合作办学),5,564,90392
2022,4204,郑州商学院(民办),001,工商管理,2,541,118168
2022,4204,郑州商学院(民办),002,财务管理,2,537,123457
2022,4204,郑州商学院(民办),003,市场营销,2,530,132039
2022,4204,郑州商学院(民办),004,国际商务,2,529,133216
2022,4204,郑州商学院(民办),005,会计学,4,540,119856
2022,4204,郑州商学院(民办),006,国际经济与贸易,2,537,123622
2022,4204,郑州商学院(民办),007,投资学,3,529,132580
2022,4206,河南大学（一流学科建设高校）,001,经济学类,4,612,35578
2022,4206,河南大学（一流学科建设高校）,002,法学,3,629,20508
2022,4206,河南大学（一流学科建设高校）,003,中国语言文学类(师范),3,631,19402
2022,4206,河南大学（一流学科建设高校）,004,网络工程,20,594,54324
2022,4206,河南大学（一流学科建设高校）,005,软件工程,10,600,47516
2022,4206,河南大学（一流学科建设高校）,006,公共管理类,3,606,41052
2022,4206,河南大学（一流学科建设高校）,007,日语,3,602,45306
2022,4206,河南大学（一流学科建设高校）,008,俄语,3,600,47981
2022,4206,河南大学（一流学科建设高校）,009,地理科学类,3,625,24130
2022,4206,河南大学（一流学科建设高校）,010,教育学类(师范),4,617,31188
2022,4206,河南大学（一流学科建设高校）,011,药学,3,606,41559
2022,4206,河南大学（一流学科建设高校）,012,临床医学类,3,617,31115
2022,4206,河南大学（一流学科建设高校）,013,工商管理类,4,608,39451
2022,4206,河南大学（一流学科建设高校）,014,旅游管理类,4,600,48069
2022,4207,河南开封科技传媒学院(民办),001,护理学,17,542,117219
2022,4208,河南工业大学,001,材料科学与工程,2,556,99929
2022,4208,河南工业大学,002,会计学(中外合作办学),4,574,77772
2022,4208,河南工业大学,003,道路桥梁与渡河工程,1,561,93417
2022,4208,河南工业大学,004,电气工程及其自动化,2,581,69342
2022,4208,河南工业大学,005,电子商务,2,591,57707
2022,4208,河南工业大学,006,法学,2,597,50778
2022,4208,河南工业大学,007,工程管理,3,564,90339
2022,4208,河南工业大学,008,国际经济与贸易,2,579,72649
2022,4208,河南工业大学,009,化学,4,567,86867
2022,4208,河南工业大学,010,化学工程与工艺,3,567,86746
2022,4208,河南工业大学,011,环境工程,6,560,95113
2022,4208,河南工业大学,012,机械类,4,555,100991
2022,4208,河南工业大学,013,机械设计制造及其自动化,3,562,92038
2022,4208,河南工业大学,014,建筑环境与能源应用工程,1,555,101375
2022,4208,河南工业大学,015,金融学,1,585,65174
2022,4208,河南工业大学,016,经济学,1,585,64793
2022,4208,河南工业大学,017,空间信息与数字技术,2,576,75188
2022,4208,河南工业大学,018,人力资源管理(中外合作办学),5,561,93225
2022,4208,河南工业大学,020,生物工程,4,563,90781
2022,4208,河南工业大学,021,生物技术,2,574,77662
2022,4208,河南工业大学,022,生物技术(中外合作办学),4,556,99911
2022,4208,河南工业大学,023,食品科学与工程(中外合作办学),5,538,122188
2022,4208,河南工业大学,024,市场营销(中外合作办学),3,559,96464
2022,4208,河南工业大学,025,数学与应用数学,1,580,70305
2022,4208,河南工业大学,026,土木工程,4,571,81288
2022,4208,河南工业大学,027,网络与新媒体,1,590,59358
2022,4208,河南工业大学,028,物联网工程(中外合作办学),4,559,95540
2022,4208,河南工业大学,029,物流管理,1,576,76023
2022,4208,河南工业大学,030,新闻传播学类,1,593,55738
2022,4208,河南工业大学,031,英语,1,586,63635
2022,4208,河南工业大学,032,应用化学,4,569,83935
2022,4208,河南工业大学,033,应用物理学,1,580,71251
2022,4208,河南工业大学,034,制药工程,2,569,83634
2022,4208,河南工业大学,035,食品科学与工程类,8,549,108286
2022,4208,河南工业大学,036,机器人工程,2,575,76821
2022,4208,河南工业大学,037,饲料工程,4,554,101980
2022,4208,河南工业大学,038,智能建造,2,569,83650
2022,4210,河南检察职业学院,501,法律文秘,10,498,168982
2022,4211,河南科技大学,001,经济学,1,587,62028
2022,4211,河南科技大学,002,法学类,4,589,60307
2022,4211,河南科技大学,003,英语,4,577,73961
2022,4211,河南科技大学,004,日语,3,573,79238
2022,4211,河南科技大学,005,数学类,6,570,82344
2022,4211,河南科技大学,006,机械类,8,570,82632
2022,4211,河南科技大学,007,材料成型及控制工程,4,566,87314
2022,4211,河南科技大学,008,车辆工程,3,565,88409
2022,4211,河南科技大学,009,能源与动力工程,3,570,83444
2022,4211,河南科技大学,010,电子信息类,2,585,64343
2022,4211,河南科技大学,011,电子科学与技术,2,579,71889
2022,4211,河南科技大学,012,自动化,2,580,70505
2022,4211,河南科技大学,013,计算机科学与技术,2,589,60262
2022,4211,河南科技大学,014,物联网工程,2,583,66981
2022,4211,河南科技大学,015,土木工程,4,563,91097
2022,4211,河南科技大学,016,建筑环境与能源应用工程,4,565,88490
2022,4211,河南科技大学,017,化学工程与工艺,4,566,87880
2022,4211,河南科技大学,018,制药工程,4,573,79469
2022,4211,河南科技大学,019,生物医学工程,4,570,83224
2022,4211,河南科技大学,020,建筑类,6,581,69911
2022,4211,河南科技大学,021,临床医学,4,600,48187
2022,4211,河南科技大学,022,法医学,4,585,65325
2022,4211,河南科技大学,023,医学检验技术,4,579,72480
2022,4211,河南科技大学,024,信息管理与信息系统,4,572,80003
2022,4211,河南科技大学,025,工商管理类,8,578,73361
2022,4211,河南科技大学,026,会计学,4,584,66071
2022,4212,河南理工大学,001,自动化类,2,578,73309
2022,4212,河南理工大学,002,电子信息类,2,580,70343
2022,4212,河南理工大学,003,能源与动力工程,2,563,91167
2022,4212,河南理工大学,004,测控技术与仪器,2,554,101647
2022,4212,河南理工大学,005,工程管理,2,561,93390
2022,4212,河南理工大学,006,环境工程,1,573,79759
2022,4212,河南理工大学,007,水文与水资源工程(智慧水文方向),1,572,80767
2022,4212,河南理工大学,008,测绘工程(导航方向),1,566,87779
2022,4212,河南理工大学,009,遥感科学与技术,1,570,82631
2022,4212,河南理工大学,010,土地资源管理,1,580,70808
2022,4212,河南理工大学,011,地理信息科学,2,589,60522
2022,4212,河南理工大学,012,交通工程,1,566,87736
2022,4212,河南理工大学,013,安全工程,2,566,87360
2022,4212,河南理工大学,014,消防工程,2,567,86948
2022,4212,河南理工大学,015,材料类,2,572,81039
2022,4212,河南理工大学,016,应用化学,2,567,86029
2022,4212,河南理工大学,017,化学工程与工艺,1,573,79823
2022,4212,河南理工大学,018,储能科学与工程,1,582,68277
2022,4212,河南理工大学,019,计算机科学与技术,2,583,66684
2022,4212,河南理工大学,020,数学类,2,569,83646
2022,4212,河南理工大学,021,工商管理类,1,577,74574
2022,4212,河南理工大学,022,工业工程,2,575,76654
2022,4212,河南理工大学,023,旅游管理,2,567,86786
2022,4212,河南理工大学,024,财务管理,1,582,68700
2022,4212,河南理工大学,025,国际经济与贸易,1,577,74701
2022,4212,河南理工大学,026,金融学,1,587,62395
2022,4212,河南理工大学,027,英语,2,575,77152
2022,4212,河南理工大学,028,建筑类,2,565,89083
2022,4212,河南理工大学,029,工业设计,2,567,86099
2022,4212,河南理工大学,030,公共事业管理,1,574,78613
2022,4212,河南理工大学,031,管理科学,2,555,100898
2022,4212,河南理工大学,033,电气工程及其自动化(中外合作办学),2,562,92942
2022,4212,河南理工大学,034,电子信息工程(中外合作办学),2,565,88516
2022,4212,河南理工大学,035,土木工程(中外合作办学),2,550,107519
2022,4212,河南理工大学,036,计算机科学与技术(中外合作办学),2,569,84377
2022,4213,郑州工商学院(民办),001,机械设计制造及其自动化,1,518,146327
2022,4213,郑州工商学院(民办),002,计算机科学与技术,4,516,147884
2022,4213,郑州工商学院(民办),003,会计学,5,540,119011
2022,4213,郑州工商学院(民办),004,法学,5,544,114748
2022,4213,郑州工商学院(民办),005,英语,5,542,117362
2022,4214,河南农业大学,001,旅游管理,2,574,78533
2022,4214,河南农业大学,002,建筑类,2,577,74321
2022,4214,河南农业大学,003,轻工类(烟工类),3,575,76922
2022,4214,河南农业大学,004,烟草,3,584,66602
2022,4214,河南农业大学,005,管理科学,2,559,96386
2022,4214,河南农业大学,006,环境生态工程,2,566,88157
2022,4214,河南农业大学,007,土地资源管理,2,581,69391
2022,4214,河南农业大学,008,法学,2,591,57955
2022,4214,河南农业大学,009,外国语言文学类,2,576,75760
2022,4214,河南农业大学,010,食品科学与工程(中外合作办学),15,549,108064
2022,4216,河南师范大学,001,数学与应用数学(师范),5,597,51724
2022,4216,河南师范大学,002,工商管理类,5,579,71991
2022,4216,河南师范大学,003,汉语言文学(师范),5,617,31184
2022,4216,河南师范大学,004,法学类,5,594,54774
2022,4216,河南师范大学,005,水产类,7,564,89722
2022,4217,河南中医药大学,001,中医学,5,606,42027
2022,4217,河南中医药大学,002,护理学,6,570,82737
2022,4217,河南中医药大学,003,康复治疗学,4,572,79986
2022,4218,华北水利水电大学,001,水利水电工程,3,581,69141
2022,4218,华北水利水电大学,002,港口航道与海岸工程,3,541,117788
2022,4218,华北水利水电大学,003,农业水利工程,5,547,110562
2022,4218,华北水利水电大学,004,工程管理,5,558,96892
2022,4218,华北水利水电大学,005,城市地下空间工程,5,551,105511
2022,4218,华北水利水电大学,006,资源循环科学与工程,5,542,116706
2022,4218,华北水利水电大学,007,土木工程,5,555,101270
2022,4218,华北水利水电大学,008,能源与动力工程,8,561,93315
2022,4218,华北水利水电大学,009,核工程与核技术,7,555,101036
2022,4218,华北水利水电大学,010,环境科学与工程类,5,564,90693
2022,4218,华北水利水电大学,011,建筑环境与能源应用工程,5,552,104189
2022,4218,华北水利水电大学,012,金融数学,6,554,102135
2022,4218,华北水利水电大学,013,计算机科学与技术,3,573,79762
2022,4219,黄河科技学院(民办),001,学前教育,5,538,121645
2022,4219,黄河科技学院(民办),002,运动康复,5,533,128324
2022,4219,黄河科技学院(民办),003,日语,5,531,130420
2022,4219,黄河科技学院(民办),004,生物信息学,3,533,127812
2022,4219,黄河科技学院(民办),005,通信工程,3,508,157526
2022,4219,黄河科技学院(民办),006,智能科学与技术,4,497,
2022,4219,黄河科技学院(民办),007,护理学,5,544,114355
2022,4220,黄河水利职业技术学院,502,人工智能技术应用(智慧物联网方向),5,497,
2022,4221,黄淮学院,001,食品质量与安全,10,551,105981
2022,4221,黄淮学院,002,新能源汽车工程,5,529,132400
2022,4221,黄淮学院,003,商务经济学,10,554,102502
2022,4222,焦作大学,501,软件技术,5,502,164204
2022,4222,焦作大学,502,行政管理,5,505,161300
2022,4223,焦作师范高等专科学校,502,小学语文教育(师范),5,500,166136
2022,4224,开封大学,501,建筑工程技术,5,516,148310
2022,4224,开封大学,502,市场营销,5,505,160943
2022,4225,洛阳理工学院,001,机械类,4,539,120472
2022,4225,洛阳理工学院,002,机械设计制造及其自动化,8,539,121123
2022,4225,洛阳理工学院,003,机械设计制造及其自动化(中外合作办学),4,527,135200
2022,4225,洛阳理工学院,004,电气工程及其自动化,4,543,116262
2022,4225,洛阳理工学院,005,计算机科学与技术,4,549,108009
2022,4225,洛阳理工学院,006,通信工程,4,541,118585
2022,4225,洛阳理工学院,007,物联网工程,6,540,119344
2022,4225,洛阳理工学院,008,土木工程,4,536,123913
2022,4225,洛阳理工学院,009,工商管理,6,558,97789
2022,4225,洛阳理工学院,010,国际经济与贸易,4,557,98214
2022,4225,洛阳理工学院,011,酒店管理,4,556,99606
2022,4225,洛阳理工学院,012,财务管理,4,558,97312
2022,4225,洛阳理工学院,013,会计学,6,563,91145
2022,4225,洛阳理工学院,014,学前教育(师范),6,565,89124
2022,4225,洛阳理工学院,015,英语,4,559,95653
2022,4225,洛阳理工学院,016,汉语言文学,4,570,82817
2022,4225,洛阳理工学院,017,新闻学,4,565,88941
2022,4226,洛阳师范学院,001,汉语言文学(师范),6,583,67312
2022,4226,洛阳师范学院,002,历史学(师范),6,583,67474
2022,4226,洛阳师范学院,003,化学工程与工艺,6,553,103482
2022,4226,洛阳师范学院,004,生物科学(师范),6,575,77159
2022,4226,洛阳师范学院,005,国际经济与贸易,6,559,96257
2022,4226,洛阳师范学院,006,旅游管理,6,558,97944
2022,4227,漯河医学高等专科学校,501,临床医学,10,505,161064
2022,4227,漯河医学高等专科学校,502,口腔医学,8,519,144810
2022,4228,南阳理工学院,001,机械设计制造及其自动化,6,537,123007
2022,4228,南阳理工学院,002,电气工程及其自动化,6,540,119683
2022,4228,南阳理工学院,003,自动化,4,537,122547
2022,4228,南阳理工学院,004,物联网工程,6,538,121325
2022,4228,南阳理工学院,005,人工智能,5,538,121718
2022,4228,南阳理工学院,006,计算机科学与技术,2,546,111845
2022,4228,南阳理工学院,007,网络空间安全,4,540,119479
2022,4228,南阳理工学院,008,虚拟现实技术,4,537,123266
2022,4228,南阳理工学院,009,历史建筑保护工程,5,554,102350
2022,4228,南阳理工学院,010,土木工程(房屋建筑方向),8,533,127707
2022,4228,南阳理工学院,011,工程管理,4,536,124538
2022,4228,南阳理工学院,012,数学与应用数学(经济数学方向),4,537,122626
2022,4228,南阳理工学院,013,应用统计学,3,537,123109
2022,4228,南阳理工学院,014,学前教育(师范),8,562,92599
2022,4228,南阳理工学院,015,英语,4,558,97575
2022,4229,南阳师范学院,010,地理科学类,6,570,82957
2022,4229,南阳师范学院,011,法学,3,579,71676
2022,4229,南阳师范学院,012,制药工程,3,558,96866
2022,4229,南阳师范学院,013,机械类,6,536,124068
2022,4229,南阳师范学院,014,自动化,2,538,121328
2022,4229,南阳师范学院,015,软件工程(软件开发方向),7,538,122056
2022,4229,南阳师范学院,016,计算机类,6,541,117844
2022,4229,南阳师范学院,017,应用心理学(师范),3,569,84255
2022,4229,南阳师范学院,018,国际经济与贸易,3,558,97649
2022,4229,南阳师范学院,019,土木类,6,534,126536
2022,4229,南阳师范学院,020,建筑学,4,561,94029
2022,4229,南阳师范学院,021,工程管理,2,534,126149
2022,4229,南阳师范学院,022,电子信息类,3,539,120944
2022,4230,河南城建学院,001,土木工程,9,534,126953
2022,4230,河南城建学院,002,电气工程及其自动化(智能输配电方向),10,534,126194
2022,4230,河南城建学院,003,建筑环境与能源应用工程,8,533,127490
2022,4230,河南城建学院,004,测绘工程(智能测绘方向),8,533,127759
2022,4230,河南城建学院,005,数学与应用数学,8,535,125001
2022,4230,河南城建学院,006,计算机科学与技术,5,538,121775
2022,4230,河南城建学院,007,环境工程,5,554,102675
2022,4230,河南城建学院,008,化学工程与工艺,5,552,104879
2022,4230,河南城建学院,009,自动化,8,534,126184
2022,4230,河南城建学院,010,数字媒体技术(虚拟现实及游戏开发技术方向),8,536,124063
2022,4230,河南城建学院,011,水文与水资源工程,9,550,107218
2022,4230,河南城建学院,012,新能源科学与工程,9,551,106296
2022,4230,河南城建学院,013,翻译,5,554,101908
2022,4230,河南城建学院,014,物联网工程,8,536,124180
2022,4232,新乡学院,001,外国语言文学类,4,561,93601
2022,4232,新乡学院,002,历史学(师范),5,573,79477
2022,4232,新乡学院,003,数学类,4,541,117988
2022,4232,新乡学院,004,心理学(师范),4,564,90645
2022,4232,新乡学院,005,机械类,4,533,127373
2022,4232,新乡学院,006,增材制造工程,6,532,128963
2022,4232,新乡学院,007,材料类,5,550,106937
2022,4232,新乡学院,008,电气工程及其自动化,4,536,123972
2022,4232,新乡学院,009,电子信息类,4,537,123301
2022,4232,新乡学院,010,计算机类,4,533,127370
2022,4232,新乡学院,011,土木类,6,533,127559
2022,4232,新乡学院,012,化学工程与工艺,4,552,104299
2022,4232,新乡学院,013,康复工程,4,554,102088
2022,4232,新乡学院,014,建筑类,5,557,99000
2022,4232,新乡学院,015,生物制药,4,555,100672
2022,4232,新乡学院,016,人力资源管理,4,555,101538
2022,4232,新乡学院,017,物业管理(物业智能化管理方向),4,556,99360
2022,4232,新乡学院,018,电子商务,6,556,100228
2022,4232,新乡学院,019,酒店管理(旅居新业态方向),4,554,102495
2022,4233,新乡医学院,001,临床医学,10,593,55759
2022,4233,新乡医学院,002,精神医学,6,569,84469
2022,4234,信阳师范学院,001,会计学,5,556,100356
2022,4234,信阳师范学院,002,经济学(中外合作办学),5,546,112289
2022,4235,许昌学院,001,小学教育(师范),10,574,78335
2022,4235,许昌学院,002,化学(师范),10,557,98291
2022,4235,许昌学院,003,统计学,10,555,100656
2022,4235,许昌学院,004,工商管理,15,555,100809
2022,4235,许昌学院,005,风景园林,10,553,102876
2022,4236,郑州大学（一流大学建设高校）,001,工商管理类,10,636,15604
2022,4236,郑州大学（一流大学建设高校）,002,公共管理类,8,635,16586
2022,4236,郑州大学（一流大学建设高校）,003,中国语言文学类,14,640,13567
2022,4236,郑州大学（一流大学建设高校）,004,哲学,10,635,16767
2022,4236,郑州大学（一流大学建设高校）,005,数学类,22,628,21135
2022,4236,郑州大学（一流大学建设高校）,006,化学类,10,625,23805
2022,4236,郑州大学（一流大学建设高校）,007,物理学类,10,625,23827
2022,4236,郑州大学（一流大学建设高校）,008,电子信息类,12,631,19535
2022,4236,郑州大学（一流大学建设高校）,009,计算机类,12,635,16655
2022,4236,郑州大学（一流大学建设高校）,010,自动化类,10,630,20000
2022,4236,郑州大学（一流大学建设高校）,011,材料类,10,621,27563
2022,4236,郑州大学（一流大学建设高校）,012,机械类,10,623,25247
2022,4236,郑州大学（一流大学建设高校）,013,土木类,10,621,27082
2022,4236,郑州大学（一流大学建设高校）,014,临床医学类,12,640,13426
2022,4236,郑州大学（一流大学建设高校）,015,信息安全,9,631,19445
2022,4237,郑州航空工业管理学院,001,工商管理类,4,560,95150
2022,4237,郑州航空工业管理学院,002,工业工程类,3,550,106977
2022,4237,郑州航空工业管理学院,003,经济学类,2,563,91550
2022,4237,郑州航空工业管理学院,004,电气工程及其自动化,2,542,117253
2022,4237,郑州航空工业管理学院,005,计算机类,2,548,109179
2022,4237,郑州航空工业管理学院,006,材料类,3,536,123763
2022,4237,郑州航空工业管理学院,007,飞行器动力工程,2,538,121685
2022,4237,郑州航空工业管理学院,008,人工智能,2,541,118247
2022,4240,河南牧业经济学院,001,财务管理,2,558,97610
2022,4240,河南牧业经济学院,002,会计学,2,558,97179
2022,4240,河南牧业经济学院,003,物流管理,2,556,99762
2022,4240,河南牧业经济学院,004,市场营销,4,554,101814
2022,4241,郑州轻工业大学,001,计算机科学与技术,2,581,69873
2022,4241,郑州轻工业大学,002,人工智能,3,567,86023
2022,4241,郑州轻工业大学,003,高分子材料与工程,4,549,108289
2022,4241,郑州轻工业大学,004,化妆品技术与工程,2,563,91986
2022,4241,郑州轻工业大学,005,应用化学,3,560,94663
2022,4241,郑州轻工业大学,006,环境工程,3,561,93492
2022,4241,郑州轻工业大学,007,食品科学与工程,3,564,89843
2022,4241,郑州轻工业大学,008,烟草,2,575,76805
2022,4241,郑州轻工业大学,009,能源与动力工程,3,565,88831
2022,4241,郑州轻工业大学,010,建筑电气与智能化,4,554,102535
2022,4241,郑州轻工业大学,011,建筑环境与能源应用工程,5,549,107974
2022,4241,郑州轻工业大学,012,数字媒体技术,2,567,86613
2022,4241,郑州轻工业大学,013,软件工程,2,578,73591
2022,4241,郑州轻工业大学,015,自动化类,4,560,95272
2022,4241,郑州轻工业大学,016,电气工程及其自动化,5,565,88772
2022,4241,郑州轻工业大学,017,电子科学与技术,5,561,93287
2022,4241,郑州轻工业大学,018,微电子科学与工程,4,559,96604
2022,4241,郑州轻工业大学,019,机械设计制造及其自动化,4,557,98154
2022,4241,郑州轻工业大学,020,测控技术与仪器,2,554,101802
2022,4241,郑州轻工业大学,021,数学与应用数学,4,556,100009
2022,4241,郑州轻工业大学,022,工商管理类,3,572,80820
2022,4241,郑州轻工业大学,023,物流管理,4,566,87580
2022,4241,郑州轻工业大学,024,英语,2,575,77168
2022,4241,郑州轻工业大学,025,朝鲜语,2,568,85944
2022,4243,郑州铁路职业技术学院,501,铁道车辆技术,3,502,164472
2022,4243,郑州铁路职业技术学院,502,电气自动化技术,5,499,167599
2022,4243,郑州铁路职业技术学院,503,铁道信号自动控制,2,502,164328
2022,4243,郑州铁路职业技术学院,504,铁道交通运营管理,5,500,166433
2022,4244,中原工学院,001,英语,6,560,95227
2022,4244,中原工学院,002,日语,6,557,98805
2022,4244,中原工学院,003,测控技术与仪器,6,538,121809
2022,4244,中原工学院,004,电气工程及其自动化,6,543,115736
2022,4244,中原工学院,005,计算机类,5,554,101888
2022,4244,中原工学院,006,建筑环境与能源应用工程,6,537,123131
2022,4244,中原工学院,007,纺织工程,9,550,106760
2022,4244,中原工学院,008,环境工程,5,554,101919
2022,4244,中原工学院,009,安全工程,6,535,125089
2022,4244,中原工学院,010,建筑学,5,562,93159
2022,4244,中原工学院,011,工程管理,6,537,123082
2022,4244,中原工学院,012,会展经济与管理,6,556,100137
2022,4245,郑州经贸学院(民办),004,国际经济与贸易,15,529,132613
2022,4245,郑州经贸学院(民办),005,商务英语,15,529,133090
2022,4246,郑州工程技术学院,001,化学工程与工艺,2,551,106237
2022,4246,郑州工程技术学院,002,机械设计制造及其自动化,2,544,114161
2022,4246,郑州工程技术学院,003,食品科学与工程,2,550,107521
2022,4246,郑州工程技术学院,004,物流管理,3,557,98572
2022,4246,郑州工程技术学院,005,国际经济与贸易,3,557,98841
2022,4246,郑州工程技术学院,006,酒店管理,3,554,102573
2022,4246,郑州工程技术学院,007,物流工程,2,557,98850
2022,4246,郑州工程技术学院,008,广告学,3,560,95325
2022,4247,周口师范学院,001,网络工程,2,536,124171
2022,4247,周口师范学院,002,生物工程,2,557,98944
2022,4247,周口师范学院,003,应用化学,2,552,104506
2022,4247,周口师范学院,004,机械设计制造及其自动化,4,534,127048
2022,4247,周口师范学院,005,电气工程及其自动化,4,536,124489
2022,4247,周口师范学院,006,自动化,4,535,125471
2022,4247,周口师范学院,007,电子信息工程,4,536,123907
2022,4247,周口师范学院,008,信息与计算科学,4,535,124932
2022,4247,周口师范学院,009,法学,2,567,86293
2022,4247,周口师范学院,010,人力资源管理,3,557,98626
2022,4247,周口师范学院,011,财务管理,3,559,96571
2022,4247,周口师范学院,012,国际经济与贸易,3,557,98798
2022,4247,周口师范学院,013,心理学(师范),2,565,88641
2022,4247,周口师范学院,014,生物科学(师范),2,571,81351
2022,4247,周口师范学院,015,化学(师范),2,567,86508
2022,4247,周口师范学院,016,数学与应用数学(师范),6,548,109275
2022,4247,周口师范学院,017,思想政治教育(师范),4,575,77205
2022,4247,周口师范学院,018,汉语言文学(师范),6,575,76381
2022,4247,周口师范学院,019,英语(师范),6,570,82611
2022,4247,周口师范学院,023,网络与新媒体,2,561,94267
2022,4247,周口师范学院,024,机械电子工程,4,534,126454
2022,4247,周口师范学院,025,计算机科学与技术(师范),4,540,119763
2022,4247,周口师范学院,026,建筑电气与智能化(电气智能控制),3,533,127833
2022,4247,周口师范学院,027,网络空间安全,2,536,123998
2022,4249,商丘师范学院,001,秘书学,2,558,97417
2022,4249,商丘师范学院,002,金融数学,2,555,100800
2022,4249,商丘师范学院,003,统计学,3,557,98754
2022,4249,商丘师范学院,004,汽车服务工程,2,533,127863
2022,4249,商丘师范学院,005,电气工程及其自动化,1,540,118808
2022,4249,商丘师范学院,006,新能源科学与工程,2,556,99285
2022,4249,商丘师范学院,007,化学(师范),2,568,84825
2022,4249,商丘师范学院,008,翻译,1,561,93955
2022,4249,商丘师范学院,009,商务英语,2,557,98675
2022,4249,商丘师范学院,010,法学,1,579,72630
2022,4249,商丘师范学院,011,社会工作,3,557,98202
2022,4249,商丘师范学院,012,生物科学(师范),2,572,80827
2022,4249,商丘师范学院,013,食品科学与工程,2,551,105601
2022,4249,商丘师范学院,014,电子商务,3,557,99035
2022,4249,商丘师范学院,015,学前教育(师范),2,569,84131
2022,4249,商丘师范学院,016,园林,2,557,98600
2022,4249,商丘师范学院,017,广播电视学,1,566,87440
2022,4249,商丘师范学院,018,网络与新媒体,1,573,79499
2022,4249,商丘师范学院,019,物流管理,2,556,100147
2022,4249,商丘师范学院,020,财务管理,2,561,93867
2022,4249,商丘师范学院,021,国际经济与贸易,2,561,94204
2022,4250,河南工程学院,001,国际经济与贸易,1,557,97985
2022,4250,河南工程学院,002,数学与应用数学,2,546,111494
2022,4250,河南工程学院,003,机械设计制造及其自动化,2,540,119888
2022,4250,河南工程学院,004,电气工程及其自动化,2,543,115529
2022,4250,河南工程学院,005,物联网工程,4,541,117707
2022,4250,河南工程学院,006,纺织工程,10,549,108828
2022,4250,河南工程学院,007,服装设计与工程,4,550,107495
2022,4250,河南工程学院,008,轻化工程,9,549,108596
2022,4250,河南工程学院,009,市场营销,2,558,97804
2022,4250,河南工程学院,010,财务管理,3,560,94849
2022,4250,河南工程学院,011,行政管理,2,558,97107
2022,4250,河南工程学院,014,知识产权,2,562,93024
2022,4250,河南工程学院,015,高分子材料与工程,6,554,102508
2022,4253,河南科技学院,001,生物工程,6,555,101216
2022,4253,河南科技学院,002,教育技术学(师范),6,532,128784
2022,4253,河南科技学院,003,数学与应用数学(师范),6,546,111463
2022,4253,河南科技学院,004,英语(师范),3,572,80207
2022,4253,河南科技学院,005,环境科学,6,553,102886
2022,4253,河南科技学院,006,法学,3,571,82063
2022,4254,商丘医学高等专科学校,501,口腔医学,15,512,152888
2022,4254,商丘医学高等专科学校,502,护理,5,497,170053
2022,4260,商丘工学院(民办),001,机械设计制造及其自动化,10,510,155061
2022,4260,商丘工学院(民办),002,电气工程及其自动化,5,511,153887
2022,4262,信阳农林学院,001,物联网工程,4,537,123017
2022,4262,信阳农林学院,002,数据科学与大数据技术,4,536,124244
2022,4262,信阳农林学院,003,园艺,4,554,102500
2022,4262,信阳农林学院,004,会计学,3,558,97428
2022,4263,河南经贸职业学院,502,计算机网络技术,10,497,
2022,4264,洛阳职业技术学院,502,临床医学,5,500,166188
2022,4264,洛阳职业技术学院,506,中医学,3,497,
2022,4265,平顶山学院,002,物联网工程,2,537,122710
2022,4265,平顶山学院,003,法学,4,560,95489
2022,4266,郑州西亚斯学院(民办),001,金融学(中外合作办学),10,523,139925
2022,4266,郑州西亚斯学院(民办),002,国际经济与贸易(中外合作办学),7,521,142502
2022,4266,郑州西亚斯学院(民办),003,英语(中外合作办学),8,521,143013
2022,4267,郑州财经学院(民办),001,电子商务,1,547,111083
2022,4267,郑州财经学院(民办),002,金融学,1,549,108693
2022,4267,郑州财经学院(民办),003,会计学,1,554,102747
2022,4267,郑州财经学院(民办),004,物流管理,1,547,111232
2022,4267,郑州财经学院(民办),005,英语,1,543,115657
2022,4267,郑州财经学院(民办),006,数据科学与大数据技术,1,503,163394
2022,4267,郑州财经学院(民办),007,工程造价,1,527,135214
2022,4268,河南工学院,001,材料科学与工程,2,532,128825
2022,4268,河南工学院,002,商务英语,3,557,98985
2022,4302,长沙电力职业技术学院,501,发电厂及电力系统,2,503,162755
2022,4302,长沙电力职业技术学院,502,分布式发电与智能微电网技术(风电方向),2,507,159272
2022,4302,长沙电力职业技术学院,503,热能动力工程技术,2,500,166148
2022,4302,长沙电力职业技术学院,505,计算机应用技术,2,497,
2022,4305,长沙理工大学,005,会计学,3,611,36903
2022,4305,长沙理工大学,006,财务管理,2,607,40985
2022,4305,长沙理工大学,007,人力资源管理,2,601,47140
2022,4305,长沙理工大学,008,法学,2,607,40032
2022,4305,长沙理工大学,009,翻译,2,604,43967
2022,4305,长沙理工大学,010,数学与应用数学,2,599,48573
2022,4305,长沙理工大学,011,信息与计算科学,2,598,49582
2022,4305,长沙理工大学,012,应用统计学,2,601,46634
2022,4305,长沙理工大学,013,工程力学,2,594,54953
2022,4305,长沙理工大学,014,土木工程,6,595,53465
2022,4305,长沙理工大学,015,国际经济与贸易,2,596,52383
2022,4305,长沙理工大学,016,能源与动力工程,2,598,50500
2022,4305,长沙理工大学,017,新能源科学与工程,2,601,47245
2022,4305,长沙理工大学,018,自动化,2,603,45034
2022,4305,长沙理工大学,019,电气工程及其自动化,5,625,23926
2022,4305,长沙理工大学,020,通信工程,2,603,44211
2022,4305,长沙理工大学,021,计算机科学与技术,3,613,34305
2022,4305,长沙理工大学,022,软件工程,2,612,35074
2022,4305,长沙理工大学,023,网络工程,2,605,42186
2022,4305,长沙理工大学,024,道路桥梁与渡河工程,4,590,59296
2022,4305,长沙理工大学,025,交通运输类,2,601,46770
2022,4305,长沙理工大学,026,工程管理,2,589,59917
2022,4305,长沙理工大学,027,船舶与海洋工程,4,544,114551
2022,4305,长沙理工大学,028,电气工程及其自动化(中外合作办学),5,614,33140
2022,4305,长沙理工大学,029,金融学,2,610,37620
2022,4305,长沙理工大学,030,材料类,2,594,54144
2022,4305,长沙理工大学,031,数据科学与大数据技术,2,605,42178
2022,4305,长沙理工大学,032,机械类,4,594,54337
2022,4305,长沙理工大学,033,水利类,4,593,55376
2022,4305,长沙理工大学,034,机械设计制造及其自动化(中外合作办学),2,587,62503
2022,4305,长沙理工大学,035,电子信息类,2,606,41152
2022,4305,长沙理工大学,036,数字经济,2,597,50889
2022,4305,长沙理工大学,037,网络与新媒体,2,606,41798
2022,4305,长沙理工大学,038,储能科学与工程,2,592,56618
2022,4305,长沙理工大学,039,智能电网信息工程,2,614,33342
2022,4305,长沙理工大学,040,智能建造,2,593,55426
2022,4305,长沙理工大学,041,港口航道与海岸工程(卓越班),2,594,54948
2022,4305,长沙理工大学,042,道路桥梁与渡河工程(智慧道路卓越班),1,591,58487
2022,4305,长沙理工大学,043,土木工程(智能土木卓越班),1,597,51058
2022,4305,长沙理工大学,044,土木工程(创新人才培养班),1,612,35664
2022,4306,长沙理工大学城南学院(独立学院),002,会计学,2,555,100794
2022,4306,长沙理工大学城南学院(独立学院),003,金融学,2,556,99466
2022,4306,长沙理工大学城南学院(独立学院),004,电气工程及其自动化,2,531,130530
2022,4306,长沙理工大学城南学院(独立学院),005,通信工程,2,530,131008
2022,4306,长沙理工大学城南学院(独立学院),006,自动化,2,527,135311
2022,4306,长沙理工大学城南学院(独立学院),007,土木工程,3,525,137625
2022,4307,长沙民政职业技术学院,501,应用电子技术,2,502,164129
2022,4307,长沙民政职业技术学院,503,护理,3,513,152367
2022,4307,长沙民政职业技术学院,504,康复治疗技术,1,516,148732
2022,4307,长沙民政职业技术学院,506,心理咨询,2,529,132930
2022,4307,长沙民政职业技术学院,507,电子商务,1,535,125569
2022,4307,长沙民政职业技术学院,508,商务英语,2,505,161023
2022,4307,长沙民政职业技术学院,509,商务日语,2,497,
2022,4307,长沙民政职业技术学院,510,社会工作,3,514,150533
2022,4307,长沙民政职业技术学院,511,社区管理与服务,2,497,
2022,4307,长沙民政职业技术学院,512,民政服务与管理,3,500,166905
2022,4307,长沙民政职业技术学院,513,民政服务与管理(社会组织服务与管理方向),1,508,158153
2022,4307,长沙民政职业技术学院,514,人力资源管理,3,501,165968
2022,4307,长沙民政职业技术学院,516,婚庆服务与管理,5,497,
2022,4307,长沙民政职业技术学院,517,现代殡葬技术与管理,3,538,121916
2022,4307,长沙民政职业技术学院,518,陵园服务与管理,2,516,148935
2022,4308,长沙学院,001,工程造价,2,555,100673
2022,4308,长沙学院,002,机械设计制造及其自动化,2,557,98773
2022,4308,长沙学院,003,机械电子工程,2,552,104371
2022,4308,长沙学院,004,数学与应用数学,2,560,94375
2022,4308,长沙学院,005,信息与计算科学,3,554,102231
2022,4308,长沙学院,006,计算机科学与技术,2,568,84871
2022,4308,长沙学院,007,物联网工程,2,562,92956
2022,4308,长沙学院,008,数字媒体技术,2,571,81448
2022,4308,长沙学院,009,人工智能,2,556,99493
2022,4308,长沙学院,010,电气工程及其自动化,2,554,102749
2022,4308,长沙学院,011,电子信息工程,2,563,91503
2022,4308,长沙学院,012,机器人工程,2,557,98026
2022,4308,长沙学院,013,法学,3,580,71336
2022,4308,长沙学院,014,汉语言文学,2,581,69519
2022,4308,长沙学院,015,新闻学,3,577,74955
2022,4308,长沙学院,016,英语,4,573,79790
2022,4308,长沙学院,017,市场营销,2,568,85023
2022,4308,长沙学院,018,财务管理,4,573,79234
2022,4308,长沙学院,019,物业管理,3,558,97081
2022,4308,长沙学院,020,公共事业管理,3,565,88672
2022,4308,长沙学院,021,物流管理,3,560,95170
2022,4308,长沙学院,022,旅游管理,3,562,93166
2022,4308,长沙学院,023,应用化学,3,554,102069
2022,4308,长沙学院,024,功能材料,2,554,101652
2022,4308,长沙学院,025,生物工程,3,562,92296
2022,4308,长沙学院,026,生物制药,2,563,90737
2022,4308,长沙学院,027,人文地理与城乡规划,2,565,88776
2022,4309,长沙医学院(民办),001,临床医学,20,550,107702
2022,4309,长沙医学院(民办),002,口腔医学,20,569,83683
2022,4309,长沙医学院(民办),003,中医学,20,553,103150
2022,4309,长沙医学院(民办),004,医学影像学,20,545,113681
2022,4309,长沙医学院(民办),005,预防医学,8,551,105939
2022,4309,长沙医学院(民办),006,妇幼保健医学,4,547,111312
2022,4309,长沙医学院(民办),007,针灸推拿学,6,549,108001
2022,4309,长沙医学院(民办),008,药学,4,546,112410
2022,4309,长沙医学院(民办),009,中药学,4,547,111126
2022,4309,长沙医学院(民办),010,药物制剂,4,542,116753
2022,4309,长沙医学院(民办),011,药物分析,4,539,120072
2022,4309,长沙医学院(民办),012,医学检验技术,6,548,109792
2022,4309,长沙医学院(民办),013,医学影像技术,4,550,107290
2022,4309,长沙医学院(民办),014,护理学,6,546,111973
2022,4309,长沙医学院(民办),015,眼视光学,4,552,104278
2022,4309,长沙医学院(民办),016,生物技术,4,539,120315
2022,4309,长沙医学院(民办),017,康复治疗学,4,546,112180
2022,4309,长沙医学院(民办),018,卫生检验与检疫,4,544,114811
2022,4309,长沙医学院(民办),019,助产学,4,540,119226
2022,4310,衡阳师范学院,001,经济学,2,567,86155
2022,4310,衡阳师范学院,002,国际经济与贸易,2,562,92565
2022,4310,衡阳师范学院,003,财务管理,1,571,82132
2022,4310,衡阳师范学院,004,电子商务,2,560,94499
2022,4310,衡阳师范学院,005,法学,2,580,71363
2022,4310,衡阳师范学院,006,知识产权,2,574,78027
2022,4310,衡阳师范学院,007,思想政治教育(师范),1,588,61407
2022,4310,衡阳师范学院,008,历史学(师范),1,592,56622
2022,4310,衡阳师范学院,009,汉语言文学(师范),1,594,55073
2022,4310,衡阳师范学院,010,汉语国际教育(师范),2,582,68926
2022,4310,衡阳师范学院,011,新闻学,1,578,73735
2022,4310,衡阳师范学院,012,广告学,2,572,80035
2022,4310,衡阳师范学院,013,网络与新媒体,2,575,76461
2022,4310,衡阳师范学院,014,英语(师范),2,591,57927
2022,4310,衡阳师范学院,015,翻译,1,580,71249
2022,4310,衡阳师范学院,016,商务英语,2,564,90142
2022,4310,衡阳师范学院,017,数学与应用数学(师范),1,569,83641
2022,4310,衡阳师范学院,018,信息与计算科学,2,547,110275
2022,4310,衡阳师范学院,025,地理科学(师范),1,602,46033
2022,4310,衡阳师范学院,026,人文地理与城乡规划,2,566,88284
2022,4310,衡阳师范学院,027,地理信息科学,1,582,68806
2022,4310,衡阳师范学院,028,旅游管理,1,559,96581
2022,4310,衡阳师范学院,029,物理学(师范),1,567,86480
2022,4310,衡阳师范学院,030,电子信息科学与技术,2,548,110125
2022,4310,衡阳师范学院,031,化学(师范),1,585,65343
2022,4310,衡阳师范学院,032,应用化学,2,554,101842
2022,4310,衡阳师范学院,033,化学生物学,1,557,98648
2022,4310,衡阳师范学院,034,高分子材料与工程,2,553,102959
2022,4310,衡阳师范学院,035,计算机科学与技术(师范),1,569,83682
2022,4310,衡阳师范学院,036,软件工程,2,557,98580
2022,4310,衡阳师范学院,037,物联网工程,1,557,98413
2022,4310,衡阳师范学院,038,教育学(师范),1,583,67361
2022,4310,衡阳师范学院,039,学前教育(师范),1,579,72562
2022,4310,衡阳师范学院,040,生物科学(师范),1,585,65072
2022,4310,衡阳师范学院,041,环境工程,2,559,96470
2022,4310,衡阳师范学院,042,食品科学与工程,2,562,92892
2022,4310,衡阳师范学院,043,电子信息工程,2,546,112383
2022,4310,衡阳师范学院,044,计算机科学与技术,1,569,84379
2022,4310,衡阳师范学院,045,网络空间安全,2,550,106903
2022,4311,湖南财政经济学院,001,财政学类,3,571,82163
2022,4311,湖南财政经济学院,002,金融学类,4,570,82420
2022,4311,湖南财政经济学院,003,经济与贸易类,3,569,84530
2022,4311,湖南财政经济学院,004,网络与新媒体,2,579,71510
2022,4311,湖南财政经济学院,005,电子信息类,3,552,104260
2022,4311,湖南财政经济学院,006,计算机类,4,554,101953
2022,4311,湖南财政经济学院,007,会计学,6,577,74731
2022,4311,湖南财政经济学院,008,财务管理,3,572,79988
2022,4311,湖南财政经济学院,009,金融数学,2,571,81622
2022,4313,湖南城市学院,001,建筑学,2,550,107164
2022,4313,湖南城市学院,002,城乡规划,2,570,82521
2022,4313,湖南城市学院,003,风景园林,2,564,90193
2022,4313,湖南城市学院,004,建筑环境与能源应用工程,2,540,119603
2022,4313,湖南城市学院,005,地理空间信息工程,2,539,120641
2022,4313,湖南城市学院,006,土木工程,3,541,118796
2022,4313,湖南城市学院,007,交通工程,2,539,120339
2022,4313,湖南城市学院,008,经济统计学,2,560,94792
2022,4313,湖南城市学院,009,工程管理,2,538,121833
2022,4313,湖南城市学院,010,房地产开发与管理,2,537,123256
2022,4313,湖南城市学院,011,旅游管理,2,558,97598
2022,4313,湖南城市学院,012,英语(师范),2,576,75759
2022,4313,湖南城市学院,013,计算机科学与技术,2,552,104693
2022,4313,湖南城市学院,014,通信工程,3,542,117125
2022,4313,湖南城市学院,015,电子信息工程,2,544,114585
2022,4313,湖南城市学院,016,人工智能,3,545,112761
2022,4313,湖南城市学院,017,信息与计算科学,2,545,113290
2022,4313,湖南城市学院,018,机械设计制造及其自动化,2,540,118863
2022,4313,湖南城市学院,019,电气工程及其自动化,2,543,115295
2022,4314,湖南大学（一流大学建设高校）,001,材料科学与工程,5,641,12941
2022,4314,湖南大学（一流大学建设高校）,002,电气工程及其自动化,4,647,9499
2022,4314,湖南大学（一流大学建设高校）,003,电子信息工程,2,649,8668
2022,4314,湖南大学（一流大学建设高校）,004,自动化,2,647,9516
2022,4314,湖南大学（一流大学建设高校）,005,储能科学与工程,2,645,10635
2022,4314,湖南大学（一流大学建设高校）,006,法学,4,653,6959
2022,4314,湖南大学（一流大学建设高校）,007,工商管理,4,652,7517
2022,4314,湖南大学（一流大学建设高校）,008,会计学,6,652,7338
2022,4314,湖南大学（一流大学建设高校）,009,电子商务,3,644,11348
2022,4314,湖南大学（一流大学建设高校）,010,行政管理,2,650,8186
2022,4314,湖南大学（一流大学建设高校）,011,城市管理,2,648,9111
2022,4314,湖南大学（一流大学建设高校）,012,化学类,3,645,10541
2022,4314,湖南大学（一流大学建设高校）,013,化学工程与工艺,2,644,11096
2022,4314,湖南大学（一流大学建设高校）,014,化学生物学,3,644,11202
2022,4314,湖南大学（一流大学建设高校）,015,环境科学与工程类,2,647,9368
2022,4314,湖南大学（一流大学建设高校）,016,人工智能,2,650,8220
2022,4314,湖南大学（一流大学建设高校）,017,机器人工程,1,647,9344
2022,4314,湖南大学（一流大学建设高校）,018,工程力学(力学实验班),2,647,9660
2022,4314,湖南大学（一流大学建设高校）,019,能源与动力工程,2,648,9006
2022,4314,湖南大学（一流大学建设高校）,020,智能制造工程,2,647,9515
2022,4314,湖南大学（一流大学建设高校）,021,智能车辆工程,3,645,10516
2022,4314,湖南大学（一流大学建设高校）,022,建筑学,4,646,9811
2022,4314,湖南大学（一流大学建设高校）,023,城乡规划,3,645,10553
2022,4314,湖南大学（一流大学建设高校）,024,金融学,3,653,7010
2022,4314,湖南大学（一流大学建设高校）,025,保险学(风险管理实验班),1,652,7521
2022,4314,湖南大学（一流大学建设高校）,026,精算学,1,651,7526
2022,4314,湖南大学（一流大学建设高校）,027,统计学类,2,651,7802
2022,4314,湖南大学（一流大学建设高校）,028,经济学类,2,654,6589
2022,4314,湖南大学（一流大学建设高校）,029,数字经济,3,645,10454
2022,4314,湖南大学（一流大学建设高校）,030,国际经济与贸易(实验班),2,652,7346
2022,4314,湖南大学（一流大学建设高校）,031,工业设计,4,649,8667
2022,4314,湖南大学（一流大学建设高校）,032,生物技术,2,648,9141
2022,4314,湖南大学（一流大学建设高校）,033,生物医学工程,2,648,8985
2022,4314,湖南大学（一流大学建设高校）,034,数学类,3,649,8465
2022,4314,湖南大学（一流大学建设高校）,035,土木类,5,642,12092
2022,4314,湖南大学（一流大学建设高校）,036,土木工程(智能土木实验班),2,643,11565
2022,4314,湖南大学（一流大学建设高校）,037,建筑环境与能源应用工程(低碳建筑实验班),3,642,12291
2022,4314,湖南大学（一流大学建设高校）,038,给排水科学与工程,2,641,12519
2022,4314,湖南大学（一流大学建设高校）,039,英语(语言智能实验班),2,653,7070
2022,4314,湖南大学（一流大学建设高校）,040,日语,4,647,9663
2022,4314,湖南大学（一流大学建设高校）,041,汉语言文学,3,655,6108
2022,4314,湖南大学（一流大学建设高校）,042,应用物理学,2,646,10043
2022,4314,湖南大学（一流大学建设高校）,043,电子科学与技术,2,647,9570
2022,4314,湖南大学（一流大学建设高校）,044,新闻传播学类,4,655,6269
2022,4314,湖南大学（一流大学建设高校）,045,通信工程,2,647,9360
2022,4314,湖南大学（一流大学建设高校）,046,计算机科学与技术,3,651,7832
2022,4314,湖南大学（一流大学建设高校）,047,计算机科学与技术(智能班),3,651,7867
2022,4314,湖南大学（一流大学建设高校）,048,软件工程,4,650,8301
2022,4314,湖南大学（一流大学建设高校）,049,信息安全,3,648,8939
2022,4315,湖南大众传媒职业技术学院,501,新闻采编与制作,3,514,150405
2022,4315,湖南大众传媒职业技术学院,506,数字媒体技术,2,514,151249
2022,4315,湖南大众传媒职业技术学院,507,云计算技术应用,2,497,
2022,4315,湖南大众传媒职业技术学院,510,电子商务,2,497,
2022,4315,湖南大众传媒职业技术学院,511,传播与策划(传媒策划与管理方向),2,516,148745
2022,4315,湖南大众传媒职业技术学院,512,现代文秘,2,497,
2022,4316,湖南第一师范学院,001,汉语言文学(师范),1,596,52279
2022,4316,湖南第一师范学院,002,数学与应用数学(师范),1,589,59859
2022,4316,湖南第一师范学院,003,信息与计算科学,1,581,69103
2022,4316,湖南第一师范学院,004,英语(师范),1,593,56240
2022,4316,湖南第一师范学院,005,电子信息工程,2,569,83745
2022,4316,湖南第一师范学院,006,通信工程,2,566,87254
2022,4316,湖南第一师范学院,007,人工智能,2,567,86797
2022,4316,湖南第一师范学院,008,教育技术学(师范),2,592,56837
2022,4316,湖南第一师范学院,009,计算机科学与技术,4,570,82331
2022,4316,湖南第一师范学院,010,国际经济与贸易,1,577,74920
2022,4316,湖南第一师范学院,011,市场营销,1,581,69915
2022,4316,湖南第一师范学院,015,思想政治教育(师范),2,593,55652
2022,4317,湖南外贸职业学院,501,国际经济与贸易,5,497,
2022,4318,湖南工程学院,001,国际经济与贸易,4,556,99238
2022,4318,湖南工程学院,002,英语,4,558,97890
2022,4318,湖南工程学院,003,广告学,2,567,86628
2022,4318,湖南工程学院,004,统计学,3,558,97928
2022,4318,湖南工程学院,005,机械电子工程,2,542,117229
2022,4318,湖南工程学院,006,高分子材料与工程,2,554,101826
2022,4318,湖南工程学院,007,新能源科学与工程,3,543,115919
2022,4318,湖南工程学院,008,电气工程及其自动化,4,543,115192
2022,4318,湖南工程学院,009,通信工程,2,548,110201
2022,4318,湖南工程学院,010,土木工程,2,540,119277
2022,4318,湖南工程学院,011,纺织工程,4,552,105302
2022,4318,湖南工程学院,012,轻化工程,2,551,105485
2022,4318,湖南工程学院,013,建筑学,2,569,83964
2022,4318,湖南工程学院,014,工业工程,2,538,121927
2022,4318,湖南工程学院,015,旅游管理,2,557,99125
2022,4318,湖南工程学院,016,电子商务,4,558,97528
2022,4318,湖南工程学院,017,机器人工程,2,546,111516
2022,4318,湖南工程学院,018,非织造材料与工程,4,550,107510
2022,4319,湖南工程学院应用技术学院(独立学院),001,机械设计制造及其自动化,2,529,132414
2022,4319,湖南工程学院应用技术学院(独立学院),002,电气工程及其自动化,3,518,146283
2022,4320,湖南工程职业技术学院,502,国土空间规划与测绘,1,507,158491
2022,4320,湖南工程职业技术学院,503,测绘地理信息技术,1,532,129752
2022,4320,湖南工程职业技术学院,517,建筑室内设计,1,510,155982
2022,4321,湖南工学院,001,机械设计制造及其自动化,3,542,116359
2022,4321,湖南工学院,002,机器人工程,2,540,119270
2022,4321,湖南工学院,003,自动化,2,544,114974
2022,4321,湖南工学院,004,材料成型及控制工程,2,538,121452
2022,4321,湖南工学院,005,高分子材料与工程,2,554,101790
2022,4321,湖南工学院,006,安全工程,2,540,119446
2022,4321,湖南工学院,007,工业工程,2,560,94626
2022,4321,湖南工学院,008,物流管理,2,561,93896
2022,4321,湖南工学院,009,电气工程及其自动化,2,545,113194
2022,4321,湖南工学院,010,通信工程,2,546,112508
2022,4321,湖南工学院,011,应用化学,2,557,98950
2022,4321,湖南工学院,012,化学工程与工艺,2,555,100995
2022,4321,湖南工学院,013,环境工程,2,559,96740
2022,4321,湖南工学院,014,计算机科学与技术,2,559,95772
2022,4321,湖南工学院,015,网络工程,2,550,107024
2022,4321,湖南工学院,016,软件工程,2,557,98249
2022,4321,湖南工学院,017,物联网工程,2,547,110326
2022,4321,湖南工学院,018,信息与计算科学,2,552,104402
2022,4321,湖南工学院,019,应用统计学,2,562,92360
2022,4321,湖南工学院,020,国际经济与贸易,2,560,94898
2022,4321,湖南工学院,021,会计学,2,574,78276
2022,4321,湖南工学院,022,工商管理,2,563,91257
2022,4321,湖南工学院,023,建筑学,2,545,112756
2022,4321,湖南工学院,024,工业设计,2,543,115478
2022,4321,湖南工学院,025,工程管理,2,543,115752
2022,4321,湖南工学院,026,工程造价,2,545,113745
2022,4321,湖南工学院,027,英语,2,564,90649
2022,4321,湖南工学院,028,翻译,2,560,95500
2022,4321,湖南工学院,029,日语,2,558,97436
2022,4322,湖南工业大学,006,高分子材料与工程,3,548,109695
2022,4322,湖南工业大学,007,包装工程,5,538,121807
2022,4322,湖南工业大学,008,印刷工程,2,541,117624
2022,4322,湖南工业大学,009,材料科学与工程,2,566,87778
2022,4322,湖南工业大学,010,电子信息工程,2,577,74145
2022,4322,湖南工业大学,011,法学,4,590,59301
2022,4322,湖南工业大学,012,通信工程,2,574,77664
2022,4322,湖南工业大学,013,环境生态工程,2,568,85431
2022,4322,湖南工业大学,014,国际经济与贸易,2,576,75971
2022,4322,湖南工业大学,015,财务管理,1,588,61580
2022,4322,湖南工业大学,016,会计学,3,589,60326
2022,4322,湖南工业大学,017,数学与应用数学,2,584,66454
2022,4322,湖南工业大学,018,信息与计算科学,2,578,73137
2022,4322,湖南工业大学,019,应用物理学,2,568,84780
2022,4322,湖南工业大学,020,信息管理与信息系统,2,568,85004
2022,4322,湖南工业大学,021,电子商务,4,577,74921
2022,4322,湖南工业大学,022,生物技术,2,570,83264
2022,4322,湖南工业大学,023,化学工程与工艺,2,544,115086
2022,4322,湖南工业大学,024,智能建造,2,569,84256
2022,4322,湖南工业大学,025,英语,3,587,62066
2022,4322,湖南工业大学,026,汉语言文学,1,590,59048
2022,4322,湖南工业大学,027,电气类,2,574,77863
2022,4322,湖南工业大学,028,自动化类,2,573,79848
2022,4322,湖南工业大学,029,土木类,2,566,87265
2022,4322,湖南工业大学,030,电子信息类,10,575,76542
2022,4322,湖南工业大学,031,新闻传播学类,3,584,65764
2022,4322,湖南工业大学,032,工商管理类,4,580,71178
2022,4322,湖南工业大学,033,材料类,6,562,92804
2022,4322,湖南工业大学,034,英语(师范),1,594,55017
2022,4322,湖南工业大学,035,应用化学(师范),2,572,80272
2022,4323,湖南工业大学科技学院(独立学院),005,包装工程,2,537,122866
2022,4323,湖南工业大学科技学院(独立学院),006,土木工程,3,513,151562
2022,4323,湖南工业大学科技学院(独立学院),007,机械设计制造及其自动化,2,518,145461
2022,4323,湖南工业大学科技学院(独立学院),008,电气工程及其自动化,3,523,139607
2022,4323,湖南工业大学科技学院(独立学院),009,计算机科学与技术,3,529,132513
2022,4323,湖南工业大学科技学院(独立学院),010,数字媒体技术,2,528,134031
2022,4323,湖南工业大学科技学院(独立学院),011,国际经济与贸易,6,535,125530
2022,4323,湖南工业大学科技学院(独立学院),012,会计学,8,539,120782
2022,4323,湖南工业大学科技学院(独立学院),013,财务管理,5,541,118533
2022,4323,湖南工业大学科技学院(独立学院),014,工商管理,6,535,125921
2022,4324,湖南工业职业技术学院,505,室内艺术设计,8,497,
2022,4326,湖南环境生物职业技术学院,502,口腔医学,3,513,152235
2022,4326,湖南环境生物职业技术学院,503,临床医学,10,497,
2022,4326,湖南环境生物职业技术学院,504,预防医学,7,497,
2022,4326,湖南环境生物职业技术学院,506,药学,10,497,
2022,4328,湖南高速铁路职业技术学院,501,铁道工程技术,8,497,
2022,4328,湖南高速铁路职业技术学院,502,铁道交通运营管理,4,509,156484
2022,4328,湖南高速铁路职业技术学院,503,铁道信号自动控制,5,497,
2022,4328,湖南高速铁路职业技术学院,505,动车组检修技术,5,497,
2022,4329,湖南交通职业技术学院,507,城市轨道交通运营管理,2,497,
2022,4330,湖南科技大学,001,安全工程,2,561,93476
2022,4330,湖南科技大学,002,地理信息科学,2,597,51686
2022,4330,湖南科技大学,003,土木工程,4,571,81301
2022,4330,湖南科技大学,004,给排水科学与工程,2,572,80333
2022,4330,湖南科技大学,005,工程力学,1,578,73311
2022,4330,湖南科技大学,006,工程管理,1,573,78769
2022,4330,湖南科技大学,007,建筑环境与能源应用工程,1,567,86362
2022,4330,湖南科技大学,008,机械设计制造及其自动化,2,589,60536
2022,4330,湖南科技大学,009,车辆工程,1,586,64124
2022,4330,湖南科技大学,010,电气工程及其自动化,2,590,58629
2022,4330,湖南科技大学,011,电气工程及其自动化(卓越工程师班),1,611,36541
2022,4330,湖南科技大学,012,自动化,2,582,67912
2022,4330,湖南科技大学,013,电子信息工程,2,586,64097
2022,4330,湖南科技大学,014,通信工程,2,590,59479
2022,4330,湖南科技大学,015,机器人工程,2,581,69297
2022,4330,湖南科技大学,016,计算机科学与技术,2,594,54982
2022,4330,湖南科技大学,017,信息安全,2,593,55420
2022,4330,湖南科技大学,018,软件工程,1,593,56284
2022,4330,湖南科技大学,019,应用化学,1,591,58372
2022,4330,湖南科技大学,020,化学工程与工艺,3,573,79268
2022,4330,湖南科技大学,021,环境工程,2,571,81319
2022,4330,湖南科技大学,022,制药工程,2,576,75268
2022,4330,湖南科技大学,023,能源化学工程,2,574,77432
2022,4330,湖南科技大学,024,数学与应用数学(师范),2,599,48829
2022,4330,湖南科技大学,025,信息与计算科学,3,586,63158
2022,4330,湖南科技大学,026,电子信息科学与技术,2,586,63372
2022,4330,湖南科技大学,027,光电信息科学与工程,3,574,78215
2022,4330,湖南科技大学,028,生物科学(师范),2,611,35962
2022,4330,湖南科技大学,029,生物工程,3,571,81758
2022,4330,湖南科技大学,030,城乡规划,3,585,64573
2022,4330,湖南科技大学,031,风景园林,2,584,66432
2022,4330,湖南科技大学,034,历史学(师范),1,617,31038
2022,4330,湖南科技大学,035,新闻学,1,593,55480
2022,4330,湖南科技大学,036,广告学,2,591,57825
2022,4330,湖南科技大学,037,思想政治教育(师范),1,613,34848
2022,4330,湖南科技大学,038,日语,2,587,63098
2022,4330,湖南科技大学,039,翻译,1,587,62305
2022,4330,湖南科技大学,040,教育学(师范),2,598,50059
2022,4330,湖南科技大学,041,教育技术学(师范),2,594,54383
2022,4330,湖南科技大学,042,小学教育(师范),2,612,35828
2022,4330,湖南科技大学,043,国际经济与贸易,2,585,65048
2022,4330,湖南科技大学,044,会计学,2,589,59763
2022,4330,湖南科技大学,045,工商管理,1,585,65359
2022,4330,湖南科技大学,046,人力资源管理,1,590,59004
2022,4330,湖南科技大学,052,法学,3,599,49446
2022,4330,湖南科技大学,053,化学工程与工艺(卓越工程师班),2,579,72301
2022,4330,湖南科技大学,054,材料科学与工程,4,570,82612
2022,4330,湖南科技大学,055,数据科学与大数据技术,2,592,56691
2022,4330,湖南科技大学,056,智能制造工程,2,583,67401
2022,4330,湖南科技大学,057,集成电路设计与集成系统,2,579,71956
2022,4330,湖南科技大学,058,应用心理学(师范),2,589,60620
2022,4331,湖南科技大学潇湘学院(独立学院),001,机械设计制造及其自动化,1,530,132077
2022,4331,湖南科技大学潇湘学院(独立学院),002,电气工程及其自动化,1,529,132233
2022,4331,湖南科技大学潇湘学院(独立学院),003,建筑学,1,533,127840
2022,4331,湖南科技大学潇湘学院(独立学院),004,汉语言文学,1,559,96724
2022,4331,湖南科技大学潇湘学院(独立学院),005,会计学,2,553,103490
2022,4332,湖南科技学院,001,秘书学,3,559,96416
2022,4332,湖南科技学院,002,数字媒体技术,3,554,101710
2022,4332,湖南科技学院,003,国际经济与贸易,2,561,94224
2022,4332,湖南科技学院,004,法学,2,577,74508
2022,4332,湖南科技学院,005,商务英语,2,562,93099
2022,4332,湖南科技学院,006,旅游管理,2,558,97523
2022,4332,湖南科技学院,015,跨境电子商务,2,558,97539
2022,4333,湖南理工学院,001,秘书学,3,564,90443
2022,4333,湖南理工学院,002,朝鲜语,3,563,91394
2022,4333,湖南理工学院,003,国际经济与贸易,5,565,88629
2022,4333,湖南理工学院,004,人力资源管理,5,564,89631
2022,4333,湖南理工学院,005,新闻学,5,571,81445
2022,4333,湖南理工学院,006,信息与计算科学,4,553,102947
2022,4333,湖南理工学院,007,机械设计制造及其自动化,4,549,108107
2022,4333,湖南理工学院,008,电气工程及其自动化,4,556,100241
2022,4333,湖南理工学院,009,计算机科学与技术,4,567,87107
2022,4333,湖南理工学院,010,建筑学,4,566,87480
2022,4333,湖南理工学院,011,历史建筑保护工程,2,566,88381
2022,4333,湖南理工学院,021,应用化学(中外合作办学),2,549,108607
2022,4334,湖南理工学院南湖学院(独立学院),001,机械设计制造及其自动化,3,519,144770
2022,4334,湖南理工学院南湖学院(独立学院),002,计算机科学与技术,3,517,146907
2022,4334,湖南理工学院南湖学院(独立学院),003,土木工程,3,516,147903
2022,4334,湖南理工学院南湖学院(独立学院),004,广告学,7,547,111058
2022,4334,湖南理工学院南湖学院(独立学院),005,会计学,6,546,112441
2022,4334,湖南理工学院南湖学院(独立学院),006,英语,8,543,116131
2022,4335,湖南农业大学,001,动物科学,4,572,80304
2022,4335,湖南农业大学,002,植物保护,2,575,77363
2022,4335,湖南农业大学,003,水利水电工程,4,579,71733
2022,4335,湖南农业大学,004,工程管理,3,562,92022
2022,4335,湖南农业大学,005,土木工程,4,567,86255
2022,4335,湖南农业大学,006,农学,4,578,73022
2022,4335,湖南农业大学,007,人文地理与城乡规划,2,584,65564
2022,4335,湖南农业大学,008,环境科学,2,568,84861
2022,4335,湖南农业大学,009,生态学,3,573,79134
2022,4335,湖南农业大学,010,信息与计算科学,2,578,73454
2022,4335,湖南农业大学,011,应用化学,2,573,79158
2022,4335,湖南农业大学,012,材料化学,2,572,81073
2022,4335,湖南农业大学,013,园林,4,577,74938
2022,4335,湖南农业大学,014,茶学,3,574,77990
2022,4335,湖南农业大学,015,计算机科学与技术,2,585,64314
2022,4335,湖南农业大学,016,国际经济与贸易,5,578,73501
2022,4335,湖南农业大学,017,经济学,3,583,67688
2022,4335,湖南农业大学,018,英语,5,588,61371
2022,4335,湖南农业大学,019,日语,3,577,74634
2022,4335,湖南农业大学,020,公共管理类,3,581,69773
2022,4335,湖南农业大学,021,生物信息学,2,579,72162
2022,4335,湖南农业大学,022,工商管理类,5,584,66574
2022,4335,湖南农业大学,023,机械类,5,564,89666
2022,4335,湖南农业大学,024,机器人工程,2,574,77749
2022,4335,湖南农业大学,025,智慧农业,2,586,63201
2022,4335,湖南农业大学,026,水产类,4,567,87026
2022,4335,湖南农业大学,027,生物科学类,4,577,74015
2022,4335,湖南农业大学,030,动物医学,3,582,68472
2022,4335,湖南农业大学,031,食品科学与工程类,4,573,78739
2022,4336,湖南女子学院,001,酒店管理,2,554,102372
2022,4336,湖南女子学院,003,英语(师范),2,574,78393
2022,4337,湖南人文科技学院,001,化学(师范),3,565,88441
2022,4337,湖南人文科技学院,002,农学,4,555,100758
2022,4337,湖南人文科技学院,003,市场营销,6,556,99718
2022,4337,湖南人文科技学院,004,商务英语,6,556,100232
2022,4337,湖南人文科技学院,005,秘书学,3,558,97793
2022,4337,湖南人文科技学院,006,通信工程,8,538,121751
2022,4337,湖南人文科技学院,007,软件工程,6,543,115342
2022,4337,湖南人文科技学院,008,学前教育(中外合作办学)(师范),4,557,98867
2022,4339,湖南工商大学,001,经济学,14,587,62917
2022,4339,湖南工商大学,002,大数据管理与应用,1,591,58404
2022,4339,湖南工商大学,003,跨境电子商务,1,578,73727
2022,4339,湖南工商大学,004,工商管理类,2,585,64617
2022,4339,湖南工商大学,005,会计学,13,593,56224
2022,4339,湖南工商大学,006,审计学,9,590,59627
2022,4339,湖南工商大学,011,旅游管理类,1,577,73896
2022,4339,湖南工商大学,012,智能科学与技术,1,585,64730
2022,4339,湖南工商大学,013,计算机类,1,580,70509
2022,4339,湖南工商大学,014,商务英语,1,580,71049
2022,4339,湖南工商大学,015,工业智能,1,574,77632
2022,4339,湖南工商大学,016,网络空间安全,1,578,72751
2022,4339,湖南工商大学,017,智能制造工程,1,578,73424
2022,4339,湖南工商大学,018,通信工程,1,582,68241
2022,4340,湘潭理工学院(民办),001,信息管理与信息系统,2,510,155146
2022,4340,湘潭理工学院(民办),002,工商管理,2,535,125853
2022,4340,湘潭理工学院(民办),003,财务管理,2,547,111043
2022,4340,湘潭理工学院(民办),004,人力资源管理,2,539,121182
2022,4340,湘潭理工学院(民办),005,物流管理,2,545,113722
2022,4341,湖南涉外经济学院(民办),001,金融学,3,529,132240
2022,4341,湖南涉外经济学院(民办),002,国际经济与贸易,2,535,126125
2022,4341,湖南涉外经济学院(民办),003,汉语言文学,2,540,119896
2022,4341,湖南涉外经济学院(民办),004,英语,2,532,129543
2022,4341,湖南涉外经济学院(民办),005,西班牙语,1,528,133998
2022,4341,湖南涉外经济学院(民办),006,日语,2,529,133360
2022,4341,湖南涉外经济学院(民办),007,机械设计制造及其自动化,2,510,155022
2022,4341,湖南涉外经济学院(民办),008,电子信息工程,2,504,161718
2022,4341,湖南涉外经济学院(民办),009,通信工程,2,506,159427
2022,4341,湖南涉外经济学院(民办),010,电子信息科学与技术,2,507,158373
2022,4341,湖南涉外经济学院(民办),011,计算机科学与技术,2,514,150272
2022,4341,湖南涉外经济学院(民办),012,工商管理,2,526,136357
2022,4341,湖南涉外经济学院(民办),013,会计学,2,533,127414
2022,4341,湖南涉外经济学院(民办),014,财务管理,2,531,130933
2022,4341,湖南涉外经济学院(民办),015,国际商务,2,519,145061
2022,4341,湖南涉外经济学院(民办),016,人力资源管理,2,529,133214
2022,4341,湖南涉外经济学院(民办),017,电子商务,2,528,134402
2022,4341,湖南涉外经济学院(民办),018,酒店管理,2,522,140784
2022,4341,湖南涉外经济学院(民办),025,网络与新媒体,2,542,117077
2022,4341,湖南涉外经济学院(民办),026,物联网工程,2,511,154303
2022,4341,湖南涉外经济学院(民办),027,学前教育,3,535,126045
2022,4341,湖南涉外经济学院(民办),028,商务英语,2,526,136580
2022,4341,湖南涉外经济学院(民办),030,软件工程,4,507,158338
2022,4341,湖南涉外经济学院(民办),031,会计学,4,530,132020
2022,4342,湖南师范大学（一流学科建设高校）,001,汉语国际教育(师范),4,642,12449
2022,4342,湖南师范大学（一流学科建设高校）,002,汉语言文学(师范),4,651,7929
2022,4342,湖南师范大学（一流学科建设高校）,003,历史学(师范),2,649,8559
2022,4342,湖南师范大学（一流学科建设高校）,004,文化产业管理,2,639,14128
2022,4342,湖南师范大学（一流学科建设高校）,007,法学,6,647,9655
2022,4342,湖南师范大学（一流学科建设高校）,008,知识产权,2,644,11273
2022,4342,湖南师范大学（一流学科建设高校）,009,行政管理,2,640,13572
2022,4342,湖南师范大学（一流学科建设高校）,010,思想政治教育(师范),4,648,9015
2022,4342,湖南师范大学（一流学科建设高校）,011,哲学,4,639,13863
2022,4342,湖南师范大学（一流学科建设高校）,012,政治学与行政学,2,642,12465
2022,4342,湖南师范大学（一流学科建设高校）,013,旅游管理类,8,630,19918
2022,4342,湖南师范大学（一流学科建设高校）,014,外国语言文学类,5,645,10694
2022,4342,湖南师范大学（一流学科建设高校）,017,数学类,4,642,12038
2022,4342,湖南师范大学（一流学科建设高校）,018,数据科学与大数据技术,4,631,19430
2022,4342,湖南师范大学（一流学科建设高校）,019,电子信息科学与技术,4,627,21915
2022,4342,湖南师范大学（一流学科建设高校）,020,物理学类,2,636,15574
2022,4342,湖南师范大学（一流学科建设高校）,021,化学(师范),4,642,12095
2022,4342,湖南师范大学（一流学科建设高校）,022,化工与制药类,8,624,24474
2022,4342,湖南师范大学（一流学科建设高校）,023,生物科学类,4,644,11280
2022,4342,湖南师范大学（一流学科建设高校）,024,地理科学(师范),2,649,8680
2022,4342,湖南师范大学（一流学科建设高校）,025,地理信息科学,3,641,12891
2022,4342,湖南师范大学（一流学科建设高校）,026,人文地理与城乡规划,2,636,15571
2022,4342,湖南师范大学（一流学科建设高校）,027,土地资源管理,2,635,16619
2022,4342,湖南师范大学（一流学科建设高校）,029,电子信息工程,2,628,21313
2022,4342,湖南师范大学（一流学科建设高校）,030,机械设计制造及其自动化,4,630,19781
2022,4342,湖南师范大学（一流学科建设高校）,031,临床医学,6,637,14954
2022,4342,湖南师范大学（一流学科建设高校）,032,药学,4,627,22646
2022,4342,湖南师范大学（一流学科建设高校）,033,预防医学,2,633,17602
2022,4342,湖南师范大学（一流学科建设高校）,034,计算机科学与技术,2,634,17036
2022,4342,湖南师范大学（一流学科建设高校）,035,软件工程,4,631,19450
2022,4342,湖南师范大学（一流学科建设高校）,036,物联网工程,2,630,19691
2022,4342,湖南师范大学（一流学科建设高校）,037,人工智能,6,627,22003
2022,4342,湖南师范大学（一流学科建设高校）,039,新闻传播学类,8,643,11595
2022,4345,湖南司法警官职业学院,501,法律事务,10,502,164901
2022,4345,湖南司法警官职业学院,502,司法鉴定技术,10,500,166411
2022,4346,湖南铁道职业技术学院,501,铁道机车车辆制造与维护,4,497,
2022,4346,湖南铁道职业技术学院,503,铁道机车运用与维护,8,497,
2022,4347,湖南文理学院,001,汉语言文学(师范),2,590,58994
2022,4347,湖南文理学院,002,新闻学,2,569,84442
2022,4347,湖南文理学院,003,电子商务及法律,2,563,91728
2022,4347,湖南文理学院,004,英语(师范),2,584,65558
2022,4347,湖南文理学院,005,日语,2,562,92964
2022,4347,湖南文理学院,006,商务英语,3,560,94541
2022,4347,湖南文理学院,010,学前教育(师范),2,574,78036
2022,4347,湖南文理学院,011,材料科学与工程,2,553,103120
2022,4347,湖南文理学院,012,市场营销,2,560,95410
2022,4347,湖南文理学院,013,会计学,2,566,88320
2022,4347,湖南文理学院,014,财务管理,2,565,89317
2022,4347,湖南文理学院,015,地理科学(师范),2,586,63595
2022,4347,湖南文理学院,016,旅游管理,2,558,96992
2022,4347,湖南文理学院,017,水产养殖学,2,556,99441
2022,4347,湖南文理学院,018,动物科学,2,556,99451
2022,4347,湖南文理学院,019,风景园林,2,560,94510
2022,4347,湖南文理学院,020,酒店管理,2,555,100883
2022,4347,湖南文理学院,021,医学检验技术,2,567,86727
2022,4348,湖南文理学院芙蓉学院(独立学院),001,国际经济与贸易,2,544,115039
2022,4348,湖南文理学院芙蓉学院(独立学院),002,旅游管理,1,538,121539
2022,4348,湖南文理学院芙蓉学院(独立学院),003,财务管理,2,544,114379
2022,4349,湖南信息学院(民办),501,大数据与财务管理,4,497,
2022,4349,湖南信息学院(民办),502,电子商务,3,497,
2022,4349,湖南信息学院(民办),503,国际经济与贸易,3,497,
2022,4350,湖南信息职业技术学院,509,商务英语,2,497,
2022,4350,湖南信息职业技术学院,513,软件技术(JAVA开发方向),3,506,160296
2022,4352,湖南中医药大学,001,中医学(5+3一体化，卓越1班),2,632,18348
2022,4352,湖南中医药大学,002,中医学,4,621,27235
2022,4352,湖南中医药大学,003,中西医临床医学,3,617,31084
2022,4352,湖南中医药大学,004,针灸推拿学,3,599,48569
2022,4352,湖南中医药大学,005,康复治疗学,1,590,58866
2022,4352,湖南中医药大学,006,临床医学,5,607,40340
2022,4352,湖南中医药大学,007,医学影像学,4,606,41499
2022,4352,湖南中医药大学,008,口腔医学,6,628,21794
2022,4352,湖南中医药大学,009,医学检验技术,8,596,52399
2022,4352,湖南中医药大学,010,护理学,3,572,80691
2022,4352,湖南中医药大学,011,药学,4,586,63703
2022,4352,湖南中医药大学,012,药物制剂,1,588,60878
2022,4352,湖南中医药大学,013,中药学,4,597,51035
2022,4352,湖南中医药大学,014,中药资源与开发,2,580,70832
2022,4352,湖南中医药大学,015,制药工程,1,588,61903
2022,4352,湖南中医药大学,016,食品科学与工程,2,597,51687
2022,4352,湖南中医药大学,017,生物工程,2,584,66478
2022,4352,湖南中医药大学,018,医学信息工程,4,571,81546
2022,4352,湖南中医药大学,019,运动康复,1,585,65107
2022,4352,湖南中医药大学,020,英语,1,586,63731
2022,4352,湖南中医药大学,021,应用心理学,1,605,42866
2022,4352,湖南中医药大学,022,计算机科学与技术,4,582,68363
2022,4352,湖南中医药大学,023,信息管理与信息系统,1,574,77569
2022,4352,湖南中医药大学,024,市场营销,1,580,70449
2022,4352,湖南中医药大学,025,公共事业管理,1,576,75916
2022,4352,湖南中医药大学,026,中医康复学,1,602,45724
2022,4352,湖南中医药大学,027,中医学(5+3一体化，卓越2班),1,631,19581
2022,4352,湖南中医药大学,028,中医学(5+3一体化，卓越3班),1,630,19804
2022,4352,湖南中医药大学,029,中医儿科学,1,613,34160
2022,4352,湖南中医药大学,030,中医骨伤科学,2,609,38052
2022,4352,湖南中医药大学,031,中医学(中医儿科班、5+3一体化),2,626,23117
2022,4353,湖南中医药大学湘杏学院(独立学院),001,中医学,5,568,84801
2022,4353,湖南中医药大学湘杏学院(独立学院),002,中西医临床医学,3,567,87140
2022,4353,湖南中医药大学湘杏学院(独立学院),003,针灸推拿学,4,565,88798
2022,4353,湖南中医药大学湘杏学院(独立学院),004,护理学,3,557,98243
2022,4354,湖南中医药高等专科学校,501,中医骨伤,6,497,
2022,4355,怀化学院,008,法学,2,572,80554
2022,4355,怀化学院,009,思想政治教育(师范),2,576,75217
2022,4355,怀化学院,010,学前教育(师范),2,571,81671
2022,4355,怀化学院,011,小学教育(师范),2,580,70786
2022,4355,怀化学院,013,汉语言文学(师范),3,579,72409
2022,4355,怀化学院,014,网络与新媒体,1,571,81463
2022,4355,怀化学院,015,英语(师范),2,578,73819
2022,4355,怀化学院,016,数学与应用数学(师范),3,552,104363
2022,4355,怀化学院,017,生物科学(师范),3,572,80248
2022,4355,怀化学院,018,机械设计制造及其自动化,3,541,117834
2022,4355,怀化学院,019,材料化学,3,552,104871
2022,4355,怀化学院,020,电气工程及其自动化,3,541,117856
2022,4355,怀化学院,021,通信工程,3,544,114133
2022,4355,怀化学院,022,软件工程,3,547,110391
2022,4355,怀化学院,023,制药工程,3,559,96163
2022,4355,怀化学院,024,风景园林,3,558,97814
2022,4355,怀化学院,025,财务管理,3,560,95259
2022,4355,怀化学院,026,公共事业管理,3,558,97857
2022,4355,怀化学院,027,化学(师范),2,564,89792
2022,4355,怀化学院,028,物理学(师范),3,550,106820
2022,4355,怀化学院,029,人工智能,3,540,119108
2022,4355,怀化学院,030,数据科学与大数据技术,3,546,111587
2022,4355,怀化学院,031,历史学(师范),2,578,73488
2022,4356,吉首大学,001,临床医学,2,600,48095
2022,4356,吉首大学,002,医学影像技术,2,580,71314
2022,4356,吉首大学,003,旅游管理,2,560,94691
2022,4356,吉首大学,004,电子商务,3,566,88173
2022,4356,吉首大学,005,电气工程及其自动化,2,560,94789
2022,4356,吉首大学,006,通信工程,2,558,97727
2022,4356,吉首大学,007,物理学(师范),2,560,94492
2022,4356,吉首大学,008,材料科学与工程,2,547,111437
2022,4356,吉首大学,009,机械设计制造及其自动化,2,552,105076
2022,4356,吉首大学,010,翻译,2,570,83396
2022,4356,吉首大学,011,日语,2,570,83035
2022,4356,吉首大学,012,国际经济与贸易,2,569,84345
2022,4356,吉首大学,013,工商管理,2,571,81858
2022,4356,吉首大学,014,经济学,2,574,78486
2022,4356,吉首大学,015,金融工程,3,572,80740
2022,4356,吉首大学,016,软件工程,4,557,98314
2022,4356,吉首大学,017,生物科学(师范),2,580,70696
2022,4356,吉首大学,018,食品科学与工程,2,565,88586
2022,4356,吉首大学,019,商务英语,2,571,81802
2022,4356,吉首大学,020,法学,2,585,65320
2022,4357,吉首大学张家界学院(独立学院),001,工商管理,3,539,120558
2022,4357,吉首大学张家界学院(独立学院),002,电子商务,3,542,117131
2022,4357,吉首大学张家界学院(独立学院),003,旅游管理,2,540,119841
2022,4358,南华大学,001,机械类,20,560,95063
2022,4358,南华大学,002,能源与动力工程,5,571,81298
2022,4358,南华大学,003,电气工程及其自动化,6,571,81170
2022,4358,南华大学,004,核工程类,5,572,80328
2022,4358,南华大学,005,核物理,3,575,77007
2022,4358,南华大学,006,矿业类,4,566,87467
2022,4358,南华大学,007,城市地下空间工程,4,555,100386
2022,4358,南华大学,008,环境工程,5,568,85708
2022,4358,南华大学,009,医学信息工程,4,566,87869
2022,4358,南华大学,010,土木类,20,556,100087
2022,4358,南华大学,011,建筑类,3,583,67192
2022,4358,南华大学,012,化工与制药类,5,569,83857
2022,4358,南华大学,013,材料类,6,565,88456
2022,4358,南华大学,014,信息与计算科学,4,577,74292
2022,4358,南华大学,015,临床医学类,5,614,33239
2022,4358,南华大学,016,药学,5,577,74404
2022,4358,南华大学,017,预防医学,2,597,51316
2022,4358,南华大学,018,护理学,6,570,83250
2022,4358,南华大学,019,工商管理类,8,582,68012
2022,4358,南华大学,020,物流工程,4,570,83083
2022,4358,南华大学,021,电子商务,10,581,70136
2022,4358,南华大学,022,外国语言文学类,6,582,68848
2022,4359,南华大学船山学院(独立学院),001,机械设计制造及其自动化,2,518,145794
2022,4359,南华大学船山学院(独立学院),002,电气工程及其自动化,2,526,136140
2022,4359,南华大学船山学院(独立学院),003,软件工程,2,529,132868
2022,4359,南华大学船山学院(独立学院),004,医学检验技术,2,555,100669
2022,4359,南华大学船山学院(独立学院),005,护理学,3,558,97204
2022,4359,南华大学船山学院(独立学院),006,工商管理,3,552,104700
2022,4359,南华大学船山学院(独立学院),007,会计学,2,552,104992
2022,4360,邵阳学院,001,金融工程,2,558,97717
2022,4360,邵阳学院,002,国际经济与贸易,2,559,96521
2022,4360,邵阳学院,003,法学,4,569,84310
2022,4360,邵阳学院,004,汉语国际教育(师范),4,568,85267
2022,4360,邵阳学院,005,历史学(师范),4,576,75893
2022,4360,邵阳学院,006,英语(师范),5,571,81867
2022,4360,邵阳学院,007,商务英语,5,557,98919
2022,4360,邵阳学院,008,数学与应用数学(师范),3,550,106594
2022,4360,邵阳学院,009,信息与计算科学,4,540,119104
2022,4360,邵阳学院,010,地理科学(师范),3,577,74517
2022,4360,邵阳学院,011,城乡规划,3,559,96748
2022,4360,邵阳学院,012,风景园林,3,558,97360
2022,4360,邵阳学院,013,园林,4,557,98635
2022,4360,邵阳学院,014,机械设计制造及其自动化,4,539,120502
2022,4360,邵阳学院,015,能源与动力工程,4,553,103632
2022,4360,邵阳学院,016,自动化,4,539,120792
2022,4360,邵阳学院,022,通信工程(中外合作办学),2,526,136238
2022,4360,邵阳学院,023,机械设计制造及其自动化(中外合作办学),2,528,133864
2022,4361,湘南学院,007,金融工程,3,556,99615
2022,4361,湘南学院,008,汉语言文学(师范),5,578,73707
2022,4361,湘南学院,009,英语(师范),4,575,76694
2022,4361,湘南学院,010,商务英语,3,559,96290
2022,4361,湘南学院,011,国际经济与贸易,3,557,98759
2022,4361,湘南学院,012,电气工程及其自动化,4,542,117284
2022,4361,湘南学院,013,光电信息科学与工程,4,539,120184
2022,4361,湘南学院,014,应用化学,5,553,102902
2022,4361,湘南学院,015,环境生态工程,5,552,104353
2022,4361,湘南学院,016,计算机科学与技术,5,548,109212
2022,4361,湘南学院,018,药学,5,563,91835
2022,4361,湘南学院,019,旅游管理,5,555,101433
2022,4361,湘南学院,020,医学检验技术,3,570,82767
2022,4361,湘南学院,021,医学影像技术,3,556,100120
2022,4361,湘南学院,022,临床医学,6,572,80666
2022,4362,湘潭大学（一流学科建设高校）,001,哲学,3,617,31177
2022,4362,湘潭大学（一流学科建设高校）,002,历史学,4,623,25903
2022,4362,湘潭大学（一流学科建设高校）,003,经济学,4,617,30880
2022,4362,湘潭大学（一流学科建设高校）,004,金融学,4,611,36614
2022,4362,湘潭大学（一流学科建设高校）,005,工商管理,4,607,40494
2022,4362,湘潭大学（一流学科建设高校）,006,会计学,4,613,34587
2022,4362,湘潭大学（一流学科建设高校）,007,应急管理,3,587,62689
2022,4362,湘潭大学（一流学科建设高校）,008,法学(卓越班),2,645,10832
2022,4362,湘潭大学（一流学科建设高校）,009,法学,3,643,11753
2022,4362,湘潭大学（一流学科建设高校）,010,知识产权,3,635,16788
2022,4362,湘潭大学（一流学科建设高校）,011,汉语言文学,4,625,24230
2022,4362,湘潭大学（一流学科建设高校）,012,广告学,3,611,35973
2022,4362,湘潭大学（一流学科建设高校）,013,英语,4,612,35542
2022,4362,湘潭大学（一流学科建设高校）,014,法语,3,607,40679
2022,4362,湘潭大学（一流学科建设高校）,015,西班牙语,3,607,40971
2022,4362,湘潭大学（一流学科建设高校）,016,数学类,4,619,28633
2022,4362,湘潭大学（一流学科建设高校）,017,数据科学与大数据技术,3,609,38564
2022,4362,湘潭大学（一流学科建设高校）,018,物理学,3,615,32607
2022,4362,湘潭大学（一流学科建设高校）,019,微电子科学与工程,4,604,43267
2022,4362,湘潭大学（一流学科建设高校）,020,材料类(师昌绪班),2,602,45422
2022,4362,湘潭大学（一流学科建设高校）,021,材料科学与工程,5,592,57220
2022,4362,湘潭大学（一流学科建设高校）,022,新能源材料与器件,4,599,48756
2022,4362,湘潭大学（一流学科建设高校）,023,材料化学,3,597,51084
2022,4362,湘潭大学（一流学科建设高校）,024,高分子材料与工程,4,599,49183
2022,4362,湘潭大学（一流学科建设高校）,025,化学工程与工艺,5,598,49873
2022,4362,湘潭大学（一流学科建设高校）,026,食品科学与工程,4,602,45708
2022,4362,湘潭大学（一流学科建设高校）,027,机械设计制造及其自动化,5,602,46069
2022,4362,湘潭大学（一流学科建设高校）,028,工业设计,3,598,50095
2022,4362,湘潭大学（一流学科建设高校）,029,智能制造工程,3,602,45486
2022,4362,湘潭大学（一流学科建设高校）,030,电子信息工程,4,609,38730
2022,4362,湘潭大学（一流学科建设高校）,031,通信工程,4,603,44656
2022,4362,湘潭大学（一流学科建设高校）,032,人工智能,4,610,37475
2022,4362,湘潭大学（一流学科建设高校）,033,计算机科学与技术,4,617,30618
2022,4362,湘潭大学（一流学科建设高校）,034,软件工程,3,614,33517
2022,4362,湘潭大学（一流学科建设高校）,035,网络空间安全,3,603,44408
2022,4362,湘潭大学（一流学科建设高校）,036,土木工程,6,593,55422
2022,4362,湘潭大学（一流学科建设高校）,037,机械设计制造及其自动化(中外合作办学),3,588,61323
2022,4363,湘潭大学兴湘学院(独立学院),001,广告学,3,542,116837
2022,4363,湘潭大学兴湘学院(独立学院),002,法学,3,554,102257
2022,4363,湘潭大学兴湘学院(独立学院),003,电子商务,3,545,113463
2022,4363,湘潭大学兴湘学院(独立学院),004,计算机科学与技术,3,527,134937
2022,4363,湘潭大学兴湘学院(独立学院),005,机械设计制造及其自动化,3,522,141503
2022,4364,永州职业技术学院,501,临床医学,6,503,163495
2022,4364,永州职业技术学院,502,口腔医学,6,514,151431
2022,4364,永州职业技术学院,503,中医学,3,507,158786
2022,4364,永州职业技术学院,504,药学,1,505,161328
2022,4364,永州职业技术学院,505,护理,1,498,169237
2022,4364,永州职业技术学院,506,医学影像技术,3,510,155027
2022,4365,中南大学（一流大学建设高校）,001,软件工程,7,650,7978
2022,4365,中南大学（一流大学建设高校）,002,临床医学,2,672,1699
2022,4365,中南大学（一流大学建设高校）,003,口腔医学(5+3一体化),2,667,2638
2022,4365,中南大学（一流大学建设高校）,004,金融学类(经济管理类),9,652,7421
2022,4365,中南大学（一流大学建设高校）,005,法学类,7,655,6023
2022,4365,中南大学（一流大学建设高校）,006,中国语言文学类,11,653,7094
2022,4365,中南大学（一流大学建设高校）,007,外国语言文学类,12,650,8318
2022,4365,中南大学（一流大学建设高校）,008,建筑类(建筑城规类),2,651,7690
2022,4365,中南大学（一流大学建设高校）,009,数学类(数学物理类),10,649,8436
2022,4365,中南大学（一流大学建设高校）,010,化工与制药类(化学生物环境类),5,646,9815
2022,4365,中南大学（一流大学建设高校）,012,材料类(冶金材料类),15,641,12820
2022,4365,中南大学（一流大学建设高校）,013,土木类(土木安全类),15,643,11883
2022,4365,中南大学（一流大学建设高校）,014,交通运输类,5,646,10131
2022,4365,中南大学（一流大学建设高校）,015,机械类,8,646,9807
2022,4365,中南大学（一流大学建设高校）,016,能源动力类(能源类),6,645,10430
2022,4365,中南大学（一流大学建设高校）,017,电子信息类,5,651,7919
2022,4365,中南大学（一流大学建设高校）,018,自动化类(自动化与电气类),18,649,8806
2022,4365,中南大学（一流大学建设高校）,019,计算机类(计算机与通信类),15,651,7529
2022,4365,中南大学（一流大学建设高校）,020,航空航天类,2,650,8066
2022,4365,中南大学（一流大学建设高校）,021,临床医学类,12,658,5174
2022,4365,中南大学（一流大学建设高校）,022,公共卫生与预防医学类(非临床医学类),4,649,8688
2022,4365,中南大学（一流大学建设高校）,023,医学技术类(医学四年类),4,648,8966
2022,4365,中南大学（一流大学建设高校）,024,数学与应用数学(中外合作办学)(中南大学邓迪国际学院),5,637,15428
2022,4365,中南大学（一流大学建设高校）,025,计算机科学与技术(中外合作办学)(中南大学邓迪国际学院),4,641,12872
2022,4365,中南大学（一流大学建设高校）,026,机械设计制造及其自动化(中外合作办学)(中南大学邓迪国际学院)投档单,4,636,15935
2022,4365,中南大学（一流大学建设高校）,027,交通设备与控制工程(中外合作办学)(中南大学邓迪国际学院),3,636,16122
2022,4366,中南林业科技大学,001,园艺,3,576,75812
2022,4366,中南林业科技大学,002,林学类,10,572,81018
2022,4366,中南林业科技大学,003,土地资源管理,3,580,70700
2022,4366,中南林业科技大学,004,生物科学类,8,569,83882
2022,4366,中南林业科技大学,005,生物工程,3,572,80925
2022,4366,中南林业科技大学,006,材料类,10,561,93650
2022,4366,中南林业科技大学,007,森林工程,2,566,87865
2022,4366,中南林业科技大学,008,木材科学与工程,4,567,86616
2022,4366,中南林业科技大学,009,机械类,12,563,91342
2022,4366,中南林业科技大学,010,能源动力类,11,571,81955
2022,4366,中南林业科技大学,011,物流工程,4,571,81604
2022,4366,中南林业科技大学,012,建筑类,2,591,58413
2022,4366,中南林业科技大学,013,风景园林,3,600,47809
2022,4366,中南林业科技大学,014,家具设计与工程,3,566,87274
2022,4366,中南林业科技大学,015,电子信息类,2,581,69082
2022,4366,中南林业科技大学,016,自动化,2,573,78694
2022,4366,中南林业科技大学,017,计算机类,2,589,60614
2022,4366,中南林业科技大学,018,工程力学,2,563,90994
2022,4366,中南林业科技大学,019,土木类,10,561,93624
2022,4366,中南林业科技大学,020,工程管理,2,562,92586
2022,4366,中南林业科技大学,021,食品科学与工程类,8,570,82475
2022,4366,中南林业科技大学,022,环境科学与工程类,10,568,84910
2022,4366,中南林业科技大学,023,工商管理类,7,584,65951
2022,4366,中南林业科技大学,024,金融学类,3,588,61130
2022,4366,中南林业科技大学,025,外国语言文学类,4,586,64022
2022,4366,中南林业科技大学,026,法语,2,590,59047
2022,4366,中南林业科技大学,027,日语,2,577,74993
2022,4366,中南林业科技大学,028,朝鲜语,2,571,81790
2022,4366,中南林业科技大学,029,旅游管理类,5,569,84414
2022,4366,中南林业科技大学,030,人工智能,2,583,67557
2022,4366,中南林业科技大学,031,会计学,2,602,45380
2022,4368,湖南铁路科技职业技术学院,501,铁道机车运用与维护,3,498,169119
2022,4368,湖南铁路科技职业技术学院,503,动车组检修技术,5,497,
2022,4368,湖南铁路科技职业技术学院,504,城市轨道交通运营管理,12,497,
2022,4368,湖南铁路科技职业技术学院,505,铁道工程技术,2,506,160116
2022,4377,长沙职业技术学院,501,计算机网络技术,1,530,131041
2022,4377,长沙职业技术学院,502,跨境电子商务,1,514,150761
2022,4401,北京理工大学珠海学院(独立学院),001,会计学(中外合作办学),3,548,110150
2022,4401,北京理工大学珠海学院(独立学院),002,智能科学与技术(国际班),2,534,126897
2022,4401,北京理工大学珠海学院(独立学院),003,计算机类,3,534,126699
2022,4401,北京理工大学珠海学院(独立学院),004,机器人工程,3,533,127606
2022,4401,北京理工大学珠海学院(独立学院),005,交通运输,3,526,136267
2022,4401,北京理工大学珠海学院(独立学院),006,应用统计学,3,549,109084
2022,4401,北京理工大学珠海学院(独立学院),007,国际经济与贸易,4,548,110104
2022,4401,北京理工大学珠海学院(独立学院),008,财务管理,3,549,108584
2022,4401,北京理工大学珠海学院(独立学院),009,会计学,4,555,101422
2022,4401,北京理工大学珠海学院(独立学院),010,法学,3,567,86676
2022,4401,北京理工大学珠海学院(独立学院),011,法学(国际班),3,553,103855
2022,4402,北京师范大学-香港浸会大学联合国际学院,001,工商管理类(中外合作办学),2,587,62489
2022,4402,北京师范大学-香港浸会大学联合国际学院,002,新闻传播学类(中外合作办学),6,591,58179
2022,4402,北京师范大学-香港浸会大学联合国际学院,003,外国语言文学类(中外合作办学),4,585,64800
2022,4402,北京师范大学-香港浸会大学联合国际学院,004,计算机类(中外合作办学),2,590,59450
2022,4402,北京师范大学-香港浸会大学联合国际学院,005,会计学(中外合作办学),2,589,60552
2022,4402,北京师范大学-香港浸会大学联合国际学院,006,经济学(中外合作办学),3,591,58417
2022,4402,北京师范大学-香港浸会大学联合国际学院,007,社会学(中外合作办学),3,588,61783
2022,4402,北京师范大学-香港浸会大学联合国际学院,008,应用心理学(中外合作办学),6,593,56035
2022,4402,北京师范大学-香港浸会大学联合国际学院,009,环境科学(中外合作办学),2,586,64039
2022,4402,北京师范大学-香港浸会大学联合国际学院,010,统计学(中外合作办学),2,588,61651
2022,4402,北京师范大学-香港浸会大学联合国际学院,011,金融数学(中外合作办学),3,591,58188
2022,4402,北京师范大学-香港浸会大学联合国际学院,012,数学与应用数学(中外合作办学),3,592,56343
2022,4403,电子科技大学中山学院(独立学院),001,电子信息类,10,516,148474
2022,4403,电子科技大学中山学院(独立学院),002,自动化,4,520,144034
2022,4403,电子科技大学中山学院(独立学院),003,电气工程及其自动化,4,515,149150
2022,4403,电子科技大学中山学院(独立学院),004,机械电子工程,4,514,150885
2022,4403,电子科技大学中山学院(独立学院),005,机械设计制造及其自动化,4,514,151229
2022,4403,电子科技大学中山学院(独立学院),006,计算机科学与技术,4,528,133455
2022,4403,电子科技大学中山学院(独立学院),007,软件工程,6,518,146413
2022,4403,电子科技大学中山学院(独立学院),008,人工智能,6,516,147904
2022,4403,电子科技大学中山学院(独立学院),009,应用化学,4,536,124584
2022,4403,电子科技大学中山学院(独立学院),010,环境工程,4,538,122024
2022,4403,电子科技大学中山学院(独立学院),011,食品质量与安全,4,537,122579
2022,4403,电子科技大学中山学院(独立学院),012,电子商务,3,542,117136
2022,4403,电子科技大学中山学院(独立学院),013,财务管理,3,543,116241
2022,4403,电子科技大学中山学院(独立学院),014,人力资源管理,3,541,118760
2022,4403,电子科技大学中山学院(独立学院),015,法学,3,551,105847
2022,4403,电子科技大学中山学院(独立学院),016,新闻学,3,551,105978
2022,4403,电子科技大学中山学院(独立学院),017,商务英语,3,538,121479
2022,4403,电子科技大学中山学院(独立学院),018,日语,3,536,124209
2022,4404,东莞城市学院(民办),001,社会工作,2,522,141417
2022,4404,东莞城市学院(民办),002,电子信息工程,2,508,157188
2022,4404,东莞城市学院(民办),003,计算机科学与技术,2,512,153089
2022,4404,东莞城市学院(民办),004,软件工程,2,507,158300
2022,4404,东莞城市学院(民办),005,物联网工程,2,504,161895
2022,4404,东莞城市学院(民办),006,市场营销,2,524,138265
2022,4404,东莞城市学院(民办),007,人力资源管理,2,522,141027
2022,4404,东莞城市学院(民办),008,物流管理,2,522,141109
2022,4404,东莞城市学院(民办),009,电子商务,2,530,131715
2022,4405,广东白云学院(民办),001,智能制造工程,2,509,156127
2022,4405,广东白云学院(民办),002,软件工程,2,511,153865
2022,4405,广东白云学院(民办),003,信息管理与信息系统,2,512,152608
2022,4405,广东白云学院(民办),004,数据科学与大数据技术,2,509,156003
2022,4405,广东白云学院(民办),005,数字经济,2,526,136749
2022,4405,广东白云学院(民办),006,会计学,2,531,130075
2022,4405,广东白云学院(民办),007,物流管理,2,526,136801
2022,4405,广东白云学院(民办),008,跨境电子商务,2,529,132762
2022,4405,广东白云学院(民办),009,英语,2,533,127747
2022,4405,广东白云学院(民办),010,计算机科学与技术(中外学分互认),2,514,150949
2022,4405,广东白云学院(民办),011,工商管理(中外学分互认),2,524,139034
2022,4406,广东工业大学,001,应用化学,3,581,69382
2022,4406,广东工业大学,002,电子信息类,3,613,34288
2022,4406,广东工业大学,003,交通运输,3,581,69752
2022,4406,广东工业大学,004,计算机类,3,617,31161
2022,4406,广东工业大学,005,能源动力类,3,594,54396
2022,4406,广东工业大学,006,工商管理类,3,600,47617
2022,4408,广东金融学院,001,金融学,1,595,53337
2022,4408,广东金融学院,002,财政学,1,606,41860
2022,4408,广东金融学院,003,金融工程,3,589,59830
2022,4408,广东金融学院,004,会计学,1,597,51575
2022,4408,广东金融学院,005,审计学,1,598,49708
2022,4408,广东金融学院,006,软件工程,3,593,55490
2022,4408,广东金融学院,007,电子商务,4,579,71755
2022,4408,广东金融学院,008,商务英语,2,592,57001
2022,4409,广东培正学院(民办),001,日语,5,522,141725
2022,4409,广东培正学院(民办),002,商务英语,5,525,137210
2022,4409,广东培正学院(民办),003,工商管理,5,525,137860
2022,4409,广东培正学院(民办),004,酒店管理,1,521,142455
2022,4409,广东培正学院(民办),005,国际经济与贸易,5,523,139634
2022,4409,广东培正学院(民办),006,会计学,6,531,130962
2022,4409,广东培正学院(民办),007,法学,5,539,120910
2022,4409,广东培正学院(民办),008,广告学,5,526,137017
2022,4409,广东培正学院(民办),009,应用心理学,6,531,129782
2022,4409,广东培正学院(民办),010,计算机科学与技术,6,507,159294
2022,4412,广东外语外贸大学,001,经济学,1,635,16315
2022,4412,广东外语外贸大学,002,金融学类,1,634,17297
2022,4412,广东外语外贸大学,003,法学,3,637,15366
2022,4412,广东外语外贸大学,004,社会工作,6,615,32252
2022,4412,广东外语外贸大学,005,中国语言文学类,3,632,18789
2022,4412,广东外语外贸大学,006,英语,4,638,14426
2022,4412,广东外语外贸大学,007,德语,1,638,14790
2022,4412,广东外语外贸大学,008,西班牙语,1,632,18291
2022,4412,广东外语外贸大学,009,朝鲜语,1,630,20165
2022,4412,广东外语外贸大学,010,印度尼西亚语,2,625,23850
2022,4412,广东外语外贸大学,011,希伯来语,2,623,25623
2022,4412,广东外语外贸大学,012,葡萄牙语,1,634,17076
2022,4412,广东外语外贸大学,013,商务英语,1,637,15466
2022,4412,广东外语外贸大学,014,新闻传播学类,2,636,16119
2022,4412,广东外语外贸大学,015,应用心理学,1,633,17816
2022,4412,广东外语外贸大学,016,计算机类,14,608,39718
2022,4412,广东外语外贸大学,017,工商管理类,1,636,15839
2022,4412,广东外语外贸大学,018,行政管理,5,618,30051
2022,4412,广东外语外贸大学,019,电子商务,4,620,28162
2022,4414,广东药科大学,001,生物工程类,4,581,69568
2022,4414,广东药科大学,002,预防医学,6,593,55858
2022,4414,广东药科大学,003,药学类,4,601,47225
2022,4414,广东药科大学,004,临床药学,4,597,51471
2022,4414,广东药科大学,005,海洋药学,6,578,72869
2022,4414,广东药科大学,006,中药学类,6,590,59418
2022,4416,广州应用科技学院(民办),001,汉语言文学,2,536,124333
2022,4416,广州应用科技学院(民办),002,新闻学,2,529,132215
2022,4416,广州应用科技学院(民办),003,数据科学与大数据技术,3,515,149263
2022,4416,广州应用科技学院(民办),004,建筑学,3,530,131701
2022,4417,广州工商学院(民办),001,学前教育,3,529,133370
2022,4417,广州工商学院(民办),002,工商管理,3,530,132197
2022,4417,广州工商学院(民办),003,人工智能,2,503,162974
2022,4417,广州工商学院(民办),004,软件工程,2,508,157817
2022,4417,广州工商学院(民办),005,数据科学与大数据技术,2,506,159857
2022,4418,广州航海学院,001,航海技术,4,540,118829
2022,4418,广州航海学院,002,轮机工程,5,536,124513
2022,4418,广州航海学院,003,船舶电子电气工程,2,547,110849
2022,4418,广州航海学院,004,船舶与海洋工程,2,548,109776
2022,4418,广州航海学院,005,港口航道与海岸工程,2,550,106730
2022,4419,广州美术学院,006,工业设计,1,612,35617
2022,4419,广州美术学院,007,建筑学,1,611,36868
2022,4419,广州美术学院,008,风景园林,1,609,38340
2022,4420,广州民航职业技术学院,501,飞机机电设备维修(中外合作办学),20,497,
2022,4420,广州民航职业技术学院,504,飞机部件修理,3,509,156754
2022,4420,广州民航职业技术学院,506,空中乘务(中外合作办学),20,497,
2022,4420,广州民航职业技术学院,507,民航运输服务,5,497,
2022,4420,广州民航职业技术学院,509,航空物流管理,4,497,
2022,4420,广州民航职业技术学院,510,大数据与会计,2,501,165718
2022,4420,广州民航职业技术学院,511,民航安全技术管理(民航旅客安全检查),6,497,
2022,4420,广州民航职业技术学院,512,机场运行服务与管理,1,513,151697
2022,4420,广州民航职业技术学院,513,机场场务技术与管理,2,497,
2022,4420,广州民航职业技术学院,514,电子信息工程技术,1,507,158718
2022,4420,广州民航职业技术学院,515,应用电子技术,3,497,
2022,4420,广州民航职业技术学院,517,民航通信技术(导航设备维修),2,498,169016
2022,4420,广州民航职业技术学院,518,计算机应用技术,2,516,148675
2022,4420,广州民航职业技术学院,519,大数据技术,1,531,129774
2022,4420,广州民航职业技术学院,520,通用航空航务技术(通航管制),2,512,153208
2022,4421,广州体育学院,005,新闻学,1,568,85854
2022,4422,广州医科大学（一流学科建设高校）,001,临床医学,4,645,10654
2022,4422,广州医科大学（一流学科建设高校）,002,医学技术类,4,607,40215
2022,4422,广州医科大学（一流学科建设高校）,003,公共事业管理,5,595,53545
2022,4422,广州医科大学（一流学科建设高校）,004,基础医学,1,630,20170
2022,4423,广州中医药大学（一流学科建设高校）,001,中医学(5+3一体化),2,649,8732
2022,4423,广州中医药大学（一流学科建设高校）,002,中医学,3,644,11132
2022,4423,广州中医药大学（一流学科建设高校）,003,中西医临床医学,1,641,12920
2022,4423,广州中医药大学（一流学科建设高校）,004,临床医学,1,641,12699
2022,4423,广州中医药大学（一流学科建设高校）,005,针灸推拿学,2,639,13932
2022,4423,广州中医药大学（一流学科建设高校）,006,康复治疗学,2,620,28299
2022,4423,广州中医药大学（一流学科建设高校）,007,生物技术,1,623,25842
2022,4423,广州中医药大学（一流学科建设高校）,008,中药学类,3,620,27986
2022,4423,广州中医药大学（一流学科建设高校）,009,药学类,2,620,27731
2022,4423,广州中医药大学（一流学科建设高校）,010,临床药学,1,625,24308
2022,4423,广州中医药大学（一流学科建设高校）,011,应用心理学,2,631,19159
2022,4423,广州中医药大学（一流学科建设高校）,012,公共事业管理,2,613,34503
2022,4423,广州中医药大学（一流学科建设高校）,013,医学信息工程,3,603,44900
2022,4423,广州中医药大学（一流学科建设高校）,014,护理学,2,604,43725
2022,4423,广州中医药大学（一流学科建设高校）,015,助产学,1,602,46272
2022,4424,华南理工大学（一流大学建设高校）,001,机械类(创新班),1,653,6810
2022,4424,华南理工大学（一流大学建设高校）,002,工科试验班(智能装备与先进制造),2,653,6897
2022,4424,华南理工大学（一流大学建设高校）,003,建筑学,1,658,5245
2022,4424,华南理工大学（一流大学建设高校）,004,城乡规划,1,651,7857
2022,4424,华南理工大学（一流大学建设高校）,005,工程力学(创新班),1,652,7424
2022,4424,华南理工大学（一流大学建设高校）,006,工科试验班(智慧土木与数字建造),2,651,7739
2022,4424,华南理工大学（一流大学建设高校）,007,交通运输类,1,650,8052
2022,4424,华南理工大学（一流大学建设高校）,008,电气工程及其自动化(卓越班),1,658,5167
2022,4424,华南理工大学（一流大学建设高校）,009,电气类,2,654,6692
2022,4424,华南理工大学（一流大学建设高校）,010,信息工程,2,654,6403
2022,4424,华南理工大学（一流大学建设高校）,011,自动化类,2,655,6066
2022,4424,华南理工大学（一流大学建设高校）,012,食品科学与工程类,1,651,7661
2022,4424,华南理工大学（一流大学建设高校）,013,数学类,2,654,6435
2022,4424,华南理工大学（一流大学建设高校）,014,物理学类,2,651,7825
2022,4424,华南理工大学（一流大学建设高校）,015,工商管理类,2,656,5794
2022,4424,华南理工大学（一流大学建设高校）,016,会计学,2,657,5452
2022,4424,华南理工大学（一流大学建设高校）,017,行政管理,2,652,7374
2022,4424,华南理工大学（一流大学建设高校）,018,商务英语,1,653,6970
2022,4424,华南理工大学（一流大学建设高校）,019,日语,1,651,7871
2022,4424,华南理工大学（一流大学建设高校）,020,计算机类,2,655,6158
2022,4424,华南理工大学（一流大学建设高校）,021,软件工程(卓越班),2,655,6189
2022,4424,华南理工大学（一流大学建设高校）,022,软件工程,2,654,6445
2022,4424,华南理工大学（一流大学建设高校）,023,环境科学与工程类,1,651,7523
2022,4424,华南理工大学（一流大学建设高校）,024,工业设计,1,653,7005
2022,4424,华南理工大学（一流大学建设高校）,028,新闻传播学类,2,657,5425
2022,4424,华南理工大学（一流大学建设高校）,029,经济学类,2,658,5086
2022,4424,华南理工大学（一流大学建设高校）,030,金融科技,1,653,7003
2022,4424,华南理工大学（一流大学建设高校）,031,电子商务类,2,653,6957
2022,4424,华南理工大学（一流大学建设高校）,032,临床医学,2,655,6085
2022,4425,华南农业大学（一流学科建设高校）,001,计算机科学与技术,1,616,31288
2022,4425,华南农业大学（一流学科建设高校）,002,数据科学与大数据技术,1,615,32511
2022,4425,华南农业大学（一流学科建设高校）,003,数学与应用数学,1,614,33105
2022,4425,华南农业大学（一流学科建设高校）,004,信息与计算科学,1,614,33247
2022,4425,华南农业大学（一流学科建设高校）,005,信息管理与信息系统,1,613,34300
2022,4425,华南农业大学（一流学科建设高校）,006,电子信息工程,1,615,32286
2022,4425,华南农业大学（一流学科建设高校）,007,电子科学与技术,1,616,31837
2022,4425,华南农业大学（一流学科建设高校）,008,电子信息科学与技术,1,616,31808
2022,4425,华南农业大学（一流学科建设高校）,009,电气工程及其自动化,1,615,32832
2022,4425,华南农业大学（一流学科建设高校）,010,机械设计制造及其自动化,1,609,37914
2022,4425,华南农业大学（一流学科建设高校）,011,工业设计,2,604,43424
2022,4425,华南农业大学（一流学科建设高校）,012,建筑学,1,618,29750
2022,4425,华南农业大学（一流学科建设高校）,013,土木工程,3,598,49820
2022,4425,华南农业大学（一流学科建设高校）,014,水利水电工程,1,599,48758
2022,4425,华南农业大学（一流学科建设高校）,015,城乡规划,1,622,26575
2022,4425,华南农业大学（一流学科建设高校）,016,园林,1,621,27581
2022,4425,华南农业大学（一流学科建设高校）,017,农林经济管理(丁颖创新班),1,626,23383
2022,4425,华南农业大学（一流学科建设高校）,018,农林经济管理(乡村振兴),1,621,27679
2022,4425,华南农业大学（一流学科建设高校）,019,会计学,1,624,25089
2022,4425,华南农业大学（一流学科建设高校）,020,金融学,1,627,22239
2022,4425,华南农业大学（一流学科建设高校）,021,经济学,1,631,19000
2022,4425,华南农业大学（一流学科建设高校）,022,国际经济与贸易,1,630,20087
2022,4425,华南农业大学（一流学科建设高校）,023,土地资源管理,1,621,27283
2022,4425,华南农业大学（一流学科建设高校）,024,旅游管理,1,617,31022
2022,4425,华南农业大学（一流学科建设高校）,025,法学,1,634,17096
2022,4425,华南农业大学（一流学科建设高校）,026,汉语言文学,1,631,19460
2022,4425,华南农业大学（一流学科建设高校）,027,历史学,1,630,20278
2022,4425,华南农业大学（一流学科建设高校）,028,社会工作,1,621,27560
2022,4425,华南农业大学（一流学科建设高校）,029,英语,1,629,20343
2022,4425,华南农业大学（一流学科建设高校）,030,日语,1,622,26730
2022,4425,华南农业大学（一流学科建设高校）,031,材料科学与工程,1,608,39114
2022,4425,华南农业大学（一流学科建设高校）,032,测绘工程,1,614,33934
2022,4425,华南农业大学（一流学科建设高校）,033,制药工程,2,607,39991
2022,4425,华南农业大学（一流学科建设高校）,034,生物工程,1,620,28025
2022,4425,华南农业大学（一流学科建设高校）,035,食品科学与工程,1,624,24517
2022,4425,华南农业大学（一流学科建设高校）,036,食品质量与安全,1,618,29910
2022,4425,华南农业大学（一流学科建设高校）,037,动物医学(丁颖创新班),2,628,21472
2022,4425,华南农业大学（一流学科建设高校）,038,生物科学(国家生物学理科基地班),4,619,28786
2022,4425,华南农业大学（一流学科建设高校）,039,农业机械化及其自动化(丁颖创新班),2,603,44503
2022,4425,华南农业大学（一流学科建设高校）,040,农学(丁颖创新班),4,609,38736
2022,4425,华南农业大学（一流学科建设高校）,041,园艺(丁颖创新班),3,608,39964
2022,4425,华南农业大学（一流学科建设高校）,042,植物保护(丁颖创新班),2,614,33812
2022,4425,华南农业大学（一流学科建设高校）,043,生物科学,1,624,24396
2022,4425,华南农业大学（一流学科建设高校）,044,生物技术,1,617,30647
2022,4425,华南农业大学（一流学科建设高校）,045,地理信息科学,1,621,27701
2022,4425,华南农业大学（一流学科建设高校）,046,应用化学,1,600,47488
2022,4425,华南农业大学（一流学科建设高校）,047,设施农业科学与工程,2,602,46193
2022,4425,华南农业大学（一流学科建设高校）,048,草业科学,1,603,44832
2022,4425,华南农业大学（一流学科建设高校）,049,生态学,2,608,38962
2022,4425,华南农业大学（一流学科建设高校）,050,农学,3,608,39380
2022,4425,华南农业大学（一流学科建设高校）,051,园艺,4,607,40861
2022,4425,华南农业大学（一流学科建设高校）,052,植物保护,2,600,48209
2022,4425,华南农业大学（一流学科建设高校）,053,茶学,3,604,44114
2022,4425,华南农业大学（一流学科建设高校）,054,农业资源与环境(低碳农业),2,603,44913
2022,4425,华南农业大学（一流学科建设高校）,055,动物科学(温氏班),4,610,37371
2022,4425,华南农业大学（一流学科建设高校）,056,动物科学,4,602,45934
2022,4425,华南农业大学（一流学科建设高校）,057,蚕学,2,595,53897
2022,4425,华南农业大学（一流学科建设高校）,058,动物医学,4,620,27738
2022,4425,华南农业大学（一流学科建设高校）,059,动物药学,2,608,39664
2022,4425,华南农业大学（一流学科建设高校）,060,海洋科学,2,600,48338
2022,4425,华南农业大学（一流学科建设高校）,061,林学(低碳林业),2,614,33851
2022,4425,华南农业大学（一流学科建设高校）,062,水产养殖学,3,594,54146
2022,4425,华南农业大学（一流学科建设高校）,063,工商管理类,1,624,24716
2022,4425,华南农业大学（一流学科建设高校）,064,公共管理类,1,623,25871
2022,4425,华南农业大学（一流学科建设高校）,065,生物科学(中外合作办学)(与爱尔兰都柏林大学合作办学),2,597,51514
2022,4425,华南农业大学（一流学科建设高校）,066,食品质量与安全(中外合作办学)(与爱尔兰都柏林大学合作办学),2,590,59606
2022,4425,华南农业大学（一流学科建设高校）,067,园艺(中外合作办学)(与爱尔兰都柏林大学合作办学),2,586,64263
2022,4425,华南农业大学（一流学科建设高校）,068,动物科学(智慧牧业),2,602,45481
2022,4425,华南农业大学（一流学科建设高校）,069,植物保护(智慧植保),2,600,48074
2022,4425,华南农业大学（一流学科建设高校）,070,水产养殖学(智慧渔业),4,597,51559
2022,4426,华南师范大学（一流学科建设高校）,001,汉语言文学(师范),2,654,6423
2022,4426,华南师范大学（一流学科建设高校）,002,经济学,2,646,10279
2022,4426,华南师范大学（一流学科建设高校）,003,旅游管理,3,631,19595
2022,4426,华南师范大学（一流学科建设高校）,004,光电信息科学与工程,2,634,17175
2022,4426,华南师范大学（一流学科建设高校）,005,环境工程,4,629,20740
2022,4426,华南师范大学（一流学科建设高校）,006,思想政治教育(师范),3,650,8142
2022,4426,华南师范大学（一流学科建设高校）,007,社会工作,3,637,15070
2022,4426,华南师范大学（一流学科建设高校）,008,学前教育(师范),5,638,14818
2022,4426,华南师范大学（一流学科建设高校）,009,计算机科学与技术(师范),4,637,14889
2022,4426,华南师范大学（一流学科建设高校）,010,网络工程,2,636,15621
2022,4426,华南师范大学（一流学科建设高校）,011,生物科学(师范),2,627,22511
2022,4426,华南师范大学（一流学科建设高校）,012,生物工程,2,625,23667
2022,4426,华南师范大学（一流学科建设高校）,013,地理科学(师范),4,648,9072
2022,4426,华南师范大学（一流学科建设高校）,014,人文地理与城乡规划,2,643,11777
2022,4427,珠海科技学院(民办),001,广告学,3,554,101671
2022,4427,珠海科技学院(民办),002,健康服务与管理,3,546,112423
2022,4427,珠海科技学院(民办),003,护理学,3,544,114039
2022,4427,珠海科技学院(民办),004,会计学,3,555,101454
2022,4427,珠海科技学院(民办),005,金融学,3,556,99902
2022,4427,珠海科技学院(民办),006,电子商务,3,547,110890
2022,4427,珠海科技学院(民办),007,酒店管理,3,537,123350
2022,4427,珠海科技学院(民办),008,英语,3,547,111369
2022,4427,珠海科技学院(民办),009,日语,3,542,116572
2022,4427,珠海科技学院(民办),010,机械设计制造及其自动化,3,527,135046
2022,4427,珠海科技学院(民办),011,电子信息科学与技术,3,532,129173
2022,4427,珠海科技学院(民办),012,计算机科学与技术,3,543,115265
2022,4427,珠海科技学院(民办),013,软件工程,3,542,116389
2022,4427,珠海科技学院(民办),014,药物制剂,3,549,108847
2022,4427,珠海科技学院(民办),015,飞行器设计与工程,3,526,136275
2022,4428,暨南大学（一流学科建设高校）,001,网络与新媒体,2,652,7420
2022,4428,暨南大学（一流学科建设高校）,003,经济学,2,650,8318
2022,4428,暨南大学（一流学科建设高校）,004,税收学,2,648,9142
2022,4428,暨南大学（一流学科建设高校）,005,会计学,2,651,7627
2022,4428,暨南大学（一流学科建设高校）,006,行政管理,2,646,10038
2022,4428,暨南大学（一流学科建设高校）,007,应用物理学,3,638,14485
2022,4428,暨南大学（一流学科建设高校）,008,数学与应用数学,2,640,13058
2022,4428,暨南大学（一流学科建设高校）,009,信息管理与信息系统,3,638,14280
2022,4428,暨南大学（一流学科建设高校）,010,信息安全,2,641,12759
2022,4428,暨南大学（一流学科建设高校）,011,国际经济与贸易,2,647,9752
2022,4428,暨南大学（一流学科建设高校）,012,药学,2,638,14562
2022,4428,暨南大学（一流学科建设高校）,013,临床医学,2,646,10014
2022,4428,暨南大学（一流学科建设高校）,017,法学,3,651,7678
2022,4428,暨南大学（一流学科建设高校）,018,翻译,2,645,10684
2022,4428,暨南大学（一流学科建设高校）,019,电气工程及其自动化,2,641,12569
2022,4428,暨南大学（一流学科建设高校）,020,包装工程,2,637,15238
2022,4428,暨南大学（一流学科建设高校）,021,人工智能,3,642,12229
2022,4428,暨南大学（一流学科建设高校）,022,旅游管理,2,639,14037
2022,4428,暨南大学（一流学科建设高校）,023,商务英语,2,644,11245
2022,4428,暨南大学（一流学科建设高校）,024,数学与应用数学(中外合作办学),2,634,17142
2022,4428,暨南大学（一流学科建设高校）,025,经济学(中外合作办学),2,640,13379
2022,4428,暨南大学（一流学科建设高校）,027,金融工程,3,646,9942
2022,4429,广东石油化工学院,001,化学工程与工艺(卓越班),3,540,119686
2022,4429,广东石油化工学院,002,计算机科学与技术,2,553,102931
2022,4429,广东石油化工学院,003,物联网工程,3,542,117313
2022,4429,广东石油化工学院,004,高分子材料与工程,3,537,123412
2022,4429,广东石油化工学院,005,过程装备与控制工程,2,539,120432
2022,4429,广东石油化工学院,006,电子信息工程,3,549,107961
2022,4430,广东南华工商职业学院,501,计算机网络技术,1,506,159616
2022,4430,广东南华工商职业学院,502,药品经营与管理,3,497,
2022,4430,广东南华工商职业学院,503,工商企业管理,1,520,143170
2022,4430,广东南华工商职业学院,504,大数据与会计,3,500,166617
2022,4431,南方医科大学,001,临床医学(本硕博连读),4,666,2922
2022,4431,南方医科大学,002,临床医学,4,654,6716
2022,4431,南方医科大学,003,精神医学,2,643,11486
2022,4431,南方医科大学,004,口腔医学,2,653,6813
2022,4431,南方医科大学,005,医学影像学,2,640,13477
2022,4431,南方医科大学,006,预防医学,3,637,15209
2022,4431,南方医科大学,007,中西医临床医学,2,649,8605
2022,4431,南方医科大学,008,临床药学,4,629,20665
2022,4431,南方医科大学,009,生物技术,6,617,30881
2022,4431,南方医科大学,010,应用统计学(生物统计),2,623,25277
2022,4431,南方医科大学,011,生物医学工程,10,619,28761
2022,4431,南方医科大学,012,中医学,2,640,13306
2022,4431,南方医科大学,013,医学检验技术,10,627,21978
2022,4431,南方医科大学,014,康复治疗学,10,594,54787
2022,4431,南方医科大学,015,外国语言文学类,3,610,37206
2022,4431,南方医科大学,016,护理学,8,606,41299
2022,4431,南方医科大学,017,助产学,6,601,46350
2022,4433,汕头大学,001,汉语言文学,2,626,23397
2022,4433,汕头大学,002,英语,2,620,27716
2022,4433,汕头大学,003,数学与应用数学,4,609,38112
2022,4433,汕头大学,004,光电信息科学与工程,4,611,36138
2022,4433,汕头大学,005,应用化学,3,604,44129
2022,4433,汕头大学,006,机械设计制造及其自动化,3,611,36191
2022,4433,汕头大学,007,电子信息工程,3,616,31704
2022,4433,汕头大学,008,计算机科学与技术,3,618,29875
2022,4433,汕头大学,009,法学,2,633,17863
2022,4433,汕头大学,010,法学(涉外法务英语特色班),2,637,15508
2022,4433,汕头大学,011,金融学(国际金融、数字金融),2,626,22808
2022,4433,汕头大学,012,工商管理(创业与创新管理),2,621,27539
2022,4433,汕头大学,013,会计学(智能会计),2,626,23124
2022,4433,汕头大学,014,新闻学,1,633,17807
2022,4433,汕头大学,015,国际新闻与传播,1,628,21456
2022,4433,汕头大学,016,广告学,1,630,20052
2022,4433,汕头大学,023,临床医学(5+3一体化),3,640,13403
2022,4433,汕头大学,024,临床医学,2,632,18171
2022,4435,星海音乐学院,058,艺术管理,2,588,61066
2022,4436,中山大学（一流大学建设高校）,001,汉语言文学(广州),4,661,4154
2022,4436,中山大学（一流大学建设高校）,002,经济学类(广州),5,658,5142
2022,4436,中山大学（一流大学建设高校）,003,法学,4,663,3396
2022,4436,中山大学（一流大学建设高校）,004,公共管理类,4,658,5114
2022,4436,中山大学（一流大学建设高校）,005,工商管理类(广州),8,655,5999
2022,4436,中山大学（一流大学建设高校）,006,心理学,4,652,7440
2022,4436,中山大学（一流大学建设高校）,007,化学类,5,650,8242
2022,4436,中山大学（一流大学建设高校）,008,临床医学,2,676,1087
2022,4436,中山大学（一流大学建设高校）,009,口腔医学(5+3一体化),2,668,2301
2022,4436,中山大学（一流大学建设高校）,010,哲学(珠海),4,659,4797
2022,4436,中山大学（一流大学建设高校）,011,国际政治,4,658,4999
2022,4436,中山大学（一流大学建设高校）,012,物理学(深圳),5,653,7057
2022,4436,中山大学（一流大学建设高校）,013,数学类(珠海),5,654,6378
2022,4436,中山大学（一流大学建设高校）,014,人工智能,5,655,6052
2022,4436,中山大学（一流大学建设高校）,015,临床医学(深圳),10,663,3441
2022,4436,中山大学（一流大学建设高校）,016,电子信息类(深圳),8,654,6648
2022,4436,中山大学（一流大学建设高校）,017,计算机类(深圳),10,655,6143
2022,4436,中山大学（一流大学建设高校）,018,网络空间安全,10,653,6765
2022,4440,深圳大学,001,材料科学与工程,1,636,15740
2022,4440,深圳大学,002,广告学,4,641,13048
2022,4440,深圳大学,003,网络与新媒体,2,642,12223
2022,4440,深圳大学,004,电子信息工程,6,639,13835
2022,4440,深圳大学,005,电子科学与技术,3,638,14493
2022,4440,深圳大学,006,法学,7,644,10868
2022,4440,深圳大学,007,工商管理,4,639,14208
2022,4440,深圳大学,008,电子商务,3,640,13200
2022,4440,深圳大学,009,环境工程,1,637,14849
2022,4440,深圳大学,010,自动化,5,636,15753
2022,4440,深圳大学,011,计算机科学与技术,5,642,12049
2022,4440,深圳大学,012,软件工程(腾班),2,646,9955
2022,4440,深圳大学,013,地理空间信息工程(智慧城市),2,635,16449
2022,4440,深圳大学,014,建筑学(卓越班),3,644,11337
2022,4440,深圳大学,015,金融学,6,643,11791
2022,4440,深圳大学,016,国际经济与贸易,4,638,14347
2022,4440,深圳大学,017,汉语言文学,1,642,12280
2022,4440,深圳大学,018,数学与应用数学,3,639,13878
2022,4440,深圳大学,019,数学与应用数学(师范),1,636,15614
2022,4440,深圳大学,020,英语,2,643,11863
2022,4440,深圳大学,021,日语,1,633,17911
2022,4440,深圳大学,022,金融科技,1,646,9931
2022,4440,深圳大学,023,光电信息科学与工程,4,637,14892
2022,4440,深圳大学,024,核工程与核技术,1,635,16294
2022,4440,深圳大学,025,临床医学,5,640,13455
2022,4440,深圳大学,026,临床医学(卓越班),2,645,10764
2022,4440,深圳大学,031,行政管理,2,635,16581
2022,4440,深圳大学,032,金融科技(中外合作办学),4,627,21971
2022,4440,深圳大学,033,信息管理与信息系统(中外合作办学),2,615,32566
2022,4440,深圳大学,034,电子商务(中外合作办学),4,611,36844
2022,4441,广东医科大学,001,麻醉学,3,620,28048
2022,4441,广东医科大学,002,医学影像学,4,607,40166
2022,4441,广东医科大学,003,临床医学,4,628,21307
2022,4441,广东医科大学,004,口腔医学,2,646,10267
2022,4441,广东医科大学,005,医学检验技术,3,605,42470
2022,4441,广东医科大学,006,预防医学,4,597,51537
2022,4445,广东海洋大学,001,法学,1,597,51738
2022,4445,广东海洋大学,002,海洋科学,5,568,85625
2022,4445,广东海洋大学,003,机械设计制造及其自动化,1,574,77966
2022,4445,广东海洋大学,004,能源与动力工程,2,568,84915
2022,4445,广东海洋大学,005,电子信息工程,1,580,70653
2022,4445,广东海洋大学,006,食品科学与工程,5,571,81943
2022,4445,广东海洋大学,007,食品质量与安全,5,568,85596
2022,4445,广东海洋大学,008,动物科学,2,568,85595
2022,4445,广东海洋大学,009,水产养殖学,4,566,88243
2022,4445,广东海洋大学,010,海洋渔业科学与技术,4,568,84959
2022,4445,广东海洋大学,011,行政管理,2,580,70591
2022,4445,广东海洋大学,012,旅游管理,1,574,77837
2022,4445,广东海洋大学,016,物联网工程,2,575,77370
2022,4450,韶关学院,001,法学,2,566,87933
2022,4450,韶关学院,002,汉语言文学(师范),2,578,73453
2022,4450,韶关学院,003,商务英语,2,561,93567
2022,4450,韶关学院,005,临床医学,2,571,81768
2022,4451,东莞理工学院,001,网络工程,2,573,79324
2022,4451,东莞理工学院,002,光电信息科学与工程,2,565,88509
2022,4451,东莞理工学院,003,化学工程与工艺,2,566,87733
2022,4452,广东理工学院(民办),001,金融工程,2,527,135687
2022,4452,广东理工学院(民办),002,标准化工程,2,524,138487
2022,4452,广东理工学院(民办),003,电子商务,2,525,137446
2022,4452,广东理工学院(民办),005,会计学,2,532,128903
2022,4452,广东理工学院(民办),006,商务英语,2,523,139968
2022,4452,广东理工学院(民办),007,电气工程及其自动化,2,513,152116
2022,4452,广东理工学院(民办),008,机械设计制造及其自动化,2,509,156685
2022,4452,广东理工学院(民办),009,机器人工程,2,509,156155
2022,4456,广东轻工职业技术学院,502,机械制造及自动化,2,512,153522
2022,4456,广东轻工职业技术学院,503,商务英语,2,517,147648
2022,4457,广州软件学院(民办),001,软件工程(国际班),2,531,129923
2022,4457,广州软件学院(民办),002,网络工程(云计算创新实验班),1,527,135487
2022,4457,广州软件学院(民办),003,智能科学与技术(AI创新实验班),1,531,130012
2022,4457,广州软件学院(民办),004,自动化(国际班),2,519,144298
2022,4457,广州软件学院(民办),005,数字媒体技术,1,538,122244
2022,4457,广州软件学院(民办),006,行政管理,1,548,109917
2022,4457,广州软件学院(民办),007,物流管理,1,535,125740
2022,4457,广州软件学院(民办),008,市场营销(国际班),1,520,143914
2022,4457,广州软件学院(民办),009,国际经济与贸易(国际班),1,531,130502
2022,4457,广州软件学院(民办),010,财务管理,1,544,114368
2022,4458,广州铁路职业技术学院,501,铁道运输类,4,497,
2022,4458,广州铁路职业技术学院,504,高速铁路综合维修技术,3,497,
2022,4458,广州铁路职业技术学院,506,城市轨道交通运营管理,3,509,156084
2022,4459,广东以色列理工学院(中外合作办学),001,数学与应用数学(中外合作办学),2,583,67044
2022,4459,广东以色列理工学院(中外合作办学),002,生物技术(中外合作办学),2,564,90108
2022,4459,广东以色列理工学院(中外合作办学),003,机械工程(中外合作办学),2,580,70645
2022,4459,广东以色列理工学院(中外合作办学),004,材料科学与工程(中外合作办学),2,582,67965
2022,4459,广东以色列理工学院(中外合作办学),005,化学工程与工艺(中外合作办学),2,550,106796
2022,4460,哈尔滨工业大学(深圳)（一流大学建设高校）,001,计算机类,9,669,2109
2022,4460,哈尔滨工业大学(深圳)（一流大学建设高校）,002,电子信息类,9,660,4551
2022,4460,哈尔滨工业大学(深圳)（一流大学建设高校）,003,机械类,3,660,4521
2022,4460,哈尔滨工业大学(深圳)（一流大学建设高校）,004,自动化类,10,662,3984
2022,4460,哈尔滨工业大学(深圳)（一流大学建设高校）,005,电气类,3,659,4642
2022,4460,哈尔滨工业大学(深圳)（一流大学建设高校）,006,建筑类,2,657,5504
2022,4460,哈尔滨工业大学(深圳)（一流大学建设高校）,007,经济学类,5,659,4671
2022,4460,哈尔滨工业大学(深圳)（一流大学建设高校）,008,数学类,9,659,4761
2022,4464,岭南师范学院,001,网络与新媒体,2,571,81389
2022,4464,岭南师范学院,002,社会工作,2,565,89321
2022,4464,岭南师范学院,003,商务英语,1,565,89329
2022,4464,岭南师范学院,004,应用化学,1,565,89372
2022,4464,岭南师范学院,006,地理信息科学,2,566,87269
2022,4466,肇庆学院,001,汉语言文学(师范),6,573,78815
2022,4466,肇庆学院,002,生物科学类,7,555,100816
2022,4466,肇庆学院,003,机械类,6,530,131719
2022,4466,肇庆学院,004,电子信息类,6,528,133906
2022,4467,深圳北理莫斯科大学,002,国际经济与贸易(中外合作办学),2,577,73885
2022,4467,深圳北理莫斯科大学,009,电子与计算机工程(中外合作办学),2,599,48942
2022,4501,北海艺术设计学院(民办),014,艺术教育(音乐、美术方向),5,524,138567
2022,4501,北海艺术设计学院(民办),015,哲学,5,531,130583
2022,4501,北海艺术设计学院(民办),016,学前教育,10,533,127560
2022,4501,北海艺术设计学院(民办),017,汉语言文学,5,549,108667
2022,4503,广西财经学院,001,财政学,3,561,94148
2022,4503,广西财经学院,002,金融学,4,563,91547
2022,4503,广西财经学院,003,保险学,3,557,98072
2022,4503,广西财经学院,004,工商管理,4,558,97708
2022,4503,广西财经学院,005,会计学,3,569,84336
2022,4503,广西财经学院,006,资产评估,3,557,98058
2022,4504,广西大学（一流学科建设高校）,001,电子科学与技术,10,616,31875
2022,4504,广西大学（一流学科建设高校）,002,机械类,10,610,37054
2022,4504,广西大学（一流学科建设高校）,003,电气类,10,617,30886
2022,4504,广西大学（一流学科建设高校）,004,计算机类,10,621,26842
2022,4504,广西大学（一流学科建设高校）,005,汉语国际教育,6,621,27642
2022,4504,广西大学（一流学科建设高校）,006,汉语言文学,6,629,20996
2022,4504,广西大学（一流学科建设高校）,007,公共事业管理,6,625,24271
2022,4506,广西科技大学,001,数据科学与大数据技术,5,559,95691
2022,4506,广西科技大学,002,护理学,5,563,91171
2022,4506,广西科技大学,005,软件工程(启迪数字学院),5,559,96160
2022,4506,广西科技大学,006,软件工程(中外合作办学),8,536,124494
2022,4506,广西科技大学,007,机械工程(中外合作办学),6,529,132602
2022,4506,广西科技大学,008,新媒体技术(虚拟现实方向),5,546,111521
2022,4506,广西科技大学,009,康复治疗学,5,565,89062
2022,4507,柳州工学院(民办),001,投资学,5,528,134239
2022,4507,柳州工学院(民办),002,财务管理,5,529,132955
2022,4507,柳州工学院(民办),003,人力资源管理,5,528,133839
2022,4507,柳州工学院(民办),004,物流管理,5,527,135672
2022,4507,柳州工学院(民办),005,车辆工程,5,504,161867
2022,4507,柳州工学院(民办),011,土木工程,5,505,160840
2022,4507,柳州工学院(民办),012,计算机科学与技术,5,508,157729
2022,4507,柳州工学院(民办),013,翻译,5,525,137164
2022,4507,柳州工学院(民办),014,商务英语,5,528,133845
2022,4511,广西民族大学,001,行政管理,2,567,87162
2022,4511,广西民族大学,002,国际经济与贸易,2,561,94115
2022,4511,广西民族大学,003,工商管理,1,563,91249
2022,4511,广西民族大学,004,市场营销,3,555,101551
2022,4511,广西民族大学,005,物流管理,2,566,87822
2022,4511,广西民族大学,006,旅游管理,2,558,97736
2022,4511,广西民族大学,007,法学,2,584,66096
2022,4511,广西民族大学,008,社会学,2,573,79283
2022,4511,广西民族大学,009,英语,2,574,78028
2022,4511,广西民族大学,010,电子信息工程,1,553,103767
2022,4511,广西民族大学,011,通信工程,1,553,103267
2022,4511,广西民族大学,012,自动化,1,550,106601
2022,4511,广西民族大学,013,化学工程与工艺,1,558,96856
2022,4511,广西民族大学,014,金属材料工程,2,540,118953
2022,4511,广西民族大学,015,高分子材料与工程,2,553,103403
2022,4511,广西民族大学,016,环境工程,1,555,101578
2022,4511,广西民族大学,017,海洋科学,3,552,104580
2022,4511,广西民族大学,018,工程管理,2,544,114825
2022,4511,广西民族大学,021,非物质文化遗产保护,2,557,98921
2022,4511,广西民族大学,022,金融学(中澳学分互认联合培养),5,550,106945
2022,4511,广西民族大学,023,人工智能(中澳学分互认联合培养),5,540,118905
2022,4512,广西民族大学相思湖学院(独立学院),001,金融科技,5,530,131566
2022,4512,广西民族大学相思湖学院(独立学院),002,印度尼西亚语,10,523,140593
2022,4512,广西民族大学相思湖学院(独立学院),003,泰语,5,527,135520
2022,4512,广西民族大学相思湖学院(独立学院),004,越南语,5,525,137393
2022,4513,广西师范大学,001,汉语言文学(师范),4,618,30094
2022,4513,广西师范大学,002,历史学(师范),2,614,33807
2022,4513,广西师范大学,003,教育技术学(师范),2,574,77593
2022,4513,广西师范大学,004,日语,2,580,71028
2022,4513,广西师范大学,011,数学与应用数学(师范),2,605,42411
2022,4513,广西师范大学,012,科学教育(师范),4,584,65722
2022,4513,广西师范大学,013,生物科学(师范),2,608,39543
2022,4513,广西师范大学,014,计算机科学与技术,2,582,68503
2022,4513,广西师范大学,017,人工智能,2,575,77255
2022,4514,桂林学院(独立学院),003,商务英语,4,530,131708
2022,4514,桂林学院(独立学院),004,经济学,4,531,130790
2022,4514,桂林学院(独立学院),005,金融学类,4,529,132563
2022,4514,桂林学院(独立学院),006,电子商务,2,529,132309
2022,4514,桂林学院(独立学院),007,物业管理,2,527,135831
2022,4514,桂林学院(独立学院),008,软件工程,3,512,152769
2022,4514,桂林学院(独立学院),009,电子信息工程,3,513,152156
2022,4514,桂林学院(独立学院),010,数字媒体技术,4,506,160117
2022,4514,桂林学院(独立学院),011,工程造价,4,504,162116
2022,4514,桂林学院(独立学院),012,健康服务与管理,3,529,133092
2022,4514,桂林学院(独立学院),013,物联网工程,2,506,159874
2022,4514,桂林学院(独立学院),014,计算机科学与技术,2,512,153109
2022,4515,南宁师范大学,001,法学,2,582,68125
2022,4515,南宁师范大学,002,应用心理学,2,573,79501
2022,4515,南宁师范大学,003,物流管理,2,561,94101
2022,4515,南宁师范大学,004,英语,4,575,77155
2022,4515,南宁师范大学,005,工商管理类,6,562,92392
2022,4515,南宁师范大学,006,公共事业管理,2,566,87878
2022,4517,广西医科大学,001,临床医学(5+3一体化),2,640,13166
2022,4517,广西医科大学,002,临床医学,6,620,28128
2022,4517,广西医科大学,003,医学影像学,2,587,62754
2022,4517,广西医科大学,004,儿科学,2,617,30855
2022,4517,广西医科大学,005,法医学,2,601,47230
2022,4517,广西医科大学,006,口腔医学,2,634,17385
2022,4517,广西医科大学,007,预防医学,4,592,57095
2022,4517,广西医科大学,008,临床药学,2,613,34193
2022,4517,广西医科大学,009,药学,2,590,58841
2022,4517,广西医科大学,010,生物医学工程,2,576,75714
2022,4517,广西医科大学,011,运动康复,2,571,82209
2022,4517,广西医科大学,012,护理学,3,571,82183
2022,4517,广西医科大学,013,社会工作,2,568,85461
2022,4517,广西医科大学,014,翻译,2,568,85083
2022,4518,广西艺术学院,001,美术学,2,556,100078
2022,4518,广西艺术学院,002,艺术设计学,1,566,87759
2022,4518,广西艺术学院,003,艺术史论,4,551,106076
2022,4518,广西艺术学院,006,戏剧影视文学,1,553,103547
2022,4519,广西中医药大学,001,针灸推拿学,4,583,66817
2022,4519,广西中医药大学,002,临床医学,4,585,64599
2022,4519,广西中医药大学,003,口腔医学,1,598,49585
2022,4519,广西中医药大学,004,食品质量与安全,1,566,87438
2022,4519,广西中医药大学,005,康复治疗学,2,549,108427
2022,4519,广西中医药大学,006,药学,2,575,76841
2022,4519,广西中医药大学,007,中药学,2,590,58944
2022,4519,广西中医药大学,008,中医学,6,600,48057
2022,4519,广西中医药大学,009,信息管理与信息系统,1,557,98566
2022,4519,广西中医药大学,010,中医学(5+3一体化),2,620,27722
2022,4520,广西中医药大学赛恩斯新医药学院(独立学院),001,中医学,30,549,108257
2022,4520,广西中医药大学赛恩斯新医药学院(独立学院),002,针灸推拿学,30,542,116428
2022,4520,广西中医药大学赛恩斯新医药学院(独立学院),003,护理学,6,549,108524
2022,4520,广西中医药大学赛恩斯新医药学院(独立学院),004,药学,5,546,112526
2022,4520,广西中医药大学赛恩斯新医药学院(独立学院),005,药物制剂,2,541,118211
2022,4520,广西中医药大学赛恩斯新医药学院(独立学院),006,中药学,2,546,112555
2022,4520,广西中医药大学赛恩斯新医药学院(独立学院),007,食品质量与安全,2,543,115432
2022,4520,广西中医药大学赛恩斯新医药学院(独立学院),008,医学影像技术,6,551,106305
2022,4520,广西中医药大学赛恩斯新医药学院(独立学院),009,医学检验技术,9,546,111744
2022,4520,广西中医药大学赛恩斯新医药学院(独立学院),010,康复治疗学,8,543,115831
2022,4521,桂林电子科技大学,001,机械类,3,573,79559
2022,4521,桂林电子科技大学,002,电子封装技术,4,581,70068
2022,4521,桂林电子科技大学,003,车辆工程,2,567,86632
2022,4521,桂林电子科技大学,004,电气工程及其自动化,3,585,65353
2022,4521,桂林电子科技大学,005,智能制造工程,3,578,73300
2022,4521,桂林电子科技大学,006,电子信息类,6,588,61572
2022,4521,桂林电子科技大学,007,电子科学与技术,2,588,61730
2022,4521,桂林电子科技大学,008,计算机类,6,597,50828
2022,4521,桂林电子科技大学,012,英语,3,572,81016
2022,4521,桂林电子科技大学,013,汉语国际教育,2,569,83867
2022,4521,桂林电子科技大学,014,信息与计算科学,2,586,63260
2022,4521,桂林电子科技大学,015,自动化类,3,582,68962
2022,4521,桂林电子科技大学,016,仪器类,3,567,87170
2022,4521,桂林电子科技大学,017,光电信息科学与工程,2,582,68391
2022,4521,桂林电子科技大学,018,生物医学工程,2,570,82559
2022,4521,桂林电子科技大学,019,交通工程,4,563,91858
2022,4521,桂林电子科技大学,020,土木工程,3,559,96087
2022,4522,桂林信息科技学院(民办),006,通信工程,2,508,157254
2022,4522,桂林信息科技学院(民办),007,计算机科学与技术,2,512,152679
2022,4522,桂林信息科技学院(民办),008,软件工程,2,511,153901
2022,4522,桂林信息科技学院(民办),009,网络工程,2,510,155114
2022,4522,桂林信息科技学院(民办),010,数据科学与大数据技术,2,507,158308
2022,4522,桂林信息科技学院(民办),011,电子信息工程,2,509,156513
2022,4522,桂林信息科技学院(民办),012,物联网工程,2,515,150093
2022,4522,桂林信息科技学院(民办),013,电子信息科学与技术,2,507,158748
2022,4522,桂林信息科技学院(民办),014,智能制造工程,2,505,160492
2022,4522,桂林信息科技学院(民办),015,机械电子工程,2,510,155437
2022,4522,桂林信息科技学院(民办),016,电气工程及其自动化,2,519,144563
2022,4522,桂林信息科技学院(民办),017,工业工程,2,536,124546
2022,4522,桂林信息科技学院(民办),018,电子商务,4,526,136872
2022,4522,桂林信息科技学院(民办),019,财务管理,4,527,134897
2022,4522,桂林信息科技学院(民办),020,市场营销,3,526,136648
2022,4522,桂林信息科技学院(民办),021,人力资源管理,4,525,137551
2022,4522,桂林信息科技学院(民办),022,英语(对外汉语),2,524,139085
2022,4522,桂林信息科技学院(民办),023,商务英语,4,522,141491
2022,4522,桂林信息科技学院(民办),024,国际商务,3,524,139114
2022,4522,桂林信息科技学院(民办),025,国际经济与贸易,4,524,138628
2022,4522,桂林信息科技学院(民办),026,酒店管理,2,519,144245
2022,4524,桂林航天工业学院,001,人力资源管理,2,556,100126
2022,4524,桂林航天工业学院,002,市场营销,2,555,101315
2022,4524,桂林航天工业学院,003,财务管理,2,558,97307
2022,4524,桂林航天工业学院,004,物流工程,2,555,100929
2022,4524,桂林航天工业学院,005,机械设计制造及其自动化,2,541,117818
2022,4524,桂林航天工业学院,006,智能制造工程,2,540,119918
2022,4524,桂林航天工业学院,007,电子信息工程,2,542,116868
2022,4524,桂林航天工业学院,008,自动化,2,541,117656
2022,4524,桂林航天工业学院,009,新能源汽车工程,2,540,119477
2022,4524,桂林航天工业学院,010,软件工程,2,542,116445
2022,4524,桂林航天工业学院,011,计算机科学与技术,2,545,113009
2022,4524,桂林航天工业学院,012,商务英语,2,555,100646
2022,4524,桂林航天工业学院,013,国际商务,2,554,102491
2022,4524,桂林航天工业学院,014,数字媒体技术,2,543,115255
2022,4524,桂林航天工业学院,015,数据科学与大数据技术,2,541,118117
2022,4525,桂林理工大学,001,宝石及材料工艺学,2,555,100916
2022,4525,桂林理工大学,002,给排水科学与工程,2,551,106321
2022,4525,桂林理工大学,003,材料类,4,558,97394
2022,4525,桂林理工大学,004,化工与制药类,2,565,89392
2022,4525,桂林理工大学,005,建筑类,2,568,85832
2022,4525,桂林理工大学,006,测绘工程,2,552,104525
2022,4525,桂林理工大学,007,电子信息类,2,565,88986
2022,4525,桂林理工大学,008,计算机类,4,571,82211
2022,4525,桂林理工大学,009,机械类,2,560,95095
2022,4525,桂林理工大学,010,电子商务,4,561,93367
2022,4525,桂林理工大学,011,工商管理类,5,566,88246
2022,4525,桂林理工大学,012,会计学,4,573,79140
2022,4525,桂林理工大学,013,物流管理,5,558,97700
2022,4525,桂林理工大学,014,新闻传播学类,3,572,81000
2022,4525,桂林理工大学,015,社会工作,2,562,92559
2022,4525,桂林理工大学,016,英语,3,570,82481
2022,4525,桂林理工大学,018,应用统计学,3,569,84444
2022,4525,桂林理工大学,019,土木工程,3,554,101899
2022,4525,桂林理工大学,020,自动化类,3,561,94129
2022,4525,桂林理工大学,021,智能建造,2,550,106978
2022,4525,桂林理工大学,022,机械设计制造及其自动化(中外合作办学),5,530,131123
2022,4525,桂林理工大学,501,岩土工程技术,4,516,148466
2022,4525,桂林理工大学,502,工程测量技术,4,512,153671
2022,4525,桂林理工大学,503,测绘地理信息技术,4,510,155795
2022,4525,桂林理工大学,504,储能材料技术,4,503,162780
2022,4525,桂林理工大学,505,环境工程技术,4,503,163776
2022,4525,桂林理工大学,506,建筑智能化工程技术,4,514,150667
2022,4525,桂林理工大学,507,市政工程技术,4,511,153982
2022,4525,桂林理工大学,508,给排水工程技术,4,520,143837
2022,4525,桂林理工大学,509,机电设备技术,4,510,155177
2022,4525,桂林理工大学,510,电气自动化技术,3,514,150686
2022,4525,桂林理工大学,511,应用化工技术,4,517,146932
2022,4525,桂林理工大学,512,分析检验技术,4,513,152222
2022,4525,桂林理工大学,513,电子信息工程技术,4,518,145890
2022,4525,桂林理工大学,514,计算机应用技术,4,521,142114
2022,4525,桂林理工大学,515,网络营销与直播电商,4,514,150758
2022,4525,桂林理工大学,516,现代物流管理,3,513,152393
2022,4525,桂林理工大学,517,旅游管理,4,515,149975
2022,4525,桂林理工大学,518,酒店管理与数字化运营,4,507,158845
2022,4526,桂林旅游学院,001,传播学,2,553,103224
2022,4526,桂林旅游学院,002,酒店管理(中外合作办学),16,525,138028
2022,4526,桂林旅游学院,501,酒店管理与数字化运营,5,497,
2022,4528,桂林医学院,001,临床医学,4,581,69515
2022,4528,桂林医学院,002,口腔医学,2,591,57992
2022,4528,桂林医学院,003,预防医学,2,572,79935
2022,4528,桂林医学院,004,医学检验技术,1,577,74815
2022,4528,桂林医学院,005,药学,1,568,84748
2022,4528,桂林医学院,006,康复治疗学,1,571,81810
2022,4528,桂林医学院,007,护理学,2,565,88467
2022,4528,桂林医学院,008,公共管理类,2,556,99545
2022,4529,北部湾大学,001,国际经济与贸易,1,563,91366
2022,4529,北部湾大学,002,海洋科学,1,562,92620
2022,4529,北部湾大学,003,机械工程,1,544,114509
2022,4529,北部湾大学,004,车辆工程,1,543,116338
2022,4529,北部湾大学,005,港口航道与海岸工程,1,540,118830
2022,4529,北部湾大学,006,测绘工程,1,577,74657
2022,4529,北部湾大学,010,水产养殖学,1,561,93207
2022,4529,北部湾大学,011,财务管理,1,562,92594
2022,4529,北部湾大学,012,机械工程(中外合作办学),2,521,141907
2022,4529,北部湾大学,013,机械设计制造及其自动化(中外合作办学),2,522,140892
2022,4529,北部湾大学,014,物联网工程(中外合作办学),2,524,138602
2022,4529,北部湾大学,015,工程造价(中外合作办学),2,521,142264
2022,4529,北部湾大学,016,车辆工程(中外合作办学),2,521,142875
2022,4530,梧州学院,001,国际经济与贸易,2,559,96458
2022,4530,梧州学院,002,电子商务,2,556,100225
2022,4530,梧州学院,003,数字经济,1,556,100300
2022,4530,梧州学院,004,金融科技,1,557,98364
2022,4530,梧州学院,005,工商管理,2,557,99132
2022,4530,梧州学院,006,市场营销,2,555,101228
2022,4530,梧州学院,007,财务管理,4,557,98475
2022,4530,梧州学院,008,人力资源管理,2,555,100471
2022,4530,梧州学院,009,物流管理,2,553,102839
2022,4530,梧州学院,010,数字媒体技术,2,541,117670
2022,4530,梧州学院,011,机器人工程,3,537,122923
2022,4530,梧州学院,012,汉语言文学,3,561,93820
2022,4530,梧州学院,013,新闻学,3,558,97631
2022,4530,梧州学院,014,法学,3,562,93134
2022,4530,梧州学院,015,商务英语,4,553,103510
2022,4531,玉林师范学院,001,法学,5,560,94522
2022,4531,玉林师范学院,002,数学与应用数学(师范),5,543,115920
2022,4531,玉林师范学院,003,材料化学,5,549,108266
2022,4531,玉林师范学院,004,园艺,5,550,107727
2022,4532,广西工程职业学院(民办),510,电子商务,10,497,
2022,4535,广西外国语学院(民办),001,英语,9,528,134617
2022,4535,广西外国语学院(民办),002,法语,2,533,128437
2022,4535,广西外国语学院(民办),003,金融工程,2,526,136022
2022,4535,广西外国语学院(民办),004,经济与金融,1,526,136609
2022,4535,广西外国语学院(民办),005,国际经济与贸易,1,532,128690
2022,4535,广西外国语学院(民办),006,学前教育,4,534,126314
2022,4535,广西外国语学院(民办),007,汉语言文学,7,535,125369
2022,4535,广西外国语学院(民办),008,汉语国际教育,4,525,137091
2022,4535,广西外国语学院(民办),009,德语,2,528,134379
2022,4535,广西外国语学院(民办),010,西班牙语,3,523,139700
2022,4535,广西外国语学院(民办),011,日语,5,524,139070
2022,4535,广西外国语学院(民办),012,泰语,2,520,143760
2022,4535,广西外国语学院(民办),013,越南语,1,524,139268
2022,4535,广西外国语学院(民办),014,翻译,5,524,138529
2022,4535,广西外国语学院(民办),015,商务英语,2,525,137817
2022,4535,广西外国语学院(民办),016,新闻学,1,533,128170
2022,4535,广西外国语学院(民办),017,财务管理,2,528,134034
2022,4535,广西外国语学院(民办),018,人力资源管理,1,531,130091
2022,4535,广西外国语学院(民办),019,审计学,2,528,134097
2022,4535,广西外国语学院(民办),020,行政管理,2,524,139405
2022,4535,广西外国语学院(民办),021,跨境电子商务,1,517,147751
2022,4535,广西外国语学院(民办),022,酒店管理,1,520,143773
2022,4535,广西外国语学院(民办),504,大数据与会计,3,497,
2022,4535,广西外国语学院(民办),509,应用英语,5,497,
2022,4538,南宁理工学院(民办),001,广告学,8,525,137557
2022,4538,南宁理工学院(民办),002,国际经济与贸易,6,523,140439
2022,4538,南宁理工学院(民办),003,会计学,6,529,132917
2022,4538,南宁理工学院(民办),004,财务管理,7,524,138332
2022,4538,南宁理工学院(民办),005,电子商务,10,520,143228
2022,4538,南宁理工学院(民办),006,工商管理,6,523,140643
2022,4538,南宁理工学院(民办),007,英语,8,522,141636
2022,4538,南宁理工学院(民办),008,商务英语,8,521,142442
2022,4538,南宁理工学院(民办),009,汉语言文学,8,531,130150
2022,4538,南宁理工学院(民办),010,学前教育,8,527,135250
2022,4538,南宁理工学院(民办),011,网络与新媒体,10,524,139272
2022,4539,广西电力职业技术学院,502,供用电技术,10,497,
2022,4542,南宁学院,001,机械设计制造及其自动化,3,507,158940
2022,4542,南宁学院,002,汽车服务工程,3,503,162760
2022,4542,南宁学院,003,智能制造工程,3,504,162340
2022,4542,南宁学院,004,交通运输,3,524,138524
2022,4542,南宁学院,005,食品质量与安全,2,532,129165
2022,4542,南宁学院,006,工商管理,3,526,136768
2022,4542,南宁学院,007,市场营销,3,523,140229
2022,4601,海口经济学院(民办),005,新闻学(网络新媒体),3,517,147309
2022,4601,海口经济学院(民办),006,建筑类,4,528,134370
2022,4601,海口经济学院(民办),008,会计学,3,524,138674
2022,4601,海口经济学院(民办),009,经济学类,4,524,139294
2022,4601,海口经济学院(民办),010,旅游管理类,2,518,146466
2022,4601,海口经济学院(民办),015,电子商务,2,519,144337
2022,4601,海口经济学院(民办),502,大数据与会计,3,497,
2022,4602,海南大学（一流学科建设高校）,001,食品科学与工程类,12,609,38641
2022,4602,海南大学（一流学科建设高校）,002,旅游管理类,2,624,25078
2022,4602,海南大学（一流学科建设高校）,003,电子信息类,10,620,28478
2022,4602,海南大学（一流学科建设高校）,004,材料类,10,603,44372
2022,4602,海南大学（一流学科建设高校）,005,英语,4,630,19920
2022,4602,海南大学（一流学科建设高校）,006,动物医学,3,614,33667
2022,4602,海南大学（一流学科建设高校）,007,海洋科学,4,611,36585
2022,4602,海南大学（一流学科建设高校）,008,自动化,3,623,25566
2022,4602,海南大学（一流学科建设高校）,009,水产养殖学,4,594,54204
2022,4602,海南大学（一流学科建设高校）,010,机械设计制造及其自动化,7,614,33335
2022,4602,海南大学（一流学科建设高校）,011,设施农业科学与工程,7,607,40876
2022,4602,海南大学（一流学科建设高校）,012,软件工程(NIIT),6,617,30592
2022,4602,海南大学（一流学科建设高校）,013,物流管理,3,625,23883
2022,4602,海南大学（一流学科建设高校）,014,农学,2,611,36599
2022,4602,海南大学（一流学科建设高校）,015,应用化学,6,616,31556
2022,4602,海南大学（一流学科建设高校）,016,俄语,2,630,20262
2022,4602,海南大学（一流学科建设高校）,017,生态学,5,611,36052
2022,4602,海南大学（一流学科建设高校）,018,农业资源与环境,2,609,38168
2022,4602,海南大学（一流学科建设高校）,019,生物医学工程,4,605,42620
2022,4602,海南大学（一流学科建设高校）,020,环境科学,5,618,30088
2022,4602,海南大学（一流学科建设高校）,021,风景园林,2,620,28444
2022,4602,海南大学（一流学科建设高校）,022,农林经济管理,2,627,22095
2022,4602,海南大学（一流学科建设高校）,023,生物技术,2,623,25583
2022,4602,海南大学（一流学科建设高校）,024,数学与应用数学,5,617,30471
2022,4602,海南大学（一流学科建设高校）,025,药学,4,622,26310
2022,4602,海南大学（一流学科建设高校）,027,计算机科学与技术,9,621,27221
2022,4602,海南大学（一流学科建设高校）,028,应用物理学,4,618,30185
2022,4602,海南大学（一流学科建设高校）,029,车辆工程,5,615,33018
2022,4602,海南大学（一流学科建设高校）,031,生物科学,7,617,30464
2022,4602,海南大学（一流学科建设高校）,032,人工智能,8,620,27976
2022,4602,海南大学（一流学科建设高校）,033,信息安全,6,618,29639
2022,4602,海南大学（一流学科建设高校）,034,法学,3,643,11754
2022,4602,海南大学（一流学科建设高校）,035,密码科学与技术,4,621,27353
2022,4602,海南大学（一流学科建设高校）,036,林学,8,603,44710
2022,4602,海南大学（一流学科建设高校）,037,金融学,3,637,15130
2022,4602,海南大学（一流学科建设高校）,038,园艺,8,597,51170
2022,4602,海南大学（一流学科建设高校）,039,土木工程,8,612,34903
2022,4602,海南大学（一流学科建设高校）,040,思想政治教育,2,637,15155
2022,4602,海南大学（一流学科建设高校）,041,植物保护,8,604,43245
2022,4602,海南大学（一流学科建设高校）,042,国际经济与贸易,3,633,17604
2022,4602,海南大学（一流学科建设高校）,043,会计学,3,632,18697
2022,4602,海南大学（一流学科建设高校）,044,行政管理,3,630,19955
2022,4602,海南大学（一流学科建设高校）,045,土地资源管理,1,623,25577
2022,4602,海南大学（一流学科建设高校）,046,工商管理,4,631,19099
2022,4602,海南大学（一流学科建设高校）,047,戏剧影视文学,3,626,23031
2022,4602,海南大学（一流学科建设高校）,048,传播学,1,635,16664
2022,4602,海南大学（一流学科建设高校）,049,化学工程与工艺,3,618,29893
2022,4602,海南大学（一流学科建设高校）,050,汉语言文学,1,641,12876
2022,4602,海南大学（一流学科建设高校）,051,建筑学,2,621,27653
2022,4602,海南大学（一流学科建设高校）,052,海洋工程与技术,2,615,32578
2022,4602,海南大学（一流学科建设高校）,053,动物科学,3,605,42948
2022,4602,海南大学（一流学科建设高校）,054,园林,2,620,28479
2022,4602,海南大学（一流学科建设高校）,055,日语,2,628,21808
2022,4602,海南大学（一流学科建设高校）,056,人文地理与城乡规划(中外合作办学),4,616,31896
2022,4602,海南大学（一流学科建设高校）,057,行政管理(中外合作办学),3,612,35058
2022,4602,海南大学（一流学科建设高校）,058,酒店管理(中外合作办学),9,592,57410
2022,4602,海南大学（一流学科建设高校）,059,会展经济与管理(中外合作办学),4,610,37901
2022,4602,海南大学（一流学科建设高校）,060,数据科学与大数据技术,7,619,29480
2022,4603,三亚学院(民办),011,社会学,5,530,131627
2022,4603,三亚学院(民办),012,社会工作,5,525,137299
2022,4603,三亚学院(民办),013,行政管理,5,528,133861
2022,4603,三亚学院(民办),014,应用心理学,10,535,125078
2022,4603,三亚学院(民办),015,法学,10,541,118686
2022,4603,三亚学院(民办),016,法学(自贸港法律),15,532,129103
2022,4603,三亚学院(民办),017,国际经济与贸易,5,528,134643
2022,4603,三亚学院(民办),018,会计学,38,526,136800
2022,4603,三亚学院(民办),019,经济与金融,16,523,140363
2022,4603,三亚学院(民办),020,财务管理,12,525,137851
2022,4603,三亚学院(民办),021,工商管理,25,523,140108
2022,4603,三亚学院(民办),022,市场营销(数字营销),20,521,142597
2022,4603,三亚学院(民办),023,人力资源管理,15,524,139351
2022,4603,三亚学院(民办),024,物流管理,13,522,141605
2022,4603,三亚学院(民办),025,旅游管理(智慧旅游大数据),28,519,144941
2022,4603,三亚学院(民办),026,会展经济与管理,8,523,140127
2022,4603,三亚学院(民办),027,酒店管理(奢侈品管理与开发),15,519,145191
2022,4603,三亚学院(民办),028,汉语言文学,10,536,124822
2022,4603,三亚学院(民办),029,汉语国际教育,10,528,134530
2022,4603,三亚学院(民办),030,网络与新媒体,20,529,132887
2022,4603,三亚学院(民办),031,广告学,5,532,129323
2022,4603,三亚学院(民办),032,英语,12,526,136978
2022,4603,三亚学院(民办),033,俄语,8,522,141675
2022,4603,三亚学院(民办),034,健康服务与管理,13,522,140882
2022,4603,三亚学院(民办),035,护理学,13,541,118255
2022,4603,三亚学院(民办),036,工商管理(国际产能合作服务),7,522,141776
2022,4603,三亚学院(民办),037,国际经济与贸易(自贸区贸易管理与服务),8,523,139845
2022,4603,三亚学院(民办),038,汉语国际教育(国际幼儿教育),10,521,142897
2022,4603,三亚学院(民办),039,工程管理(建筑数字技术与造价),3,507,158287
2022,4603,三亚学院(民办),040,风景园林,5,531,130526
2022,4603,三亚学院(民办),041,城乡规划,5,531,129999
2022,4603,三亚学院(民办),042,车辆工程,3,506,160126
2022,4603,三亚学院(民办),043,测控技术与仪器,3,506,160183
2022,4603,三亚学院(民办),044,电子信息工程,3,508,157803
2022,4603,三亚学院(民办),045,通信工程,3,507,158475
2022,4603,三亚学院(民办),046,计算机科学与技术,3,513,152327
2022,4603,三亚学院(民办),047,软件工程,3,510,155480
2022,4603,三亚学院(民办),048,软件工程(区块链),3,507,158887
2022,4603,三亚学院(民办),049,智能科学与技术,3,507,158419
2022,4603,三亚学院(民办),050,数据科学与大数据技术,3,507,158262
2022,4603,三亚学院(民办),051,康复治疗学,5,516,147911
2022,4603,三亚学院(民办),052,国际经济与贸易(中外合作办学),11,516,148958
2022,4603,三亚学院(民办),053,金融科技,5,518,146377
2022,4603,三亚学院(民办),054,金融科技(跨境投融资),5,516,148739
2022,4604,海南经贸职业技术学院,503,大数据与财务管理,4,497,
2022,4607,海南师范大学,001,学前教育(中外合作办学)(师范),3,573,79905
2022,4607,海南师范大学,002,汉语言文学(师范),5,599,49297
2022,4607,海南师范大学,003,数学与应用数学(师范),5,583,66676
2022,4607,海南师范大学,008,工商管理类,4,577,74495
2022,4607,海南师范大学,009,经济学类,7,577,74983
2022,4607,海南师范大学,010,网络空间安全,2,574,77783
2022,4607,海南师范大学,011,软件工程(NIIT班),5,574,78026
2022,4607,海南师范大学,012,汉语国际教育(师范),5,590,59716
2022,4608,海南外国语职业学院,501,应用英语,2,497,
2022,4609,海南医学院,001,临床医学,13,583,67032
2022,4609,海南医学院,002,医学影像学,2,586,63563
2022,4609,海南医学院,003,康复治疗学,3,562,92116
2022,4609,海南医学院,004,应用心理学,2,574,77979
2022,4609,海南医学院,005,口腔医学,3,596,52522
2022,4609,海南医学院,006,预防医学,3,576,76067
2022,4609,海南医学院,007,中医学,2,590,58850
2022,4609,海南医学院,008,针灸推拿学,2,576,76095
2022,4609,海南医学院,009,中西医临床医学,3,588,61177
2022,4609,海南医学院,010,药学,3,565,88553
2022,4609,海南医学院,011,海洋药学,3,558,96948
2022,4609,海南医学院,012,中药学,2,569,84238
2022,4609,海南医学院,013,医学检验技术,3,572,80284
2022,4609,海南医学院,014,护理学,2,567,86410
2022,4609,海南医学院,015,医学影像技术,2,569,83799
2022,4609,海南医学院,016,生物技术,3,562,92875
2022,4609,海南医学院,017,健康服务与管理,2,558,96931
2022,4609,海南医学院,501,临床医学,28,497,
2022,4609,海南医学院,502,口腔医学,9,498,168638
2022,4609,海南医学院,503,护理,10,518,145618
2022,4609,海南医学院,504,药学,9,517,147768
2022,4609,海南医学院,505,医学检验技术,5,522,141234
2022,4610,海南政法职业学院,501,刑事执行,28,497,
2022,4610,海南政法职业学院,502,司法警务,5,497,
2022,4610,海南政法职业学院,503,司法鉴定技术(物证技术方向),5,509,156156
2022,4610,海南政法职业学院,506,法律事务,9,497,
2022,4612,琼台师范学院,003,特殊教育(师范),2,564,90279
2022,4612,琼台师范学院,004,软件工程,2,544,114330
2022,4612,琼台师范学院,005,计算机科学与技术,2,550,107128
2022,4612,琼台师范学院,006,数学与应用数学(师范),2,559,95659
2022,4612,琼台师范学院,007,英语(师范),2,576,75902
2022,4612,琼台师范学院,008,汉语言文学(师范),2,580,71374
2022,4612,琼台师范学院,009,生物科学,2,563,91876
2022,4612,琼台师范学院,010,学前教育(师范),3,570,83407
2022,4612,琼台师范学院,011,科学教育(师范),2,574,78321
2022,4613,海南热带海洋学院,001,社会工作,2,559,96707
2022,4613,海南热带海洋学院,002,小学教育(师范),2,575,76404
2022,4613,海南热带海洋学院,003,中国语言文学类,7,562,93043
2022,4613,海南热带海洋学院,004,俄语,4,556,100034
2022,4613,海南热带海洋学院,005,新闻学,2,566,88211
2022,4613,海南热带海洋学院,006,市场营销(中外合作办学),4,539,121026
2022,4613,海南热带海洋学院,007,电子商务,2,558,97646
2022,4613,海南热带海洋学院,008,旅游管理类,5,555,101496
2022,4613,海南热带海洋学院,009,旅游管理(中外合作办学),10,542,117351
2022,4613,海南热带海洋学院,010,数学与应用数学(师范),4,550,106941
2022,4613,海南热带海洋学院,011,海洋科学类,5,556,99552
2022,4613,海南热带海洋学院,012,海洋资源与环境,2,554,101824
2022,4613,海南热带海洋学院,013,生物科学类,4,555,101537
2022,4613,海南热带海洋学院,014,生态学,3,553,103513
2022,4613,海南热带海洋学院,015,电子信息类,2,541,118156
2022,4613,海南热带海洋学院,016,计算机类,7,542,117386
2022,4613,海南热带海洋学院,017,环境工程,3,555,101013
2022,4613,海南热带海洋学院,018,食品科学与工程类,5,553,103155
2022,4615,海南卫生健康职业学院,510,眼视光技术,1,497,170253
2022,4615,海南卫生健康职业学院,511,医学影像技术,1,500,166244
2022,4617,海南科技职业大学(民办),001,机械设计制造及自动化,2,504,161928
2022,4617,海南科技职业大学(民办),002,护理,2,533,127788
2022,4617,海南科技职业大学(民办),003,金融管理,2,522,141773
2022,4617,海南科技职业大学(民办),004,大数据与会计,2,525,137063
2022,5001,长江师范学院,001,材料类,14,551,106317
2022,5001,长江师范学院,002,国际经济与贸易,3,564,90395
2022,5001,长江师范学院,003,市场营销,3,561,94252
2022,5002,四川美术学院,021,艺术教育,2,598,50565
2022,5002,四川美术学院,022,工业设计,2,611,35974
2022,5002,四川美术学院,023,建筑学,2,603,44644
2022,5002,四川美术学院,024,风景园林,1,625,24066
2022,5003,四川外国语大学,008,英语,5,613,34232
2022,5003,四川外国语大学,009,翻译,2,611,36603
2022,5003,四川外国语大学,010,商务英语,4,605,42869
2022,5003,四川外国语大学,011,中国语言文学类,2,612,34979
2022,5003,四川外国语大学,012,新闻传播学类,1,614,33854
2022,5003,四川外国语大学,013,国际新闻与传播,2,609,37916
2022,5003,四川外国语大学,014,财务管理,2,593,55680
2022,5003,四川外国语大学,015,人力资源管理,2,604,43828
2022,5003,四川外国语大学,016,审计学,2,594,54885
2022,5003,四川外国语大学,017,电子商务,2,592,56443
2022,5003,四川外国语大学,018,物流管理,2,590,59108
2022,5003,四川外国语大学,019,大数据管理与应用,2,584,66109
2022,5003,四川外国语大学,020,国际经济与贸易,3,599,48462
2022,5003,四川外国语大学,021,金融学,3,595,53820
2022,5003,四川外国语大学,022,金融科技,2,599,49574
2022,5003,四川外国语大学,023,法学,2,614,33801
2022,5003,四川外国语大学,024,社会学类,2,596,52326
2022,5003,四川外国语大学,025,教育学,2,599,48870
2022,5003,四川外国语大学,026,商务英语(中外合作办学),2,593,56030
2022,5003,四川外国语大学,027,物流管理(中外合作办学),2,569,84710
2022,5004,重庆外语外事学院(民办),001,英语,5,551,106125
2022,5004,重庆外语外事学院(民办),002,翻译,2,549,108255
2022,5004,重庆外语外事学院(民办),003,俄语,2,546,112369
2022,5004,重庆外语外事学院(民办),004,法语,3,540,119751
2022,5004,重庆外语外事学院(民办),005,德语,3,543,116219
2022,5004,重庆外语外事学院(民办),006,西班牙语,3,539,120387
2022,5004,重庆外语外事学院(民办),007,意大利语,2,539,120418
2022,5004,重庆外语外事学院(民办),008,葡萄牙语,2,536,123864
2022,5004,重庆外语外事学院(民办),009,日语,2,547,110927
2022,5004,重庆外语外事学院(民办),010,朝鲜语,2,537,123461
2022,5004,重庆外语外事学院(民办),011,泰语,2,523,140302
2022,5004,重庆外语外事学院(民办),012,新闻传播学类,4,550,106862
2022,5005,西南大学（一流学科建设高校）,003,俄语,2,641,12886
2022,5005,西南大学（一流学科建设高校）,004,德语,2,648,9177
2022,5005,西南大学（一流学科建设高校）,005,日语,1,644,11328
2022,5005,西南大学（一流学科建设高校）,008,经济学类,1,650,8252
2022,5005,西南大学（一流学科建设高校）,009,公共管理类,2,644,11242
2022,5005,西南大学（一流学科建设高校）,010,法学,1,650,8287
2022,5005,西南大学（一流学科建设高校）,014,应用心理学,1,655,6259
2022,5005,西南大学（一流学科建设高校）,015,新闻学,1,648,9202
2022,5005,西南大学（一流学科建设高校）,018,环境科学与工程,1,640,13195
2022,5005,西南大学（一流学科建设高校）,020,地理科学类,1,645,10602
2022,5005,西南大学（一流学科建设高校）,021,电气工程及其自动化,1,639,13660
2022,5005,西南大学（一流学科建设高校）,022,机械类,1,637,14990
2022,5005,西南大学（一流学科建设高校）,023,食品科学与工程类,1,635,16285
2022,5005,西南大学（一流学科建设高校）,024,茶学,1,629,20706
2022,5005,西南大学（一流学科建设高校）,027,计算机科学与技术,1,643,11569
2022,5005,西南大学（一流学科建设高校）,028,网络工程,1,640,13121
2022,5005,西南大学（一流学科建设高校）,029,软件工程,2,642,12094
2022,5005,西南大学（一流学科建设高校）,030,电子信息类,1,642,12257
2022,5005,西南大学（一流学科建设高校）,031,风景园林,1,637,15517
2022,5005,西南大学（一流学科建设高校）,032,生物技术,1,640,13619
2022,5005,西南大学（一流学科建设高校）,033,纺织类,1,627,22297
2022,5005,西南大学（一流学科建设高校）,036,生物科学,1,648,8909
2022,5005,西南大学（一流学科建设高校）,037,药学,1,640,13401
2022,5005,西南大学（一流学科建设高校）,038,药学(全英文创新实验班),1,637,15219
2022,5005,西南大学（一流学科建设高校）,039,制药工程,1,639,13779
2022,5005,西南大学（一流学科建设高校）,053,计算机科学与技术(中外合作办学),2,633,17917
2022,5005,西南大学（一流学科建设高校）,054,软件工程(中外合作办学),1,630,19849
2022,5005,西南大学（一流学科建设高校）,055,自动化(中外合作办学),2,625,23775
2022,5005,西南大学（一流学科建设高校）,056,心理学(中外合作办学),2,639,13997
2022,5005,西南大学（一流学科建设高校）,057,植物科学与技术(中外合作办学),2,618,29625
2022,5005,西南大学（一流学科建设高校）,058,动物科学(中外合作办学),2,615,32887
2022,5005,西南大学（一流学科建设高校）,059,电子信息工程(中外合作办学),2,625,23784
2022,5005,西南大学（一流学科建设高校）,060,经济学(中外合作办学),2,637,15371
2022,5005,西南大学（一流学科建设高校）,061,生物技术(中外合作办学),2,626,23026
2022,5005,西南大学（一流学科建设高校）,062,食品质量与安全(中外合作办学),2,616,31726
2022,5006,重庆人文科技学院(民办),006,新闻学,5,549,108128
2022,5006,重庆人文科技学院(民办),007,法学,6,548,109907
2022,5006,重庆人文科技学院(民办),008,经济学,5,538,121459
2022,5006,重庆人文科技学院(民办),009,金融工程,5,535,125607
2022,5006,重庆人文科技学院(民办),010,工程管理,1,516,148265
2022,5006,重庆人文科技学院(民办),011,会计学,5,543,115561
2022,5006,重庆人文科技学院(民办),012,人力资源管理,5,536,124893
2022,5006,重庆人文科技学院(民办),013,物流管理,5,535,125610
2022,5006,重庆人文科技学院(民办),014,旅游管理类,6,531,130807
2022,5006,重庆人文科技学院(民办),015,机械设计制造及其自动化,1,524,138531
2022,5006,重庆人文科技学院(民办),016,机械电子工程,1,525,137436
2022,5006,重庆人文科技学院(民办),017,车辆工程,1,520,143648
2022,5006,重庆人文科技学院(民办),018,汽车服务工程,1,522,140982
2022,5006,重庆人文科技学院(民办),019,新能源科学与工程,4,543,116208
2022,5006,重庆人文科技学院(民办),020,电子信息工程,1,522,141463
2022,5006,重庆人文科技学院(民办),021,计算机科学与技术,6,517,146855
2022,5006,重庆人文科技学院(民办),022,软件工程,6,515,149333
2022,5006,重庆人文科技学院(民办),023,物联网工程,3,514,150298
2022,5006,重庆人文科技学院(民办),024,建筑学,8,541,118360
2022,5006,重庆人文科技学院(民办),025,风景园林,10,535,125232
2022,5006,重庆人文科技学院(民办),026,园林,10,532,128972
2022,5007,西南政法大学,002,法学,35,653,6754
2022,5007,西南政法大学,003,法学,5,653,7027
2022,5007,西南政法大学,004,法学,5,657,5585
2022,5007,西南政法大学,005,法学,4,657,5577
2022,5007,西南政法大学,006,法学,2,656,5908
2022,5007,西南政法大学,007,法学,2,656,5936
2022,5007,西南政法大学,008,知识产权,6,653,7045
2022,5007,西南政法大学,009,刑事科学技术,2,644,11267
2022,5007,西南政法大学,010,工商管理类,6,647,9782
2022,5007,西南政法大学,011,新闻传播学类,5,644,10987
2022,5007,西南政法大学,012,行政管理,2,643,11530
2022,5007,西南政法大学,013,政治学与行政学,4,646,10169
2022,5007,西南政法大学,014,国际事务与国际关系,2,647,9712
2022,5007,西南政法大学,015,思想政治教育,4,645,10324
2022,5007,西南政法大学,016,哲学,2,643,11897
2022,5007,西南政法大学,018,经济统计学,2,643,11690
2022,5007,西南政法大学,019,法学(中外合作办学),10,650,8231
2022,5009,重庆城市管理职业学院,501,大数据与会计,2,512,152926
2022,5011,重庆大学（一流大学建设高校）,001,电气工程及其自动化(中外合作办学),4,640,13159
2022,5011,重庆大学（一流大学建设高校）,002,机械设计制造及其自动化(中外合作办学),4,638,14599
2022,5011,重庆大学（一流大学建设高校）,003,理科试验班(数学物理类),5,647,9478
2022,5011,重庆大学（一流大学建设高校）,004,工科试验班(环化健康类),8,642,12013
2022,5011,重庆大学（一流大学建设高校）,005,工科试验班(工程能源类),35,644,11155
2022,5011,重庆大学（一流大学建设高校）,006,工科试验班(电气信息类),40,647,9442
2022,5011,重庆大学（一流大学建设高校）,007,管理科学与工程类,5,645,10487
2022,5011,重庆大学（一流大学建设高校）,008,经济学类,6,647,9657
2022,5011,重庆大学（一流大学建设高校）,009,人文科学试验班(法学新闻类),8,653,6999
2022,5011,重庆大学（一流大学建设高校）,010,建筑类,8,647,9518
2022,5011,重庆大学（一流大学建设高校）,011,外国语言文学类,4,651,7709
2022,5011,重庆大学（一流大学建设高校）,012,人文科学试验班(博雅类),3,655,5987
2022,5011,重庆大学（一流大学建设高校）,013,工商管理类,6,644,11073
2022,5012,重庆城市科技学院(民办),001,土木类,2,523,139549
2022,5012,重庆城市科技学院(民办),002,建筑类,6,541,118676
2022,5012,重庆城市科技学院(民办),003,工程造价,4,513,152464
2022,5012,重庆城市科技学院(民办),004,电气工程及其自动化,3,525,138242
2022,5012,重庆城市科技学院(民办),005,机器人工程,2,518,146122
2022,5012,重庆城市科技学院(民办),006,计算机科学与技术,4,521,143031
2022,5012,重庆城市科技学院(民办),007,软件工程,3,526,135931
2022,5012,重庆城市科技学院(民办),008,物联网工程,2,525,137600
2022,5012,重庆城市科技学院(民办),009,数据科学与大数据技术,6,527,134795
2022,5012,重庆城市科技学院(民办),010,金融学,8,535,125192
2022,5012,重庆城市科技学院(民办),011,国际经济与贸易,10,533,128287
2022,5012,重庆城市科技学院(民办),012,工商管理类,10,535,125676
2022,5012,重庆城市科技学院(民办),013,会计学,20,538,122406
2022,5012,重庆城市科技学院(民办),014,网络与新媒体,10,548,109843
2022,5012,重庆城市科技学院(民办),019,法学,10,548,109514
2022,5012,重庆城市科技学院(民办),020,英语,8,542,117339
2022,5012,重庆城市科技学院(民办),021,健康服务与管理,2,541,118119
2022,5013,重庆电力高等专科学校,501,电力系统自动化技术,5,507,159179
2022,5013,重庆电力高等专科学校,502,电气自动化技术,5,501,165369
2022,5013,重庆电力高等专科学校,503,热能与发电工程类,5,498,168876
2022,5015,重庆工程职业技术学院,503,计算机类,2,507,158611
2022,5015,重庆工程职业技术学院,504,软件技术,2,504,162410
2022,5015,重庆工程职业技术学院,508,无人机应用技术,2,506,159961
2022,5015,重庆工程职业技术学院,509,药品质量与安全,1,502,164029
2022,5015,重庆工程职业技术学院,510,环境保护类,2,497,
2022,5017,重庆工商大学,001,经济学,1,608,39646
2022,5017,重庆工商大学,002,工商管理类,1,599,49284
2022,5017,重庆工商大学,003,旅游管理类,1,582,68720
2022,5017,重庆工商大学,004,物流管理,1,590,59730
2022,5017,重庆工商大学,005,工程管理,1,578,73563
2022,5017,重庆工商大学,006,新闻传播学类,1,601,47201
2022,5017,重庆工商大学,007,计算机类,2,592,57057
2022,5017,重庆工商大学,008,机械类,1,583,67412
2022,5017,重庆工商大学,009,商务英语,2,594,54315
2022,5017,重庆工商大学,010,法语,1,594,55130
2022,5017,重庆工商大学,012,国际经济与贸易(中外合作办学),1,593,55818
2022,5017,重庆工商大学,013,工商管理(中外合作办学),2,585,64827
2022,5017,重庆工商大学,014,会计学(中外合作办学),2,594,55085
2022,5017,重庆工商大学,015,人力资源管理(中外合作办学),1,581,69616
2022,5017,重庆工商大学,016,金融学(中外合作办学),2,588,61390
2022,5018,重庆工商大学派斯学院(独立学院),001,商务经济学,5,529,132673
2022,5018,重庆工商大学派斯学院(独立学院),002,信用管理,7,531,130729
2022,5018,重庆工商大学派斯学院(独立学院),003,互联网金融,5,531,130891
2022,5018,重庆工商大学派斯学院(独立学院),004,汉语言文学,15,545,113838
2022,5018,重庆工商大学派斯学院(独立学院),005,英语,10,533,127945
2022,5018,重庆工商大学派斯学院(独立学院),006,商务英语,10,531,130806
2022,5018,重庆工商大学派斯学院(独立学院),007,汽车服务工程,3,508,157711
2022,5018,重庆工商大学派斯学院(独立学院),008,计算机科学与技术,8,510,155132
2022,5018,重庆工商大学派斯学院(独立学院),009,软件工程,5,510,155009
2022,5018,重庆工商大学派斯学院(独立学院),010,数据科学与大数据技术,8,511,154198
2022,5018,重庆工商大学派斯学院(独立学院),011,会计学,20,534,126937
2022,5018,重庆工商大学派斯学院(独立学院),012,审计学,10,534,126306
2022,5018,重庆工商大学派斯学院(独立学院),013,物流工程,5,529,132814
2022,5018,重庆工商大学派斯学院(独立学院),014,金融学,5,531,129941
2022,5018,重庆工商大学派斯学院(独立学院),015,金融工程,5,530,131416
2022,5018,重庆工商大学派斯学院(独立学院),016,网络与新媒体,5,542,116915
2022,5018,重庆工商大学派斯学院(独立学院),017,工商管理,4,533,128029
2022,5019,重庆财经学院(民办),001,经济学类,6,538,121316
2022,5019,重庆财经学院(民办),002,数字经济,4,537,122520
2022,5019,重庆财经学院(民办),003,经济与贸易类,6,532,128831
2022,5019,重庆财经学院(民办),004,会计学,9,545,113832
2022,5019,重庆财经学院(民办),005,金融学类,9,536,123793
2022,5019,重庆财经学院(民办),006,金融科技,8,532,128945
2022,5019,重庆财经学院(民办),007,工商管理类,6,537,123107
2022,5019,重庆财经学院(民办),008,网络与新媒体,9,546,112540
2022,5019,重庆财经学院(民办),011,物流管理,6,532,129109
2022,5019,重庆财经学院(民办),012,供应链管理,4,532,128885
2022,5019,重庆财经学院(民办),013,电子商务,8,535,125330
2022,5019,重庆财经学院(民办),014,软件工程,4,520,143099
2022,5019,重庆财经学院(民办),015,大数据管理与应用,2,517,147059
2022,5019,重庆财经学院(民办),016,计算机类,4,527,135313
2022,5021,重庆航天职业技术学院,501,电子商务,2,500,166220
2022,5021,重庆航天职业技术学院,502,数字媒体技术,2,497,
2022,5022,重庆交通大学,001,土木类,7,587,62363
2022,5022,重庆交通大学,002,水利类,5,585,65181
2022,5022,重庆交通大学,003,交通运输类,3,593,55902
2022,5022,重庆交通大学,004,机械设计制造及其自动化(中外合作办学),5,564,89641
2022,5022,重庆交通大学,005,电子信息类,3,589,60232
2022,5022,重庆交通大学,006,人工智能,3,588,61746
2022,5022,重庆交通大学,007,管理科学与工程类,4,580,70351
2022,5022,重庆交通大学,008,工商管理类,3,588,61115
2022,5022,重庆交通大学,009,新闻传播学类,3,590,59567
2022,5023,重庆科技学院,001,国际经济与贸易,5,565,89489
2022,5023,重庆科技学院,002,英语,5,568,85444
2022,5023,重庆科技学院,003,机械类,5,551,106190
2022,5023,重庆科技学院,004,电气工程及其自动化,5,555,100454
2022,5023,重庆科技学院,005,自动化,5,555,100919
2022,5023,重庆科技学院,006,管理科学与工程类,5,547,110983
2022,5023,重庆科技学院,007,工商管理类,5,567,86633
2022,5023,重庆科技学院,008,物流管理,5,558,97235
2022,5023,重庆科技学院,009,酒店管理,3,556,99519
2022,5024,重庆理工大学,001,车辆工程,4,580,71244
2022,5024,重庆理工大学,002,软件工程,4,593,55225
2022,5024,重庆理工大学,003,金融数学,3,585,64835
2022,5024,重庆理工大学,004,会计学,4,601,46939
2022,5024,重庆理工大学,005,知识产权,3,593,55443
2022,5024,重庆理工大学,006,英语,2,594,54654
2022,5024,重庆理工大学,007,数据科学与大数据技术,2,593,55403
2022,5024,重庆理工大学,008,金融学类,2,593,56090
2022,5024,重庆理工大学,009,机械类,4,585,64462
2022,5024,重庆理工大学,010,材料类,4,574,77942
2022,5024,重庆理工大学,011,工商管理类,4,589,60363
2022,5024,重庆理工大学,012,计算机类,4,596,51923
2022,5024,重庆理工大学,013,电子信息类,4,591,58095
2022,5024,重庆理工大学,014,化工与制药类,3,575,76802
2022,5024,重庆理工大学,015,药学类,4,581,70175
2022,5024,重庆理工大学,016,公共管理类,3,583,66785
2022,5024,重庆理工大学,017,电气工程及其自动化,4,589,60158
2022,5024,重庆理工大学,018,人工智能,2,591,57834
2022,5025,重庆三峡学院,001,汉语言文学(师范),2,582,68171
2022,5025,重庆三峡学院,002,汉语言文学,2,577,74238
2022,5025,重庆三峡学院,003,广告学,2,567,86787
2022,5025,重庆三峡学院,004,网络与新媒体,2,576,76140
2022,5025,重庆三峡学院,005,思想政治教育(师范),2,580,70791
2022,5025,重庆三峡学院,006,文化产业管理,2,566,87570
2022,5025,重庆三峡学院,007,英语,3,576,75148
2022,5025,重庆三峡学院,008,日语,2,560,95432
2022,5025,重庆三峡学院,009,会计学,3,569,84204
2022,5025,重庆三峡学院,010,工商管理类,4,563,91773
2022,5025,重庆三峡学院,011,大数据管理与应用,3,552,104541
2022,5025,重庆三峡学院,012,软件工程,3,554,101809
2022,5025,重庆三峡学院,013,计算机科学与技术,3,554,102149
2022,5025,重庆三峡学院,014,电子信息工程,3,549,107999
2022,5025,重庆三峡学院,015,电气工程及其自动化,2,556,99943
2022,5025,重庆三峡学院,016,机械设计制造及其自动化,3,547,110779
2022,5025,重庆三峡学院,017,食品质量与安全,3,559,95803
2022,5025,重庆三峡学院,018,植物生产类,3,557,98518
2022,5025,重庆三峡学院,019,土木类,3,542,117599
2022,5026,重庆三峡医药高等专科学校,501,临床医学,15,505,160832
2022,5026,重庆三峡医药高等专科学校,502,口腔医学,7,520,143633
2022,5026,重庆三峡医药高等专科学校,503,中医学,9,511,154248
2022,5026,重庆三峡医药高等专科学校,504,护理,6,508,157738
2022,5026,重庆三峡医药高等专科学校,505,医学检验技术,4,506,159347
2022,5026,重庆三峡医药高等专科学校,506,药学,4,507,158787
2022,5027,重庆师范大学,003,生物科学(中外合作办学)(师范),4,592,56680
2022,5027,重庆师范大学,004,思想政治教育(师范),4,621,26918
2022,5027,重庆师范大学,005,历史学(师范),5,619,29292
2022,5027,重庆师范大学,006,文物与博物馆学,3,612,35777
2022,5027,重庆师范大学,007,社会工作,3,590,59055
2022,5027,重庆师范大学,008,教育学类(师范),3,615,32722
2022,5027,重庆师范大学,009,应用心理学,3,605,42576
2022,5027,重庆师范大学,011,中国语言文学类,6,619,29430
2022,5027,重庆师范大学,012,英语(师范),3,623,25892
2022,5027,重庆师范大学,013,数学与应用数学(师范),3,613,33983
2022,5027,重庆师范大学,014,电子信息类,4,582,67918
2022,5027,重庆师范大学,015,物理学(师范),3,601,46943
2022,5027,重庆师范大学,016,化学(师范),3,613,34054
2022,5027,重庆师范大学,017,材料类,4,576,75634
2022,5027,重庆师范大学,018,食品质量与安全,3,588,61358
2022,5027,重庆师范大学,019,森林保护,2,575,77106
2022,5027,重庆师范大学,020,经济学,2,594,54195
2022,5027,重庆师范大学,021,工商管理类,5,591,57882
2022,5027,重庆师范大学,022,计算机类,6,585,64705
2022,5027,重庆师范大学,023,电子商务,2,590,58588
2022,5027,重庆师范大学,024,旅游管理类,3,582,68368
2022,5027,重庆师范大学,025,新闻传播学类,2,603,44869
2022,5027,重庆师范大学,026,科学教育(师范),3,613,34763
2022,5028,重庆对外经贸学院(民办),001,经济学,6,534,126134
2022,5028,重庆对外经贸学院(民办),002,金融学类,8,531,130068
2022,5028,重庆对外经贸学院(民办),003,国际经济与贸易,6,532,128714
2022,5028,重庆对外经贸学院(民办),004,贸易经济,3,531,130675
2022,5028,重庆对外经贸学院(民办),005,日语,6,534,127131
2022,5028,重庆对外经贸学院(民办),006,翻译,6,534,126869
2022,5028,重庆对外经贸学院(民办),007,商务英语,8,537,123389
2022,5028,重庆对外经贸学院(民办),008,新闻学,3,546,112037
2022,5028,重庆对外经贸学院(民办),009,电子科学与技术,3,514,150575
2022,5028,重庆对外经贸学院(民办),010,计算机科学与技术,3,514,150617
2022,5028,重庆对外经贸学院(民办),011,数字媒体技术,3,512,152638
2022,5028,重庆对外经贸学院(民办),012,数据科学与大数据技术,3,513,151716
2022,5028,重庆对外经贸学院(民办),013,市场营销,3,532,129659
2022,5028,重庆对外经贸学院(民办),014,财务管理,6,535,124937
2022,5028,重庆对外经贸学院(民办),015,人力资源管理,6,535,125208
2022,5028,重庆对外经贸学院(民办),016,审计学,4,540,118882
2022,5028,重庆对外经贸学院(民办),017,健康服务与管理,4,532,129293
2022,5028,重庆对外经贸学院(民办),018,物流管理,6,530,131174
2022,5028,重庆对外经贸学院(民办),019,电子商务,6,534,126683
2022,5028,重庆对外经贸学院(民办),020,旅游管理,6,529,132720
2022,5028,重庆对外经贸学院(民办),021,人文地理与城乡规划,4,540,119289
2022,5028,重庆对外经贸学院(民办),022,网络与新媒体,10,543,115782
2022,5028,重庆对外经贸学院(民办),023,应用统计学,3,507,158509
2022,5029,重庆文理学院,001,金融数学,2,567,86035
2022,5029,重庆文理学院,002,机器人工程,2,552,104275
2022,5029,重庆文理学院,003,风景园林,2,563,91018
2022,5029,重庆文理学院,004,计算机类,2,560,94608
2022,5029,重庆文理学院,005,电子信息类,2,558,96817
2022,5029,重庆文理学院,006,土木工程,2,545,113522
2022,5029,重庆文理学院,007,会展经济与管理,2,568,85761
2022,5029,重庆文理学院,008,法学,2,585,64985
2022,5029,重庆文理学院,009,商务英语,2,573,79356
2022,5029,重庆文理学院,010,药学,4,566,87262
2022,5029,重庆文理学院,011,材料类,2,544,114209
2022,5029,重庆文理学院,012,工程审计,2,545,113725
2022,5029,重庆文理学院,013,电气类,4,547,110399
2022,5029,重庆文理学院,014,环境科学与工程类,3,559,96059
2022,5031,重庆医科大学,001,临床医学(5+3一体化),2,650,8093
2022,5031,重庆医科大学,002,临床医学(5+3一体化，硕士段培养方向儿科学),1,652,7139
2022,5031,重庆医科大学,003,临床医学,4,647,9554
2022,5031,重庆医科大学,004,儿科学,2,635,16243
2022,5031,重庆医科大学,005,口腔医学,2,651,7915
2022,5031,重庆医科大学,006,医学检验技术,3,614,33429
2022,5031,重庆医科大学,007,预防医学,2,625,23841
2022,5031,重庆医科大学,008,临床药学,1,631,19509
2022,5031,重庆医科大学,009,麻醉学,2,633,17994
2022,5031,重庆医科大学,010,医学影像学,2,635,16607
2022,5031,重庆医科大学,011,精神医学,2,623,25309
2022,5031,重庆医科大学,012,中西医临床医学,1,632,18391
2022,5031,重庆医科大学,013,中医学,2,626,23079
2022,5031,重庆医科大学,014,针灸推拿学,1,623,25394
2022,5031,重庆医科大学,015,法医学,2,623,25376
2022,5031,重庆医科大学,016,卫生检验与检疫,1,607,40607
2022,5031,重庆医科大学,017,生物医学工程,1,613,34557
2022,5031,重庆医科大学,018,医学影像技术,2,612,35464
2022,5031,重庆医科大学,019,口腔医学技术,2,625,24248
2022,5031,重庆医科大学,020,康复治疗学,1,609,38529
2022,5031,重庆医科大学,021,基础医学,1,624,24402
2022,5031,重庆医科大学,022,药物制剂,1,606,41528
2022,5031,重庆医科大学,023,中药学,2,607,40235
2022,5031,重庆医科大学,024,中药制药,1,605,42531
2022,5031,重庆医科大学,025,食品卫生与营养学,1,613,34424
2022,5031,重庆医科大学,026,医学实验技术,1,619,28818
2022,5031,重庆医科大学,027,生物信息学,1,615,32788
2022,5031,重庆医科大学,028,护理学,2,602,45642
2022,5031,重庆医科大学,029,应用统计学,1,604,43720
2022,5031,重庆医科大学,030,公共事业管理,1,602,46162
2022,5031,重庆医科大学,031,英语,1,603,44484
2022,5031,重庆医科大学,032,临床医学(中外合作办学),5,622,26705
2022,5031,重庆医科大学,033,临床医学(检验医师培养试验班),1,643,11493
2022,5032,重庆邮电大学,001,电子信息类(通信与信息类),8,616,31564
2022,5032,重庆邮电大学,002,计算机类(计算机与智能科学类),10,621,26879
2022,5032,重庆邮电大学,003,自动化类(自动化与电气工程类),10,603,44145
2022,5032,重庆邮电大学,004,电子信息类(集成电路与电子工程类),12,610,37207
2022,5032,重庆邮电大学,005,信息管理与信息系统,3,606,41795
2022,5032,重庆邮电大学,006,大数据管理与应用,2,610,37548
2022,5032,重庆邮电大学,007,软件工程,5,618,29497
2022,5033,重庆移通学院(民办),001,电子信息类,8,513,151561
2022,5033,重庆移通学院(民办),002,电气类,3,513,151471
2022,5033,重庆移通学院(民办),003,机械类,3,517,147411
2022,5033,重庆移通学院(民办),004,计算机科学与技术,5,521,142168
2022,5033,重庆移通学院(民办),005,数字媒体技术,3,517,147135
2022,5033,重庆移通学院(民办),006,数据科学与大数据技术,3,514,150775
2022,5033,重庆移通学院(民办),007,工商管理类,15,531,130836
2022,5033,重庆移通学院(民办),008,外国语言文学类,3,538,121624
2022,5033,重庆移通学院(民办),009,机械设计制造及其自动化(中外合作办学),10,498,168510
2022,5033,重庆移通学院(民办),010,电气工程及其自动化(中外合作办学),10,499,167377
2022,5033,重庆移通学院(民办),011,软件工程,6,513,151956
2022,5033,重庆移通学院(民办),012,互联网金融,5,529,132270
2022,5033,重庆移通学院(民办),013,数字经济,5,534,126938
2022,5033,重庆移通学院(民办),014,供应链管理,3,530,132086
2022,5035,重庆医药高等专科学校,501,临床医学,2,536,124022
2022,5035,重庆医药高等专科学校,502,口腔医学,1,556,99286
2022,5035,重庆医药高等专科学校,503,护理,1,520,143452
2022,5035,重庆医药高等专科学校,504,药学,7,515,149493
2022,5035,重庆医药高等专科学校,505,中医学,2,536,124215
2022,5035,重庆医药高等专科学校,506,医学检验技术,2,515,149464
2022,5035,重庆医药高等专科学校,507,眼视光技术,1,525,137825
2022,5036,重庆电子工程职业学院,501,机械设计制造类,10,497,
2022,5036,重庆电子工程职业学院,502,自动化类,10,497,
2022,5036,重庆电子工程职业学院,503,航空装备类,10,497,
2022,5036,重庆电子工程职业学院,505,广播影视类,10,497,
2022,5101,成都工业学院,001,机械电子工程,3,553,102943
2022,5101,成都工业学院,002,智能制造工程,3,553,103658
2022,5101,成都工业学院,003,材料成型及控制工程,15,539,120714
2022,5101,成都工业学院,004,计算机类,3,567,87066
2022,5101,成都工业学院,005,电子信息类,3,557,98075
2022,5101,成都工业学院,006,自动化,2,562,92286
2022,5101,成都工业学院,007,信息工程,3,556,99377
2022,5101,成都工业学院,008,金融科技,2,569,84491
2022,5101,成都工业学院,009,汽车服务工程,6,526,136054
2022,5101,成都工业学院,010,车辆工程,3,542,116505
2022,5101,成都工业学院,011,数据科学与大数据技术,2,563,91285
2022,5102,成都航空职业技术学院,501,数控技术,2,497,
2022,5102,成都航空职业技术学院,502,飞行器数字化制造技术,2,497,
2022,5103,成都理工大学（一流学科建设高校）,001,土木工程,6,599,48467
2022,5103,成都理工大学（一流学科建设高校）,002,地球物理学,4,594,54971
2022,5103,成都理工大学（一流学科建设高校）,003,核工程类,6,597,51190
2022,5103,成都理工大学（一流学科建设高校）,004,测控技术与仪器,4,597,50829
2022,5103,成都理工大学（一流学科建设高校）,005,工业设计,4,599,49281
2022,5103,成都理工大学（一流学科建设高校）,006,电子信息类,2,620,28242
2022,5103,成都理工大学（一流学科建设高校）,007,应用物理学,6,598,50484
2022,5103,成都理工大学（一流学科建设高校）,008,电子商务,4,604,43669
2022,5103,成都理工大学（一流学科建设高校）,009,材料科学与工程,5,598,50242
2022,5103,成都理工大学（一流学科建设高校）,010,计算机类,2,617,30567
2022,5103,成都理工大学（一流学科建设高校）,011,法学,2,620,28369
2022,5103,成都理工大学（一流学科建设高校）,012,日语,2,602,46009
2022,5103,成都理工大学（一流学科建设高校）,013,新闻传播学类,5,612,35527
2022,5104,成都理工大学工程技术学院(独立学院),001,核工程与核技术,4,520,143704
2022,5104,成都理工大学工程技术学院(独立学院),002,土木工程,4,521,141993
2022,5104,成都理工大学工程技术学院(独立学院),003,机械工程,4,528,134011
2022,5104,成都理工大学工程技术学院(独立学院),004,电气工程及其自动化,4,520,143579
2022,5104,成都理工大学工程技术学院(独立学院),005,软件工程,4,518,145496
2022,5104,成都理工大学工程技术学院(独立学院),006,会计学,5,544,114382
2022,5104,成都理工大学工程技术学院(独立学院),007,审计学,5,543,116239
2022,5104,成都理工大学工程技术学院(独立学院),501,工程造价,3,516,148810
2022,5104,成都理工大学工程技术学院(独立学院),502,计算机应用技术,3,507,158646
2022,5104,成都理工大学工程技术学院(独立学院),503,大数据与会计,3,512,153373
2022,5107,成都信息工程大学,001,大气科学类,4,595,53272
2022,5107,成都信息工程大学,002,电子信息工程,2,594,54355
2022,5107,成都信息工程大学,003,电气工程及其自动化,2,590,58643
2022,5107,成都信息工程大学,004,数字媒体技术,2,594,54640
2022,5107,成都信息工程大学,005,智能科学与技术,1,596,51847
2022,5107,成都信息工程大学,006,软件工程,2,605,42922
2022,5107,成都信息工程大学,007,数据科学与大数据技术,2,591,57558
2022,5107,成都信息工程大学,008,信息安全,2,594,54732
2022,5107,成都信息工程大学,009,翻译,2,582,68506
2022,5107,成都信息工程大学,010,区块链工程,1,588,61747
2022,5107,成都信息工程大学,011,金融工程,2,589,60439
2022,5107,成都信息工程大学,012,物流管理,2,588,61753
2022,5107,成都信息工程大学,013,电子商务,1,591,57804
2022,5108,成都银杏酒店管理学院(民办),001,旅游管理类,5,528,133651
2022,5108,成都银杏酒店管理学院(民办),002,工商管理类,5,530,132090
2022,5108,成都银杏酒店管理学院(民办),003,外国语言文学类,5,529,133040
2022,5108,成都银杏酒店管理学院(民办),501,酒店管理与数字化运营,5,497,
2022,5108,成都银杏酒店管理学院(民办),503,数字媒体技术,5,497,
2022,5109,成都大学,001,金融科技,3,579,71525
2022,5109,成都大学,002,法学,5,597,51634
2022,5109,成都大学,003,社会工作,4,590,59688
2022,5109,成都大学,004,学前教育(师范),4,590,58808
2022,5109,成都大学,005,小学教育(师范),5,603,44490
2022,5109,成都大学,006,英语,4,591,57863
2022,5109,成都大学,007,通信工程,4,584,66299
2022,5109,成都大学,008,计算机科学与技术,5,590,59363
2022,5109,成都大学,009,软件工程,4,588,61033
2022,5109,成都大学,010,物联网工程,4,585,64300
2022,5109,成都大学,011,数字媒体技术,4,590,59614
2022,5109,成都大学,012,制药工程,4,583,66935
2022,5109,成都大学,013,环境工程,3,583,67529
2022,5109,成都大学,014,建筑学,3,595,53042
2022,5109,成都大学,015,生物工程,4,583,67707
2022,5109,成都大学,016,口腔医学技术,2,592,57151
2022,5109,成都大学,017,护理学,7,580,71296
2022,5109,成都大学,019,网络与新媒体(中外合作办学),3,583,67851
2022,5109,成都大学,020,数据科学与大数据技术(中外合作办学),3,574,77531
2022,5109,成都大学,501,工程造价(中外合作办学),10,497,
2022,5110,成都医学院,001,临床医学,10,594,54668
2022,5110,成都医学院,002,预防医学,4,586,63187
2022,5111,成都中医药大学（一流学科建设高校）,001,中医学(5+3一体化),6,639,13758
2022,5111,成都中医药大学（一流学科建设高校）,002,中西医临床医学,4,627,21934
2022,5111,成都中医药大学（一流学科建设高校）,003,针灸推拿学,6,618,29563
2022,5111,成都中医药大学（一流学科建设高校）,004,中药学(基地班),6,614,33815
2022,5111,成都中医药大学（一流学科建设高校）,005,制药工程,4,597,51625
2022,5111,成都中医药大学（一流学科建设高校）,006,预防医学,6,600,47664
2022,5111,成都中医药大学（一流学科建设高校）,007,食品卫生与营养学,2,596,52058
2022,5112,川北医学院,001,临床医学,4,580,70667
2022,5112,川北医学院,002,药学,2,567,86223
2022,5113,电子科技大学（一流大学建设高校）,001,电子信息类(成电英才计划拔尖创新人才实验班),3,668,2270
2022,5113,电子科技大学（一流大学建设高校）,002,计算机科学与技术(智能金融与区块链金融双A联合学位实验班),2,669,2168
2022,5113,电子科技大学（一流大学建设高校）,003,电子信息类(信息与通信),12,654,6604
2022,5113,电子科技大学（一流大学建设高校）,004,工科试验班(电子工程类),9,653,6784
2022,5113,电子科技大学（一流大学建设高校）,005,计算机类,11,659,4634
2022,5113,电子科技大学（一流大学建设高校）,006,计算机科学与技术(互联网交叉复合型精英人才双学位培养计划),2,665,3014
2022,5113,电子科技大学（一流大学建设高校）,007,工科试验班(机器人、电气信息、智能制造),12,652,7391
2022,5113,电子科技大学（一流大学建设高校）,008,电子信息类(光电集成与光网络),15,652,7484
2022,5113,电子科技大学（一流大学建设高校）,009,金融学(互联网交叉复合型精英人才双学位培养计划),2,654,6529
2022,5113,电子科技大学（一流大学建设高校）,010,经济管理试验班(管理与电子工程双学位培养),5,651,7580
2022,5114,电子科技大学成都学院(独立学院),001,电子与计算机工程,4,532,128601
2022,5114,电子科技大学成都学院(独立学院),002,机器人工程,4,526,136711
2022,5114,电子科技大学成都学院(独立学院),003,物联网工程,4,542,116908
2022,5114,电子科技大学成都学院(独立学院),004,计算机科学与技术,6,539,120711
2022,5114,电子科技大学成都学院(独立学院),005,网络工程,5,529,132661
2022,5114,电子科技大学成都学院(独立学院),006,人工智能,5,532,129609
2022,5114,电子科技大学成都学院(独立学院),007,数据科学与大数据技术,4,535,125406
2022,5114,电子科技大学成都学院(独立学院),008,数字媒体技术,4,530,131312
2022,5114,电子科技大学成都学院(独立学院),009,飞行器动力工程,4,519,144423
2022,5114,电子科技大学成都学院(独立学院),010,电子商务,4,543,116105
2022,5114,电子科技大学成都学院(独立学院),011,国际经济与贸易,4,548,109290
2022,5114,电子科技大学成都学院(独立学院),012,财务管理,4,545,113315
2022,5114,电子科技大学成都学院(独立学院),013,审计学,4,549,108999
2022,5114,电子科技大学成都学院(独立学院),016,网络与新媒体,4,545,113020
2022,5115,乐山师范学院,001,科学教育(师范),2,542,116455
2022,5115,乐山师范学院,002,心理学,5,561,94008
2022,5115,乐山师范学院,003,汉语言文学(师范),4,573,79368
2022,5115,乐山师范学院,004,新闻学,4,559,95668
2022,5115,乐山师范学院,005,工程造价,4,535,124998
2022,5115,乐山师范学院,006,材料科学与工程,3,535,125364
2022,5115,乐山师范学院,007,制药工程,4,557,98064
2022,5115,乐山师范学院,008,数字媒体技术,4,539,120767
2022,5116,西南医科大学,001,临床医学,8,617,30460
2022,5116,西南医科大学,002,儿科学,4,605,42342
2022,5116,西南医科大学,003,基础医学,2,597,51355
2022,5116,西南医科大学,004,生物医学工程,2,511,153930
2022,5116,西南医科大学,005,康复治疗学,2,585,64684
2022,5116,西南医科大学,006,医学检验技术,2,596,52548
2022,5117,绵阳师范学院,001,汉语言文学(师范),1,585,65171
2022,5117,绵阳师范学院,002,英语(师范),1,598,50447
2022,5117,绵阳师范学院,003,物流管理,1,560,94400
2022,5117,绵阳师范学院,004,数学与应用数学(师范),1,573,79513
2022,5118,内江师范学院,001,汉语言文学(师范),5,580,70957
2022,5118,内江师范学院,002,化学类,5,556,99323
2022,5118,内江师范学院,003,数学与应用数学(师范),5,547,111362
2022,5120,四川大学（一流大学建设高校）,003,金融学类,6,655,6201
2022,5120,四川大学（一流大学建设高校）,004,经济学类,3,655,6236
2022,5120,四川大学（一流大学建设高校）,005,法学,3,658,5015
2022,5120,四川大学（一流大学建设高校）,006,汉语言文学(基地班),2,661,4143
2022,5120,四川大学（一流大学建设高校）,007,中国语言文学类,2,659,4752
2022,5120,四川大学（一流大学建设高校）,008,新闻传播学类,4,658,5239
2022,5120,四川大学（一流大学建设高校）,009,英语,2,655,6140
2022,5120,四川大学（一流大学建设高校）,010,日语,2,652,7425
2022,5120,四川大学（一流大学建设高校）,011,法语,2,653,7099
2022,5120,四川大学（一流大学建设高校）,012,旅游管理类,2,652,7177
2022,5120,四川大学（一流大学建设高校）,013,哲学,2,656,5899
2022,5120,四川大学（一流大学建设高校）,014,公共管理类,5,653,6809
2022,5120,四川大学（一流大学建设高校）,015,档案学,3,653,7000
2022,5120,四川大学（一流大学建设高校）,016,信息资源管理,2,654,6713
2022,5120,四川大学（一流大学建设高校）,017,社会工作,4,651,7769
2022,5120,四川大学（一流大学建设高校）,018,会计学(ACCA),4,656,5711
2022,5120,四川大学（一流大学建设高校）,019,工商管理类,5,654,6491
2022,5120,四川大学（一流大学建设高校）,020,数学与应用数学(数学经济学双学士学位),2,657,5587
2022,5120,四川大学（一流大学建设高校）,021,微电子科学与工程,6,650,8122
2022,5120,四川大学（一流大学建设高校）,022,化学类,14,646,9871
2022,5120,四川大学（一流大学建设高校）,023,生物科学类,8,650,8265
2022,5120,四川大学（一流大学建设高校）,024,电子信息类,9,650,8000
2022,5120,四川大学（一流大学建设高校）,025,高分子材料与工程,8,645,10349
2022,5120,四川大学（一流大学建设高校）,026,材料类(新能源与纳米材料),4,646,9969
2022,5120,四川大学（一流大学建设高校）,027,医学信息工程,3,649,8459
2022,5120,四川大学（一流大学建设高校）,028,工科试验班(智能制造),6,649,8523
2022,5120,四川大学（一流大学建设高校）,029,电气类,16,648,8885
2022,5120,四川大学（一流大学建设高校）,030,计算机类,7,652,7128
2022,5120,四川大学（一流大学建设高校）,031,建筑学,4,651,7644
2022,5120,四川大学（一流大学建设高校）,032,土木工程,6,646,10032
2022,5120,四川大学（一流大学建设高校）,033,工程力学,2,648,9150
2022,5120,四川大学（一流大学建设高校）,034,工科试验班(动力装备与安全),5,647,9680
2022,5120,四川大学（一流大学建设高校）,035,工科试验班(先进低碳材料),3,648,9312
2022,5120,四川大学（一流大学建设高校）,036,工科试验班(食品健康与安全),6,645,10495
2022,5120,四川大学（一流大学建设高校）,038,软件工程,6,653,7039
2022,5120,四川大学（一流大学建设高校）,039,网络空间安全,4,652,7380
2022,5120,四川大学（一流大学建设高校）,040,基础医学,2,650,8173
2022,5120,四川大学（一流大学建设高校）,041,法医学,3,651,7721
2022,5120,四川大学（一流大学建设高校）,042,临床医学(五年),3,665,2992
2022,5120,四川大学（一流大学建设高校）,043,医学技术类(医学技术与智能制造双学士学位),2,652,7183
2022,5120,四川大学（一流大学建设高校）,044,口腔医学,3,671,1765
2022,5120,四川大学（一流大学建设高校）,045,口腔医学(5+3一体化),2,678,901
2022,5120,四川大学（一流大学建设高校）,046,口腔医学,2,680,677
2022,5120,四川大学（一流大学建设高校）,047,口腔医学技术,2,652,7318
2022,5120,四川大学（一流大学建设高校）,048,卫生检验与检疫,5,648,9309
2022,5120,四川大学（一流大学建设高校）,049,预防医学(预防与软件双学士学位),4,651,7530
2022,5120,四川大学（一流大学建设高校）,050,药学,7,649,8749
2022,5120,四川大学（一流大学建设高校）,051,工业工程(中外合作办学),3,639,14154
2022,5120,四川大学（一流大学建设高校）,052,机械设计制造及其自动化(中外合作办学),3,640,13234
2022,5120,四川大学（一流大学建设高校）,053,材料科学与工程(中外合作办学),5,637,15422
2022,5120,四川大学（一流大学建设高校）,054,电气工程及其自动化(中外合作办学),5,638,14355
2022,5120,四川大学（一流大学建设高校）,055,计算机科学与技术(中外合作办学),9,642,12288
2022,5120,四川大学（一流大学建设高校）,056,电子信息工程(中外合作办学),3,641,12777
2022,5121,成都锦城学院(民办),001,网络与新媒体,2,560,94864
2022,5121,成都锦城学院(民办),005,工程造价,3,522,141615
2022,5121,成都锦城学院(民办),006,建筑学,2,553,103095
2022,5121,成都锦城学院(民办),007,大数据管理与应用,2,523,139680
2022,5121,成都锦城学院(民办),008,供应链管理,2,545,113637
2022,5121,成都锦城学院(民办),009,市场营销,4,540,119675
2022,5121,成都锦城学院(民办),010,物流管理,2,537,122566
2022,5121,成都锦城学院(民办),011,机器人工程,2,524,138348
2022,5121,成都锦城学院(民办),012,新媒体技术,2,523,139862
2022,5121,成都锦城学院(民办),013,国际商务,2,542,117494
2022,5122,四川大学锦江学院(独立学院),001,经济学,3,545,112811
2022,5122,四川大学锦江学院(独立学院),002,国际经济与贸易,2,543,115648
2022,5122,四川大学锦江学院(独立学院),003,机械设计制造及其自动化,2,519,144745
2022,5122,四川大学锦江学院(独立学院),004,土木工程,2,517,147328
2022,5122,四川大学锦江学院(独立学院),005,会计学,3,550,107543
2022,5122,四川大学锦江学院(独立学院),006,财务管理,2,547,111154
2022,5122,四川大学锦江学院(独立学院),007,人力资源管理,2,546,111511
2022,5122,四川大学锦江学院(独立学院),008,智能科学与技术,2,518,145979
2022,5122,四川大学锦江学院(独立学院),009,人工智能,2,520,143418
2022,5122,四川大学锦江学院(独立学院),501,数字媒体技术,2,514,151453
2022,5123,四川工程职业技术学院,502,智能焊接技术,2,498,168471
2022,5123,四川工程职业技术学院,504,工程造价,2,497,
2022,5124,四川国际标榜职业学院(民办),509,应用日语,6,497,
2022,5125,四川建筑职业技术学院,501,工程造价,2,509,156933
2022,5126,四川交通职业技术学院,501,现代物流管理,1,506,159571
2022,5126,四川交通职业技术学院,502,大数据与会计,3,504,162536
2022,5126,四川交通职业技术学院,503,汽车制造与试验技术,2,508,157443
2022,5126,四川交通职业技术学院,504,智能工程机械运用技术,1,546,111647
2022,5129,四川农业大学（一流学科建设高校）,001,化学生物学,4,608,39659
2022,5129,四川农业大学（一流学科建设高校）,002,信息与计算科学,4,614,33514
2022,5129,四川农业大学（一流学科建设高校）,003,应用化学,4,603,44277
2022,5129,四川农业大学（一流学科建设高校）,004,生物工程,4,606,41797
2022,5129,四川农业大学（一流学科建设高校）,005,生物科学,4,616,31987
2022,5129,四川农业大学（一流学科建设高校）,006,生物技术,4,608,39805
2022,5129,四川农业大学（一流学科建设高校）,007,电子科学与技术,4,615,32351
2022,5129,四川农业大学（一流学科建设高校）,008,食品科学与工程,4,609,38844
2022,5129,四川农业大学（一流学科建设高校）,009,食品质量与安全,4,608,39859
2022,5129,四川农业大学（一流学科建设高校）,010,计算机科学与技术,4,618,29858
2022,5129,四川农业大学（一流学科建设高校）,011,物联网工程,4,615,32162
2022,5129,四川农业大学（一流学科建设高校）,012,农业水利工程,4,605,42605
2022,5129,四川农业大学（一流学科建设高校）,013,水利水电工程,4,606,41692
2022,5129,四川农业大学（一流学科建设高校）,014,人力资源管理,4,623,25814
2022,5129,四川农业大学（一流学科建设高校）,015,英语,4,623,25455
2022,5129,四川农业大学（一流学科建设高校）,016,广告学,4,622,26674
2022,5129,四川农业大学（一流学科建设高校）,017,农村区域发展,4,622,26415
2022,5129,四川农业大学（一流学科建设高校）,018,农学,4,620,28276
2022,5129,四川农业大学（一流学科建设高校）,019,植物保护,4,611,36222
2022,5129,四川农业大学（一流学科建设高校）,020,草业科学,4,608,39963
2022,5129,四川农业大学（一流学科建设高校）,021,动物科学,4,609,37973
2022,5129,四川农业大学（一流学科建设高校）,022,水产养殖学,4,605,42326
2022,5129,四川农业大学（一流学科建设高校）,023,动物医学,4,624,24359
2022,5129,四川农业大学（一流学科建设高校）,024,动植物检疫,4,609,38748
2022,5129,四川农业大学（一流学科建设高校）,025,药学,4,619,29441
2022,5129,四川农业大学（一流学科建设高校）,026,林学,4,611,36290
2022,5129,四川农业大学（一流学科建设高校）,027,森林保护,4,606,41376
2022,5129,四川农业大学（一流学科建设高校）,028,茶学,5,610,37007
2022,5129,四川农业大学（一流学科建设高校）,029,园艺,5,613,34046
2022,5129,四川农业大学（一流学科建设高校）,030,土地资源管理,4,624,24940
2022,5129,四川农业大学（一流学科建设高校）,031,环境工程,4,616,31670
2022,5129,四川农业大学（一流学科建设高校）,032,环境生态工程,4,613,34654
2022,5129,四川农业大学（一流学科建设高校）,033,国际经济与贸易,4,626,23214
2022,5129,四川农业大学（一流学科建设高校）,034,经济学,4,629,20591
2022,5129,四川农业大学（一流学科建设高校）,035,财务管理,4,629,20743
2022,5129,四川农业大学（一流学科建设高校）,036,工商管理,4,627,22375
2022,5129,四川农业大学（一流学科建设高校）,037,农林经济管理,4,626,22889
2022,5129,四川农业大学（一流学科建设高校）,038,风景园林,4,625,23944
2022,5129,四川农业大学（一流学科建设高校）,039,园林,4,620,27951
2022,5129,四川农业大学（一流学科建设高校）,040,城乡规划,4,623,25813
2022,5129,四川农业大学（一流学科建设高校）,041,工程管理,4,602,45196
2022,5129,四川农业大学（一流学科建设高校）,042,土木工程,4,603,44182
2022,5129,四川农业大学（一流学科建设高校）,043,旅游管理,4,613,34849
2022,5129,四川农业大学（一流学科建设高校）,044,电子商务,4,620,27780
2022,5129,四川农业大学（一流学科建设高校）,045,资产评估,5,615,32782
2022,5131,四川师范大学,001,经济学,2,607,40811
2022,5131,四川师范大学,002,法学,2,612,35171
2022,5131,四川师范大学,003,思想政治教育,2,621,27501
2022,5131,四川师范大学,004,教育技术学,2,604,43550
2022,5131,四川师范大学,005,小学教育,2,616,31303
2022,5131,四川师范大学,007,汉语言文学,2,624,25002
2022,5131,四川师范大学,008,汉语国际教育,2,616,31322
2022,5131,四川师范大学,009,英语,2,617,31191
2022,5131,四川师范大学,010,历史学,2,623,25632
2022,5131,四川师范大学,011,数学类,2,604,43525
2022,5131,四川师范大学,012,物理学,2,599,48604
2022,5131,四川师范大学,013,化学,2,600,47791
2022,5131,四川师范大学,014,地理科学类,2,614,33730
2022,5131,四川师范大学,015,心理学,2,606,42003
2022,5131,四川师范大学,016,电子信息类,2,594,54420
2022,5131,四川师范大学,017,计算机类,2,598,49974
2022,5131,四川师范大学,018,环境工程,2,593,56300
2022,5131,四川师范大学,019,食品质量与安全,2,594,54796
2022,5131,四川师范大学,020,安全工程,2,579,71899
2022,5131,四川师范大学,021,大数据管理与应用,2,593,55221
2022,5131,四川师范大学,022,工商管理,2,595,53974
2022,5131,四川师范大学,023,市场营销,2,596,52701
2022,5131,四川师范大学,024,会计学,2,603,44534
2022,5131,四川师范大学,025,财务管理,2,599,49089
2022,5131,四川师范大学,026,审计学,2,607,40843
2022,5131,四川师范大学,027,公共事业管理,2,594,54875
2022,5131,四川师范大学,035,工程造价,2,589,60314
2022,5132,四川工商学院(民办),001,财务管理,2,545,113475
2022,5132,四川工商学院(民办),002,市场营销,2,540,118977
2022,5132,四川工商学院(民办),003,金融工程,2,547,110487
2022,5132,四川工商学院(民办),004,智能制造工程,3,521,141953
2022,5132,四川工商学院(民办),005,数字媒体技术,2,527,135828
2022,5132,四川工商学院(民办),006,物联网工程,2,525,137414
2022,5133,成都文理学院(民办),001,经济学,10,536,124149
2022,5133,成都文理学院(民办),002,工商管理,5,538,121971
2022,5133,成都文理学院(民办),003,市场营销,5,534,127249
2022,5133,成都文理学院(民办),004,会计学,10,541,118388
2022,5136,四川外国语大学成都学院(独立学院),001,商务英语,2,548,109276
2022,5136,四川外国语大学成都学院(独立学院),002,汉语国际教育,2,554,101633
2022,5136,四川外国语大学成都学院(独立学院),003,汉语言文学,4,554,101818
2022,5136,四川外国语大学成都学院(独立学院),005,英语,3,559,95877
2022,5136,四川外国语大学成都学院(独立学院),006,德语,2,555,101535
2022,5136,四川外国语大学成都学院(独立学院),007,葡萄牙语,2,550,107785
2022,5136,四川外国语大学成都学院(独立学院),008,西班牙语,2,565,89087
2022,5136,四川外国语大学成都学院(独立学院),009,法语,3,553,103871
2022,5136,四川外国语大学成都学院(独立学院),010,意大利语,2,547,110799
2022,5136,四川外国语大学成都学院(独立学院),011,俄语,2,548,109402
2022,5136,四川外国语大学成都学院(独立学院),012,匈牙利语,2,529,133330
2022,5136,四川外国语大学成都学院(独立学院),013,朝鲜语,2,533,127413
2022,5136,四川外国语大学成都学院(独立学院),014,日语,2,548,109268
2022,5136,四川外国语大学成都学院(独立学院),015,泰语,2,533,128342
2022,5136,四川外国语大学成都学院(独立学院),016,越南语,2,542,117524
2022,5136,四川外国语大学成都学院(独立学院),017,阿拉伯语,2,544,114834
2022,5136,四川外国语大学成都学院(独立学院),018,马来语,3,529,133263
2022,5136,四川外国语大学成都学院(独立学院),019,翻译,3,551,105753
2022,5136,四川外国语大学成都学院(独立学院),020,网络与新媒体,3,555,100767
2022,5136,四川外国语大学成都学院(独立学院),021,学前教育,3,559,96554
2022,5136,四川外国语大学成都学院(独立学院),022,新闻学,2,554,101898
2022,5136,四川外国语大学成都学院(独立学院),023,国际经济与贸易,2,543,116293
2022,5136,四川外国语大学成都学院(独立学院),024,会展经济与管理,2,541,118259
2022,5136,四川外国语大学成都学院(独立学院),025,跨境电子商务,4,537,123507
2022,5136,四川外国语大学成都学院(独立学院),026,财务管理,3,546,112145
2022,5137,四川音乐学院,009,广播电视编导,8,559,96200
2022,5137,四川音乐学院,010,戏剧影视文学,5,561,94325
2022,5137,四川音乐学院,011,摄影,3,559,96550
2022,5137,四川音乐学院,022,新媒体艺术,2,563,91928
2022,5137,四川音乐学院,023,艺术史论,3,558,97608
2022,5137,四川音乐学院,024,艺术管理,3,558,97861
2022,5139,西华大学,001,材料成型及控制工程,4,562,92027
2022,5139,西华大学,002,材料科学与工程,4,561,93361
2022,5139,西华大学,003,电气工程及其自动化,4,577,74370
2022,5139,西华大学,004,航空航天类,3,573,79736
2022,5139,西华大学,005,机械类,4,573,79047
2022,5139,西华大学,006,农业机械化及其自动化,4,561,93190
2022,5139,西华大学,007,电子商务,5,578,73217
2022,5139,西华大学,008,思想政治教育,3,587,62589
2022,5139,西华大学,009,能源与动力工程,4,570,82754
2022,5139,西华大学,010,车辆工程,4,566,87308
2022,5139,西华大学,011,交通工程,3,570,82300
2022,5139,西华大学,012,生物工程,3,574,78031
2022,5139,西华大学,013,食品科学与工程,4,574,78467
2022,5139,西华大学,014,网络与新媒体,2,585,65014
2022,5139,西华大学,015,法学,2,593,55936
2022,5140,西华师范大学,001,市场营销,5,569,84474
2022,5140,西华师范大学,002,日语,5,571,82267
2022,5140,西华师范大学,003,电子信息工程,4,558,97683
2022,5140,西华师范大学,004,飞行器控制与信息工程,3,552,104245
2022,5140,西华师范大学,005,地理科学类,3,593,55573
2022,5141,西南财经大学（一流学科建设高校）,001,金融学类,7,649,8462
2022,5141,西南财经大学（一流学科建设高校）,002,金融学类(保险方向),2,648,8900
2022,5141,西南财经大学（一流学科建设高校）,003,金融学(双语实验班),2,651,7865
2022,5141,西南财经大学（一流学科建设高校）,004,金融学(智能金融与区块链金融),2,655,6031
2022,5141,西南财经大学（一流学科建设高校）,005,金融科技,1,649,8574
2022,5141,西南财经大学（一流学科建设高校）,006,精算学,1,649,8470
2022,5141,西南财经大学（一流学科建设高校）,007,经济学(国家经济学基础人才培养基地班),4,649,8669
2022,5141,西南财经大学（一流学科建设高校）,008,数字经济,2,643,11745
2022,5141,西南财经大学（一流学科建设高校）,009,工商管理类,3,648,9200
2022,5141,西南财经大学（一流学科建设高校）,010,工商管理(双语实验班),1,647,9794
2022,5141,西南财经大学（一流学科建设高校）,011,工商管理类(会计学院),4,649,8659
2022,5141,西南财经大学（一流学科建设高校）,012,会计学(注册会计师专门化方向),2,656,5897
2022,5141,西南财经大学（一流学科建设高校）,013,会计学(双语实验班),2,652,7206
2022,5141,西南财经大学（一流学科建设高校）,014,财政学类,3,649,8556
2022,5141,西南财经大学（一流学科建设高校）,015,统计学类,1,647,9762
2022,5141,西南财经大学（一流学科建设高校）,016,经济统计学,2,649,8509
2022,5141,西南财经大学（一流学科建设高校）,017,计算机类,3,643,11566
2022,5141,西南财经大学（一流学科建设高校）,018,法学(法学与会计学双学位),1,653,6945
2022,5141,西南财经大学（一流学科建设高校）,019,法学(法学与金融学双学位),1,655,6094
2022,5141,西南财经大学（一流学科建设高校）,020,经济与贸易类,3,649,8841
2022,5141,西南财经大学（一流学科建设高校）,021,数学与应用数学,1,646,9849
2022,5141,西南财经大学（一流学科建设高校）,022,数学与应用数学(数学与经济学双学位),2,645,10398
2022,5141,西南财经大学（一流学科建设高校）,023,金融数学,2,650,8164
2022,5141,西南财经大学（一流学科建设高校）,024,计算金融,2,647,9350
2022,5141,西南财经大学（一流学科建设高校）,025,金融学(经管国际化创新实验班),2,649,8408
2022,5141,西南财经大学（一流学科建设高校）,026,市场营销(中外合作办学)(金融服务与营销),6,635,16229
2022,5141,西南财经大学（一流学科建设高校）,027,会计学(中外合作办学),3,643,11677
2022,5141,西南财经大学（一流学科建设高校）,028,信息管理与信息系统(中外合作办学)(信息系统与数据管理方向),5,626,22811
2022,5141,西南财经大学（一流学科建设高校）,029,金融数学(中外合作办学)(金融服务与量化分析方向),3,643,11732
2022,5141,西南财经大学（一流学科建设高校）,030,物流管理(中外合作办学)(运营管理与商务分析方向),4,633,18061
2022,5142,西南财经大学天府学院(独立学院),001,会计学,6,545,112916
2022,5142,西南财经大学天府学院(独立学院),002,金融学,4,545,113669
2022,5142,西南财经大学天府学院(独立学院),501,大数据与会计,10,497,
2022,5143,西南交通大学（一流学科建设高校）,001,土木工程,14,632,18460
2022,5143,西南交通大学（一流学科建设高校）,002,城市地下空间工程,1,637,15189
2022,5143,西南交通大学（一流学科建设高校）,003,工程造价,1,636,15545
2022,5143,西南交通大学（一流学科建设高校）,004,机械类,8,633,17656
2022,5143,西南交通大学（一流学科建设高校）,005,车辆工程,6,633,17820
2022,5143,西南交通大学（一流学科建设高校）,006,能源动力类,4,632,18162
2022,5143,西南交通大学（一流学科建设高校）,007,电气工程及其自动化,16,641,12927
2022,5143,西南交通大学（一流学科建设高校）,008,电子信息工程,6,640,13106
2022,5143,西南交通大学（一流学科建设高校）,009,通信工程,6,640,13438
2022,5143,西南交通大学（一流学科建设高校）,010,自动化,3,639,14015
2022,5143,西南交通大学（一流学科建设高校）,011,轨道交通信号与控制,5,636,15691
2022,5143,西南交通大学（一流学科建设高校）,012,人工智能,4,642,12304
2022,5143,西南交通大学（一流学科建设高校）,013,计算机类,3,645,10372
2022,5143,西南交通大学（一流学科建设高校）,014,交通运输类,6,638,14786
2022,5143,西南交通大学（一流学科建设高校）,015,物流管理与工程类,2,634,16931
2022,5143,西南交通大学（一流学科建设高校）,016,工程力学,3,632,18260
2022,5143,西南交通大学（一流学科建设高校）,017,飞行器设计与工程,3,633,18013
2022,5143,西南交通大学（一流学科建设高校）,018,新闻传播学类,2,643,11898
2022,5143,西南交通大学（一流学科建设高校）,019,思想政治教育,1,643,11788
2022,5143,西南交通大学（一流学科建设高校）,020,制药工程,7,629,20802
2022,5143,西南交通大学（一流学科建设高校）,021,生物工程,4,630,19833
2022,5143,西南交通大学（一流学科建设高校）,022,生物工程(中外合作办学),4,618,30262
2022,5143,西南交通大学（一流学科建设高校）,023,数学与应用数学,3,638,14717
2022,5143,西南交通大学（一流学科建设高校）,024,统计学,2,643,11490
2022,5143,西南交通大学（一流学科建设高校）,025,建筑类,6,634,16805
2022,5143,西南交通大学（一流学科建设高校）,026,建筑学,4,638,14617
2022,5143,西南交通大学（一流学科建设高校）,029,测绘类,11,626,23264
2022,5143,西南交通大学（一流学科建设高校）,030,地质工程,4,626,22908
2022,5143,西南交通大学（一流学科建设高校）,031,环境科学与工程类,9,627,22256
2022,5143,西南交通大学（一流学科建设高校）,032,安全工程(中外合作办学),4,610,36959
2022,5143,西南交通大学（一流学科建设高校）,033,环境工程(中外合作办学),4,601,47059
2022,5143,西南交通大学（一流学科建设高校）,034,应用物理学,9,631,19506
2022,5143,西南交通大学（一流学科建设高校）,035,电子信息科学与技术,5,639,13924
2022,5143,西南交通大学（一流学科建设高校）,036,材料类,10,626,23107
2022,5143,西南交通大学（一流学科建设高校）,037,生物医学工程,2,640,13137
2022,5143,西南交通大学（一流学科建设高校）,038,汉语国际教育,1,642,12318
2022,5143,西南交通大学（一流学科建设高校）,039,外国语言文学类,13,637,15332
2022,5143,西南交通大学（一流学科建设高校）,040,机械设计制造及其自动化(中外合作办学),6,623,25479
2022,5143,西南交通大学（一流学科建设高校）,041,电子信息工程(中外合作办学),6,629,20828
2022,5143,西南交通大学（一流学科建设高校）,042,计算机科学与技术(中外合作办学),6,632,18267
2022,5143,西南交通大学（一流学科建设高校）,043,土木工程(中外合作办学),6,616,31312
2022,5143,西南交通大学（一流学科建设高校）,044,经济与贸易类,2,638,14517
2022,5143,西南交通大学（一流学科建设高校）,045,工商管理类,19,628,21886
2022,5143,西南交通大学（一流学科建设高校）,046,法学,1,647,9524
2022,5143,西南交通大学（一流学科建设高校）,047,政治学与行政学,1,640,13199
2022,5143,西南交通大学（一流学科建设高校）,048,智能制造工程,7,635,16499
2022,5143,西南交通大学（一流学科建设高校）,049,新能源科学与工程,6,632,18807
2022,5143,西南交通大学（一流学科建设高校）,050,智能建造,5,635,16431
2022,5143,西南交通大学（一流学科建设高校）,051,城市设计,3,633,17947
2022,5143,西南交通大学（一流学科建设高校）,052,智慧交通,6,636,15905
2022,5144,西南科技大学,001,电气工程及其自动化,3,577,74069
2022,5144,西南科技大学,002,电子信息类,4,578,72951
2022,5144,西南科技大学,003,安全科学与工程类,4,565,89110
2022,5144,西南科技大学,004,材料类,4,569,84278
2022,5144,西南科技大学,005,机械类,4,570,83318
2022,5144,西南科技大学,006,工业工程,3,564,89680
2022,5144,西南科技大学,007,土木类,3,567,86396
2022,5144,西南科技大学,008,制药工程,3,572,80432
2022,5144,西南科技大学,009,食品科学与工程,3,570,82848
2022,5144,西南科技大学,010,计算机类,3,585,65277
2022,5144,西南科技大学,011,兵器类,3,565,88482
2022,5144,西南科技大学,012,信息管理与信息系统,3,573,78934
2022,5144,西南科技大学,013,物流管理,3,574,78161
2022,5144,西南科技大学,014,电子商务,3,579,72022
2022,5144,西南科技大学,015,中国语言文学类,6,585,64831
2022,5144,西南科技大学,016,西班牙语,3,577,74711
2022,5144,西南科技大学,017,外国语言文学类,3,580,71400
2022,5145,西南民族大学,001,金融学类,3,591,58223
2022,5145,西南民族大学,002,法学,3,612,35214
2022,5145,西南民族大学,003,民族学,3,577,73889
2022,5145,西南民族大学,004,社会学类,3,587,63022
2022,5145,西南民族大学,005,工商管理类,3,587,63013
2022,5145,西南民族大学,006,公共管理类,3,586,63742
2022,5145,西南民族大学,007,电子信息类,3,579,71641
2022,5145,西南民族大学,008,电气工程及其自动化,3,577,73982
2022,5145,西南民族大学,009,计算机类,3,583,66971
2022,5145,西南民族大学,010,动物医学,3,580,70911
2022,5146,西南石油大学（一流学科建设高校）,001,石油工程,3,605,42678
2022,5146,西南石油大学（一流学科建设高校）,002,油气储运工程,2,603,44242
2022,5146,西南石油大学（一流学科建设高校）,003,机械工程,4,600,48321
2022,5146,西南石油大学（一流学科建设高校）,004,计算机类,4,612,35755
2022,5146,西南石油大学（一流学科建设高校）,005,电气工程及其自动化,3,603,44151
2022,5146,西南石油大学（一流学科建设高校）,006,自动化类,3,600,48182
2022,5146,西南石油大学（一流学科建设高校）,007,通信工程,3,601,46877
2022,5146,西南石油大学（一流学科建设高校）,008,人工智能,3,601,47004
2022,5146,西南石油大学（一流学科建设高校）,009,工商管理类,2,607,40699
2022,5146,西南石油大学（一流学科建设高校）,010,会计学,2,614,33625
2022,5146,西南石油大学（一流学科建设高校）,011,思想政治教育,4,606,41265
2022,5147,宜宾学院,001,法学,3,569,84584
2022,5147,宜宾学院,002,知识产权,2,566,88030
2022,5147,宜宾学院,003,汉语言文学(师范),3,576,75183
2022,5147,宜宾学院,004,电子信息工程,3,545,113310
2022,5147,宜宾学院,005,软件工程,3,548,109938
2022,5147,宜宾学院,006,工商管理,3,558,97114
2022,5147,宜宾学院,007,财务管理,3,561,94025
2022,5148,中国民用航空飞行学院,001,英语,4,566,87630
2022,5148,中国民用航空飞行学院,002,翻译,2,557,98604
2022,5148,中国民用航空飞行学院,003,信息与计算科学,2,567,86496
2022,5148,中国民用航空飞行学院,004,大气科学,3,568,85493
2022,5148,中国民用航空飞行学院,005,应用气象学(机场气象预报、航空公司气象分析),2,575,76346
2022,5148,中国民用航空飞行学院,006,应用心理学,2,567,87049
2022,5148,中国民用航空飞行学院,007,电气工程及其自动化(航空电气设备维修),5,563,91274
2022,5148,中国民用航空飞行学院,008,电子信息工程(航空电子设备维修),6,551,105986
2022,5148,中国民用航空飞行学院,009,计算机科学与技术,4,571,81168
2022,5148,中国民用航空飞行学院,010,物联网工程,1,573,78793
2022,5148,中国民用航空飞行学院,011,数据科学与大数据技术,2,551,105805
2022,5148,中国民用航空飞行学院,012,网络空间安全,1,567,86134
2022,5148,中国民用航空飞行学院,013,导航工程(导航应用与规划、空管保障设施),5,547,110376
2022,5148,中国民用航空飞行学院,014,交通运输(空中交通管制、飞行签派、航行情报),7,577,74218
2022,5148,中国民用航空飞行学院,015,交通工程(机场管理与工程),3,588,61244
2022,5148,中国民用航空飞行学院,016,飞行器制造工程(飞机结构维修),7,545,113447
2022,5148,中国民用航空飞行学院,017,飞行器动力工程(飞机发动机维修),5,543,116080
2022,5148,中国民用航空飞行学院,018,飞行器适航技术,2,576,75807
2022,5148,中国民用航空飞行学院,019,无人驾驶航空器系统工程,4,560,95163
2022,5148,中国民用航空飞行学院,020,安全工程,1,549,108738
2022,5148,中国民用航空飞行学院,021,消防工程,1,555,100728
2022,5148,中国民用航空飞行学院,022,工商管理,2,553,103829
2022,5148,中国民用航空飞行学院,023,市场营销,2,559,96150
2022,5148,中国民用航空飞行学院,024,公共事业管理,2,559,96125
2022,5148,中国民用航空飞行学院,025,交通管理(机场运行管理),3,580,70762
2022,5148,中国民用航空飞行学院,026,物流工程(航空物流),2,576,75130
2022,5148,中国民用航空飞行学院,503,飞机机电设备维修,4,524,138581
2022,5150,电子科技大学(沙河校区)（一流大学建设高校）,001,电子信息类(中外合作办学)(电子信息),10,646,10091
2022,5150,电子科技大学(沙河校区)（一流大学建设高校）,002,电子信息类(中外合作办学)(通信、微电子),7,645,10435
2022,5150,电子科技大学(沙河校区)（一流大学建设高校）,003,电子信息类(中外合作办学)(海南陵水国际教育创新区),5,641,12474
2022,5150,电子科技大学(沙河校区)（一流大学建设高校）,004,软件工程(国家示范性软件学院),3,653,6778
2022,5150,电子科技大学(沙河校区)（一流大学建设高校）,005,软件工程(工业软件),2,652,7188
2022,5150,电子科技大学(沙河校区)（一流大学建设高校）,006,集成电路设计与集成系统(国家示范性微电子学院),4,652,7154
2022,5150,电子科技大学(沙河校区)（一流大学建设高校）,007,临床医学,3,650,8346
2022,5162,成都东软学院(民办),001,计算机类,2,531,129960
2022,5162,成都东软学院(民办),002,软件工程,2,531,130555
2022,5162,成都东软学院(民办),003,电子商务,2,536,124367
2022,5162,成都东软学院(民办),004,数字媒体技术,2,531,130786
2022,5162,成都东软学院(民办),005,医学影像技术,2,541,118309
2022,5162,成都东软学院(民办),501,计算机网络技术,3,499,167234
2022,5162,成都东软学院(民办),502,软件技术,3,512,153546
2022,5162,成都东软学院(民办),503,电子商务,2,507,158440
2022,5162,成都东软学院(民办),504,大数据与财务管理,2,497,
2022,5163,四川轻化工大学,001,计算机科学与技术,1,575,76791
2022,5163,四川轻化工大学,002,机械电子工程,1,572,80163
2022,5163,四川轻化工大学,003,安全工程,2,525,137070
2022,5163,四川轻化工大学,004,轻化工程,2,536,123779
2022,5163,四川轻化工大学,005,工程造价,1,563,90943
2022,5163,四川轻化工大学,006,市场营销,2,573,79844
2022,5163,四川轻化工大学,007,人力资源管理,1,575,77323
2022,5163,四川轻化工大学,008,投资学,2,571,81713
2022,5163,四川轻化工大学,009,法学,1,586,63918
2022,5163,四川轻化工大学,010,英语,1,582,68583
2022,5163,四川轻化工大学,011,汉语言文学,1,591,58061
2022,5164,攀枝花学院,001,法学,2,562,92462
2022,5164,攀枝花学院,002,计算机科学与技术,1,547,111321
2022,5164,攀枝花学院,003,机械设计制造及其自动化,2,539,120092
2022,5166,四川文化产业职业学院,501,新闻采编与制作,5,497,
2022,5202,安顺职业技术学院,501,临床医学,6,497,
2022,5202,安顺职业技术学院,502,医学影像技术,8,497,
2022,5203,贵州工程应用技术学院,001,汉语言文学(师范),3,567,86809
2022,5203,贵州工程应用技术学院,002,英语(师范),3,563,91718
2022,5203,贵州工程应用技术学院,003,数学与应用数学(师范),3,542,117368
2022,5204,贵州医科大学,001,临床医学,5,620,28386
2022,5204,贵州医科大学,002,预防医学,1,595,53106
2022,5204,贵州医科大学,003,卫生检验与检疫,1,594,54784
2022,5204,贵州医科大学,004,口腔医学,1,637,15527
2022,5204,贵州医科大学,005,医学影像学,1,605,42313
2022,5204,贵州医科大学,006,药学,1,590,58893
2022,5204,贵州医科大学,007,药物制剂,1,584,66200
2022,5204,贵州医科大学,008,药学(中外合作办学),4,553,103391
2022,5206,贵州中医药大学,001,药物制剂(中外合作办学),2,556,99525
2022,5206,贵州中医药大学,002,针灸推拿学,4,582,67962
2022,5206,贵州中医药大学,003,中西医临床医学,6,588,60892
2022,5206,贵州中医药大学,004,中医学,4,595,53609
2022,5206,贵州中医药大学,005,中药学,6,568,85318
2022,5208,贵州财经大学,001,大数据管理与应用,1,571,81585
2022,5208,贵州财经大学,002,审计学,1,593,55531
2022,5208,贵州财经大学,003,法学类,1,596,52604
2022,5208,贵州财经大学,004,会计学(中外合作办学),2,569,83768
2022,5208,贵州财经大学,005,财务管理(中外合作办学),2,568,85467
2022,5208,贵州财经大学,006,市场营销(中外合作办学),3,555,101329
2022,5209,贵州黔南经济学院(民办),001,会计学,3,535,125433
2022,5209,贵州黔南经济学院(民办),002,金融学,2,528,133881
2022,5210,贵州大学（一流学科建设高校）,001,日语,3,622,26393
2022,5210,贵州大学（一流学科建设高校）,002,经济与贸易类,3,626,23478
2022,5210,贵州大学（一流学科建设高校）,003,财政学类,4,628,21843
2022,5210,贵州大学（一流学科建设高校）,004,文化产业管理,2,622,26660
2022,5210,贵州大学（一流学科建设高校）,005,工业设计,2,615,32826
2022,5210,贵州大学（一流学科建设高校）,006,电气类,2,625,23645
2022,5210,贵州大学（一流学科建设高校）,007,土木类,4,600,47452
2022,5210,贵州大学（一流学科建设高校）,008,水利水电工程,2,610,37093
2022,5210,贵州大学（一流学科建设高校）,009,建筑类,2,615,32896
2022,5210,贵州大学（一流学科建设高校）,010,新能源科学与工程,2,615,32401
2022,5210,贵州大学（一流学科建设高校）,011,化学类,2,610,37114
2022,5210,贵州大学（一流学科建设高校）,012,环境工程,2,604,43338
2022,5210,贵州大学（一流学科建设高校）,013,食品科学与工程类,4,604,43904
2022,5210,贵州大学（一流学科建设高校）,014,冶金工程,2,593,55353
2022,5210,贵州大学（一流学科建设高校）,015,英语,2,629,21075
2022,5210,贵州大学（一流学科建设高校）,016,工商管理类,3,626,22967
2022,5210,贵州大学（一流学科建设高校）,017,公共管理类,2,624,24721
2022,5210,贵州大学（一流学科建设高校）,018,计算机类,2,626,23089
2022,5210,贵州大学（一流学科建设高校）,019,汉语言文学,2,636,16109
2022,5210,贵州大学（一流学科建设高校）,020,人工智能,2,623,25365
2022,5210,贵州大学（一流学科建设高校）,021,机械设计制造及其自动化(中外合作办学),3,594,54405
2022,5210,贵州大学（一流学科建设高校）,022,化学工程与工艺(中外合作办学),2,582,68670
2022,5210,贵州大学（一流学科建设高校）,023,环境科学(中外合作办学),2,588,61294
2022,5211,贵州黔南科技学院(民办),001,财务管理,3,525,137624
2022,5211,贵州黔南科技学院(民办),002,电子信息工程,2,522,140946
2022,5218,贵阳康养职业大学,001,儿童康复治疗,3,511,154599
2022,5218,贵阳康养职业大学,002,现代家政管理,2,539,121114
2022,5219,黔南民族师范学院,001,地理科学类,1,563,91751
2022,5219,黔南民族师范学院,002,学前教育(师范),1,567,86232
2022,5219,黔南民族师范学院,003,物理学(师范),1,550,107346
2022,5219,黔南民族师范学院,004,汉语言文学(师范),1,573,79178
2022,5220,遵义医科大学,001,临床医学,15,587,62179
2022,5220,遵义医科大学,002,麻醉学,7,580,70576
2022,5220,遵义医科大学,003,口腔医学,7,617,31071
2022,5220,遵义医科大学,004,临床医学,5,601,46376
2022,5221,贵州理工学院,001,电气工程及其自动化,2,542,117479
2022,5221,贵州理工学院,002,计算机类,4,542,116404
2022,5221,贵州理工学院,003,制药工程,2,536,123771
2022,5225,贵州师范学院,001,电子信息类,3,538,121264
2022,5301,楚雄师范学院,001,社会工作,3,555,101251
2022,5301,楚雄师范学院,002,思想政治教育(师范),2,566,88282
2022,5301,楚雄师范学院,003,教育技术学(师范),3,556,99565
2022,5301,楚雄师范学院,004,学前教育(师范),6,559,96231
2022,5301,楚雄师范学院,005,英语(师范),3,562,92023
2022,5301,楚雄师范学院,006,生物技术,4,551,105496
2022,5301,楚雄师范学院,007,计算机科学与技术(师范),2,539,120600
2022,5301,楚雄师范学院,008,数字媒体技术,3,530,131177
2022,5301,楚雄师范学院,009,网络工程,4,521,142203
2022,5302,大理大学,001,临床医学,4,589,60828
2022,5302,大理大学,002,口腔医学,2,604,43974
2022,5302,大理大学,003,医学影像学,2,566,87520
2022,5302,大理大学,004,医学检验技术,2,577,75045
2022,5302,大理大学,005,预防医学,2,573,79256
2022,5302,大理大学,006,卫生检验与检疫,2,569,84615
2022,5302,大理大学,007,临床药学,2,584,65976
2022,5302,大理大学,008,生物科学类,2,560,95191
2022,5302,大理大学,009,环境科学,2,559,95680
2022,5302,大理大学,010,数学与应用数学,2,555,100621
2022,5302,大理大学,011,计算机类,2,565,88622
2022,5302,大理大学,012,通信工程,2,549,107844
2022,5302,大理大学,013,电气工程及其自动化,2,560,94390
2022,5302,大理大学,014,建筑学,2,572,80947
2022,5302,大理大学,015,新闻学,2,574,78501
2022,5302,大理大学,016,汉语国际教育,2,578,73498
2022,5302,大理大学,017,英语,2,576,75987
2022,5302,大理大学,018,法学,2,584,65682
2022,5302,大理大学,019,储能科学与工程,2,564,89801
2022,5303,红河学院,001,汉语言文学(师范),3,571,81751
2022,5303,红河学院,002,广播电视学,2,555,101567
2022,5303,红河学院,003,网络与新媒体,2,557,98616
2022,5303,红河学院,004,英语,3,556,99296
2022,5303,红河学院,005,商务英语,2,555,100557
2022,5303,红河学院,006,国际经济与贸易,3,555,101050
2022,5303,红河学院,007,财务管理,2,557,98694
2022,5303,红河学院,008,物流管理,3,553,103457
2022,5303,红河学院,009,酒店管理,2,551,106431
2022,5303,红河学院,010,计算机科学与技术,2,536,124184
2022,5303,红河学院,011,电气工程及其自动化,2,535,125551
2022,5303,红河学院,012,机械工程,3,534,126674
2022,5303,红河学院,013,通信工程,2,537,123446
2022,5303,红河学院,014,数字媒体技术,3,533,127888
2022,5303,红河学院,015,物理学(师范),2,535,125688
2022,5303,红河学院,016,化学,2,552,105334
2022,5303,红河学院,017,食品质量与安全,2,552,104591
2022,5304,昆明理工大学,001,测绘工程,2,585,64380
2022,5304,昆明理工大学,002,资源勘查工程,2,575,76623
2022,5304,昆明理工大学,003,采矿工程,2,569,84337
2022,5304,昆明理工大学,004,矿物加工工程,2,568,85313
2022,5304,昆明理工大学,005,冶金工程,2,580,71454
2022,5304,昆明理工大学,006,能源与动力工程,2,592,56932
2022,5304,昆明理工大学,007,储能科学与工程,2,587,62252
2022,5304,昆明理工大学,008,机械工程(机电工程学院),2,597,50897
2022,5304,昆明理工大学,009,智能制造工程,2,590,58693
2022,5304,昆明理工大学,010,测控技术与仪器,2,588,61854
2022,5304,昆明理工大学,011,通信工程,2,598,49589
2022,5304,昆明理工大学,012,自动化,2,606,41092
2022,5304,昆明理工大学,013,计算机科学与技术,2,606,41751
2022,5304,昆明理工大学,014,人工智能,2,599,49569
2022,5304,昆明理工大学,015,电气工程及其自动化,2,608,38926
2022,5304,昆明理工大学,016,水利类,2,583,67712
2022,5304,昆明理工大学,017,交通运输类,2,608,39397
2022,5304,昆明理工大学,018,环境科学与工程类,2,599,49248
2022,5304,昆明理工大学,019,过程装备与控制工程,2,585,64776
2022,5304,昆明理工大学,020,金融学,2,603,44404
2022,5304,昆明理工大学,021,国际经济与贸易,2,596,52469
2022,5304,昆明理工大学,022,信息管理与信息系统,2,589,60283
2022,5304,昆明理工大学,023,工商管理,2,595,53374
2022,5304,昆明理工大学,024,会计学,2,606,41757
2022,5304,昆明理工大学,025,工程力学,2,591,57802
2022,5304,昆明理工大学,026,应用化学,2,586,63837
2022,5304,昆明理工大学,027,法学,2,613,34311
2022,5304,昆明理工大学,028,食品科学与工程类,2,585,64413
2022,5304,昆明理工大学,029,材料成型及控制工程,2,578,72716
2022,5304,昆明理工大学,030,材料科学与工程,2,588,61129
2022,5304,昆明理工大学,031,宝石及材料工艺学,2,573,79376
2022,5304,昆明理工大学,032,制药工程,2,586,63525
2022,5304,昆明理工大学,033,生物工程,2,587,62979
2022,5304,昆明理工大学,034,汉语国际教育,2,594,54360
2022,5304,昆明理工大学,035,临床医学,2,622,26766
2022,5304,昆明理工大学,036,护理学,2,573,79507
2022,5304,昆明理工大学,037,土木工程(中外合作办学),10,551,105881
2022,5305,昆明理工大学津桥学院(独立学院),001,计算机科学与技术,1,518,145563
2022,5305,昆明理工大学津桥学院(独立学院),002,电子信息科学与技术,2,511,153740
2022,5305,昆明理工大学津桥学院(独立学院),003,电气工程及其自动化,1,525,137462
2022,5305,昆明理工大学津桥学院(独立学院),004,自动化,2,512,153222
2022,5305,昆明理工大学津桥学院(独立学院),005,建筑学,1,548,110055
2022,5305,昆明理工大学津桥学院(独立学院),006,城乡规划,1,547,110921
2022,5305,昆明理工大学津桥学院(独立学院),007,土木工程,2,510,155294
2022,5305,昆明理工大学津桥学院(独立学院),008,给排水科学与工程,1,512,152835
2022,5305,昆明理工大学津桥学院(独立学院),009,水利水电工程,1,542,116607
2022,5305,昆明理工大学津桥学院(独立学院),010,工程造价,2,513,151591
2022,5305,昆明理工大学津桥学院(独立学院),011,工程管理,2,509,156621
2022,5305,昆明理工大学津桥学院(独立学院),012,测绘工程,2,506,159312
2022,5305,昆明理工大学津桥学院(独立学院),013,汽车服务工程,1,498,168211
2022,5305,昆明理工大学津桥学院(独立学院),014,工商管理,2,528,134491
2022,5305,昆明理工大学津桥学院(独立学院),015,国际经济与贸易,2,528,134165
2022,5305,昆明理工大学津桥学院(独立学院),016,会计学,3,535,126015
2022,5305,昆明理工大学津桥学院(独立学院),017,市场营销,1,529,133062
2022,5305,昆明理工大学津桥学院(独立学院),018,酒店管理,2,527,135372
2022,5305,昆明理工大学津桥学院(独立学院),019,文化产业管理,1,532,129695
2022,5305,昆明理工大学津桥学院(独立学院),020,英语,1,539,120204
2022,5305,昆明理工大学津桥学院(独立学院),021,法学,4,540,119960
2022,5307,昆明医科大学,001,临床医学,6,625,23530
2022,5307,昆明医科大学,002,麻醉学,2,621,27306
2022,5307,昆明医科大学,003,医学影像学,2,615,32598
2022,5307,昆明医科大学,004,口腔医学,1,639,14077
2022,5307,昆明医科大学,005,预防医学,2,596,52389
2022,5307,昆明医科大学,006,康复物理治疗,1,584,65729
2022,5307,昆明医科大学,007,康复作业治疗,1,585,64778
2022,5307,昆明医科大学,008,药学,2,584,66274
2022,5307,昆明医科大学,009,法医学,1,622,26561
2022,5307,昆明医科大学,010,护理学(中外合作办学),2,572,80830
2022,5308,昆明医科大学海源学院(独立学院),001,临床医学,32,548,109285
2022,5308,昆明医科大学海源学院(独立学院),002,口腔医学,16,569,83944
2022,5308,昆明医科大学海源学院(独立学院),003,医学影像技术,5,550,106836
2022,5308,昆明医科大学海源学院(独立学院),004,医学检验技术,3,551,106277
2022,5308,昆明医科大学海源学院(独立学院),005,药学,2,546,111920
2022,5308,昆明医科大学海源学院(独立学院),006,康复治疗学,2,546,111529
2022,5308,昆明医科大学海源学院(独立学院),007,护理学,2,556,100111
2022,5308,昆明医科大学海源学院(独立学院),008,运动康复,1,553,104027
2022,5308,昆明医科大学海源学院(独立学院),009,应用心理学,2,552,105180
2022,5310,曲靖师范学院,001,经济学,1,558,97933
2022,5310,曲靖师范学院,002,思想政治教育(师范),2,572,80622
2022,5310,曲靖师范学院,003,学前教育(师范),2,568,85821
2022,5310,曲靖师范学院,004,小学教育(师范),2,576,76152
2022,5310,曲靖师范学院,008,汉语言文学(师范),2,576,75214
2022,5310,曲靖师范学院,009,英语(师范),2,574,78255
2022,5310,曲靖师范学院,010,泰语,2,551,105769
2022,5310,曲靖师范学院,011,历史学(师范),2,577,74216
2022,5310,曲靖师范学院,012,数学与应用数学(师范),2,549,108210
2022,5310,曲靖师范学院,013,信息与计算科学,2,534,126939
2022,5310,曲靖师范学院,014,物理学(师范),2,547,111104
2022,5310,曲靖师范学院,015,化学(师范),2,562,92771
2022,5310,曲靖师范学院,016,地理科学(师范),2,573,79514
2022,5310,曲靖师范学院,017,生物科学(师范),2,570,82760
2022,5310,曲靖师范学院,018,电子信息工程,1,542,116524
2022,5310,曲靖师范学院,019,计算机科学与技术(师范),2,544,114079
2022,5310,曲靖师范学院,020,物联网工程,2,533,127555
2022,5310,曲靖师范学院,021,数据科学与大数据技术,1,536,123926
2022,5310,曲靖师范学院,022,化学工程与工艺,2,549,108927
2022,5310,曲靖师范学院,023,制药工程,2,551,105534
2022,5310,曲靖师范学院,024,食品科学与工程,2,554,102488
2022,5310,曲靖师范学院,025,食品质量与安全,1,558,97418
2022,5310,曲靖师范学院,026,会计学,1,564,90653
2022,5310,曲靖师范学院,027,酒店管理,1,552,104769
2022,5311,西南林业大学,001,经济学,3,574,78155
2022,5311,西南林业大学,002,法学,3,581,70230
2022,5311,西南林业大学,003,英语,3,570,83077
2022,5311,西南林业大学,004,法语,3,569,84493
2022,5311,西南林业大学,005,车辆工程,3,547,110400
2022,5311,西南林业大学,006,通信工程,3,553,103694
2022,5311,西南林业大学,007,计算机科学与技术,2,566,87215
2022,5311,西南林业大学,008,土木工程,2,553,103133
2022,5311,西南林业大学,009,木材科学与工程,2,565,88963
2022,5311,西南林业大学,010,环境工程,2,565,89031
2022,5311,西南林业大学,011,城乡规划,2,573,79628
2022,5311,西南林业大学,012,林学,2,568,85111
2022,5311,西南林业大学,013,园林,1,583,67613
2022,5311,西南林业大学,014,旅游管理,1,566,88191
2022,5312,玉溪师范学院,001,汉语言文学(师范),2,580,70565
2022,5312,玉溪师范学院,002,学前教育(师范),2,565,89381
2022,5312,玉溪师范学院,003,经济与金融,2,556,100208
2022,5312,玉溪师范学院,004,数学与应用数学(师范),2,554,101587
2022,5312,玉溪师范学院,006,工商管理类,2,558,97941
2022,5313,云南财经大学,001,金融学,8,582,67944
2022,5313,云南财经大学,002,金融工程,4,577,74741
2022,5313,云南财经大学,003,保险学,4,570,83218
2022,5313,云南财经大学,004,投资学,4,574,78567
2022,5313,云南财经大学,005,数学与应用数学,4,557,98307
2022,5313,云南财经大学,006,统计学,4,561,94225
2022,5313,云南财经大学,007,管理科学,4,545,112829
2022,5313,云南财经大学,008,工商管理,4,574,77536
2022,5313,云南财经大学,009,工程管理,4,548,109411
2022,5313,云南财经大学,010,房地产开发与管理,4,542,116805
2022,5313,云南财经大学,011,英语,4,575,77348
2022,5313,云南财经大学,012,市场营销,4,568,85088
2022,5313,云南财经大学,013,会计学,4,589,60085
2022,5313,云南财经大学,014,财务管理,6,583,66867
2022,5313,云南财经大学,015,新闻学,4,576,76162
2022,5313,云南财经大学,016,广告学,4,572,80864
2022,5313,云南财经大学,017,物流管理,4,567,86968
2022,5313,云南财经大学,018,旅游管理,4,561,93795
2022,5313,云南财经大学,023,财政学,4,577,74879
2022,5313,云南财经大学,024,劳动与社会保障,4,564,89924
2022,5313,云南财经大学,025,物联网工程,4,560,95037
2022,5313,云南财经大学,026,经济学,4,580,71167
2022,5313,云南财经大学,027,贸易经济,4,571,81549
2022,5313,云南财经大学,028,信息管理与信息系统,4,550,106636
2022,5313,云南财经大学,029,国际经贸规则,4,568,84878
2022,5313,云南财经大学,030,智能科学与技术,4,542,116351
2022,5314,云南大学（一流大学建设高校）,005,哲学,3,632,18409
2022,5314,云南大学（一流大学建设高校）,006,经济学类,7,620,27768
2022,5314,云南大学（一流大学建设高校）,007,法学,6,640,13254
2022,5314,云南大学（一流大学建设高校）,008,社会学,1,635,16407
2022,5314,云南大学（一流大学建设高校）,009,社会工作,2,632,18758
2022,5314,云南大学（一流大学建设高校）,010,民族学,1,640,13513
2022,5314,云南大学（一流大学建设高校）,012,汉语言文学,4,639,13993
2022,5314,云南大学（一流大学建设高校）,013,英语,5,633,17709
2022,5314,云南大学（一流大学建设高校）,014,日语,2,632,18791
2022,5314,云南大学（一流大学建设高校）,015,泰语,1,631,19530
2022,5314,云南大学（一流大学建设高校）,016,新闻学,4,637,15519
2022,5314,云南大学（一流大学建设高校）,017,广播电视学,3,634,17184
2022,5314,云南大学（一流大学建设高校）,018,数学与应用数学,4,627,22099
2022,5314,云南大学（一流大学建设高校）,019,数理基础科学,1,626,22737
2022,5314,云南大学（一流大学建设高校）,020,化学类,4,622,25957
2022,5314,云南大学（一流大学建设高校）,021,天文学,3,623,25611
2022,5314,云南大学（一流大学建设高校）,022,地理信息科学,3,633,18000
2022,5314,云南大学（一流大学建设高校）,023,大气科学,2,623,25400
2022,5314,云南大学（一流大学建设高校）,024,生物科学,2,629,20705
2022,5314,云南大学（一流大学建设高校）,025,生物技术,2,625,23735
2022,5314,云南大学（一流大学建设高校）,026,生物科学类,3,625,24218
2022,5314,云南大学（一流大学建设高校）,027,生态学,2,626,22972
2022,5314,云南大学（一流大学建设高校）,028,材料科学与工程,4,615,32731
2022,5314,云南大学（一流大学建设高校）,029,电子信息类,6,626,22853
2022,5314,云南大学（一流大学建设高校）,030,计算机类,23,627,22064
2022,5314,云南大学（一流大学建设高校）,031,土木工程,4,619,28674
2022,5314,云南大学（一流大学建设高校）,032,环境科学与工程类,3,623,25206
2022,5314,云南大学（一流大学建设高校）,033,临床医学,2,630,20221
2022,5314,云南大学（一流大学建设高校）,034,工商管理类,8,617,30483
2022,5314,云南大学（一流大学建设高校）,035,公共事业管理,2,635,16744
2022,5314,云南大学（一流大学建设高校）,036,行政管理,4,631,19422
2022,5314,云南大学（一流大学建设高校）,037,信息资源管理,2,633,18129
2022,5314,云南大学（一流大学建设高校）,038,新能源科学与工程,2,613,34747
2022,5314,云南大学（一流大学建设高校）,039,孟加拉语,1,626,23127
2022,5315,云南大学滇池学院(独立学院),001,经济学,2,533,127997
2022,5315,云南大学滇池学院(独立学院),002,金融学,2,534,126848
2022,5315,云南大学滇池学院(独立学院),003,国际经济与贸易,3,527,135404
2022,5315,云南大学滇池学院(独立学院),004,法学,6,542,117590
2022,5315,云南大学滇池学院(独立学院),005,社会工作,1,531,129869
2022,5315,云南大学滇池学院(独立学院),008,汉语言文学,4,544,114604
2022,5315,云南大学滇池学院(独立学院),009,汉语国际教育,2,534,126490
2022,5315,云南大学滇池学院(独立学院),010,新闻传播学类,4,538,121747
2022,5315,云南大学滇池学院(独立学院),011,英语,2,531,130320
2022,5315,云南大学滇池学院(独立学院),012,日语,2,533,128474
2022,5315,云南大学滇池学院(独立学院),013,泰语,2,525,137512
2022,5315,云南大学滇池学院(独立学院),014,数学与应用数学,2,521,141890
2022,5315,云南大学滇池学院(独立学院),015,物联网工程,2,511,154455
2022,5315,云南大学滇池学院(独立学院),016,土木工程,2,507,158389
2022,5315,云南大学滇池学院(独立学院),017,物流管理,2,525,137674
2022,5315,云南大学滇池学院(独立学院),018,行政管理,2,529,133410
2022,5315,云南大学滇池学院(独立学院),019,创业管理,2,519,145258
2022,5315,云南大学滇池学院(独立学院),020,电子商务,2,527,135282
2022,5315,云南大学滇池学院(独立学院),021,会计学,2,538,122036
2022,5315,云南大学滇池学院(独立学院),022,财务管理,2,535,125670
2022,5315,云南大学滇池学院(独立学院),030,工商管理类,6,526,136891
2022,5316,丽江文化旅游学院(民办),001,经济学,4,522,141515
2022,5316,丽江文化旅游学院(民办),002,金融学,4,523,140521
2022,5316,丽江文化旅游学院(民办),003,国际经济与贸易,3,523,140450
2022,5316,丽江文化旅游学院(民办),004,工商管理,3,523,139643
2022,5316,丽江文化旅游学院(民办),005,人力资源管理,3,521,142958
2022,5316,丽江文化旅游学院(民办),006,会计学,5,530,131319
2022,5316,丽江文化旅游学院(民办),007,财务管理,4,523,139838
2022,5316,丽江文化旅游学院(民办),008,审计学,4,527,135577
2022,5316,丽江文化旅游学院(民办),009,资产评估,2,523,139491
2022,5316,丽江文化旅游学院(民办),010,旅游管理,15,519,145240
2022,5316,丽江文化旅游学院(民办),011,酒店管理,9,519,144478
2022,5316,丽江文化旅游学院(民办),012,英语,6,523,140405
2022,5316,丽江文化旅游学院(民办),013,日语,4,522,140714
2022,5316,丽江文化旅游学院(民办),014,泰语,2,517,147808
2022,5316,丽江文化旅游学院(民办),015,汉语言文学,4,539,120274
2022,5316,丽江文化旅游学院(民办),016,汉语国际教育,4,528,134187
2022,5316,丽江文化旅游学院(民办),017,新闻学,2,535,125383
2022,5316,丽江文化旅游学院(民办),018,秘书学,2,529,133338
2022,5316,丽江文化旅游学院(民办),019,学前教育,5,528,134303
2022,5316,丽江文化旅游学院(民办),020,小学教育,4,544,114333
2022,5316,丽江文化旅游学院(民办),021,护理学,20,535,125659
2022,5316,丽江文化旅游学院(民办),022,助产学,11,530,132208
2022,5316,丽江文化旅游学院(民办),023,药学,5,533,127981
2022,5318,云南警官学院,001,法学,3,578,73416
2022,5318,云南警官学院,002,网络空间安全,2,568,85065
2022,5319,云南民族大学,001,老挝语,2,554,102321
2022,5319,云南民族大学,002,越南语,2,559,96782
2022,5319,云南民族大学,003,电子信息工程,2,552,104540
2022,5319,云南民族大学,004,通信工程,2,551,105424
2022,5319,云南民族大学,005,汉语言文学,4,587,63141
2022,5319,云南民族大学,006,广告学,2,574,78300
2022,5320,云南农业大学,001,生物技术,2,569,84200
2022,5320,云南农业大学,002,农学,2,571,81338
2022,5320,云南农业大学,003,水产养殖学,2,562,93020
2022,5320,云南农业大学,004,动物医学,2,575,77287
2022,5320,云南农业大学,005,植物保护,2,567,87157
2022,5320,云南农业大学,006,动植物检疫(植物检疫),2,566,87765
2022,5320,云南农业大学,007,风景园林,2,574,77447
2022,5320,云南农业大学,008,食品质量与安全,2,568,85738
2022,5320,云南农业大学,009,烟草,2,575,76552
2022,5320,云南农业大学,010,茶学,2,570,82620
2022,5320,云南农业大学,011,水利水电工程,2,563,91622
2022,5320,云南农业大学,012,机械电子工程,2,553,103589
2022,5320,云南农业大学,013,电气工程及其自动化,2,553,103058
2022,5320,云南农业大学,014,人工智能,2,559,96025
2022,5320,云南农业大学,015,数据科学与大数据技术,2,565,88823
2022,5320,云南农业大学,016,土木工程,2,557,98169
2022,5320,云南农业大学,017,经济学,2,567,86697
2022,5320,云南农业大学,018,电子商务,2,565,89313
2022,5320,云南农业大学,019,社会工作,2,565,89503
2022,5320,云南农业大学,020,英语,2,569,84507
2022,5321,云南师范大学,001,汉语言文学(师范),2,619,29117
2022,5321,云南师范大学,002,思想政治教育(师范),4,612,35770
2022,5321,云南师范大学,003,历史学(师范),2,615,32597
2022,5321,云南师范大学,005,化学(师范),4,598,50297
2022,5321,云南师范大学,006,数学与应用数学(师范),4,594,54264
2022,5321,云南师范大学,007,物理学(师范),4,586,63616
2022,5321,云南师范大学,008,电子信息类,4,552,104575
2022,5321,云南师范大学,009,地理科学类,6,606,41230
2022,5321,云南师范大学,010,空间信息与数字技术,3,555,100389
2022,5321,云南师范大学,011,生物科学(师范),3,605,42544
2022,5322,昆明城市学院(民办),008,经济学,5,526,135949
2022,5322,昆明城市学院(民办),009,金融学,4,526,136024
2022,5322,昆明城市学院(民办),010,电子商务,8,525,137080
2022,5322,昆明城市学院(民办),011,工商管理,5,524,138566
2022,5322,昆明城市学院(民办),012,会计学,4,531,130672
2022,5322,昆明城市学院(民办),013,财务管理,4,528,133887
2022,5322,昆明城市学院(民办),014,学前教育,4,539,120546
2022,5322,昆明城市学院(民办),015,应用心理学,6,535,125989
2022,5322,昆明城市学院(民办),016,法学,4,539,121232
2022,5322,昆明城市学院(民办),017,小学教育,4,546,111470
2022,5322,昆明城市学院(民办),018,汉语言文学,4,541,118401
2022,5322,昆明城市学院(民办),019,英语,4,525,137806
2022,5322,昆明城市学院(民办),020,网络与新媒体,4,530,132148
2022,5323,昆明文理学院(民办),001,英语,2,535,126096
2022,5323,昆明文理学院(民办),002,法语,2,523,140589
2022,5323,昆明文理学院(民办),003,日语,2,524,138258
2022,5323,昆明文理学院(民办),004,西班牙语,2,525,137707
2022,5323,昆明文理学院(民办),005,翻译,2,529,133147
2022,5323,昆明文理学院(民办),006,旅游管理,2,524,139328
2022,5323,昆明文理学院(民办),007,互联网金融,2,532,129432
2022,5323,昆明文理学院(民办),008,审计学,1,539,120166
2022,5323,昆明文理学院(民办),009,数学与应用数学,2,513,151456
2022,5323,昆明文理学院(民办),010,建筑学,2,538,121572
2022,5323,昆明文理学院(民办),011,学前教育,2,542,116588
2022,5325,云南经济管理学院(民办),001,财务管理,2,529,133272
2022,5325,云南经济管理学院(民办),002,人工智能,4,505,160895
2022,5325,云南经济管理学院(民办),003,物联网工程,2,505,160617
2022,5325,云南经济管理学院(民办),004,水利水电工程,2,506,159819
2022,5325,云南经济管理学院(民办),005,测绘工程,2,523,139762
2022,5325,云南经济管理学院(民办),006,建筑学,2,533,127631
2022,5325,云南经济管理学院(民办),007,贸易经济,4,520,143663
2022,5325,云南经济管理学院(民办),008,电子商务,4,525,138158
2022,5325,云南经济管理学院(民办),009,医学检验技术,2,545,113889
2022,5325,云南经济管理学院(民办),010,虚拟现实技术,2,502,164727
2022,5325,云南经济管理学院(民办),502,大数据与会计,4,497,
2022,5325,云南经济管理学院(民办),507,人工智能技术应用,2,497,
2022,5325,云南经济管理学院(民办),509,药学,2,497,
2022,5325,云南经济管理学院(民办),510,医学检验技术,3,497,
2022,5330,文山学院,001,学前教育(师范),5,558,97361
2022,5330,文山学院,002,物流管理,5,553,103434
2022,5330,文山学院,003,酒店管理,5,553,104086
2022,5331,云南医药健康职业学院(民办),501,临床医学,12,497,
2022,5331,云南医药健康职业学院(民办),502,口腔医学,38,497,
2022,5332,普洱学院,001,物理学(师范),5,530,131020
2022,5332,普洱学院,002,数字媒体技术,5,533,128031
2022,5333,云南艺术学院,015,戏剧学,2,549,108003
2022,5333,云南艺术学院,016,戏剧影视文学,4,551,105844
2022,5401,西藏大学（一流学科建设高校）,001,历史学(师范),1,601,46833
2022,5401,西藏大学（一流学科建设高校）,002,旅游管理,1,583,67807
2022,5401,西藏大学（一流学科建设高校）,003,法学,2,585,64698
2022,5401,西藏大学（一流学科建设高校）,004,金融学,2,586,64133
2022,5401,西藏大学（一流学科建设高校）,005,环境科学,1,585,64304
2022,5401,西藏大学（一流学科建设高校）,006,交通运输,1,578,73260
2022,5401,西藏大学（一流学科建设高校）,007,临床医学,1,579,72384
2022,5401,西藏大学（一流学科建设高校）,008,计算机科学与技术,1,589,60527
2022,6101,宝鸡文理学院,001,外国语言文学类,2,566,88325
2022,6101,宝鸡文理学院,002,旅游管理,2,555,101465
2022,6101,宝鸡文理学院,003,统计学,2,554,102017
2022,6101,宝鸡文理学院,004,材料成型及控制工程,2,531,130338
2022,6101,宝鸡文理学院,005,材料化学,2,547,110389
2022,6101,宝鸡文理学院,006,电气工程及其自动化,2,542,116555
2022,6101,宝鸡文理学院,007,给排水科学与工程,3,524,138409
2022,6102,长安大学（一流学科建设高校）,001,道路桥梁与渡河工程,5,630,19687
2022,6102,长安大学（一流学科建设高校）,002,道路桥梁与渡河工程(国际工程班),5,627,22644
2022,6102,长安大学（一流学科建设高校）,003,车辆工程,4,628,21312
2022,6102,长安大学（一流学科建设高校）,004,机械类,6,625,23682
2022,6102,长安大学（一流学科建设高校）,005,工商管理类,3,635,16791
2022,6102,长安大学（一流学科建设高校）,006,管理科学与工程类,3,623,25647
2022,6102,长安大学（一流学科建设高校）,007,经济学类,2,636,15957
2022,6102,长安大学（一流学科建设高校）,008,自动化类,4,630,19927
2022,6102,长安大学（一流学科建设高校）,009,交通设备与控制工程,2,625,24173
2022,6102,长安大学（一流学科建设高校）,010,计算机类,4,632,18185
2022,6102,长安大学（一流学科建设高校）,011,电子信息类,4,630,19862
2022,6102,长安大学（一流学科建设高校）,012,地质工程,6,621,27196
2022,6102,长安大学（一流学科建设高校）,013,地球物理学类,2,626,23201
2022,6102,长安大学（一流学科建设高校）,014,测绘类,6,620,28363
2022,6102,长安大学（一流学科建设高校）,015,土木类,10,620,27914
2022,6102,长安大学（一流学科建设高校）,016,水利类,4,624,24450
2022,6102,长安大学（一流学科建设高校）,017,建筑类,5,633,17877
2022,6102,长安大学（一流学科建设高校）,018,材料类,7,619,28921
2022,6102,长安大学（一流学科建设高校）,019,交通工程,3,634,16992
2022,6102,长安大学（一流学科建设高校）,020,交通工程(国际工程班),2,631,19031
2022,6102,长安大学（一流学科建设高校）,021,交通运输,3,628,21345
2022,6102,长安大学（一流学科建设高校）,022,大数据管理与应用,2,630,19891
2022,6102,长安大学（一流学科建设高校）,023,思想政治教育,3,637,15225
2022,6102,长安大学（一流学科建设高校）,024,新闻传播学类,3,640,13294
2022,6102,长安大学（一流学科建设高校）,025,数学类,2,629,20348
2022,6102,长安大学（一流学科建设高校）,026,工程力学,2,625,23854
2022,6102,长安大学（一流学科建设高校）,027,英语,2,635,16752
2022,6102,长安大学（一流学科建设高校）,028,日语,3,630,19933
2022,6102,长安大学（一流学科建设高校）,030,道路桥梁与渡河工程(中外合作办学),6,608,39857
2022,6102,长安大学（一流学科建设高校）,031,车辆工程(中外合作办学),6,601,46585
2022,6102,长安大学（一流学科建设高校）,032,交通运输(中外合作办学),3,610,37659
2022,6102,长安大学（一流学科建设高校）,033,电气工程及其自动化,6,630,19903
2022,6103,陕西服装工程学院(民办),001,学前教育,8,526,136971
2022,6103,陕西服装工程学院(民办),002,小学教育,8,533,127764
2022,6103,陕西服装工程学院(民办),003,会计学,2,529,132701
2022,6103,陕西服装工程学院(民办),505,小学教育,80,497,
2022,6105,陕西科技大学,001,英语,4,581,69713
2022,6105,陕西科技大学,002,会计学,5,589,60487
2022,6105,陕西科技大学,003,机械类,5,576,75292
2022,6105,陕西科技大学,004,材料类,4,574,77514
2022,6105,陕西科技大学,005,电气类,4,586,63908
2022,6105,陕西科技大学,006,电子信息类,5,587,62533
2022,6105,陕西科技大学,007,计算机类,6,593,56182
2022,6105,陕西科技大学,008,轻化工程,4,578,73252
2022,6105,陕西科技大学,009,工商管理,6,579,72100
2022,6105,陕西科技大学,010,机械设计制造及其自动化(中外合作办学),2,569,83810
2022,6105,陕西科技大学,011,工业设计(中外合作办学),2,559,95582
2022,6105,陕西科技大学,012,计算机科学与技术(中外合作办学),2,576,76127
2022,6106,陕西科技大学镐京学院(独立学院),001,会计学,2,532,128976
2022,6106,陕西科技大学镐京学院(独立学院),002,财务管理,2,530,131527
2022,6106,陕西科技大学镐京学院(独立学院),003,金融工程,2,527,135300
2022,6106,陕西科技大学镐京学院(独立学院),004,审计学,2,528,134063
2022,6106,陕西科技大学镐京学院(独立学院),005,人力资源管理,2,529,132441
2022,6106,陕西科技大学镐京学院(独立学院),006,国际经济与贸易,2,522,141200
2022,6106,陕西科技大学镐京学院(独立学院),007,物流管理,2,524,139365
2022,6106,陕西科技大学镐京学院(独立学院),008,电子商务,2,528,134133
2022,6106,陕西科技大学镐京学院(独立学院),009,物流工程,2,523,140292
2022,6106,陕西科技大学镐京学院(独立学院),010,健康服务与管理,2,525,137838
2022,6107,陕西理工大学,006,经济学,2,573,79186
2022,6107,陕西理工大学,007,国际经济与贸易,2,567,86963
2022,6107,陕西理工大学,008,学前教育(师范),2,570,83248
2022,6107,陕西理工大学,011,汉语国际教育,2,571,82102
2022,6107,陕西理工大学,012,英语(师范),2,582,68237
2022,6107,陕西理工大学,013,广播电视学,2,569,83796
2022,6107,陕西理工大学,014,化学(师范),1,577,74167
2022,6107,陕西理工大学,015,应用统计学,1,569,84070
2022,6107,陕西理工大学,016,材料成型及控制工程,1,543,115319
2022,6107,陕西理工大学,017,车辆工程,1,558,97821
2022,6107,陕西理工大学,018,电子信息工程,1,567,86650
2022,6107,陕西理工大学,019,电子信息科学与技术,1,574,77628
2022,6107,陕西理工大学,020,食品质量与安全,1,571,82070
2022,6107,陕西理工大学,021,生物工程,1,562,92121
2022,6107,陕西理工大学,022,旅游管理,1,562,92824
2022,6107,陕西理工大学,023,机械设计制造及其自动化(中外合作办学),7,507,158453
2022,6107,陕西理工大学,024,电气工程及其自动化(中外合作办学),7,541,118314
2022,6107,陕西理工大学,025,网络工程(中外合作办学),7,530,131146
2022,6108,陕西师范大学（一流学科建设高校）,004,新闻传播学类,2,646,10060
2022,6108,陕西师范大学（一流学科建设高校）,005,历史学类,4,649,8534
2022,6108,陕西师范大学（一流学科建设高校）,007,数学类,3,642,12314
2022,6108,陕西师范大学（一流学科建设高校）,009,物理学类,2,641,12865
2022,6108,陕西师范大学（一流学科建设高校）,013,生物科学类,4,644,10975
2022,6108,陕西师范大学（一流学科建设高校）,015,计算机类,10,629,20634
2022,6108,陕西师范大学（一流学科建设高校）,016,食品科学与工程类,2,630,20234
2022,6111,陕西中医药大学,001,临床医学,3,604,43154
2022,6111,陕西中医药大学,002,中医学,2,607,40656
2022,6112,渭南师范学院,002,学前教育(中外合作办学)(师范),7,530,131633
2022,6113,西安财经大学,001,经济学,4,589,60816
2022,6113,西安财经大学,002,工程造价,3,566,87949
2022,6113,西安财经大学,003,会计学,2,608,39979
2022,6113,西安财经大学,004,金融数学,2,586,64023
2022,6113,西安财经大学,005,计算机科学与技术,4,578,73072
2022,6113,西安财经大学,006,电子商务,4,576,75131
2022,6113,西安财经大学,007,城市管理,3,576,75265
2022,6113,西安财经大学,008,商务英语,4,576,76230
2022,6113,西安财经大学,009,金融学(中外合作办学),4,571,82265
2022,6114,西安财经大学行知学院(独立学院),001,会计学,4,535,125811
2022,6114,西安财经大学行知学院(独立学院),002,金融学,4,533,128343
2022,6114,西安财经大学行知学院(独立学院),003,财政学,4,534,126589
2022,6114,西安财经大学行知学院(独立学院),005,经济统计学,6,506,159416
2022,6116,西安电子科技大学（一流学科建设高校）,001,电子信息类,93,644,11106
2022,6116,西安电子科技大学（一流学科建设高校）,002,计算机类,50,647,9603
2022,6116,西安电子科技大学（一流学科建设高校）,003,自动化类(智能制造及智能测控),29,642,11920
2022,6116,西安电子科技大学（一流学科建设高校）,004,数学类(数学、统计与信息、计算机科学深度融合培养),9,642,12025
2022,6118,西安翻译学院(民办),001,国际经济与贸易,2,527,135491
2022,6118,西安翻译学院(民办),002,网络与新媒体,2,541,118050
2022,6118,西安翻译学院(民办),003,学前教育,3,534,127171
2022,6118,西安翻译学院(民办),004,汉语言文学,3,544,114633
2022,6118,西安翻译学院(民办),005,英语,3,537,122711
2022,6118,西安翻译学院(民办),006,俄语,3,522,140904
2022,6118,西安翻译学院(民办),007,德语,3,526,136945
2022,6118,西安翻译学院(民办),008,法语,3,531,130552
2022,6118,西安翻译学院(民办),009,西班牙语,3,529,132488
2022,6118,西安翻译学院(民办),010,日语,3,530,131477
2022,6118,西安翻译学院(民办),011,朝鲜语,3,521,142879
2022,6118,西安翻译学院(民办),012,翻译,2,531,130776
2022,6118,西安翻译学院(民办),013,财务管理,2,530,131986
2022,6118,西安翻译学院(民办),014,电子商务,2,529,132332
2022,6118,西安翻译学院(民办),015,小学教育,3,544,114176
2022,6118,西安翻译学院(民办),503,电子商务,2,497,
2022,6118,西安翻译学院(民办),504,学前教育,6,497,
2022,6118,西安翻译学院(民办),505,商务英语,8,497,
2022,6118,西安翻译学院(民办),506,应用日语,9,497,
2022,6119,西安工程大学,005,金融工程,2,581,70127
2022,6119,西安工程大学,006,机械类,2,572,80280
2022,6119,西安工程大学,007,智能制造工程,2,569,83576
2022,6119,西安工程大学,008,材料类,3,567,86623
2022,6119,西安工程大学,009,电子信息类,3,573,78926
2022,6119,西安工程大学,010,计算机类,5,575,76486
2022,6119,西安工程大学,011,纺织类,5,558,97164
2022,6119,西安工程大学,012,大数据管理与应用,3,570,83129
2022,6119,西安工程大学,013,工商管理,2,574,78517
2022,6120,西安工业大学,001,数学与应用数学,2,582,67929
2022,6120,西安工业大学,002,应用物理学,2,581,69473
2022,6120,西安工业大学,003,机械电子工程,2,587,62360
2022,6120,西安工业大学,004,测控技术与仪器,2,581,69432
2022,6120,西安工业大学,005,自动化,2,589,59869
2022,6120,西安工业大学,006,工业工程,1,584,65807
2022,6120,西安工业大学,007,材料类,3,573,78704
2022,6120,西安工业大学,008,英语,2,589,59770
2022,6120,西安工业大学,009,工商管理类,2,586,63469
2022,6121,西安工商学院(民办),001,计算机科学与技术,2,512,152606
2022,6121,西安工商学院(民办),002,人力资源管理,3,525,137395
2022,6121,西安工商学院(民办),003,财务管理,3,529,132831
2022,6121,西安工商学院(民办),004,会计学,3,530,131521
2022,6121,西安工商学院(民办),005,金融科技,4,525,137166
2022,6121,西安工商学院(民办),006,国际经济与贸易,2,522,140761
2022,6121,西安工商学院(民办),007,大数据管理与应用,2,511,154424
2022,6121,西安工商学院(民办),008,广告学,3,530,132044
2022,6121,西安工商学院(民办),009,汉语言文学,3,532,129475
2022,6121,西安工商学院(民办),010,网络与新媒体,3,534,126781
2022,6121,西安工商学院(民办),505,大数据与财务管理,2,497,
2022,6121,西安工商学院(民办),506,跨境电子商务,2,497,
2022,6121,西安工商学院(民办),508,网络新闻与传播,4,497,
2022,6123,西安航空学院,001,机械设计制造及其自动化,5,541,118239
2022,6123,西安航空学院,002,材料科学与工程,5,539,121013
2022,6123,西安航空学院,003,电气工程及其自动化,5,543,115632
2022,6123,西安航空学院,004,建筑环境与能源应用工程,5,537,123344
2022,6125,西安建筑科技大学,001,建筑学,2,637,15045
2022,6125,西安建筑科技大学,002,城乡规划,2,632,18708
2022,6125,西安建筑科技大学,003,土木工程,3,614,33491
2022,6125,西安建筑科技大学,004,给排水科学与工程,2,606,41620
2022,6125,西安建筑科技大学,005,信息管理与信息系统,2,604,43093
2022,6125,西安建筑科技大学,006,自动化,3,601,47275
2022,6125,西安建筑科技大学,007,计算机科学与技术,3,614,33581
2022,6125,西安建筑科技大学,008,通信工程,2,602,46153
2022,6125,西安建筑科技大学,009,人工智能,3,600,48116
2022,6125,西安建筑科技大学,010,机械类,4,599,48979
2022,6125,西安建筑科技大学,011,材料类,5,581,69488
2022,6125,西安建筑科技大学,012,化工与制药类,2,584,65760
2022,6125,西安建筑科技大学,013,城市管理,2,595,53289
2022,6125,西安建筑科技大学,014,数学与应用数学,4,606,41486
2022,6125,西安建筑科技大学,015,数据科学与大数据技术,2,607,40706
2022,6125,西安建筑科技大学,016,计算机科学与技术(中外合作办学),2,577,74177
2022,6125,西安建筑科技大学,017,土木工程(中外合作办学),2,590,59195
2022,6125,西安建筑科技大学,018,工程管理(中外合作办学),2,579,71911
2022,6125,西安建筑科技大学,019,法学,2,610,37375
2022,6125,西安建筑科技大学,020,英语,2,595,53399
2022,6125,西安建筑科技大学,021,公共管理类,2,592,57181
2022,6126,西安建筑科技大学华清学院(独立学院),001,给排水科学与工程,3,512,152795
2022,6126,西安建筑科技大学华清学院(独立学院),002,建筑环境与能源应用工程,2,511,154050
2022,6126,西安建筑科技大学华清学院(独立学院),003,材料科学与工程,2,532,128858
2022,6126,西安建筑科技大学华清学院(独立学院),004,电气工程及其自动化,3,510,155003
2022,6126,西安建筑科技大学华清学院(独立学院),005,经济学,3,532,129021
2022,6126,西安建筑科技大学华清学院(独立学院),006,英语,2,531,130020
2022,6127,西安交通大学（一流大学建设高校）,001,能源与动力工程(钱学森班本硕博),2,661,4059
2022,6127,西安交通大学（一流大学建设高校）,002,自动化(钱学森班本硕博),2,668,2293
2022,6127,西安交通大学（一流大学建设高校）,003,临床医学(侯宗濂班本博),2,664,3158
2022,6127,西安交通大学（一流大学建设高校）,004,数学与应用数学(国家拔尖计划),3,662,3686
2022,6127,西安交通大学（一流大学建设高校）,005,计算机科学与技术(国家拔尖计划),3,663,3457
2022,6127,西安交通大学（一流大学建设高校）,006,人工智能(新工科卓越计划),2,663,3417
2022,6127,西安交通大学（一流大学建设高校）,007,工科试验班(智能电气专业预选),3,661,4119
2022,6127,西安交通大学（一流大学建设高校）,008,工科试验班(智能技术与自动化专业预选),4,662,3696
2022,6127,西安交通大学（一流大学建设高校）,009,工科试验班(智慧能源专业预选),4,656,5963
2022,6127,西安交通大学（一流大学建设高校）,010,工科试验班(智能制造专业预选),4,655,6002
2022,6127,西安交通大学（一流大学建设高校）,011,工科试验班(越杰计划电类专业预选),5,663,3403
2022,6127,西安交通大学（一流大学建设高校）,012,工科试验班(越杰计划机类专业预选),5,655,5977
2022,6127,西安交通大学（一流大学建设高校）,013,工科试验班(经管类专业预选),2,654,6381
2022,6127,西安交通大学（一流大学建设高校）,014,理科试验班(卓越计划专业预选),2,661,4199
2022,6127,西安交通大学（一流大学建设高校）,015,工科试验班(智能电气与信息类),55,655,6287
2022,6127,西安交通大学（一流大学建设高校）,016,工科试验班(智慧能源与智能制造类),40,651,7731
2022,6127,西安交通大学（一流大学建设高校）,017,工科试验班(经管类),7,653,7018
2022,6127,西安交通大学（一流大学建设高校）,018,会计学(ACCA),2,654,6370
2022,6127,西安交通大学（一流大学建设高校）,019,理科试验班,5,656,5743
2022,6127,西安交通大学（一流大学建设高校）,020,建筑学(中外合作办学),10,639,14081
2022,6127,西安交通大学（一流大学建设高校）,021,工业设计(中外合作办学),12,639,14012
2022,6128,西安科技大学,001,建筑学,2,586,63453
2022,6128,西安科技大学,002,城乡规划,2,584,66236
2022,6128,西安科技大学,003,机械设计制造及其自动化,2,587,62956
2022,6128,西安科技大学,004,自动化,2,592,56699
2022,6128,西安科技大学,005,电气工程及其自动化,2,595,54017
2022,6128,西安科技大学,006,测控技术与仪器,2,585,64733
2022,6128,西安科技大学,007,智能科学与技术,2,586,63505
2022,6128,西安科技大学,008,物联网工程,2,591,57965
2022,6128,西安科技大学,009,电子信息工程,2,592,57313
2022,6128,西安科技大学,010,数据科学与大数据技术,2,588,60891
2022,6128,西安科技大学,011,环境工程,2,576,75915
2022,6128,西安科技大学,012,工程力学,2,575,76445
2022,6128,西安科技大学,013,信息管理与信息系统,2,585,64404
2022,6128,西安科技大学,014,土木工程(中外合作办学),5,563,91345
2022,6128,西安科技大学,015,工商管理,3,582,68320
2022,6128,西安科技大学,016,电子商务,3,583,66834
2022,6129,西安科技大学高新学院(独立学院),001,汉语国际教育,2,538,121859
2022,6129,西安科技大学高新学院(独立学院),002,财务管理,2,532,129505
2022,6129,西安科技大学高新学院(独立学院),003,机械设计制造及其自动化,2,515,149565
2022,6129,西安科技大学高新学院(独立学院),004,电气工程及其自动化,2,516,148453
2022,6130,西安理工大学,001,材料科学与工程,2,591,58416
2022,6130,西安理工大学,002,机械设计制造及其自动化,2,597,51103
2022,6130,西安理工大学,003,光电信息科学与工程,2,606,41024
2022,6130,西安理工大学,004,数字媒体技术,2,595,53771
2022,6130,西安理工大学,005,自动化类,2,604,43234
2022,6130,西安理工大学,006,通信工程,2,600,47648
2022,6130,西安理工大学,007,微电子科学与工程,2,598,49883
2022,6130,西安理工大学,008,金融学,2,596,51910
2022,6130,西安理工大学,009,会计学,2,595,53883
2022,6130,西安理工大学,010,水利水电工程,3,601,47074
2022,6130,西安理工大学,011,计算机科学与技术,3,602,45247
2022,6130,西安理工大学,012,软件工程,2,602,45838
2022,6130,西安理工大学,013,人工智能,2,602,46208
2022,6130,西安理工大学,014,工业设计,1,602,45612
2022,6130,西安理工大学,015,土木工程,2,592,57036
2022,6130,西安理工大学,016,电气类,2,606,41609
2022,6131,西安理工大学高科学院(独立学院),001,机械设计制造及其自动化,5,508,157417
2022,6131,西安理工大学高科学院(独立学院),002,智能制造工程,3,510,155330
2022,6131,西安理工大学高科学院(独立学院),003,计算机科学与技术,2,512,153157
2022,6133,西安欧亚学院(民办),001,经济统计学,2,530,132098
2022,6133,西安欧亚学院(民办),002,金融学,2,531,130433
2022,6133,西安欧亚学院(民办),003,国际经济与贸易,2,526,136517
2022,6133,西安欧亚学院(民办),004,学前教育,8,532,129762
2022,6133,西安欧亚学院(民办),005,小学教育,8,543,116221
2022,6133,西安欧亚学院(民办),006,英语,6,528,134228
2022,6133,西安欧亚学院(民办),007,新闻学,2,535,125877
2022,6133,西安欧亚学院(民办),008,网络与新媒体,2,537,122807
2022,6133,西安欧亚学院(民办),009,数字出版,2,532,129269
2022,6133,西安欧亚学院(民办),010,应用心理学,2,534,127153
2022,6133,西安欧亚学院(民办),011,数据科学与大数据技术,2,506,159513
2022,6133,西安欧亚学院(民办),012,土木工程,2,505,160678
2022,6133,西安欧亚学院(民办),013,工商管理,3,527,135657
2022,6133,西安欧亚学院(民办),014,市场营销,2,524,139089
2022,6133,西安欧亚学院(民办),015,会计学,3,531,130713
2022,6133,西安欧亚学院(民办),016,财务管理,3,530,131271
2022,6133,西安欧亚学院(民办),017,国际商务,5,523,139784
2022,6133,西安欧亚学院(民办),018,人力资源管理,8,523,139692
2022,6133,西安欧亚学院(民办),019,审计学,8,528,134513
2022,6133,西安欧亚学院(民办),020,体育经济与管理,4,524,139375
2022,6133,西安欧亚学院(民办),021,电子商务,5,525,137742
2022,6133,西安欧亚学院(民办),022,旅游管理,7,521,142826
2022,6133,西安欧亚学院(民办),023,会展经济与管理,2,525,137315
2022,6133,西安欧亚学院(民办),028,软件工程(中外合作办学),3,497,
2022,6133,西安欧亚学院(民办),505,动漫制作技术,4,506,160380
2022,6134,西安培华学院(民办),006,新闻学,2,543,116016
2022,6134,西安培华学院(民办),007,市场营销,1,535,125484
2022,6134,西安培华学院(民办),008,会计学,3,538,122111
2022,6134,西安培华学院(民办),009,财务管理,3,530,131216
2022,6134,西安培华学院(民办),010,人力资源管理,2,535,125887
2022,6134,西安培华学院(民办),011,电子商务,2,532,128993
2022,6134,西安培华学院(民办),012,土木工程,2,509,157029
2022,6134,西安培华学院(民办),013,建筑学,1,542,116569
2022,6134,西安培华学院(民办),014,法学,2,553,104116
2022,6134,西安培华学院(民办),015,学前教育,2,549,108534
2022,6134,西安培华学院(民办),016,汉语言文学,2,549,108918
2022,6134,西安培华学院(民办),017,汉语国际教育,2,539,120509
2022,6134,西安培华学院(民办),018,英语,2,532,129704
2022,6134,西安培华学院(民办),019,日语,2,538,121635
2022,6134,西安培华学院(民办),021,药学,1,545,112848
2022,6134,西安培华学院(民办),022,护理学,1,551,105716
2022,6134,西安培华学院(民办),502,学前教育,2,510,155297
2022,6134,西安培华学院(民办),505,口腔医学技术,2,502,164855
2022,6134,西安培华学院(民办),506,计算机应用技术,2,497,
2022,6135,西安石油大学,003,英语,2,578,73657
2022,6135,西安石油大学,004,石油工程,3,578,73174
2022,6135,西安石油大学,005,海洋油气工程,2,577,74162
2022,6135,西安石油大学,006,工业设计,2,571,81476
2022,6135,西安石油大学,007,计算机类,2,585,64514
2022,6136,西安思源学院(民办),001,教育学,2,536,124863
2022,6136,西安思源学院(民办),002,艺术教育,3,523,140085
2022,6136,西安思源学院(民办),003,学前教育,3,540,118824
2022,6136,西安思源学院(民办),004,小学教育,3,552,104288
2022,6136,西安思源学院(民办),005,中国语言文学类,3,540,119964
2022,6136,西安思源学院(民办),006,英语,2,530,132053
2022,6136,西安思源学院(民办),007,护理学,2,544,114955
2022,6136,西安思源学院(民办),008,财务管理,2,533,128116
2022,6136,西安思源学院(民办),505,口腔医学技术,5,497,
2022,6136,西安思源学院(民办),508,大数据与会计,5,497,
2022,6136,西安思源学院(民办),511,学前教育,8,497,
2022,6139,西安外国语大学,001,经济学,1,626,22684
2022,6139,西安外国语大学,002,金融学,2,621,27635
2022,6139,西安外国语大学,003,国际经济与贸易,2,617,30438
2022,6139,西安外国语大学,004,汉语言文学,3,631,19479
2022,6139,西安外国语大学,005,汉语国际教育,2,623,25809
2022,6139,西安外国语大学,006,英语,8,622,26371
2022,6139,西安外国语大学,008,德语,1,624,25130
2022,6139,西安外国语大学,009,法语,1,626,23019
2022,6139,西安外国语大学,010,西班牙语,1,627,22530
2022,6139,西安外国语大学,013,葡萄牙语,1,622,26804
2022,6139,西安外国语大学,014,意大利语,1,624,25041
2022,6139,西安外国语大学,015,翻译,4,621,27418
2022,6139,西安外国语大学,016,商务英语,4,615,32324
2022,6139,西安外国语大学,017,新闻学,1,625,24274
2022,6139,西安外国语大学,018,国际新闻与传播,1,622,26353
2022,6139,西安外国语大学,019,会计学,2,614,33180
2022,6139,西安外国语大学,020,英语(师范),4,623,25703
2022,6140,西安外事学院(民办),002,会计学,2,533,127921
2022,6140,西安外事学院(民办),003,物流管理,4,527,135374
2022,6140,西安外事学院(民办),004,旅游管理,3,524,139427
2022,6140,西安外事学院(民办),005,会展经济与管理,2,523,139646
2022,6140,西安外事学院(民办),006,机器人工程,3,505,160777
2022,6140,西安外事学院(民办),007,西班牙语,2,530,131937
2022,6140,西安外事学院(民办),008,德语,2,531,130902
2022,6140,西安外事学院(民办),506,学前教育,2,497,
2022,6141,西安文理学院,001,秘书学,3,561,94290
2022,6141,西安文理学院,002,文物与博物馆学,2,576,75351
2022,6141,西安文理学院,003,历史学(师范),3,578,73588
2022,6141,西安文理学院,004,小学教育(师范),2,582,68211
2022,6141,西安文理学院,005,物联网工程,3,554,101982
2022,6141,西安文理学院,006,自动化,2,563,91808
2022,6141,西安文理学院,007,材料科学与工程,3,553,103501
2022,6141,西安文理学院,008,化学工程与工艺,3,552,104295
2022,6141,西安文理学院,009,经济与金融,2,565,89474
2022,6141,西安文理学院,010,电子商务,3,561,94194
2022,6143,西安邮电大学,001,电子商务,3,584,66423
2022,6143,西安邮电大学,002,物流管理,2,583,66820
2022,6143,西安邮电大学,003,工业工程,3,585,64624
2022,6143,西安邮电大学,004,信息与计算科学,2,594,54296
2022,6143,西安邮电大学,005,应用物理学,2,583,67365
2022,6143,西安邮电大学,006,通信工程,3,602,45599
2022,6143,西安邮电大学,007,电子信息科学与技术,2,599,48737
2022,6143,西安邮电大学,008,电子信息工程,2,598,49648
2022,6143,西安邮电大学,009,电子科学与技术,2,603,44932
2022,6143,西安邮电大学,010,光电信息科学与工程,2,597,51053
2022,6143,西安邮电大学,011,集成电路设计与集成系统,2,599,48522
2022,6143,西安邮电大学,012,计算机科学与技术,2,605,42490
2022,6143,西安邮电大学,013,自动化,2,594,54076
2022,6143,西安邮电大学,014,智能科学与技术,2,598,50372
2022,6143,西安邮电大学,015,信息安全,2,599,48918
2022,6144,西北大学（一流学科建设高校）,001,经济学,2,643,11696
2022,6144,西北大学（一流学科建设高校）,002,财政学,2,639,13887
2022,6144,西北大学（一流学科建设高校）,003,国际经济与贸易,3,638,14556
2022,6144,西北大学（一流学科建设高校）,004,社会工作,2,636,15563
2022,6144,西北大学（一流学科建设高校）,005,外国语言文学类,4,638,14832
2022,6144,西北大学（一流学科建设高校）,006,新闻传播学类,2,641,12926
2022,6144,西北大学（一流学科建设高校）,007,考古学,1,650,8082
2022,6144,西北大学（一流学科建设高校）,008,公共管理类,4,636,15976
2022,6144,西北大学（一流学科建设高校）,009,化学,3,630,20070
2022,6144,西北大学（一流学科建设高校）,010,化学,2,630,20196
2022,6144,西北大学（一流学科建设高校）,011,物理学类,6,633,17683
2022,6144,西北大学（一流学科建设高校）,012,环境科学与工程类,4,627,22400
2022,6144,西北大学（一流学科建设高校）,013,生物科学类,4,633,17687
2022,6144,西北大学（一流学科建设高校）,014,计算机类,6,638,14475
2022,6144,西北大学（一流学科建设高校）,015,化工与制药类,4,625,23588
2022,6144,西北大学（一流学科建设高校）,016,食品科学与工程,3,626,23289
2022,6144,西北大学（一流学科建设高校）,017,电子信息科学与技术(中外合作办学),10,612,35558
2022,6145,西北工业大学（一流大学建设高校）,001,计算机科学与技术(计算机科学拔尖基地班),2,654,6475
2022,6145,西北工业大学（一流大学建设高校）,002,航空航天类(本研衔接班),2,652,7133
2022,6145,西北工业大学（一流大学建设高校）,003,计算机类(本研衔接班),3,653,6913
2022,6145,西北工业大学（一流大学建设高校）,004,材料类(本研衔接班),2,647,9585
2022,6145,西北工业大学（一流大学建设高校）,005,柔性电子学(本研衔接班),3,648,9316
2022,6145,西北工业大学（一流大学建设高校）,006,航空航天类(黄玉珊航空班),3,651,7635
2022,6145,西北工业大学（一流大学建设高校）,007,航空航天类(陈士橹飞天班),2,656,5922
2022,6145,西北工业大学（一流大学建设高校）,008,海洋工程类(黄震中海洋班),2,647,9728
2022,6145,西北工业大学（一流大学建设高校）,009,航空航天类,4,651,7776
2022,6145,西北工业大学（一流大学建设高校）,010,海洋工程类(智慧海洋试验班),9,643,11474
2022,6145,西北工业大学（一流大学建设高校）,011,材料类(新材料与化工试验班),8,644,11135
2022,6145,西北工业大学（一流大学建设高校）,012,机械类(航宇智能制造试验班),6,647,9589
2022,6145,西北工业大学（一流大学建设高校）,013,力学类(工程应用力学试验班),3,645,10384
2022,6145,西北工业大学（一流大学建设高校）,014,能源动力类(航空动力与新能源试验班),6,647,9741
2022,6145,西北工业大学（一流大学建设高校）,015,电子信息类,4,649,8693
2022,6145,西北工业大学（一流大学建设高校）,016,自动化类,10,648,9109
2022,6145,西北工业大学（一流大学建设高校）,017,计算机类,4,651,7573
2022,6145,西北工业大学（一流大学建设高校）,018,物理学类,8,645,10566
2022,6145,西北工业大学（一流大学建设高校）,019,管理科学与工程类(管理试验班),2,645,10472
2022,6145,西北工业大学（一流大学建设高校）,020,经济与贸易类(国贸、法学、行管),5,646,10299
2022,6145,西北工业大学（一流大学建设高校）,021,外国语言文学类,4,643,11551
2022,6145,西北工业大学（一流大学建设高校）,022,航空航天类(民用航空),8,648,9285
2022,6145,西北工业大学（一流大学建设高校）,023,软件工程,11,650,8137
2022,6145,西北工业大学（一流大学建设高校）,024,微电子科学与工程,12,647,9460
2022,6145,西北工业大学（一流大学建设高校）,025,计算机类(网络安全),4,650,7998
2022,6145,西北工业大学（一流大学建设高校）,026,材料科学与工程(中外合作办学),4,638,14654
2022,6145,西北工业大学（一流大学建设高校）,027,高分子材料与工程(中外合作办学),3,636,16139
2022,6146,西安明德理工学院(民办),001,英语,3,528,133989
2022,6146,西安明德理工学院(民办),002,翻译,2,525,137152
2022,6146,西安明德理工学院(民办),003,德语,2,524,139415
2022,6146,西安明德理工学院(民办),004,日语,2,522,141421
2022,6146,西安明德理工学院(民办),005,能源经济,2,530,131606
2022,6146,西安明德理工学院(民办),006,金融学,2,526,136355
2022,6146,西安明德理工学院(民办),007,国际经济与贸易,2,526,136904
2022,6146,西安明德理工学院(民办),008,市场营销,2,524,138406
2022,6146,西安明德理工学院(民办),009,会计学,2,531,130364
2022,6146,西安明德理工学院(民办),010,财务管理,2,530,132144
2022,6146,西安明德理工学院(民办),011,电子信息工程,2,509,156270
2022,6146,西安明德理工学院(民办),012,机械设计制造及其自动化,2,516,148299
2022,6146,西安明德理工学院(民办),502,计算机应用技术,3,497,
2022,6146,西安明德理工学院(民办),507,应用英语,2,497,
2022,6146,西安明德理工学院(民办),510,大数据与财务管理,2,497,
2022,6147,西北农林科技大学（一流大学建设高校）,001,法学,2,644,11243
2022,6147,西北农林科技大学（一流大学建设高校）,002,社会学类,2,641,12716
2022,6147,西北农林科技大学（一流大学建设高校）,003,英语,2,638,14695
2022,6147,西北农林科技大学（一流大学建设高校）,004,农学(农学类),2,634,17268
2022,6147,西北农林科技大学（一流大学建设高校）,005,园艺(园艺类),2,631,19278
2022,6147,西北农林科技大学（一流大学建设高校）,006,动物科学(动物类),3,629,20736
2022,6147,西北农林科技大学（一流大学建设高校）,007,智慧牧业科学与工程,2,629,20857
2022,6147,西北农林科技大学（一流大学建设高校）,008,草业科学,2,630,19923
2022,6147,西北农林科技大学（一流大学建设高校）,009,动物医学类,2,629,20772
2022,6147,西北农林科技大学（一流大学建设高校）,010,智慧林业,2,633,17971
2022,6147,西北农林科技大学（一流大学建设高校）,011,风景园林,2,636,15804
2022,6147,西北农林科技大学（一流大学建设高校）,012,水利类,2,632,18397
2022,6147,西北农林科技大学（一流大学建设高校）,013,智慧水利,2,631,19438
2022,6147,西北农林科技大学（一流大学建设高校）,014,机械类,2,634,17155
2022,6147,西北农林科技大学（一流大学建设高校）,015,计算机类,2,640,13109
2022,6147,西北农林科技大学（一流大学建设高校）,016,食品科学与工程类,2,631,19187
2022,6147,西北农林科技大学（一流大学建设高校）,017,食品营养与健康(卓越班),2,631,18875
2022,6147,西北农林科技大学（一流大学建设高校）,018,葡萄与葡萄酒工程,2,630,19928
2022,6147,西北农林科技大学（一流大学建设高校）,019,生物科学类,2,636,16030
2022,6147,西北农林科技大学（一流大学建设高校）,020,信息与计算科学,2,635,16374
2022,6147,西北农林科技大学（一流大学建设高校）,021,化学类,2,637,15258
2022,6147,西北农林科技大学（一流大学建设高校）,022,工商管理类,2,639,14156
2022,6147,西北农林科技大学（一流大学建设高校）,023,经济学(基础拔尖培养班),2,640,13627
2022,6147,西北农林科技大学（一流大学建设高校）,024,植物生产类(卓越班),4,634,17132
2022,6147,西北农林科技大学（一流大学建设高校）,025,动物医学(卓越班),4,629,20702
2022,6147,西北农林科技大学（一流大学建设高校）,026,环境科学(中外合作办学),6,621,27168
2022,6147,西北农林科技大学（一流大学建设高校）,027,食品科学与工程(中外合作办学),3,620,28086
2022,6148,西北政法大学,001,经济学类,4,637,14919
2022,6148,西北政法大学,002,法学(民商法),7,650,8080
2022,6148,西北政法大学,003,法学(经济法),7,649,8761
2022,6148,西北政法大学,004,法学(刑事法),5,647,9378
2022,6148,西北政法大学,005,法学(行政法),5,645,10377
2022,6148,西北政法大学,006,法学(国际法),5,646,10307
2022,6148,西北政法大学,007,法学(反恐怖主义法),2,645,10545
2022,6149,西京学院(民办),006,国际经济与贸易,6,530,131840
2022,6149,西京学院(民办),007,英语,5,530,131896
2022,6149,西京学院(民办),008,新闻学,3,540,119220
2022,6149,西京学院(民办),009,网络与新媒体,5,538,121895
2022,6149,西京学院(民办),010,医学影像技术,3,550,107388
2022,6149,西京学院(民办),011,大数据管理与应用,3,499,167116
2022,6149,西京学院(民办),012,会计学,7,533,128255
2022,6149,西京学院(民办),013,财务管理,6,530,131130
2022,6149,西京学院(民办),014,审计学,5,535,125995
2022,6149,西京学院(民办),015,电子商务,7,526,136515
2022,6150,咸阳师范学院,001,经济学,2,560,95238
2022,6150,咸阳师范学院,002,学前教育(师范),2,568,85173
2022,6150,咸阳师范学院,003,英语(师范),2,573,78718
2022,6150,咸阳师范学院,004,材料化学,2,554,102441
2022,6150,咸阳师范学院,005,财务管理(师范),2,564,90138
2022,6151,延安大学,001,汉语言文学(师范),2,593,55470
2022,6151,延安大学,002,汉语国际教育(师范),2,588,61898
2022,6151,延安大学,003,智能制造工程,2,552,104496
2022,6151,延安大学,004,过程装备与控制工程,2,543,115700
2022,6151,延安大学,005,化学工程与工艺,2,557,98083
2022,6151,延安大学,006,工程管理,4,544,114191
2022,6151,延安大学,007,生物科学类,6,559,96422
2022,6151,延安大学,008,土木类,5,545,112886
2022,6152,陕西国际商贸学院(民办),001,国际经济与贸易,2,527,135388
2022,6152,陕西国际商贸学院(民办),002,金融工程,2,528,133936
2022,6152,陕西国际商贸学院(民办),003,电子商务,2,528,134433
2022,6152,陕西国际商贸学院(民办),004,财务管理,2,528,134046
2022,6152,陕西国际商贸学院(民办),005,物流管理,2,528,134191
2022,6152,陕西国际商贸学院(民办),006,审计学,2,532,129040
2022,6152,陕西国际商贸学院(民办),007,汉语言文学,2,539,120931
2022,6152,陕西国际商贸学院(民办),008,英语,2,529,133437
2022,6152,陕西国际商贸学院(民办),009,学前教育,2,531,130576
2022,6153,西安交通大学城市学院(独立学院),001,国际经济与贸易,4,514,150369
2022,6153,西安交通大学城市学院(独立学院),002,外国语言文学类,2,533,127619
2022,6153,西安交通大学城市学院(独立学院),003,网络与新媒体,4,537,122930
2022,6153,西安交通大学城市学院(独立学院),004,机械设计制造及其自动化,4,520,143830
2022,6153,西安交通大学城市学院(独立学院),005,土木工程,4,519,144369
2022,6153,西安交通大学城市学院(独立学院),006,电气工程及其自动化,4,521,142250
2022,6153,西安交通大学城市学院(独立学院),007,计算机科学与技术,4,527,134827
2022,6153,西安交通大学城市学院(独立学院),008,市场营销,2,528,134290
2022,6153,西安交通大学城市学院(独立学院),009,会计学,4,537,123211
2022,6154,西安交通工程学院(民办),001,交通运输,3,511,153739
2022,6154,西安交通工程学院(民办),501,城市轨道交通运营管理,40,497,
2022,6156,商洛学院,001,英语(师范),2,569,84165
2022,6156,商洛学院,002,文化产业管理,2,557,99147
2022,6156,商洛学院,003,电子信息科学与技术,2,538,121642
2022,6156,商洛学院,004,网络工程,2,537,122721
2022,6156,商洛学院,005,电气工程及其自动化(中外合作办学),2,531,129866
2022,6157,商洛职业技术学院,501,临床医学,5,497,
2022,6203,兰州城市学院,001,数学与应用数学(师范),3,538,122377
2022,6203,兰州城市学院,002,环境工程,2,540,118973
2022,6203,兰州城市学院,003,地理信息科学,2,570,82879
2022,6203,兰州城市学院,004,历史学(师范),2,569,84597
2022,6203,兰州城市学院,005,审计学,2,557,98298
2022,6203,兰州城市学院,006,油气储运工程,2,549,108826
2022,6203,兰州城市学院,007,石油工程,2,549,108899
2022,6203,兰州城市学院,008,汉语言文学(师范),3,568,85754
2022,6203,兰州城市学院,009,英语(师范),2,564,89927
2022,6203,兰州城市学院,010,会计学,2,558,96850
2022,6204,兰州大学（一流大学建设高校）,001,法学,4,649,8719
2022,6204,兰州大学（一流大学建设高校）,002,知识产权,5,642,12035
2022,6204,兰州大学（一流大学建设高校）,003,汉语言文学,6,645,10768
2022,6204,兰州大学（一流大学建设高校）,004,新闻传播学类,5,643,11589
2022,6204,兰州大学（一流大学建设高校）,005,历史学类,7,646,10088
2022,6204,兰州大学（一流大学建设高校）,006,经济学类,7,642,12154
2022,6204,兰州大学（一流大学建设高校）,007,数学类,10,641,12705
2022,6204,兰州大学（一流大学建设高校）,008,物理学类,18,637,14910
2022,6204,兰州大学（一流大学建设高校）,009,化学类,10,636,15703
2022,6204,兰州大学（一流大学建设高校）,010,生物科学类,8,635,16502
2022,6204,兰州大学（一流大学建设高校）,011,理论与应用力学(基地班),6,637,15091
2022,6204,兰州大学（一流大学建设高校）,012,电子信息类,6,641,12733
2022,6204,兰州大学（一流大学建设高校）,013,计算机类,6,644,11375
2022,6204,兰州大学（一流大学建设高校）,014,化工与制药类,6,636,16070
2022,6204,兰州大学（一流大学建设高校）,015,临床医学类,15,637,15224
2022,6204,兰州大学（一流大学建设高校）,016,口腔医学,7,645,10796
2022,6204,兰州大学（一流大学建设高校）,017,工商管理类,13,639,14207
2022,6204,兰州大学（一流大学建设高校）,018,材料类,5,635,16678
2022,6205,兰州交通大学,001,交通运输,4,585,64784
2022,6205,兰州交通大学,002,交通工程,2,576,75222
2022,6205,兰州交通大学,003,物流管理,2,553,103955
2022,6205,兰州交通大学,004,环境科学,2,563,91806
2022,6205,兰州交通大学,005,建筑环境与能源应用工程,2,553,103492
2022,6205,兰州交通大学,006,给排水科学与工程,2,567,86103
2022,6205,兰州交通大学,007,土木工程,3,578,73295
2022,6205,兰州交通大学,008,工程造价,2,562,91998
2022,6205,兰州交通大学,009,水利水电工程,2,566,87872
2022,6205,兰州交通大学,010,工程管理,2,560,94530
2022,6205,兰州交通大学,011,机械设计制造及其自动化,3,572,80748
2022,6205,兰州交通大学,012,车辆工程,4,569,84297
2022,6205,兰州交通大学,013,测控技术与仪器,2,560,94862
2022,6205,兰州交通大学,014,统计学,1,562,92180
2022,6205,兰州交通大学,015,国际经济与贸易,2,573,79341
2022,6205,兰州交通大学,016,工商管理,2,578,73625
2022,6205,兰州交通大学,017,财务管理,2,578,73739
2022,6205,兰州交通大学,018,英语,2,568,85039
2022,6205,兰州交通大学,019,法语,1,571,82236
2022,6205,兰州交通大学,020,西班牙语,1,594,54741
2022,6205,兰州交通大学,021,葡萄牙语,1,564,90615
2022,6205,兰州交通大学,022,应用化学,1,548,109653
2022,6205,兰州交通大学,023,电气工程及其自动化,3,579,71518
2022,6205,兰州交通大学,024,自动化,2,580,70581
2022,6205,兰州交通大学,025,轨道交通信号与控制,3,573,79257
2022,6205,兰州交通大学,026,电子信息工程,3,568,85107
2022,6205,兰州交通大学,027,通信工程,2,570,82707
2022,6205,兰州交通大学,028,计算机科学与技术,2,574,77675
2022,6205,兰州交通大学,029,物联网工程,2,567,86380
2022,6205,兰州交通大学,030,软件工程,2,575,76689
2022,6205,兰州交通大学,031,新能源科学与工程,2,563,90822
2022,6205,兰州交通大学,032,材料成型及控制工程,2,555,100697
2022,6205,兰州交通大学,033,工业工程,2,554,102142
2022,6205,兰州交通大学,034,数据科学与大数据技术,2,567,86447
2022,6206,兰州博文科技学院(民办),001,投资学,2,526,136428
2022,6206,兰州博文科技学院(民办),002,地理信息科学,2,543,115638
2022,6206,兰州博文科技学院(民办),003,机械设计制造及其自动化,2,506,159361
2022,6206,兰州博文科技学院(民办),004,车辆工程,2,505,160700
2022,6206,兰州博文科技学院(民办),005,电气工程及其自动化,2,508,157768
2022,6206,兰州博文科技学院(民办),006,自动化,2,509,156728
2022,6206,兰州博文科技学院(民办),007,土木工程,2,504,161688
2022,6206,兰州博文科技学院(民办),008,道路桥梁与渡河工程,2,504,161676
2022,6206,兰州博文科技学院(民办),009,交通运输,2,527,134804
2022,6206,兰州博文科技学院(民办),010,交通工程,2,535,125060
2022,6206,兰州博文科技学院(民办),011,工程管理,2,503,162906
2022,6206,兰州博文科技学院(民办),012,会计学,2,530,131651
2022,6206,兰州博文科技学院(民办),013,财务管理,2,528,133947
2022,6206,兰州博文科技学院(民办),014,酒店管理,2,525,137245
2022,6206,兰州博文科技学院(民办),015,国际经济与贸易,2,525,138024
2022,6206,兰州博文科技学院(民办),016,英语,2,526,136341
2022,6206,兰州博文科技学院(民办),017,大数据管理与应用,2,504,162365
2022,6207,兰州理工大学,001,金融学,3,567,86075
2022,6207,兰州理工大学,002,国际经济与贸易,4,563,91554
2022,6207,兰州理工大学,003,法学,2,583,67785
2022,6207,兰州理工大学,004,知识产权,3,575,77095
2022,6207,兰州理工大学,005,英语,2,577,74153
2022,6207,兰州理工大学,006,日语,3,556,100210
2022,6207,兰州理工大学,007,信息与计算科学,4,557,98178
2022,6207,兰州理工大学,008,机械设计制造及其自动化,6,559,96102
2022,6207,兰州理工大学,009,材料成型及控制工程,2,551,105544
2022,6207,兰州理工大学,010,机械电子工程,4,554,101974
2022,6207,兰州理工大学,011,工业设计,4,555,100372
2022,6207,兰州理工大学,012,过程装备与控制工程,2,550,106586
2022,6207,兰州理工大学,013,智能制造工程,4,557,98767
2022,6207,兰州理工大学,014,金属材料工程,2,545,113008
2022,6207,兰州理工大学,015,焊接技术与工程,2,550,107293
2022,6207,兰州理工大学,016,功能材料,2,549,108251
2022,6207,兰州理工大学,017,能源与动力工程,2,554,102560
2022,6207,兰州理工大学,018,电气工程及其自动化,3,570,82672
2022,6207,兰州理工大学,019,通信工程,4,565,89253
2022,6207,兰州理工大学,020,微电子科学与工程,3,561,93548
2022,6207,兰州理工大学,021,电子信息科学与技术,3,560,94689
2022,6207,兰州理工大学,022,自动化,5,562,92143
2022,6207,兰州理工大学,023,机器人工程,4,561,94202
2022,6207,兰州理工大学,024,计算机科学与技术,2,576,75080
2022,6207,兰州理工大学,025,软件工程,10,563,91762
2022,6207,兰州理工大学,026,物联网工程,2,566,87439
2022,6207,兰州理工大学,027,土木工程,6,556,100085
2022,6207,兰州理工大学,028,道路桥梁与渡河工程,4,547,110323
2022,6207,兰州理工大学,029,水利水电工程,2,553,103034
2022,6207,兰州理工大学,030,环境工程,3,553,102979
2022,6207,兰州理工大学,031,建筑学,4,576,76244
2022,6207,兰州理工大学,032,城乡规划,4,570,83280
2022,6207,兰州理工大学,033,安全工程,2,550,107693
2022,6207,兰州理工大学,034,工程造价,3,551,105385
2022,6207,兰州理工大学,035,工商管理,3,568,85285
2022,6207,兰州理工大学,036,会计学,2,575,76664
2022,6208,兰州信息科技学院(民办),001,金属材料工程,2,507,158267
2022,6208,兰州信息科技学院(民办),002,能源与动力工程,2,533,128186
2022,6208,兰州信息科技学院(民办),003,电子信息工程,2,510,155419
2022,6208,兰州信息科技学院(民办),004,通信工程,2,507,158602
2022,6208,兰州信息科技学院(民办),005,计算机科学与技术,2,511,153931
2022,6208,兰州信息科技学院(民办),006,软件工程,2,512,152736
2022,6208,兰州信息科技学院(民办),007,物联网工程,2,510,155454
2022,6208,兰州信息科技学院(民办),008,数据科学与大数据技术,2,511,153827
2022,6208,兰州信息科技学院(民办),009,土木工程,2,503,162909
2022,6208,兰州信息科技学院(民办),010,食品科学与工程,2,530,131076
2022,6208,兰州信息科技学院(民办),011,市场营销,4,525,138075
2022,6208,兰州信息科技学院(民办),012,财务管理,4,528,134544
2022,6208,兰州信息科技学院(民办),013,物流管理,4,526,136318
2022,6208,兰州信息科技学院(民办),014,电子商务,4,526,136389
2022,6209,兰州财经大学,001,金融学,3,571,81878
2022,6209,兰州财经大学,002,投资学,3,563,91020
2022,6209,兰州财经大学,003,信用管理,2,557,98084
2022,6209,兰州财经大学,004,法学,2,581,69856
2022,6209,兰州财经大学,005,统计学,3,564,90503
2022,6209,兰州财经大学,006,会计学,3,580,70578
2022,6209,兰州财经大学,007,国际商务,3,562,92655
2022,6209,兰州财经大学,008,劳动与社会保障,2,561,93927
2022,6209,兰州财经大学,009,电子商务,4,561,94190
2022,6209,兰州财经大学,010,审计学,2,572,80515
2022,6209,兰州财经大学,011,经济学,2,568,85713
2022,6209,兰州财经大学,012,社会工作,2,559,95662
2022,6209,兰州财经大学,013,人文地理与城乡规划,2,564,90329
2022,6209,兰州财经大学,014,计算机科学与技术,3,560,94515
2022,6209,兰州财经大学,015,新闻学,2,568,85099
2022,6209,兰州财经大学,016,经济统计学,3,568,84883
2022,6209,兰州财经大学,017,商务英语,2,561,94260
2022,6209,兰州财经大学,018,人力资源管理,3,562,92130
2022,6209,兰州财经大学,019,电子信息工程,3,553,103748
2022,6209,兰州财经大学,020,会展经济与管理,1,561,93382
2022,6209,兰州财经大学,021,信息与计算科学,2,554,102631
2022,6211,兰州工商学院(民办),001,金融学,9,527,135527
2022,6211,兰州工商学院(民办),002,信用管理,5,525,137605
2022,6211,兰州工商学院(民办),003,英语,4,530,132137
2022,6211,兰州工商学院(民办),004,土木工程,3,511,154665
2022,6211,兰州工商学院(民办),005,工程管理,3,502,164146
2022,6211,兰州工商学院(民办),006,会计学,6,533,128441
2022,6211,兰州工商学院(民办),007,财务管理,3,528,134095
2022,6211,兰州工商学院(民办),008,审计学,4,532,128988
2022,6213,天水师范学院,001,网络与新媒体,3,556,99225
2022,6213,天水师范学院,002,法学(法律实务),4,559,96466
2022,6213,天水师范学院,003,英语(师范),3,561,93560
2022,6213,天水师范学院,004,电子信息工程,4,533,127813
2022,6213,天水师范学院,005,数学与应用数学(师范),4,537,123219
2022,6213,天水师范学院,006,应用化学,4,548,109821
2022,6214,西北民族大学,001,教育技术学,2,558,97527
2022,6214,西北民族大学,002,电子信息类,8,537,122945
2022,6214,西北民族大学,003,化工与制药类,9,551,105621
2022,6214,西北民族大学,004,动物科学,2,555,101115
2022,6214,西北民族大学,005,动物医学,2,556,99474
2022,6214,西北民族大学,006,食品科学与工程,3,550,106634
2022,6214,西北民族大学,007,计算机类,9,538,122014
2022,6214,西北民族大学,008,数学与应用数学,3,532,128608
2022,6214,西北民族大学,009,土木工程,6,532,129255
2022,6214,西北民族大学,010,无机非金属材料工程,2,549,108052
2022,6214,西北民族大学,011,工商管理,2,561,93898
2022,6214,西北民族大学,012,法学,2,570,83515
2022,6214,西北民族大学,013,文物与博物馆学,2,561,94363
2022,6214,西北民族大学,014,民族学,2,558,97561
2022,6214,西北民族大学,015,社会学类,4,559,96777
2022,6214,西北民族大学,016,英语,2,559,96339
2022,6214,西北民族大学,017,新闻传播学类,4,559,96552
2022,6214,西北民族大学,018,汉语言文学,3,565,89526
2022,6215,西北师范大学,001,地理科学(师范),2,597,51785
2022,6215,西北师范大学,002,汉语国际教育(师范),1,599,48990
2022,6215,西北师范大学,003,旅游管理,2,572,81111
2022,6215,西北师范大学,004,大数据管理与应用,1,568,84848
2022,6215,西北师范大学,005,会计学,2,585,65102
2022,6215,西北师范大学,006,生物科学(师范),4,588,61837
2022,6215,西北师范大学,007,数学与应用数学(师范),2,591,57559
2022,6215,西北师范大学,008,翻译,2,586,64024
2022,6215,西北师范大学,009,英语(师范),4,600,48348
2022,6215,西北师范大学,010,汉语言文学(师范),3,606,41850
2022,6215,西北师范大学,011,电气工程及其自动化,1,568,84876
2022,6217,甘肃农业大学,001,动物药学,5,555,100854
2022,6217,甘肃农业大学,002,风景园林,8,555,100732
2022,6217,甘肃农业大学,003,数据科学与大数据技术,7,546,112486
2022,6218,甘肃政法大学,001,知识产权,1,590,59222
2022,6218,甘肃政法大学,002,政治学与行政学,1,589,60220
2022,6218,甘肃政法大学,003,思想政治教育,1,580,70959
2022,6218,甘肃政法大学,004,人工智能,1,557,98398
2022,6218,甘肃政法大学,005,信息安全,1,569,84182
2022,6218,甘肃政法大学,006,网络空间安全,1,569,84109
2022,6218,甘肃政法大学,007,法学,9,590,58583
2022,6218,甘肃政法大学,008,侦查学,1,594,54279
2022,6218,甘肃政法大学,009,禁毒学,1,573,79424
2022,6218,甘肃政法大学,010,法学(卓越法治基地实验班政府法治方向),1,595,53946
2022,6218,甘肃政法大学,011,法学(卓越法治基地实验班生态环境法治方向),1,589,60712
2022,6218,甘肃政法大学,012,法学(卓越法治基地实验班纪检方向),2,590,58923
2022,6218,甘肃政法大学,013,刑事科学技术(物证鉴定技术方向),1,581,69138
2022,6218,甘肃政法大学,014,法学(卓越法治基地实验班智慧法治方向),1,589,60819
2022,6218,甘肃政法大学,015,数据科学与大数据技术,1,567,86594
2022,6218,甘肃政法大学,016,法学(涉外法治方向),1,592,56531
2022,6219,兰州石化职业技术大学,001,应用化工技术(化学工程与工艺),1,525,137320
2022,6219,兰州石化职业技术大学,002,安全工程技术,1,522,141445
2022,6219,兰州石化职业技术大学,501,高分子合成技术,2,497,169677
2022,6219,兰州石化职业技术大学,502,石油化工技术,1,510,155586
2022,6219,兰州石化职业技术大学,503,电气自动化技术,2,497,170099
2022,6220,甘肃中医药大学,001,中医学(5+3一体化),1,608,38988
2022,6220,甘肃中医药大学,002,中医学,1,597,51480
2022,6220,甘肃中医药大学,003,中医骨伤科学,1,592,57364
2022,6220,甘肃中医药大学,004,中西医临床医学,2,582,68127
2022,6220,甘肃中医药大学,005,针灸推拿学,1,591,58338
2022,6220,甘肃中医药大学,006,中医康复学,1,589,60143
2022,6221,陇东学院,001,经济学,1,553,103760
2022,6221,陇东学院,002,网络工程(云计算开发与运维方向),1,540,119526
2022,6221,陇东学院,003,物联网工程,1,532,129291
2022,6221,陇东学院,004,生物制药,1,546,112002
2022,6222,兰州工业学院,001,机械设计制造及其自动化,2,531,130679
2022,6222,兰州工业学院,002,汽车服务工程,2,526,136079
2022,6222,兰州工业学院,003,电子信息工程,2,532,128882
2022,6222,兰州工业学院,004,自动化,2,533,128404
2022,6222,兰州工业学院,005,数字媒体技术,2,530,131057
2022,6301,青海大学（一流学科建设高校）,001,经济学,1,623,25167
2022,6301,青海大学（一流学科建设高校）,002,临床医学,2,623,25825
2022,6301,青海大学（一流学科建设高校）,003,信息管理与信息系统,1,608,39688
2022,6301,青海大学（一流学科建设高校）,004,医学影像学,1,620,28362
2022,6301,青海大学（一流学科建设高校）,005,口腔医学,1,635,16660
2022,6301,青海大学（一流学科建设高校）,006,预防医学,1,617,30482
2022,6301,青海大学（一流学科建设高校）,007,药学,1,623,25692
2022,6301,青海大学（一流学科建设高校）,008,护理学,1,594,54882
2022,6301,青海大学（一流学科建设高校）,009,食品科学与工程,1,624,24541
2022,6301,青海大学（一流学科建设高校）,010,动物科学,1,597,50749
2022,6301,青海大学（一流学科建设高校）,011,林学,1,601,47102
2022,6301,青海大学（一流学科建设高校）,012,园林,1,592,56891
2022,6301,青海大学（一流学科建设高校）,013,草业科学,1,595,53186
2022,6301,青海大学（一流学科建设高校）,014,应用化学,2,592,57277
2022,6301,青海大学（一流学科建设高校）,015,化学工程与工艺(卓越工程师),2,595,53121
2022,6301,青海大学（一流学科建设高校）,016,环境工程,1,599,49060
2022,6301,青海大学（一流学科建设高校）,017,自动化,1,607,40052
2022,6301,青海大学（一流学科建设高校）,018,电气工程及其自动化,2,622,26076
2022,6301,青海大学（一流学科建设高校）,019,土木工程,2,597,51093
2022,6301,青海大学（一流学科建设高校）,020,给排水科学与工程,1,591,57969
2022,6301,青海大学（一流学科建设高校）,021,城乡规划,1,609,38388
2022,6301,青海大学（一流学科建设高校）,022,生物工程,1,606,42008
2022,6301,青海大学（一流学科建设高校）,023,环境生态工程,1,597,50777
2022,6301,青海大学（一流学科建设高校）,024,测绘工程,1,596,52442
2022,6301,青海大学（一流学科建设高校）,025,新能源材料与器件,1,600,48051
2022,6301,青海大学（一流学科建设高校）,026,金融学,1,620,28294
2022,6301,青海大学（一流学科建设高校）,027,植物保护,1,599,48992
2022,6301,青海大学（一流学科建设高校）,028,计算机科学与技术,2,614,33736
2022,6301,青海大学（一流学科建设高校）,029,动物医学(卓越兽医师),2,614,33706
2022,6301,青海大学（一流学科建设高校）,030,材料成型及控制工程(卓越工程师),1,593,55405
2022,6301,青海大学（一流学科建设高校）,031,机械设计制造及其自动化,2,602,45649
2022,6301,青海大学（一流学科建设高校）,032,材料科学与工程,1,598,49810
2022,6301,青海大学（一流学科建设高校）,033,水利水电工程,2,596,52077
2022,6301,青海大学（一流学科建设高校）,034,土木、水利与交通工程,1,594,54082
2022,6303,青海民族大学,001,法学,2,567,86160
2022,6303,青海民族大学,002,汉语言文学,2,566,88232
2022,6303,青海民族大学,003,秘书学,2,559,96158
2022,6303,青海民族大学,004,数学与应用数学(师范),2,538,121289
2022,6303,青海民族大学,005,物理学(师范),2,537,122739
2022,6303,青海民族大学,006,应用化学,2,552,104504
2022,6303,青海民族大学,007,生物科学,2,556,100354
2022,6303,青海民族大学,008,水利水电工程,2,540,119160
2022,6303,青海民族大学,009,交通运输,2,547,110337
2022,6303,青海民族大学,010,信息管理与信息系统,2,533,127648
2022,6303,青海民族大学,011,会计学,2,535,125390
2022,6303,青海民族大学,012,财务管理,2,528,133882
2022,6303,青海民族大学,013,行政管理,2,532,128878
2022,6303,青海民族大学,014,土地资源管理(中外合作办学),4,506,159780
2022,6404,北方民族大学,001,电气类,1,541,118251
2022,6404,北方民族大学,002,旅游管理,1,560,95498
2022,6404,北方民族大学,003,金融学,1,562,92053
2022,6404,北方民族大学,004,工商管理类,1,569,84099
2022,6404,北方民族大学,005,法学,1,581,69765
2022,6404,北方民族大学,006,生物科学类,1,566,88159
2022,6404,北方民族大学,007,新闻传播学类,1,569,84048
2022,6404,北方民族大学,008,数学类,2,544,114282
2022,6404,北方民族大学,009,统计学类,1,562,92403
2022,6404,北方民族大学,017,经济学类,1,565,88541
2022,6404,北方民族大学,018,物流管理,1,560,95379
2022,6404,北方民族大学,019,软件工程(中外合作办学),1,553,103123
2022,6405,宁夏大学（一流学科建设高校）,001,英语(翻译),3,606,41410
2022,6405,宁夏大学（一流学科建设高校）,002,会计学,2,608,39381
2022,6405,宁夏大学（一流学科建设高校）,003,电气工程及其自动化,2,612,35667
2022,6405,宁夏大学（一流学科建设高校）,004,电子信息类,3,607,40615
2022,6405,宁夏大学（一流学科建设高校）,005,新能源材料与器件,2,603,45184
2022,6405,宁夏大学（一流学科建设高校）,006,化学(基础拔尖人才培养班),2,604,43631
2022,6405,宁夏大学（一流学科建设高校）,007,化学工程与工艺,3,598,50358
2022,6405,宁夏大学（一流学科建设高校）,008,机械类,4,599,49167
2022,6405,宁夏大学（一流学科建设高校）,009,建筑类,2,608,39867
2022,6406,宁夏大学新华学院(独立学院),001,学前教育,2,530,131350
2022,6406,宁夏大学新华学院(独立学院),002,汉语言文学,2,545,113764
2022,6406,宁夏大学新华学院(独立学院),003,工商管理(人力资源方向),2,533,127843
2022,6406,宁夏大学新华学院(独立学院),004,财务管理,2,530,131858
2022,6408,宁夏理工学院(民办),001,会计学(智能会计),8,526,136197
2022,6408,宁夏理工学院(民办),002,财务管理(大数据财务),8,523,140236
2022,6408,宁夏理工学院(民办),003,电子商务,8,521,142407
2022,6408,宁夏理工学院(民办),004,市场营销,4,520,144037
2022,6408,宁夏理工学院(民办),005,国际经济与贸易,4,522,141227
2022,6408,宁夏理工学院(民办),006,金融学,3,525,138074
2022,6408,宁夏理工学院(民办),007,经济与金融,5,521,141894
2022,6408,宁夏理工学院(民办),008,农村区域发展(卓越班),4,522,141128
2022,6408,宁夏理工学院(民办),009,投资学,4,521,141922
2022,6408,宁夏理工学院(民办),010,电气工程及其自动化,2,509,156830
2022,6408,宁夏理工学院(民办),011,电气工程及其自动化(智能电气),2,514,150480
2022,6408,宁夏理工学院(民办),012,电子信息工程(集成电路智能制造),2,507,158846
2022,6408,宁夏理工学院(民办),013,自动化,4,503,162785
2022,6408,宁夏理工学院(民办),014,物联网工程,3,505,160476
2022,6408,宁夏理工学院(民办),015,机器人工程,2,504,162277
2022,6408,宁夏理工学院(民办),016,计算机类,6,508,157906
2022,6408,宁夏理工学院(民办),017,应用化学(卓越班),7,528,133577
2022,6408,宁夏理工学院(民办),018,制药工程,8,528,133720
2022,6408,宁夏理工学院(民办),019,资源循环科学与工程,3,526,136620
2022,6408,宁夏理工学院(民办),020,能源化学工程,3,529,132800
2022,6408,宁夏理工学院(民办),021,机械工程,4,504,162535
2022,6408,宁夏理工学院(民办),022,汽车服务工程,2,498,168399
2022,6408,宁夏理工学院(民办),023,能源与动力工程,4,528,133637
2022,6408,宁夏理工学院(民办),024,交通运输(机场运行),6,524,139419
2022,6408,宁夏理工学院(民办),025,交通运输(航空物流),3,525,137654
2022,6408,宁夏理工学院(民办),026,智能制造工程,2,504,161829
2022,6408,宁夏理工学院(民办),027,土木工程,2,504,161702
2022,6408,宁夏理工学院(民办),028,安全工程,2,502,163891
2022,6408,宁夏理工学院(民办),029,工程管理,2,505,160638
2022,6408,宁夏理工学院(民办),030,给排水科学与工程,4,503,163342
2022,6408,宁夏理工学院(民办),031,环境工程,3,528,133659
2022,6408,宁夏理工学院(民办),032,智能建造,2,504,162198
2022,6408,宁夏理工学院(民办),033,英语,18,521,142972
2022,6408,宁夏理工学院(民办),034,日语,6,522,141771
2022,6408,宁夏理工学院(民办),036,汉语言文学,7,533,127953
2022,6408,宁夏理工学院(民办),037,学前教育,5,530,132132
2022,6408,宁夏理工学院(民办),040,材料成型及控制工程(新材料智能制造),2,505,160565
2022,6408,宁夏理工学院(民办),501,机电一体化技术,2,504,161760
2022,6408,宁夏理工学院(民办),502,建筑工程技术,2,509,156607
2022,6408,宁夏理工学院(民办),503,应用化工技术,2,512,152778
2022,6408,宁夏理工学院(民办),504,计算机应用技术,6,497,
2022,6408,宁夏理工学院(民办),507,学前教育,2,497,
2022,6409,宁夏医科大学,001,临床医学,5,605,42573
2022,6409,宁夏医科大学,002,麻醉学,1,602,46280
2022,6409,宁夏医科大学,003,医学影像学,1,593,55541
2022,6409,宁夏医科大学,004,医学检验技术,1,588,60873
2022,6409,宁夏医科大学,005,临床医学,1,613,34663
2022,6409,宁夏医科大学,006,口腔医学,1,617,30754
2022,6409,宁夏医科大学,007,预防医学,2,586,63392
2022,6409,宁夏医科大学,008,公共事业管理,1,583,66926
2022,6409,宁夏医科大学,009,中医学,1,594,54916
2022,6409,宁夏医科大学,010,针灸推拿学,1,593,55274
2022,6409,宁夏医科大学,011,中西医临床医学,1,599,48994
2022,6409,宁夏医科大学,012,护理学,2,558,97077
2022,6409,宁夏医科大学,013,临床药学,2,582,68757
2022,6409,宁夏医科大学,014,中药学,1,568,85571
2022,6409,宁夏医科大学,015,医学信息工程,1,570,82454
2022,6501,石河子大学（一流学科建设高校）,001,环境工程,2,582,68074
2022,6501,石河子大学（一流学科建设高校）,002,机械设计制造及其自动化,2,579,72108
2022,6501,石河子大学（一流学科建设高校）,003,电气工程及其自动化,4,592,56958
2022,6501,石河子大学（一流学科建设高校）,004,食品科学与工程类,2,587,62373
2022,6501,石河子大学（一流学科建设高校）,005,临床医学,6,600,48028
2022,6501,石河子大学（一流学科建设高校）,006,口腔医学,2,606,41221
2022,6501,石河子大学（一流学科建设高校）,007,护理学,4,584,66653
2022,6501,石河子大学（一流学科建设高校）,008,中药学,2,585,64706
2022,6501,石河子大学（一流学科建设高校）,009,临床药学,2,594,54228
2022,6501,石河子大学（一流学科建设高校）,010,制药工程,2,579,72220
2022,6501,石河子大学（一流学科建设高校）,011,工商管理类,2,591,58538
2022,6501,石河子大学（一流学科建设高校）,012,经济学类,6,589,60445
2022,6501,石河子大学（一流学科建设高校）,013,新闻学,2,603,44642
2022,6501,石河子大学（一流学科建设高校）,014,会计学,2,597,50998
2022,6501,石河子大学（一流学科建设高校）,015,审计学,2,589,60835
2022,6501,石河子大学（一流学科建设高校）,016,软件工程,2,590,59082
2022,6501,石河子大学（一流学科建设高校）,017,计算机科学与技术,2,590,58811
2022,6502,新疆财经大学,001,金融学,7,553,103373
2022,6502,新疆财经大学,002,金融工程,4,532,129376
2022,6502,新疆财经大学,003,数据科学与大数据技术,3,530,131036
2022,6502,新疆财经大学,004,工商管理,3,554,102635
2022,6502,新疆财经大学,005,物流管理,1,552,104843
2022,6502,新疆财经大学,006,会计学,5,559,96069
2022,6502,新疆财经大学,007,财务管理,3,556,99188
2022,6502,新疆财经大学,008,审计学,2,560,95143
2022,6502,新疆财经大学,009,经济学,10,553,104133
2022,6502,新疆财经大学,010,数字经济,6,516,148066
2022,6502,新疆财经大学,011,财政学,2,556,99778
2022,6502,新疆财经大学,012,电子商务,2,551,105652
2022,6502,新疆财经大学,013,网络空间安全,2,537,123100
2022,6503,新疆科技学院,001,会计学,6,550,107377
2022,6503,新疆科技学院,002,财务管理,6,549,108863
2022,6503,新疆科技学院,003,金融学,6,546,111478
2022,6503,新疆科技学院,004,国际经济与贸易,3,548,109460
2022,6503,新疆科技学院,005,新闻学,3,550,107268
2022,6503,新疆科技学院,006,税收学,3,549,108829
2022,6503,新疆科技学院,007,人力资源管理,4,545,113286
2022,6503,新疆科技学院,008,市场营销,4,544,113948
2022,6503,新疆科技学院,009,法学,4,552,104711
2022,6503,新疆科技学院,010,电子商务,5,548,110072
2022,6503,新疆科技学院,011,旅游管理,4,547,110557
2022,6503,新疆科技学院,012,计算机科学与技术,3,531,130610
2022,6503,新疆科技学院,013,信息安全,3,528,133787
2022,6503,新疆科技学院,014,化学工程与工艺,2,523,139767
2022,6503,新疆科技学院,015,纺织工程,2,517,146817
2022,6503,新疆科技学院,016,轻化工程,2,520,143209
2022,6504,新疆大学（一流大学建设高校）,001,英语,2,606,41792
2022,6504,新疆大学（一流大学建设高校）,002,生态学,2,590,59369
2022,6504,新疆大学（一流大学建设高校）,003,俄语,1,595,53998
2022,6504,新疆大学（一流大学建设高校）,004,数据科学与大数据技术,1,596,52140
2022,6504,新疆大学（一流大学建设高校）,005,纺织工程,2,579,71845
2022,6504,新疆大学（一流大学建设高校）,006,能源化学工程,1,594,54846
2022,6504,新疆大学（一流大学建设高校）,007,环境科学,1,579,72133
2022,6504,新疆大学（一流大学建设高校）,008,机器人工程,3,586,63594
2022,6504,新疆大学（一流大学建设高校）,009,资源勘查工程,2,588,61101
2022,6504,新疆大学（一流大学建设高校）,010,经济学,2,604,43240
2022,6504,新疆大学（一流大学建设高校）,011,国际经济与贸易,2,597,51418
2022,6504,新疆大学（一流大学建设高校）,012,工商管理类,3,596,52698
2022,6504,新疆大学（一流大学建设高校）,013,新闻传播学类,4,601,47323
2022,6504,新疆大学（一流大学建设高校）,014,物理学,2,593,55511
2022,6504,新疆大学（一流大学建设高校）,015,遥感科学与技术,3,582,68766
2022,6504,新疆大学（一流大学建设高校）,016,机械类,4,584,66453
2022,6504,新疆大学（一流大学建设高校）,017,工程管理,1,590,59720
2022,6504,新疆大学（一流大学建设高校）,018,汉语国际教育,2,595,53756
2022,6504,新疆大学（一流大学建设高校）,019,数学与应用数学,3,588,61132
2022,6504,新疆大学（一流大学建设高校）,020,生物科学,1,581,69049
2022,6504,新疆大学（一流大学建设高校）,021,自然地理与资源环境,2,593,55978
2022,6504,新疆大学（一流大学建设高校）,022,通信工程,1,597,51483
2022,6504,新疆大学（一流大学建设高校）,023,机械类(智能制造技术方向),2,587,62485
2022,6504,新疆大学（一流大学建设高校）,024,自动化,2,593,55297
2022,6504,新疆大学（一流大学建设高校）,025,土木工程,3,582,67883
2022,6504,新疆大学（一流大学建设高校）,026,法学,2,620,28509
2022,6504,新疆大学（一流大学建设高校）,027,信息安全,2,598,50282
2022,6504,新疆大学（一流大学建设高校）,028,交通工程,4,577,74533
2022,6504,新疆大学（一流大学建设高校）,029,化学工程与工艺,2,581,70086
2022,6504,新疆大学（一流大学建设高校）,030,计算机科学与技术,2,599,49008
2022,6504,新疆大学（一流大学建设高校）,031,汉语言文学,2,605,42607
2022,6504,新疆大学（一流大学建设高校）,032,地理信息科学,1,594,54581
2022,6504,新疆大学（一流大学建设高校）,033,电子信息工程,2,594,54356
2022,6504,新疆大学（一流大学建设高校）,034,电气工程及其自动化,3,608,38977
2022,6504,新疆大学（一流大学建设高校）,035,软件工程,18,583,66965
2022,6504,新疆大学（一流大学建设高校）,036,信息与计算科学,1,598,49791
2022,6504,新疆大学（一流大学建设高校）,037,机械类(与西安交通大学联合培养),1,610,36957
2022,6505,新疆理工学院,001,市场营销,2,548,110233
2022,6505,新疆理工学院,002,物流管理,2,549,109008
2022,6505,新疆理工学院,003,社会工作,2,551,105975
2022,6505,新疆理工学院,004,商务英语,7,545,113894
2022,6505,新疆理工学院,005,机械设计制造及其自动化,4,526,136128
2022,6505,新疆理工学院,006,机械电子工程,4,524,139044
2022,6505,新疆理工学院,007,机器人工程,5,519,144734
2022,6505,新疆理工学院,008,土木工程,4,524,138502
2022,6505,新疆理工学院,009,电气工程及其自动化,4,527,135373
2022,6505,新疆理工学院,010,通信工程,2,523,139770
2022,6505,新疆理工学院,011,智能科学与技术,4,524,138345
2022,6505,新疆理工学院,012,食品营养与检验教育,3,543,115178
2022,6505,新疆理工学院,013,食品安全与检测,2,543,115680
2022,6505,新疆理工学院,014,食品卫生与营养学,5,542,116503
2022,6506,新疆工程学院,001,消防工程,4,522,140717
2022,6506,新疆工程学院,002,机械电子工程,7,523,139615
2022,6506,新疆工程学院,003,机械设计制造及其自动化,6,527,135414
2022,6506,新疆工程学院,004,测控技术与仪器,5,523,140100
2022,6506,新疆工程学院,005,自动化,5,525,137344
2022,6506,新疆工程学院,006,建筑环境与能源应用工程,2,522,140793
2022,6506,新疆工程学院,007,土木工程,5,524,138309
2022,6506,新疆工程学院,008,数据科学与大数据技术,2,530,131432
2022,6506,新疆工程学院,009,通信工程,4,525,137554
2022,6507,新疆农业大学,001,经济学,5,553,103808
2022,6507,新疆农业大学,002,经济与贸易类,15,542,116651
2022,6507,新疆农业大学,003,国际经济与贸易,5,549,108072
2022,6507,新疆农业大学,004,法学,5,558,97519
2022,6507,新疆农业大学,005,应用化学,5,547,111374
2022,6507,新疆农业大学,006,人文地理与城乡规划,5,553,102891
2022,6507,新疆农业大学,007,电子信息科学与技术,5,524,138474
2022,6507,新疆农业大学,008,计算机科学与技术,5,527,135594
2022,6507,新疆农业大学,009,物联网工程,5,524,138456
2022,6507,新疆农业大学,010,土木工程,10,528,134649
2022,6507,新疆农业大学,011,土木工程(中外合作办学),5,518,145836
2022,6507,新疆农业大学,012,水利水电工程,25,548,109324
2022,6507,新疆农业大学,013,化学工程与工艺,5,544,114849
2022,6507,新疆农业大学,014,农业水利工程,10,547,111347
2022,6507,新疆农业大学,015,食品科学与工程,3,553,103967
2022,6507,新疆农业大学,016,食品质量与安全,4,546,111767
2022,6507,新疆农业大学,017,葡萄与葡萄酒工程,5,545,113445
2022,6507,新疆农业大学,018,水土保持与荒漠化防治,10,544,114265
2022,6507,新疆农业大学,019,动物科学,10,548,109681
2022,6507,新疆农业大学,020,药学,5,549,109081
2022,6507,新疆农业大学,021,工商管理类,15,546,112399
2022,6507,新疆农业大学,022,市场营销,5,546,111896
2022,6507,新疆农业大学,023,会计学,5,554,102577
2022,6507,新疆农业大学,024,人力资源管理,5,549,109068
2022,6507,新疆农业大学,025,农林经济管理,5,550,107809
2022,6507,新疆农业大学,026,公共事业管理,5,546,112530
2022,6507,新疆农业大学,027,土地资源管理,5,548,110124
2022,6507,新疆农业大学,028,城市管理,5,548,110069
2022,6507,新疆农业大学,029,旅游管理,5,549,108267
2022,6509,新疆师范大学,001,思想政治教育(师范),4,570,83359
2022,6509,新疆师范大学,002,公共事业管理,1,556,100125
2022,6509,新疆师范大学,003,经济学,7,555,100941
2022,6509,新疆师范大学,004,小学教育(师范),3,570,82472
2022,6509,新疆师范大学,005,特殊教育(师范),1,567,86856
2022,6509,新疆师范大学,006,学前教育(师范),1,573,78959
2022,6509,新疆师范大学,007,汉语言文学(师范),5,573,79398
2022,6509,新疆师范大学,008,历史学(师范),1,571,81602
2022,6509,新疆师范大学,009,社会工作,4,553,104130
2022,6509,新疆师范大学,010,英语(师范),1,570,83362
2022,6509,新疆师范大学,011,俄语,2,555,101118
2022,6509,新疆师范大学,012,汉语国际教育,4,563,91410
2022,6509,新疆师范大学,013,数学与应用数学(师范),5,550,106892
2022,6509,新疆师范大学,014,信息与计算科学,1,543,115173
2022,6509,新疆师范大学,015,物理学(师范),6,542,116388
2022,6509,新疆师范大学,016,电子信息科学与技术,4,534,126958
2022,6509,新疆师范大学,017,计算机科学与技术(师范),2,549,108031
2022,6509,新疆师范大学,018,软件工程,6,535,125093
2022,6509,新疆师范大学,019,生物科学(师范),2,575,77326
2022,6510,新疆第二医学院,001,临床医学,9,557,98526
2022,6510,新疆第二医学院,002,口腔医学,5,563,91199
2022,6510,新疆第二医学院,003,中西医临床医学,2,566,87768
2022,6510,新疆第二医学院,004,药学,3,553,103813
2022,6510,新疆第二医学院,005,医学检验技术,3,553,103191
2022,6510,新疆第二医学院,006,医学影像技术,3,539,120168
2022,6510,新疆第二医学院,007,护理学,3,555,100958
2022,6510,新疆第二医学院,008,信息管理与信息系统,2,527,134729
2022,6510,新疆第二医学院,009,公共事业管理,2,546,112413
2022,6510,新疆第二医学院,010,卫生检验与检疫,2,550,106954
2022,6510,新疆第二医学院,011,麻醉学,4,560,94868
2022,6515,塔里木大学,001,机械电子工程,5,527,134843
2022,6515,塔里木大学,002,电气工程及其自动化,7,530,131135
2022,6515,塔里木大学,003,网络空间安全,5,501,165385
2022,6515,塔里木大学,004,工商管理类,5,552,104979
2022,6515,塔里木大学,005,物流管理,5,551,106528
2022,6515,塔里木大学,006,建筑学,3,547,111325
2022,6516,新疆医科大学,001,临床医学(5+3一体化),1,616,31735
2022,6516,新疆医科大学,002,临床医学(5+3一体化，儿科学),1,614,33102
2022,6516,新疆医科大学,003,临床医学,16,581,69671
2022,6516,新疆医科大学,004,口腔医学,2,591,58393
2022,6516,新疆医科大学,005,中西医临床医学,2,579,72326
2022,6516,新疆医科大学,006,中医学,3,580,70811
2022,6516,新疆医科大学,007,儿科学,1,580,70726
2022,6516,新疆医科大学,008,麻醉学,2,578,72778
2022,6516,新疆医科大学,009,医学影像学,1,579,72610
2022,6516,新疆医科大学,010,医学检验技术,2,555,100516
2022,6516,新疆医科大学,011,药学,3,560,94712
2022,6516,新疆医科大学,012,预防医学,2,570,83287
2022,6516,新疆医科大学,013,中医康复学,2,574,78324
2022,6516,新疆医科大学,014,中药学,3,558,97119
2022,6516,新疆医科大学,015,公共事业管理,1,559,95941
2022,6517,中国石油大学(北京)克拉玛依校区（一流学科建设高校）,001,石油工程,2,593,55220
2022,6517,中国石油大学(北京)克拉玛依校区（一流学科建设高校）,002,计算机类,4,609,38156
2022,6517,中国石油大学(北京)克拉玛依校区（一流学科建设高校）,003,化学工程与工艺,2,593,55317
2022,6517,中国石油大学(北京)克拉玛依校区（一流学科建设高校）,004,能源化学工程,2,604,44123
2022,6517,中国石油大学(北京)克拉玛依校区（一流学科建设高校）,005,机械类,3,587,62836
2022,6517,中国石油大学(北京)克拉玛依校区（一流学科建设高校）,006,环境工程,2,586,64046
2022,6517,中国石油大学(北京)克拉玛依校区（一流学科建设高校）,007,自动化,2,593,55892
2022,6517,中国石油大学(北京)克拉玛依校区（一流学科建设高校）,008,数学与应用数学,2,584,66258
2022,6517,中国石油大学(北京)克拉玛依校区（一流学科建设高校）,009,统计学,3,588,61547
2022,6517,中国石油大学(北京)克拉玛依校区（一流学科建设高校）,010,经济学类,3,594,55165
2022,6517,中国石油大学(北京)克拉玛依校区（一流学科建设高校）,011,会计学,2,590,58862
2022,6517,中国石油大学(北京)克拉玛依校区（一流学科建设高校）,012,行政管理,2,589,60569
2022,6518,喀什大学,001,思想政治教育(师范),2,557,98793
2022,6518,喀什大学,002,汉语言文学(师范),2,566,88104
2022,6518,喀什大学,003,物理学(师范),2,528,134016
2022,6518,喀什大学,004,化学(师范),2,548,109180
2022,6518,喀什大学,005,网络工程,2,524,138412
2022,6518,喀什大学,006,电气工程及其自动化,2,523,139645
2022,6519,新疆政法学院,001,法学,4,553,103250
2022,6519,新疆政法学院,002,国际经济与贸易,4,543,116139
2022,6519,新疆政法学院,003,计算机科学与技术,2,533,127731
2022,6519,新疆政法学院,501,政治安全保卫,4,497,
2022,6519,新疆政法学院,503,法律事务,2,502,164650
2022,9001,海军军医大学（一流学科建设高校）,007,临床医学(高级临床医师),5,657,5366
2022,9001,海军军医大学（一流学科建设高校）,008,临床医学(临床医师),10,647,9469
2022,9001,海军军医大学（一流学科建设高校）,009,麻醉学(临床麻醉医师),1,649,8700
2022,9001,海军军医大学（一流学科建设高校）,010,医学影像学(临床影像医师),1,647,9498
2022,9001,海军军医大学（一流学科建设高校）,011,中医学(中医临床医师),1,646,10254
2022,9001,海军军医大学（一流学科建设高校）,012,药学(药剂师),2,636,15696
2022,9001,海军军医大学（一流学科建设高校）,013,中药学(药剂师),1,645,10599
2022,9001,海军军医大学（一流学科建设高校）,014,生物技术,1,635,16680
2022,9001,海军军医大学（一流学科建设高校）,015,护理学(护师),2,633,18104
2022,9031,中国人民警察大学,001,消防工程,4,594,54111
2022,9031,中国人民警察大学,008,火灾勘查,2,594,55039
2022,9031,中国人民警察大学,016,消防指挥,2,589,60167
2022,9031,中国人民警察大学,020,核生化消防,2,586,63302
2022,9031,中国人民警察大学,022,海外安全管理,2,601,46931
2022,9034,中国人民公安大学（一流学科建设高校）,001,法学,3,653,7073
