year,college_code,college_name,major_code,major_name,plan_count,min_score,min_rank
2024,0001,浙江大学,001,人文科学试验班,76,672,4221
2024,0001,浙江大学,002,新闻传播学类,51,670,4905
2024,0001,浙江大学,003,外国语言文学类（含涉外法治双学士学位项目）,28,671,4562
2024,0001,浙江大学,006,社会科学试验班（竺可桢学院人文社科实验班）,5,694,639
2024,0001,浙江大学,007,社会科学试验班（数字法治卓越班）,4,688,1172
2024,0001,浙江大学,008,社会科学试验班（智能财务荣誉项目班）,3,692,840
2024,0001,浙江大学,009,社会科学试验班（含数字金融双学士学位项目）,169,674,3668
2024,0001,浙江大学,010,社会科学试验班（数字公共治理荣誉项目班）,5,683,1925
2024,0001,浙江大学,011,理科试验班类（含商务大数据分析双学士学位项目）,105,683,1922
2024,0001,浙江大学,012,理科试验班（生命、环境、化学与地学）,138,673,3865
2024,0001,浙江大学,013,工科试验班,404,678,2830
2024,0001,浙江大学,014,工科试验班（智慧城市与建筑工程）,171,665,6212
2024,0001,浙江大学,015,工科试验班（材料、化工与高分子）,176,672,4228
2024,0001,浙江大学,016,工科试验班（信息）,246,687,1273
2024,0001,浙江大学,017,人工智能（荣誉项目班）,2,701,227
2024,0001,浙江大学,018,机器人工程（荣誉项目班）,2,700,259
2024,0001,浙江大学,019,工科试验班（竺可桢学院图灵班）,3,702,200
2024,0001,浙江大学,020,医学试验班（竺可桢学院巴德年医学班）,23,695,566
2024,0001,浙江大学,021,工科试验班（海洋，含智慧海洋卓越班）,95,664,6625
2024,0001,浙江大学,022,应用生物科学（农学，含新农科实验班）,159,664,6791
2024,0001,浙江大学,023,应用生物科学（生工食品）,24,671,4484
2024,0002,中国美术学院,007,艺术学理论类,40,616,37078
2024,0002,中国美术学院,008,风景园林,15,623,31030
2024,0002,中国美术学院,009,工业设计,37,599,54006
2024,0002,中国美术学院,010,艺术设计学,20,619,34358
2024,0002,中国美术学院,011,广播电视编导,32,614,39304
2024,0003,浙江工业大学,001,健行学院实验班(人文社科),5,652,11812
2024,0003,浙江工业大学,002,健行学院实验班(理工),15,648,13353
2024,0003,浙江工业大学,003,健行学院实验班(分子化学工程),10,639,18758
2024,0003,浙江工业大学,004,健行学院实验班(智能科学),10,646,14436
2024,0003,浙江工业大学,005,健行学院实验班(智慧能源创新）,10,644,15941
2024,0003,浙江工业大学,006,健行学院实验班(智能生物制造）,10,640,18177
2024,0003,浙江工业大学,007,化工与制药类（化学工程类）,144,605,47897
2024,0003,浙江工业大学,008,化学工程与工艺（卓越工程师）,30,625,29068
2024,0003,浙江工业大学,009,安全工程,16,616,37189
2024,0003,浙江工业大学,010,生物工程类,68,609,43601
2024,0003,浙江工业大学,011,药学类（“2011计划”创新实验区）,158,610,42578
2024,0003,浙江工业大学,012,药学（药学与计算机双学士学位）,25,624,29689
2024,0003,浙江工业大学,013,环境科学与工程类,40,604,48846
2024,0003,浙江工业大学,014,材料类,51,611,41834
2024,0003,浙江工业大学,015,食品科学与工程类,50,606,47472
2024,0003,浙江工业大学,016,机械类,138,618,35754
2024,0003,浙江工业大学,017,机械工程（卓越工程师）,30,629,25756
2024,0003,浙江工业大学,018,机器人工程,55,626,28315
2024,0003,浙江工业大学,019,电气类,99,625,29455
2024,0003,浙江工业大学,020,电子信息类,71,628,26649
2024,0003,浙江工业大学,021,计算机类,198,630,25100
2024,0003,浙江工业大学,022,计算机科学与技术（基础拔尖基地班）,25,643,16371
2024,0003,浙江工业大学,023,数据科学与大数据技术,13,631,24260
2024,0003,浙江工业大学,024,土木类,67,599,54497
2024,0003,浙江工业大学,025,智能建造,17,620,33708
2024,0003,浙江工业大学,026,空间信息与数字技术,25,627,27647
2024,0003,浙江工业大学,027,物理学类（物理与光电信息类）,31,619,34090
2024,0003,浙江工业大学,028,应用物理学（基础拔尖基地班）,20,621,32640
2024,0003,浙江工业大学,029,数学类,33,623,30999
2024,0003,浙江工业大学,030,信息与计算科学（信计与自动化双学士学位）,20,632,23445
2024,0003,浙江工业大学,031,工商管理类,126,626,28623
2024,0003,浙江工业大学,032,管理科学与工程类,42,616,37163
2024,0003,浙江工业大学,033,金融学,68,628,27094
2024,0003,浙江工业大学,034,国际经济与贸易,39,629,26162
2024,0003,浙江工业大学,035,应用心理学,25,624,29917
2024,0003,浙江工业大学,036,英语,112,617,36481
2024,0003,浙江工业大学,037,汉语言文学,76,635,21374
2024,0003,浙江工业大学,038,新闻传播学类,89,626,28230
2024,0003,浙江工业大学,039,建筑类,104,616,37091
2024,0003,浙江工业大学,040,工业设计,35,619,34374
2024,0003,浙江工业大学,041,法学,82,640,18495
2024,0003,浙江工业大学,042,公共管理类,73,622,32159
2024,0003,浙江工业大学,043,软件工程(中外合作办学),56,615,37805
2024,0004,浙江师范大学,001,文科试验班类（中文）,30,654,10891
2024,0004,浙江师范大学,002,理科试验班类（数学）,30,638,19242
2024,0004,浙江师范大学,003,理科试验班类（物理）,30,629,25706
2024,0004,浙江师范大学,004,理科试验班类（化学）,30,623,30906
2024,0004,浙江师范大学,005,理科试验班类（计算机）,30,617,35906
2024,0004,浙江师范大学,006,理科试验班类（生物）,30,582,73899
2024,0004,浙江师范大学,007,社会科学试验班（历史）,20,650,12749
2024,0004,浙江师范大学,008,工商管理类,160,608,44930
2024,0004,浙江师范大学,009,经济与贸易类,65,607,45991
2024,0004,浙江师范大学,010,法学,89,630,25620
2024,0004,浙江师范大学,011,行政管理,28,613,40270
2024,0004,浙江师范大学,012,思想政治教育(师范),25,645,15498
2024,0004,浙江师范大学,013,小学教育(师范),33,638,19907
2024,0004,浙江师范大学,014,教育技术学(师范),40,593,61003
2024,0004,浙江师范大学,015,小学教育(中外合作办学)(师范),25,612,41446
2024,0004,浙江师范大学,016,应用心理学(师范),61,555,105051
2024,0004,浙江师范大学,017,学前教育(师范),57,603,50104
2024,0004,浙江师范大学,020,汉语言文学(师范),70,647,14084
2024,0004,浙江师范大学,021,历史学(师范),50,643,16708
2024,0004,浙江师范大学,022,英语(师范),103,628,27087
2024,0004,浙江师范大学,023,翻译,40,612,41200
2024,0004,浙江师范大学,024,日语,10,608,45076
2024,0004,浙江师范大学,025,法语,20,609,43928
2024,0004,浙江师范大学,030,戏剧影视文学,31,603,50181
2024,0004,浙江师范大学,034,工业设计,13,592,61718
2024,0004,浙江师范大学,035,数学与应用数学(师范),40,630,24940
2024,0004,浙江师范大学,036,信息与计算科学,15,610,43049
2024,0004,浙江师范大学,037,计算机类,103,603,49927
2024,0004,浙江师范大学,038,软件工程(中外合作办学),18,593,61002
2024,0004,浙江师范大学,039,人工智能（智能精准诊疗）,20,612,40679
2024,0004,浙江师范大学,040,智能医学工程,20,596,57791
2024,0004,浙江师范大学,041,物理学(师范),90,605,47911
2024,0004,浙江师范大学,042,材料科学与工程,10,593,60623
2024,0004,浙江师范大学,043,光电信息科学与工程,28,597,56719
2024,0004,浙江师范大学,044,电子信息工程,40,600,53508
2024,0004,浙江师范大学,045,通信工程,16,597,56401
2024,0004,浙江师范大学,046,化学(师范),40,614,38999
2024,0004,浙江师范大学,047,药学,30,586,68686
2024,0004,浙江师范大学,048,生物科学(师范),62,495,174212
2024,0004,浙江师范大学,049,生物技术（制药）,29,551,109620
2024,0004,浙江师范大学,050,科学教育(师范),72,577,78999
2024,0004,浙江师范大学,051,地理科学(师范),49,640,18260
2024,0004,浙江师范大学,052,环境科学与工程,45,578,77784
2024,0004,浙江师范大学,053,城乡规划,30,608,44956
2024,0004,浙江师范大学,054,地理信息科学,23,627,27245
2024,0004,浙江师范大学,055,智能制造工程,65,594,59847
2024,0004,浙江师范大学,056,机器人工程,42,593,60677
2024,0004,浙江师范大学,057,交通运输,50,581,74325
2024,0004,浙江师范大学,058,汉语国际教育(师范),60,626,28467
2024,0004,浙江师范大学,059,社会工作,30,609,44369
2024,0004,浙江师范大学,060,非物质文化遗产保护,15,617,36715
2024,0005,宁波大学,001,工程力学（拔尖人才创新班）,5,634,22099
2024,0005,宁波大学,002,通信工程（拔尖人才创新班）,30,632,23408
2024,0005,宁波大学,003,水产养殖学（拔尖人才创新班）,5,614,38756
2024,0005,宁波大学,004,数学与应用数学（拔尖人才创新班）,10,629,25929
2024,0005,宁波大学,005,物理学（拔尖人才创新班）,12,620,33864
2024,0005,宁波大学,006,生物技术（拔尖人才创新班）,5,623,30673
2024,0005,宁波大学,007,临床医学（拔尖人才创新班）,20,637,20489
2024,0005,宁波大学,008,经济学类,250,617,36415
2024,0005,宁波大学,009,工商管理类,194,621,32526
2024,0005,宁波大学,010,工商管理（中加学分互认）,27,610,43473
2024,0005,宁波大学,011,信息管理与信息系统,25,616,36806
2024,0005,宁波大学,012,法学类,167,638,19660
2024,0005,宁波大学,013,行政管理,43,621,33033
2024,0005,宁波大学,014,应用心理学,66,621,32774
2024,0005,宁波大学,015,小学教育(师范),37,628,26759
2024,0005,宁波大学,016,学前教育(师范),10,616,37037
2024,0005,宁波大学,018,思想政治教育(师范),50,635,21846
2024,0005,宁波大学,019,汉语言文学(师范),48,637,20294
2024,0005,宁波大学,020,汉语言文学,38,636,20848
2024,0005,宁波大学,021,传播学,52,625,29063
2024,0005,宁波大学,022,历史学,70,627,27750
2024,0005,宁波大学,023,人文地理与城乡规划(中外合作办学)（中法合作）,10,611,41759
2024,0005,宁波大学,024,旅游管理(中外合作办学)（中法合作）,10,604,49162
2024,0005,宁波大学,025,英语,129,618,35236
2024,0005,宁波大学,026,德语,25,610,43484
2024,0005,宁波大学,027,日语,29,609,44147
2024,0005,宁波大学,028,英语(师范),26,633,23120
2024,0005,宁波大学,029,建筑学,35,615,38177
2024,0005,宁波大学,030,工业设计,24,610,42859
2024,0005,宁波大学,031,微电子科学与工程,32,619,34220
2024,0005,宁波大学,032,物理学,19,613,40175
2024,0005,宁波大学,033,物理学(师范),20,608,45124
2024,0005,宁波大学,034,数学与应用数学,36,619,34317
2024,0005,宁波大学,035,数学与应用数学(师范),45,610,42796
2024,0005,宁波大学,036,金融工程,35,607,46149
2024,0005,宁波大学,037,数学与应用数学(中外合作办学)（中美合作精算科学与风险管理）,15,605,47626
2024,0005,宁波大学,038,材料科学与工程,25,605,48153
2024,0005,宁波大学,039,化学,12,607,45771
2024,0005,宁波大学,040,化学工程与工艺,22,603,49934
2024,0005,宁波大学,041,机械类,44,614,38888
2024,0005,宁波大学,042,工程力学,15,621,33016
2024,0005,宁波大学,043,智能制造工程,35,619,34501
2024,0005,宁波大学,044,机械设计制造及其自动化（国际贸易班）,13,614,38913
2024,0005,宁波大学,045,电子信息类,198,616,37468
2024,0005,宁波大学,046,计算机科学与技术,88,622,31742
2024,0005,宁波大学,047,土木工程,32,596,57567
2024,0005,宁波大学,048,环境工程,13,604,49567
2024,0005,宁波大学,049,地理科学(师范),65,632,23985
2024,0005,宁波大学,052,船舶与海洋工程,5,604,48893
2024,0005,宁波大学,053,物流管理,59,611,42480
2024,0005,宁波大学,054,食品科学与工程,12,603,49799
2024,0005,宁波大学,055,临床医学,190,616,37411
2024,0005,宁波大学,056,预防医学,38,593,60791
2024,0005,宁波大学,057,口腔医学,35,620,33593
2024,0005,宁波大学,058,药学,12,607,45613
2024,0005,宁波大学,064,生物科学类,23,603,50436
2024,0005,宁波大学,065,阳明创新班(人文),10,651,12219
2024,0005,宁波大学,066,阳明创新班(理工),20,642,16920
2024,0006,杭州电子科技大学,001,理工类实验班,20,650,12736
2024,0006,杭州电子科技大学,002,经管类实验班,10,646,14638
2024,0006,杭州电子科技大学,003,智能科学与技术,140,631,24172
2024,0006,杭州电子科技大学,004,计算机类,295,636,20599
2024,0006,杭州电子科技大学,005,电子信息类（电子信息学院）,262,627,27454
2024,0006,杭州电子科技大学,006,集成电路设计与集成系统,20,635,21803
2024,0006,杭州电子科技大学,007,数字媒体技术,70,625,28961
2024,0006,杭州电子科技大学,008,网络工程,36,630,25285
2024,0006,杭州电子科技大学,009,电子信息类（通信学院）,184,622,31611
2024,0006,杭州电子科技大学,010,电气工程及其自动化,65,625,28947
2024,0006,杭州电子科技大学,011,自动化,93,621,32358
2024,0006,杭州电子科技大学,012,管理科学与工程类,30,619,34353
2024,0006,杭州电子科技大学,013,统计学,50,617,36697
2024,0006,杭州电子科技大学,014,会计学,167,628,26523
2024,0006,杭州电子科技大学,015,审计学,33,627,27770
2024,0006,杭州电子科技大学,016,财务管理,34,626,28767
2024,0006,杭州电子科技大学,017,工商管理类,30,618,35497
2024,0006,杭州电子科技大学,018,金融学,50,620,33392
2024,0006,杭州电子科技大学,019,法学,61,627,27890
2024,0006,杭州电子科技大学,020,智能制造工程,105,621,32333
2024,0006,杭州电子科技大学,021,网络空间安全,88,629,25705
2024,0006,杭州电子科技大学,022,人工智能,80,635,21466
2024,0006,杭州电子科技大学,024,自动化(中外合作办学),30,617,36442
2024,0006,杭州电子科技大学,025,计算机科学与技术(中外合作办学),70,618,35108
2024,0007,浙江工商大学,001,经济学类,155,613,40057
2024,0007,浙江工商大学,002,法学类,176,643,16423
2024,0007,浙江工商大学,003,外国语言文学类,60,607,46503
2024,0007,浙江工商大学,004,新闻传播学类,27,622,31847
2024,0007,浙江工商大学,005,电子信息类,92,604,48963
2024,0007,浙江工商大学,006,计算机类,161,608,45075
2024,0007,浙江工商大学,007,环境科学与工程类,19,589,65339
2024,0007,浙江工商大学,008,食品科学与工程类,35,591,62995
2024,0007,浙江工商大学,009,工商管理类（含市场营销+人工智能双学士学位项目）,210,611,42369
2024,0007,浙江工商大学,010,会计学,225,627,27484
2024,0007,浙江工商大学,011,公共管理类,25,607,45821
2024,0007,浙江工商大学,012,电子商务类,25,607,46102
2024,0007,浙江工商大学,013,哲学,20,615,38615
2024,0007,浙江工商大学,014,经济统计学,52,614,38720
2024,0007,浙江工商大学,015,数字经济,44,595,58557
2024,0007,浙江工商大学,016,金融学,160,615,38492
2024,0007,浙江工商大学,017,金融工程,21,604,49383
2024,0007,浙江工商大学,018,保险学,12,611,42461
2024,0007,浙江工商大学,019,社会工作,15,614,39081
2024,0007,浙江工商大学,020,汉语言文学,29,634,22388
2024,0007,浙江工商大学,021,法语,5,615,38539
2024,0007,浙江工商大学,022,历史学,18,625,29183
2024,0007,浙江工商大学,023,数学与应用数学,24,604,48769
2024,0007,浙江工商大学,024,应用统计学,31,623,30833
2024,0007,浙江工商大学,025,数据科学与大数据技术,59,605,47632
2024,0007,浙江工商大学,026,给排水科学与工程,7,598,55673
2024,0007,浙江工商大学,027,城乡规划,29,610,43278
2024,0007,浙江工商大学,028,生物工程,18,591,63464
2024,0007,浙江工商大学,029,信息管理与信息系统,19,601,52078
2024,0007,浙江工商大学,030,电子信息工程(中外合作办学),39,592,61919
2024,0007,浙江工商大学,031,通信工程(中外合作办学),39,588,66576
2024,0007,浙江工商大学,036,经济学（拔尖人才创新班）,20,630,24912
2024,0007,浙江工商大学,037,经济统计学（拔尖人才创新班）,20,625,29055
2024,0007,浙江工商大学,038,金融学（普惠金融创新班）,85,607,46264
2024,0007,浙江工商大学,039,投资学（资产管理创新班）,30,616,37170
2024,0007,浙江工商大学,040,信息管理与信息系统（大数据管理创新班）,30,601,52670
2024,0007,浙江工商大学,041,工商管理（数字管理拔尖人才创新班）,20,624,30033
2024,0007,浙江工商大学,042,电子商务（跨境电商与商务智能创新班）,30,610,43470
2024,0007,浙江工商大学,043,旅游管理（数字文旅创新班）,30,605,48387
2024,0007,浙江工商大学,044,行政管理（数字治理创新班）,30,614,39264
2024,0008,浙江理工大学,001,启新卓越实验班,20,627,27746
2024,0008,浙江理工大学,002,数学类,54,600,53018
2024,0008,浙江理工大学,003,材料类,10,601,52338
2024,0008,浙江理工大学,004,服装设计与工程,10,598,55697
2024,0008,浙江理工大学,005,机械类,115,602,51353
2024,0008,浙江理工大学,006,电气类,120,607,46431
2024,0008,浙江理工大学,007,建筑类,50,605,47857
2024,0008,浙江理工大学,008,生物科学类,10,600,53761
2024,0008,浙江理工大学,009,化学类,10,601,52219
2024,0008,浙江理工大学,010,经济与贸易类,120,606,47462
2024,0008,浙江理工大学,011,工商管理类,110,608,44932
2024,0008,浙江理工大学,012,工业设计,46,601,52603
2024,0008,浙江理工大学,013,新闻传播学类,126,612,41321
2024,0008,浙江理工大学,014,社会工作,16,607,46171
2024,0008,浙江理工大学,015,行政管理,20,608,45113
2024,0008,浙江理工大学,016,外国语言文学类,60,604,49392
2024,0008,浙江理工大学,017,应用心理学,35,613,40585
2024,0008,浙江理工大学,018,新能源材料与器件,15,607,46088
2024,0008,浙江理工大学,019,能源与动力工程,22,608,44703
2024,0008,浙江理工大学,020,机器人工程,35,607,46404
2024,0008,浙江理工大学,021,计算机类,285,610,42871
2024,0008,浙江理工大学,022,电子信息类,145,609,43804
2024,0008,浙江理工大学,023,测控技术与仪器,15,604,48902
2024,0008,浙江理工大学,024,国际经济与贸易（英文授课班）,10,607,46155
2024,0008,浙江理工大学,025,工商管理（英文授课班）,10,607,46371
2024,0008,浙江理工大学,026,信息管理与信息系统,31,605,47641
2024,0008,浙江理工大学,027,大数据管理与应用,30,608,45299
2024,0008,浙江理工大学,028,法学,100,624,30115
2024,0009,温州医科大学,001,眼视光医学（5+3一体化）,10,669,5021
2024,0009,温州医科大学,002,临床医学（5+3一体化）,41,661,7818
2024,0009,温州医科大学,003,临床医学（5+3一体化，儿科学方向）,14,651,12089
2024,0009,温州医科大学,004,临床医学（5+3一体化，麻醉学方向）,5,659,8571
2024,0009,温州医科大学,005,临床医学（5+3一体化，放射医学方向）,5,654,10546
2024,0009,温州医科大学,006,临床医学（5+3一体化，精神医学方向）,5,652,11398
2024,0009,温州医科大学,007,临床医学（5+3一体化，老年医学方向）,5,656,9632
2024,0009,温州医科大学,008,临床医学（5+3一体化，医学影像学方向）,5,658,8814
2024,0009,温州医科大学,009,眼视光医学（新医科班）,9,658,8924
2024,0009,温州医科大学,010,临床医学（新医科交大医学班）,15,657,9249
2024,0009,温州医科大学,011,临床医学（检验医师培养试验班）,10,648,13843
2024,0009,温州医科大学,012,眼视光医学,26,650,12494
2024,0009,温州医科大学,013,临床医学,276,636,20775
2024,0009,温州医科大学,014,儿科学,53,614,38832
2024,0009,温州医科大学,015,医学影像学,87,618,35182
2024,0009,温州医科大学,016,麻醉学,54,627,27369
2024,0009,温州医科大学,017,精神医学,44,609,44058
2024,0009,温州医科大学,018,基础医学（周健创新班）,17,599,54476
2024,0009,温州医科大学,019,临床医学(中外合作办学),49,622,31743
2024,0009,温州医科大学,020,放射医学,22,614,39222
2024,0009,温州医科大学,021,临床药学,43,600,52988
2024,0009,温州医科大学,022,口腔医学,24,650,12406
2024,0009,温州医科大学,023,预防医学,96,492,
2024,0009,温州医科大学,024,中医学,25,618,35366
2024,0009,温州医科大学,025,医学检验技术,82,587,67614
2024,0009,温州医科大学,026,卫生检验与检疫,35,579,77267
2024,0009,温州医科大学,027,医学影像技术,36,596,57347
2024,0009,温州医科大学,028,康复治疗学,42,573,83629
2024,0009,温州医科大学,029,药学（生物药学创新实验班）,20,609,43546
2024,0009,温州医科大学,030,生物技术,48,565,92788
2024,0009,温州医科大学,031,生物医学工程（眼视光工程新工科班）,11,638,19407
2024,0009,温州医科大学,032,生物医学工程,51,583,72552
2024,0009,温州医科大学,033,听力与言语康复学,23,547,114296
2024,0009,温州医科大学,034,信息管理与信息系统,76,573,83422
2024,0009,温州医科大学,035,运动康复,23,601,52821
2024,0009,温州医科大学,036,应用心理学,37,609,44352
2024,0009,温州医科大学,037,护理学,575,492,
2024,0009,温州医科大学,038,助产学,7,572,85250
2024,0009,温州医科大学,039,药学,114,576,80552
2024,0009,温州医科大学,040,中药学,18,573,83225
2024,0009,温州医科大学,041,生物制药,20,581,74601
2024,0009,温州医科大学,042,公共事业管理,167,589,65743
2024,0009,温州医科大学,043,市场营销,28,590,64534
2024,0009,温州医科大学,044,健康服务与管理,28,596,58097
2024,0009,温州医科大学,501,眼视光技术,60,492,
2024,0010,浙江海洋大学,001,海洋科学（星颉实验班）,30,580,75777
2024,0010,浙江海洋大学,002,海洋科学,56,558,100885
2024,0010,浙江海洋大学,003,智慧海洋技术,18,558,100993
2024,0010,浙江海洋大学,004,生物科学,39,534,129245
2024,0010,浙江海洋大学,005,水产养殖学,12,557,102842
2024,0010,浙江海洋大学,006,海洋资源与环境,27,553,107446
2024,0010,浙江海洋大学,007,海洋渔业科学与技术,14,550,111301
2024,0010,浙江海洋大学,008,水族科学与技术,11,551,109430
2024,0010,浙江海洋大学,009,食品科学与工程,49,553,106954
2024,0010,浙江海洋大学,010,食品质量与安全,29,555,104862
2024,0010,浙江海洋大学,011,药学,30,556,103397
2024,0010,浙江海洋大学,012,护理学,46,591,63306
2024,0010,浙江海洋大学,013,船舶与海洋工程,11,570,86804
2024,0010,浙江海洋大学,014,船舶与海洋工程(中外合作办学),7,553,107562
2024,0010,浙江海洋大学,015,海洋工程与技术,12,562,96885
2024,0010,浙江海洋大学,016,轮机工程（船机修造方向）,6,569,88398
2024,0010,浙江海洋大学,017,能源与动力工程,24,573,84118
2024,0010,浙江海洋大学,018,交通管理,25,594,60247
2024,0010,浙江海洋大学,021,机械设计制造及其自动化,48,573,83413
2024,0010,浙江海洋大学,022,机械电子工程,23,574,82457
2024,0010,浙江海洋大学,023,电气工程及其自动化,62,577,79579
2024,0010,浙江海洋大学,024,土木工程,23,555,104959
2024,0010,浙江海洋大学,025,港口航道与海岸工程,16,560,98509
2024,0010,浙江海洋大学,026,油气储运工程,23,557,102100
2024,0010,浙江海洋大学,027,海洋油气工程,10,557,102483
2024,0010,浙江海洋大学,028,化学工程与工艺,24,557,102556
2024,0010,浙江海洋大学,029,环境科学与工程,30,550,110772
2024,0010,浙江海洋大学,030,安全工程,16,558,101175
2024,0010,浙江海洋大学,031,数据科学与大数据技术,56,575,81546
2024,0010,浙江海洋大学,032,机器人工程,26,574,82279
2024,0010,浙江海洋大学,033,计算机科学与技术,76,579,77050
2024,0010,浙江海洋大学,034,电子信息工程,51,576,80455
2024,0010,浙江海洋大学,035,数学与应用数学(师范),46,568,89848
2024,0010,浙江海洋大学,036,物理学(师范),16,565,93092
2024,0010,浙江海洋大学,037,行政管理,70,593,60883
2024,0010,浙江海洋大学,038,经济学,76,596,57737
2024,0010,浙江海洋大学,039,数字经济,26,574,82748
2024,0010,浙江海洋大学,040,财务管理,81,599,54667
2024,0010,浙江海洋大学,041,旅游管理,25,590,64222
2024,0010,浙江海洋大学,042,物流管理,56,591,63788
2024,0010,浙江海洋大学,043,汉语言文学(师范),133,604,49576
2024,0010,浙江海洋大学,044,汉语言文学（高级文秘方向）,41,602,51541
2024,0010,浙江海洋大学,045,历史学(师范),71,601,52095
2024,0010,浙江海洋大学,046,小学教育(师范),102,602,51866
2024,0010,浙江海洋大学,047,英语(师范),56,599,55010
2024,0010,浙江海洋大学,048,英语,63,593,61510
2024,0010,浙江海洋大学,049,商务英语,62,589,66041
2024,0010,浙江海洋大学,050,俄语,11,587,67865
2024,0011,浙江农林大学,001,新农科求真实验班,25,596,57378
2024,0011,浙江农林大学,002,新工科求真实验班,25,602,50925
2024,0011,浙江农林大学,003,新文科求真实验班,25,618,35632
2024,0011,浙江农林大学,004,农学,21,583,71870
2024,0011,浙江农林大学,005,植物保护,19,567,91035
2024,0011,浙江农林大学,006,林学,63,572,84973
2024,0011,浙江农林大学,007,园艺,44,558,101550
2024,0011,浙江农林大学,008,动物科学,8,574,82348
2024,0011,浙江农林大学,009,动物医学,55,574,82847
2024,0011,浙江农林大学,010,茶学,24,561,98024
2024,0011,浙江农林大学,011,智慧农业,28,574,82644
2024,0011,浙江农林大学,012,生物技术,23,565,93162
2024,0011,浙江农林大学,013,生态学,26,558,101654
2024,0011,浙江农林大学,014,农业资源与环境,26,558,101048
2024,0011,浙江农林大学,015,环境科学与工程,20,571,85932
2024,0011,浙江农林大学,016,地理信息科学,80,603,50058
2024,0011,浙江农林大学,017,测绘工程,24,574,82093
2024,0011,浙江农林大学,018,木材科学与工程,12,571,85851
2024,0011,浙江农林大学,019,家具设计与工程,25,561,97479
2024,0011,浙江农林大学,020,应用化学,39,565,92669
2024,0011,浙江农林大学,021,高分子材料与工程,31,577,78826
2024,0011,浙江农林大学,022,园林,14,601,52537
2024,0011,浙江农林大学,023,风景园林,72,600,53518
2024,0011,浙江农林大学,025,城乡规划,48,599,54824
2024,0011,浙江农林大学,026,建筑学,40,598,55446
2024,0011,浙江农林大学,027,土木工程,24,568,89009
2024,0011,浙江农林大学,028,农林经济管理,37,599,54596
2024,0011,浙江农林大学,029,会计学,83,609,44477
2024,0011,浙江农林大学,030,国际经济与贸易,25,601,52722
2024,0011,浙江农林大学,031,工商管理,55,601,52892
2024,0011,浙江农林大学,032,电子商务,38,598,55723
2024,0011,浙江农林大学,033,金融工程,27,577,79432
2024,0011,浙江农林大学,034,法学,90,613,40436
2024,0011,浙江农林大学,035,城市管理,29,598,55588
2024,0011,浙江农林大学,036,英语,84,596,57685
2024,0011,浙江农林大学,037,广告学,65,599,54940
2024,0011,浙江农林大学,038,汉语言文学,98,609,44162
2024,0011,浙江农林大学,042,工业设计,13,582,73185
2024,0011,浙江农林大学,043,应用统计学,35,586,68800
2024,0011,浙江农林大学,044,数据科学与大数据技术,34,590,63892
2024,0011,浙江农林大学,045,计算机科学与技术,93,592,62355
2024,0011,浙江农林大学,046,智能科学与技术,35,589,65740
2024,0011,浙江农林大学,047,物联网工程,33,588,66407
2024,0011,浙江农林大学,048,机械设计制造及其自动化,49,587,68289
2024,0011,浙江农林大学,049,电子信息工程,71,588,66177
2024,0011,浙江农林大学,050,智能装备与系统,34,583,71859
2024,0011,浙江农林大学,051,食品科学与工程,34,572,84736
2024,0011,浙江农林大学,052,食品质量与安全,25,569,88202
2024,0011,浙江农林大学,053,中药学,33,564,94647
2024,0011,浙江农林大学,054,生物制药,32,574,82577
2024,0011,浙江农林大学,055,设施农业科学与工程,19,567,90350
2024,0011,浙江农林大学,056,文化产业管理（茶文化）,27,598,55851
2024,0011,浙江农林大学,057,林学(中外合作办学)（中加合作办学项目）,9,563,95887
2024,0012,浙江中医药大学,001,中医学（5+3一体化）,76,638,19854
2024,0012,浙江中医药大学,002,中医学（5+3一体化，丹溪传承创新班）,15,653,11002
2024,0012,浙江中医药大学,003,中医学,141,610,42771
2024,0012,浙江中医药大学,004,中医骨伤科学,53,600,53141
2024,0012,浙江中医药大学,005,医学影像学,24,607,45711
2024,0012,浙江中医药大学,006,医学影像技术,17,577,78715
2024,0012,浙江中医药大学,007,中西医临床医学,50,606,46635
2024,0012,浙江中医药大学,008,中西医临床医学（传承创新班）,15,629,26032
2024,0012,浙江中医药大学,009,临床医学,425,597,56669
2024,0012,浙江中医药大学,010,中医学（5+3一体化，针灸推拿学方向）,25,633,22735
2024,0012,浙江中医药大学,011,针灸推拿学,84,588,66114
2024,0012,浙江中医药大学,012,中医康复学,61,579,77021
2024,0012,浙江中医药大学,013,康复治疗学,29,572,84476
2024,0012,浙江中医药大学,014,儿科学,21,592,61882
2024,0012,浙江中医药大学,015,预防医学,124,492,
2024,0012,浙江中医药大学,016,口腔医学,89,626,28235
2024,0012,浙江中医药大学,017,中药学（传承创新班）,15,601,51957
2024,0012,浙江中医药大学,018,中药学,96,565,92753
2024,0012,浙江中医药大学,019,药学,87,561,97338
2024,0012,浙江中医药大学,020,中草药栽培与鉴定,28,550,110791
2024,0012,浙江中医药大学,021,食品卫生与营养学,31,548,112811
2024,0012,浙江中医药大学,022,临床药学,25,589,65722
2024,0012,浙江中医药大学,023,护理学,210,547,114054
2024,0012,浙江中医药大学,024,助产学,34,536,127242
2024,0012,浙江中医药大学,025,听力与言语康复学,50,492,
2024,0012,浙江中医药大学,026,医学检验技术,87,561,97464
2024,0012,浙江中医药大学,027,卫生检验与检疫,35,492,
2024,0012,浙江中医药大学,028,医学信息工程,35,574,82760
2024,0012,浙江中医药大学,029,计算机科学与技术,38,586,68541
2024,0012,浙江中医药大学,030,数据科学与大数据技术,42,581,74129
2024,0012,浙江中医药大学,031,生物科学,100,500,168647
2024,0012,浙江中医药大学,032,医学实验技术,101,492,
2024,0012,浙江中医药大学,033,生物技术,43,492,
2024,0012,浙江中医药大学,034,公共事业管理,32,597,57234
2024,0012,浙江中医药大学,035,健康服务与管理,25,596,58203
2024,0012,浙江中医药大学,036,英语,31,595,59378
2024,0012,浙江中医药大学,037,国际商务,16,595,59365
2024,0013,中国计量大学,001,自动化,35,599,54373
2024,0013,中国计量大学,002,电气工程及其自动化,35,601,52018
2024,0013,中国计量大学,003,机械设计制造及其自动化,20,597,56769
2024,0013,中国计量大学,004,机械电子工程,30,594,59509
2024,0013,中国计量大学,005,测控技术与仪器,30,599,54776
2024,0013,中国计量大学,006,智能感知工程,20,594,60266
2024,0013,中国计量大学,007,电子信息工程,35,599,54425
2024,0013,中国计量大学,008,通信工程,35,595,58368
2024,0013,中国计量大学,009,计算机科学与技术,115,598,55195
2024,0013,中国计量大学,010,人工智能,60,594,60054
2024,0013,中国计量大学,011,光电信息科学与工程,35,595,58431
2024,0013,中国计量大学,012,电子科学与技术,35,596,57498
2024,0013,中国计量大学,013,微电子科学与工程,40,602,51116
2024,0013,中国计量大学,014,功能材料,18,587,67598
2024,0013,中国计量大学,015,材料科学与工程,30,588,66903
2024,0013,中国计量大学,016,应用化学,25,586,68850
2024,0013,中国计量大学,017,能源与动力工程,20,600,53383
2024,0013,中国计量大学,018,环境工程,6,589,65021
2024,0013,中国计量大学,019,安全工程,20,587,67355
2024,0013,中国计量大学,020,信息管理与信息系统,8,594,59741
2024,0013,中国计量大学,021,工商管理,140,602,51545
2024,0013,中国计量大学,022,财务管理,115,606,46674
2024,0013,中国计量大学,023,金融工程,80,576,79912
2024,0013,中国计量大学,024,国际经济与贸易,80,602,50937
2024,0013,中国计量大学,025,数学与应用数学,16,596,57781
2024,0013,中国计量大学,026,应用物理学,6,593,61200
2024,0013,中国计量大学,027,声学,6,592,62265
2024,0013,中国计量大学,028,数据科学与大数据技术,50,594,59585
2024,0013,中国计量大学,029,食品质量与安全,40,582,73060
2024,0013,中国计量大学,030,生物工程,30,581,74121
2024,0013,中国计量大学,031,药学,15,585,69877
2024,0013,中国计量大学,032,卫生检验与检疫,10,586,68636
2024,0013,中国计量大学,033,法学,150,616,36844
2024,0013,中国计量大学,034,知识产权,80,610,42912
2024,0013,中国计量大学,035,行政管理,72,601,52684
2024,0013,中国计量大学,036,汉语国际教育,76,601,52827
2024,0013,中国计量大学,037,汉语言文学,120,612,41496
2024,0013,中国计量大学,038,英语,69,599,54665
2024,0013,中国计量大学,039,工业设计,15,591,62839
2024,0013,中国计量大学,042,质量管理工程,20,593,60763
2024,0013,中国计量大学,043,工业工程,12,596,57663
2024,0013,中国计量大学,044,标准化工程,37,588,66369
2024,0013,中国计量大学,045,计算机科学与技术(中外合作办学),120,578,77813
2024,0013,中国计量大学,046,金融工程(中外合作办学),100,534,129523
2024,0014,浙江万里学院,001,会展经济与管理（中德2+2双学位班）,48,555,105398
2024,0014,浙江万里学院,002,广告学（中德2+2双学位班）,12,559,100798
2024,0014,浙江万里学院,003,国际经济与贸易（中外2+2双学位班）,20,563,96085
2024,0014,浙江万里学院,007,广告学(中外合作办学),22,556,103221
2024,0014,浙江万里学院,008,电气工程及其自动化,16,536,126992
2024,0014,浙江万里学院,009,物联网工程,30,527,138073
2024,0014,浙江万里学院,010,电子信息类,25,530,134285
2024,0014,浙江万里学院,011,机械电子工程,12,531,133028
2024,0014,浙江万里学院,012,网络空间安全,34,526,139087
2024,0014,浙江万里学院,013,人工智能,18,530,134363
2024,0014,浙江万里学院,014,计算机类,109,528,136141
2024,0014,浙江万里学院,015,统计学,50,520,145759
2024,0014,浙江万里学院,016,区块链工程,12,525,139930
2024,0014,浙江万里学院,017,法学,155,576,80150
2024,0014,浙江万里学院,018,社会工作,36,567,90372
2024,0014,浙江万里学院,019,知识产权,34,574,82766
2024,0014,浙江万里学院,020,财务管理,81,573,83460
2024,0014,浙江万里学院,021,国际经济与贸易,86,565,93175
2024,0014,浙江万里学院,022,国际商务,24,564,94484
2024,0014,浙江万里学院,023,会计学,104,575,81374
2024,0014,浙江万里学院,024,金融学,70,569,88585
2024,0014,浙江万里学院,025,金融工程,13,540,122616
2024,0014,浙江万里学院,026,会展经济与管理,32,565,93344
2024,0014,浙江万里学院,027,资产评估,34,566,92221
2024,0014,浙江万里学院,028,创业管理,19,562,96960
2024,0014,浙江万里学院,029,生物工程类,51,504,164270
2024,0014,浙江万里学院,030,生物技术,28,492,
2024,0014,浙江万里学院,031,环境科学与工程类,51,508,159510
2024,0014,浙江万里学院,032,食品科学与工程类,13,522,143438
2024,0014,浙江万里学院,033,日语,42,560,99352
2024,0014,浙江万里学院,034,商务英语,56,560,99230
2024,0014,浙江万里学院,035,英语,108,563,96052
2024,0014,浙江万里学院,036,汉语言文学,78,578,78383
2024,0014,浙江万里学院,037,新闻传播学类,221,564,94635
2024,0014,浙江万里学院,038,电子商务,45,562,96863
2024,0014,浙江万里学院,039,跨境电子商务,57,559,100363
2024,0014,浙江万里学院,040,物流管理,41,561,97863
2024,0014,浙江万里学院,041,数字经济,45,534,130010
2024,0014,浙江万里学院,042,工商管理,32,569,88577
2024,0014,浙江万里学院,043,供应链管理,31,562,96245
2024,0014,浙江万里学院,044,风景园林,38,562,96654
2024,0014,浙江万里学院,045,建筑学,29,566,92384
2024,0014,浙江万里学院,050,智能影像工程,27,513,153752
2024,0014,浙江万里学院,051,食品营养与健康,27,504,164130
2024,0015,浙江科技大学,001,机械设计制造及其自动化,19,574,82224
2024,0015,浙江科技大学,002,车辆工程,28,568,89599
2024,0015,浙江科技大学,003,能源与环境系统工程,48,564,93862
2024,0015,浙江科技大学,004,智能制造工程,50,568,89393
2024,0015,浙江科技大学,005,电气工程及其自动化,98,577,79352
2024,0015,浙江科技大学,006,自动化,68,572,85020
2024,0015,浙江科技大学,007,建筑电气与智能化,19,567,90474
2024,0015,浙江科技大学,008,机器人工程,48,569,88608
2024,0015,浙江科技大学,009,计算机科学与技术,66,578,78030
2024,0015,浙江科技大学,010,软件工程,65,574,82654
2024,0015,浙江科技大学,011,数字媒体技术,56,571,86058
2024,0015,浙江科技大学,012,电子信息工程,53,574,82507
2024,0015,浙江科技大学,013,通信工程,40,570,87019
2024,0015,浙江科技大学,014,人工智能,51,571,85935
2024,0015,浙江科技大学,015,土木工程,17,561,97759
2024,0015,浙江科技大学,016,城乡规划,46,588,66699
2024,0015,浙江科技大学,017,给排水科学与工程,9,562,96402
2024,0015,浙江科技大学,018,建筑学,47,587,67609
2024,0015,浙江科技大学,019,工程造价,30,567,90201
2024,0015,浙江科技大学,020,化学工程与工艺,10,564,93839
2024,0015,浙江科技大学,021,制药工程,8,564,94176
2024,0015,浙江科技大学,022,食品科学与工程,4,570,86986
2024,0015,浙江科技大学,023,工业设计,38,563,94937
2024,0015,浙江科技大学,026,经济与贸易类,112,586,68799
2024,0015,浙江科技大学,027,金融工程,55,563,95658
2024,0015,浙江科技大学,028,信息管理与信息系统,41,570,87609
2024,0015,浙江科技大学,029,国际经济与贸易（全英文授课班）,25,588,66603
2024,0015,浙江科技大学,030,国际商务（全英文授课班）,25,585,70376
2024,0015,浙江科技大学,031,经济学(中外合作办学)（中美合作）,6,585,70633
2024,0015,浙江科技大学,032,工商管理类,173,586,68663
2024,0015,浙江科技大学,033,汉语言文学,60,598,55561
2024,0015,浙江科技大学,034,信息与计算科学,62,566,91593
2024,0015,浙江科技大学,035,数据科学与大数据技术(中外合作办学)（中法合作）,40,561,97617
2024,0015,浙江科技大学,036,数据科学与大数据技术,47,573,83582
2024,0015,浙江科技大学,037,应用物理学,15,564,94033
2024,0015,浙江科技大学,038,英语,85,587,68310
2024,0015,浙江科技大学,039,机械类（中德联合培养）,22,563,95160
2024,0015,浙江科技大学,040,电气类（中德联合培养）,30,567,91036
2024,0015,浙江科技大学,041,计算机类（中德联合培养）,7,579,76602
2024,0015,浙江科技大学,042,信息与计算科学（中德联合培养）,6,572,84713
2024,0016,浙江财经大学,001,会计学（数智会计拔尖班）,15,636,20824
2024,0016,浙江财经大学,002,法学（数智法学拔尖班）,15,637,20274
2024,0016,浙江财经大学,003,金融学（智能金融强基班）,10,625,29160
2024,0016,浙江财经大学,004,财政学类,269,615,38171
2024,0016,浙江财经大学,005,公共管理类,10,610,42861
2024,0016,浙江财经大学,006,城乡规划,18,606,46920
2024,0016,浙江财经大学,007,工程管理,10,578,77534
2024,0016,浙江财经大学,008,会计学,165,623,30608
2024,0016,浙江财经大学,009,财务管理,111,618,35453
2024,0016,浙江财经大学,010,审计学,128,620,34018
2024,0016,浙江财经大学,011,会计学(中外合作办学),60,610,42865
2024,0016,浙江财经大学,012,金融学,155,612,41571
2024,0016,浙江财经大学,013,金融工程,52,581,74370
2024,0016,浙江财经大学,014,投资学,18,611,42212
2024,0016,浙江财经大学,015,金融学(中外合作办学),35,605,48699
2024,0016,浙江财经大学,016,工商管理类,98,608,45256
2024,0016,浙江财经大学,017,信息管理与信息系统,19,594,60145
2024,0016,浙江财经大学,018,电子商务,22,606,47081
2024,0016,浙江财经大学,019,市场营销(中外合作办学),10,603,50623
2024,0016,浙江财经大学,020,计算机类,166,595,58984
2024,0016,浙江财经大学,021,经济学,76,610,42832
2024,0016,浙江财经大学,022,国际经济与贸易（含数字贸易方向）,54,607,46146
2024,0016,浙江财经大学,023,数字经济,70,580,76351
2024,0016,浙江财经大学,024,法学,165,626,28369
2024,0016,浙江财经大学,025,社会工作,10,608,45429
2024,0016,浙江财经大学,026,外国语言文学类,10,605,48416
2024,0016,浙江财经大学,027,经济统计学,78,585,69485
2024,0016,浙江财经大学,028,应用统计学,53,593,61005
2024,0016,浙江财经大学,029,金融数学,31,580,75246
2024,0016,浙江财经大学,030,数据科学与大数据技术,50,599,54225
2024,0016,浙江财经大学,031,汉语言文学,80,624,30072
2024,0016,浙江财经大学,032,新闻传播学类,93,612,41303
2024,0016,浙江财经大学,038,金融科技,60,571,86686
2024,0016,浙江财经大学,039,金融工程（金融科创）,32,590,64288
2024,0017,嘉兴大学,001,经济学,105,591,63553
2024,0017,嘉兴大学,002,金融学,93,588,66198
2024,0017,嘉兴大学,003,国际经济与贸易,33,588,66879
2024,0017,嘉兴大学,004,跨境电子商务,14,587,68330
2024,0017,嘉兴大学,005,会计学,160,596,57670
2024,0017,嘉兴大学,006,财务管理,73,595,59372
2024,0017,嘉兴大学,007,工商管理,55,589,65471
2024,0017,嘉兴大学,008,人力资源管理,58,586,68758
2024,0017,嘉兴大学,009,物流管理,16,586,69244
2024,0017,嘉兴大学,010,市场营销,10,586,69231
2024,0017,嘉兴大学,011,汉语言文学,100,597,56852
2024,0017,嘉兴大学,012,汉语国际教育,60,589,65579
2024,0017,嘉兴大学,013,法学,117,599,54706
2024,0017,嘉兴大学,014,知识产权,58,594,60132
2024,0017,嘉兴大学,015,英语,88,586,68767
2024,0017,嘉兴大学,016,建筑学,12,586,68628
2024,0017,嘉兴大学,017,护理学,35,588,66907
2024,0017,嘉兴大学,018,数字经济,10,573,83492
2024,0017,嘉兴大学,019,金融数学,10,570,86776
2024,0017,嘉兴大学,020,应用统计学,10,565,92771
2024,0017,嘉兴大学,021,数学与应用数学,10,564,93874
2024,0017,嘉兴大学,022,数据科学与大数据技术,10,567,90344
2024,0017,嘉兴大学,023,临床医学,158,564,94116
2024,0017,嘉兴大学,024,药学,10,563,95343
2024,0017,嘉兴大学,025,麻醉学,35,565,93179
2024,0017,嘉兴大学,026,电子信息工程,28,568,89537
2024,0017,嘉兴大学,027,电气工程及其自动化,34,573,84011
2024,0017,嘉兴大学,028,机械设计制造及其自动化,10,570,87070
2024,0017,嘉兴大学,029,计算机科学与技术,76,568,89749
2024,0017,嘉兴大学,030,软件工程,10,568,89368
2024,0017,嘉兴大学,031,网络工程,10,567,90968
2024,0017,嘉兴大学,032,通信工程,10,567,90369
2024,0017,嘉兴大学,037,小学教育(师范),99,594,60006
2024,0017,嘉兴大学,038,学前教育(师范),60,585,70074
2024,0017,嘉兴大学,501,商务英语,60,539,123944
2024,0017,嘉兴大学,502,应用日语,60,524,141692
2024,0018,浙大城市学院,001,计算机科学与技术(拔尖创新班),10,594,59901
2024,0018,浙大城市学院,002,计算机科学与技术,70,586,69093
2024,0018,浙大城市学院,003,软件工程,59,581,74552
2024,0018,浙大城市学院,004,应用统计学,25,576,80221
2024,0018,浙大城市学院,005,电子科学与技术,19,581,74199
2024,0018,浙大城市学院,006,电子信息工程,63,579,76537
2024,0018,浙大城市学院,007,自动化,55,582,73439
2024,0018,浙大城市学院,008,人工智能,10,585,69589
2024,0018,浙大城市学院,009,土木工程,9,562,96283
2024,0018,浙大城市学院,010,机械电子工程,34,577,78998
2024,0018,浙大城市学院,011,智能制造工程,31,577,78749
2024,0018,浙大城市学院,012,智能建造,28,568,89223
2024,0018,浙大城市学院,013,临床医学,125,579,76830
2024,0018,浙大城市学院,014,药学,41,558,100862
2024,0018,浙大城市学院,015,护理学,40,570,86958
2024,0018,浙大城市学院,016,建筑学,56,589,65401
2024,0018,浙大城市学院,017,城乡规划,46,592,62234
2024,0018,浙大城市学院,018,数字经济,20,576,80138
2024,0018,浙大城市学院,019,金融学,59,595,59185
2024,0018,浙大城市学院,020,财务管理,69,599,55023
2024,0018,浙大城市学院,021,工商管理,40,594,59503
2024,0018,浙大城市学院,022,旅游管理,20,591,63461
2024,0018,浙大城市学院,023,新闻学,52,594,59794
2024,0018,浙大城市学院,024,广告学,36,593,60728
2024,0018,浙大城市学院,025,汉语言文学,54,601,52318
2024,0018,浙大城市学院,026,历史学,20,597,56403
2024,0018,浙大城市学院,027,法学,106,604,49634
2024,0018,浙大城市学院,028,行政管理,39,593,61057
2024,0018,浙大城市学院,029,英语,69,590,64666
2024,0018,浙大城市学院,030,日语,5,591,63524
2024,0018,浙大城市学院,031,德语,5,591,63388
2024,0018,浙大城市学院,032,考古学,30,597,56804
2024,0018,浙大城市学院,033,金融学(中外合作办学),86,580,76009
2024,0018,浙大城市学院,034,会展经济与管理(中外合作办学),20,580,76018
2024,0018,浙大城市学院,035,工业设计(中外合作办学),6,569,88263
2024,0019,浙大宁波理工学院,001,数字经济,20,561,97849
2024,0019,浙大宁波理工学院,002,金融学,95,583,72125
2024,0019,浙大宁波理工学院,003,国际经济与贸易,76,581,74288
2024,0019,浙大宁波理工学院,004,财务管理,96,588,66694
2024,0019,浙大宁波理工学院,005,国际商务,79,579,77475
2024,0019,浙大宁波理工学院,006,物流管理,63,580,76294
2024,0019,浙大宁波理工学院,007,电子商务,66,579,76934
2024,0019,浙大宁波理工学院,008,法学,100,593,61078
2024,0019,浙大宁波理工学院,009,新闻学,94,584,71538
2024,0019,浙大宁波理工学院,010,网络与新媒体,114,586,69479
2024,0019,浙大宁波理工学院,011,英语,137,578,77829
2024,0019,浙大宁波理工学院,012,日语,43,575,81575
2024,0019,浙大宁波理工学院,013,材料科学与工程,12,556,103316
2024,0019,浙大宁波理工学院,014,高分子材料与工程,14,558,101217
2024,0019,浙大宁波理工学院,015,机械设计制造及其自动化,42,563,94982
2024,0019,浙大宁波理工学院,016,智能制造工程,21,562,96170
2024,0019,浙大宁波理工学院,017,能源与环境系统工程,30,558,101842
2024,0019,浙大宁波理工学院,018,电气工程及其自动化,38,568,89980
2024,0019,浙大宁波理工学院,019,电子信息工程,60,564,94420
2024,0019,浙大宁波理工学院,020,自动化,31,564,94782
2024,0019,浙大宁波理工学院,021,信息与计算科学,34,561,97430
2024,0019,浙大宁波理工学院,022,计算机科学与技术,87,566,91730
2024,0019,浙大宁波理工学院,023,数据科学与大数据技术,37,564,93953
2024,0019,浙大宁波理工学院,024,土木工程,24,551,109686
2024,0019,浙大宁波理工学院,025,智能建造,18,557,102383
2024,0019,浙大宁波理工学院,026,工程管理,14,559,99843
2024,0019,浙大宁波理工学院,027,化学工程与工艺,22,553,107787
2024,0019,浙大宁波理工学院,028,生物工程,23,550,110409
2024,0019,浙大宁波理工学院,029,工业设计,17,558,100827
2024,0019,浙大宁波理工学院,030,智能交互设计,13,561,97565
2024,0019,浙大宁波理工学院,031,建筑学,33,581,75015
2024,0019,浙大宁波理工学院,034,金融学(中外合作办学),42,570,87050
2024,0019,浙大宁波理工学院,035,国际经济与贸易(中外合作办学),17,573,83657
2024,0020,杭州师范大学,001,经济学,30,611,42314
2024,0020,杭州师范大学,002,金融工程,17,589,65928
2024,0020,杭州师范大学,003,数字经济,8,601,52306
2024,0020,杭州师范大学,004,行政管理,42,615,38572
2024,0020,杭州师范大学,005,社会学,20,615,38633
2024,0020,杭州师范大学,006,社会工作,40,610,42868
2024,0020,杭州师范大学,007,电子商务（数字商务创新实验班）,3,599,54768
2024,0020,杭州师范大学,008,国际商务,4,613,39933
2024,0020,杭州师范大学,009,大数据管理与应用,10,601,52082
2024,0020,杭州师范大学,010,会计学,50,619,34633
2024,0020,杭州师范大学,011,法学,145,632,23919
2024,0020,杭州师范大学,012,知识产权,27,625,29074
2024,0020,杭州师范大学,013,思想政治教育(师范),68,632,24051
2024,0020,杭州师范大学,014,小学教育(师范),86,629,25829
2024,0020,杭州师范大学,015,学前教育(师范),20,608,45498
2024,0020,杭州师范大学,016,应用心理学(师范),31,574,82090
2024,0020,杭州师范大学,017,应用心理学,31,578,77839
2024,0020,杭州师范大学,018,教育技术学(师范),35,556,104305
2024,0020,杭州师范大学,021,汉语言文学（经亨颐实验班）(师范),182,638,19806
2024,0020,杭州师范大学,022,汉语言文学,33,636,21114
2024,0020,杭州师范大学,023,汉语国际教育,25,623,31156
2024,0020,杭州师范大学,024,历史学(师范),63,634,22473
2024,0020,杭州师范大学,025,英语（经亨颐实验班）(师范),115,627,27745
2024,0020,杭州师范大学,026,英语,35,623,31254
2024,0020,杭州师范大学,027,翻译,18,610,43308
2024,0020,杭州师范大学,028,数学与应用数学（经亨颐实验班）(师范),154,600,53053
2024,0020,杭州师范大学,029,数据科学与大数据技术,25,611,41948
2024,0020,杭州师范大学,030,统计学,13,605,48070
2024,0020,杭州师范大学,031,物理学(师范),104,583,72178
2024,0020,杭州师范大学,032,科学教育(师范),34,598,55546
2024,0020,杭州师范大学,033,化学(师范),119,581,74116
2024,0020,杭州师范大学,034,应用化学,2,595,59288
2024,0020,杭州师范大学,035,生物科学(师范),157,492,
2024,0020,杭州师范大学,036,生物技术,14,591,63013
2024,0020,杭州师范大学,037,计算机科学与技术(师范),60,597,56454
2024,0020,杭州师范大学,038,计算机科学与技术,22,608,45533
2024,0020,杭州师范大学,039,计算机科学与技术（金融信息服务方向）,5,604,49076
2024,0020,杭州师范大学,040,软件工程,11,607,45878
2024,0020,杭州师范大学,041,电子信息工程,6,606,46759
2024,0020,杭州师范大学,042,地理信息科学,20,604,49364
2024,0020,杭州师范大学,043,机械设计制造及其自动化,4,603,50096
2024,0020,杭州师范大学,044,工业设计,1,602,51038
2024,0020,杭州师范大学,045,临床医学,160,590,64194
2024,0020,杭州师范大学,046,口腔医学,74,616,37591
2024,0020,杭州师范大学,047,预防医学,14,580,75339
2024,0020,杭州师范大学,048,公共事业管理（卫生事业管理方向）,15,612,41343
2024,0020,杭州师范大学,049,健康服务与管理,5,609,44216
2024,0020,杭州师范大学,050,药学,15,587,67418
2024,0020,杭州师范大学,051,护理学,7,597,56796
2024,0020,杭州师范大学,062,文化产业管理,14,609,44190
2024,0020,杭州师范大学,064,地理信息科学(中外合作办学),20,570,87750
2024,0020,杭州师范大学,065,应用化学(中外合作办学),20,560,98562
2024,0020,杭州师范大学,066,高分子材料与工程(中外合作办学),20,560,98609
2024,0021,湖州师范学院,001,小学教育（胡瑗班）(师范),10,623,31208
2024,0021,湖州师范学院,002,计算机科学与技术（图灵班）,10,578,77685
2024,0021,湖州师范学院,003,国际经济与贸易,12,586,69482
2024,0021,湖州师范学院,004,财务管理,39,590,64652
2024,0021,湖州师范学院,007,历史学(师范),72,601,52767
2024,0021,湖州师范学院,008,行政管理,20,588,66774
2024,0021,湖州师范学院,009,知识产权,40,590,64661
2024,0021,湖州师范学院,010,思想政治教育(师范),87,606,47289
2024,0021,湖州师范学院,011,小学教育(师范),137,604,49333
2024,0021,湖州师范学院,012,教育技术学(师范),25,522,143735
2024,0021,湖州师范学院,013,学前教育(师范),3,599,54538
2024,0021,湖州师范学院,014,应用心理学(师范),26,594,59967
2024,0021,湖州师范学院,015,汉语言文学(师范),146,602,51169
2024,0021,湖州师范学院,016,新闻学,10,594,60494
2024,0021,湖州师范学院,017,英语(师范),73,595,59183
2024,0021,湖州师范学院,018,数学与应用数学(师范),118,538,124702
2024,0021,湖州师范学院,019,数据科学与大数据技术,15,565,92592
2024,0021,湖州师范学院,020,物理学(师范),65,492,
2024,0021,湖州师范学院,021,科学教育(师范),80,492,
2024,0021,湖州师范学院,022,计算机科学与技术,58,566,91570
2024,0021,湖州师范学院,023,人工智能,8,563,95011
2024,0021,湖州师范学院,024,电子信息工程,17,564,93807
2024,0021,湖州师范学院,025,电气工程及其自动化,10,568,89851
2024,0021,湖州师范学院,026,制药工程,4,557,102505
2024,0021,湖州师范学院,028,化学(师范),23,548,113618
2024,0021,湖州师范学院,029,临床医学,114,547,114329
2024,0021,湖州师范学院,030,口腔医学,48,584,71247
2024,0021,湖州师范学院,031,护理学,20,561,98022
2024,0021,湖州师范学院,032,生物科学(师范),38,492,
2024,0021,湖州师范学院,036,智能制造工程,5,563,95265
2024,0021,湖州师范学院,501,护理,40,551,109555
2024,0022,绍兴文理学院,001,汉语言文学（祖楠班）(师范),20,621,32957
2024,0022,绍兴文理学院,002,小学教育（祖楠班）(师范),20,615,38206
2024,0022,绍兴文理学院,003,英语（祖楠班）(师范),15,610,42824
2024,0022,绍兴文理学院,004,汉语言文学(师范),148,602,51538
2024,0022,绍兴文理学院,005,小学教育(师范),90,596,57756
2024,0022,绍兴文理学院,006,英语(师范),85,592,62187
2024,0022,绍兴文理学院,007,思想政治教育(师范),40,600,53714
2024,0022,绍兴文理学院,008,数学与应用数学(师范),92,535,127969
2024,0022,绍兴文理学院,009,物理学(师范),27,546,115327
2024,0022,绍兴文理学院,010,化学(师范),29,532,132343
2024,0022,绍兴文理学院,011,科学教育(师范),50,492,
2024,0022,绍兴文理学院,012,学前教育(中外合作办学)(师范),20,569,88878
2024,0022,绍兴文理学院,013,工商管理,65,584,71694
2024,0022,绍兴文理学院,014,会计学,123,592,62761
2024,0022,绍兴文理学院,015,国际经济与贸易,55,584,70739
2024,0022,绍兴文理学院,016,法学,88,597,56694
2024,0022,绍兴文理学院,017,公共事业管理,40,582,73455
2024,0022,绍兴文理学院,018,应用心理学,25,586,68809
2024,0022,绍兴文理学院,019,建筑学,35,581,74319
2024,0022,绍兴文理学院,020,护理学,49,585,69642
2024,0022,绍兴文理学院,021,临床医学,110,555,105170
2024,0022,绍兴文理学院,022,医学影像学,30,568,89330
2024,0022,绍兴文理学院,023,医学检验技术,35,518,147944
2024,0022,绍兴文理学院,024,康复治疗学,24,520,146139
2024,0022,绍兴文理学院,025,药学,70,514,153194
2024,0022,绍兴文理学院,026,生物科学,38,509,158542
2024,0022,绍兴文理学院,027,环境科学,27,543,118640
2024,0022,绍兴文理学院,028,应用化学,24,546,115672
2024,0022,绍兴文理学院,029,应用统计学,35,555,104736
2024,0022,绍兴文理学院,030,电子信息工程,35,559,99711
2024,0022,绍兴文理学院,031,微电子科学与工程,35,556,103297
2024,0022,绍兴文理学院,032,光电信息科学与工程,26,554,105927
2024,0022,绍兴文理学院,033,计算机科学与技术,65,561,97292
2024,0022,绍兴文理学院,034,数据科学与大数据技术,26,560,99376
2024,0022,绍兴文理学院,035,机械电子工程,36,556,103362
2024,0022,绍兴文理学院,036,智能制造工程,25,558,101672
2024,0022,绍兴文理学院,037,自动化,36,559,99972
2024,0022,绍兴文理学院,038,机器人工程,21,556,103754
2024,0022,绍兴文理学院,039,大数据管理与应用,20,563,95909
2024,0022,绍兴文理学院,502,大数据与会计,60,538,124676
2024,0022,绍兴文理学院,503,酒店管理与数字化运营,40,524,141645
2024,0022,绍兴文理学院,504,商务英语,60,529,135574
2024,0023,台州学院,006,汉语言文学,52,594,60073
2024,0023,台州学院,007,汉语言文学(师范),80,597,56526
2024,0023,台州学院,008,历史学(师范),43,594,60245
2024,0023,台州学院,009,网络与新媒体,60,582,73372
2024,0023,台州学院,010,工商管理,24,582,73288
2024,0023,台州学院,011,国际经济与贸易,41,579,77330
2024,0023,台州学院,012,财务管理,56,586,69374
2024,0023,台州学院,013,旅游管理（创新实验班）,16,577,79396
2024,0023,台州学院,014,金融学,25,583,72865
2024,0023,台州学院,015,金融学（小微金融）,27,580,75375
2024,0023,台州学院,016,英语,64,581,74624
2024,0023,台州学院,017,英语(师范),58,590,64972
2024,0023,台州学院,018,商务英语,121,572,85240
2024,0023,台州学院,019,俄语,17,575,81873
2024,0023,台州学院,020,计算机科学与技术,128,546,115883
2024,0023,台州学院,021,数学与应用数学(师范),98,492,
2024,0023,台州学院,022,电子信息工程,78,539,123316
2024,0023,台州学院,023,数据科学与大数据技术,38,542,119932
2024,0023,台州学院,024,网络空间安全,21,540,122107
2024,0023,台州学院,025,生物科学,26,492,
2024,0023,台州学院,026,科学教育(师范),46,492,
2024,0023,台州学院,027,环境工程,25,511,156411
2024,0023,台州学院,028,环境生态工程,16,515,151546
2024,0023,台州学院,029,化学工程与工艺,30,514,152950
2024,0023,台州学院,030,制药工程,70,501,167566
2024,0023,台州学院,031,高分子材料与工程,27,531,133529
2024,0023,台州学院,032,应用化学,30,511,156342
2024,0023,台州学院,033,小学教育(师范),42,594,59934
2024,0023,台州学院,034,学前教育(师范),78,579,77178
2024,0023,台州学院,036,机械设计制造及其自动化,35,540,122870
2024,0023,台州学院,037,机械电子工程,31,537,125752
2024,0023,台州学院,038,无人驾驶航空器系统工程,15,536,127055
2024,0023,台州学院,039,智能制造工程,36,537,125704
2024,0023,台州学院,040,机械电子工程（杰克卓越工程师班）,15,542,120124
2024,0023,台州学院,041,电气工程及其自动化,50,547,114093
2024,0023,台州学院,042,土木工程,19,529,135338
2024,0023,台州学院,043,给排水科学与工程,17,531,132817
2024,0023,台州学院,044,道路桥梁与渡河工程,21,528,136051
2024,0023,台州学院,045,建筑学,24,579,77448
2024,0023,台州学院,046,土木工程(中外合作办学),50,503,165513
2024,0023,台州学院,047,护理学,138,511,156403
2024,0023,台州学院,048,临床医学,81,543,118624
2024,0023,台州学院,049,医学检验技术,37,523,142702
2024,0023,台州学院,050,康复治疗学,37,504,164187
2024,0023,台州学院,051,助产学,36,492,
2024,0023,台州学院,052,思想政治教育(师范),51,594,60047
2024,0023,台州学院,053,材料科学与工程,12,531,132944
2024,0023,台州学院,054,材料物理,10,533,130358
2024,0023,台州学院,055,材料成型及控制工程,7,536,127057
2024,0023,台州学院,056,生物制药,15,523,142562
2024,0023,台州学院,057,药学,15,539,123462
2024,0024,温州大学,001,财务管理,72,605,48092
2024,0024,温州大学,002,工商管理,34,600,53208
2024,0024,温州大学,003,国际经济与贸易,31,599,54717
2024,0024,温州大学,004,金融工程,78,566,91646
2024,0024,温州大学,005,法学,71,614,39405
2024,0024,温州大学,006,行政管理,19,601,52197
2024,0024,温州大学,007,国际经贸规则,20,603,50473
2024,0024,温州大学,008,思想政治教育(师范),53,620,33314
2024,0024,温州大学,009,应用心理学(师范),19,607,46131
2024,0024,温州大学,010,学前教育(师范),18,599,54208
2024,0024,温州大学,011,小学教育(师范),75,617,35977
2024,0024,温州大学,012,教育技术学(师范),29,527,137785
2024,0024,温州大学,015,广告学,29,599,54104
2024,0024,温州大学,016,汉语言文学（创意中文实验班）,33,620,33991
2024,0024,温州大学,017,汉语言文学(师范),88,624,30466
2024,0024,温州大学,018,历史学(师范),43,620,33894
2024,0024,温州大学,019,翻译,32,597,57293
2024,0024,温州大学,020,英语(师范),65,615,38608
2024,0024,温州大学,021,日语,21,595,59429
2024,0024,温州大学,025,服装设计与工程（卓工超豪示范班）,20,595,59200
2024,0024,温州大学,030,数学与应用数学(师范),78,584,70951
2024,0024,温州大学,031,物理学(师范),60,568,89222
2024,0024,温州大学,032,信息与计算科学,20,584,70705
2024,0024,温州大学,033,应用统计学,53,578,77687
2024,0024,温州大学,034,材料科学与工程,22,571,85682
2024,0024,温州大学,035,化学(师范),75,548,113423
2024,0024,温州大学,036,应用化学,30,565,93284
2024,0024,温州大学,037,能源化学,14,571,85749
2024,0024,温州大学,038,环境工程,8,568,89552
2024,0024,温州大学,039,生物技术,64,492,
2024,0024,温州大学,040,生物科学(师范),69,492,
2024,0024,温州大学,041,生态学,8,509,158659
2024,0024,温州大学,042,车辆工程,12,580,75918
2024,0024,温州大学,043,工业工程,27,578,77793
2024,0024,温州大学,044,机械工程（卓工超豪示范班）,41,582,73368
2024,0024,温州大学,045,机械工程(中外合作办学),20,569,88041
2024,0024,温州大学,046,智能制造工程,20,581,74155
2024,0024,温州大学,047,建筑学,25,597,56715
2024,0024,温州大学,048,土木工程,21,558,100856
2024,0024,温州大学,049,城市地下空间工程,7,566,92113
2024,0024,温州大学,050,电气工程及其自动化（卓工超豪示范班）,80,591,63576
2024,0024,温州大学,051,集成电路设计与集成系统,52,579,77114
2024,0024,温州大学,052,电子信息科学与技术,76,581,74026
2024,0024,温州大学,053,计算机科学与技术,74,591,63224
2024,0024,温州大学,054,人工智能,54,582,73677
2024,0024,温州大学,055,数据科学与大数据技术,91,582,72900
2024,0024,温州大学,056,网络工程（卓工超豪示范班）,55,588,66669
2024,0025,浙江外国语学院,001,英语(师范),91,597,57100
2024,0025,浙江外国语学院,002,英语,27,593,61404
2024,0025,浙江外国语学院,003,商务英语,28,586,68911
2024,0025,浙江外国语学院,004,翻译,55,581,74944
2024,0025,浙江外国语学院,005,日语,62,580,76250
2024,0025,浙江外国语学院,006,阿拉伯语,5,583,72745
2024,0025,浙江外国语学院,007,朝鲜语,12,580,76339
2024,0025,浙江外国语学院,008,土耳其语,4,578,78128
2024,0025,浙江外国语学院,009,法语,30,587,68152
2024,0025,浙江外国语学院,010,西班牙语,26,586,69105
2024,0025,浙江外国语学院,011,西班牙语(中外合作办学)（旅游方向）,10,576,80191
2024,0025,浙江外国语学院,012,意大利语,5,582,73840
2024,0025,浙江外国语学院,013,意大利语(中外合作办学),4,575,81259
2024,0025,浙江外国语学院,014,葡萄牙语,5,581,74797
2024,0025,浙江外国语学院,015,俄语,10,582,73739
2024,0025,浙江外国语学院,016,德语,26,583,72610
2024,0025,浙江外国语学院,017,汉语言文学(师范),58,603,50067
2024,0025,浙江外国语学院,018,汉语国际教育,31,592,62086
2024,0025,浙江外国语学院,019,网络与新媒体,19,596,58165
2024,0025,浙江外国语学院,020,旅游管理（全英教学）,18,579,77467
2024,0025,浙江外国语学院,021,旅游管理,11,582,72992
2024,0025,浙江外国语学院,022,会展经济与管理,18,586,69094
2024,0025,浙江外国语学院,023,小学教育(师范),91,598,56182
2024,0025,浙江外国语学院,024,学前教育(师范),22,590,64670
2024,0025,浙江外国语学院,025,科学教育(师范),72,492,
2024,0025,浙江外国语学院,026,数学与应用数学(师范),30,540,122111
2024,0025,浙江外国语学院,027,金融工程,60,542,120081
2024,0025,浙江外国语学院,028,计算机科学与技术,21,566,91595
2024,0025,浙江外国语学院,029,电子商务,46,584,71744
2024,0025,浙江外国语学院,030,跨境电子商务,48,581,74393
2024,0025,浙江外国语学院,031,国际商务,27,585,70007
2024,0025,浙江外国语学院,032,国际经济与贸易,38,589,65594
2024,0025,浙江外国语学院,033,国际经济与贸易（全英教学）,32,586,69403
2024,0027,浙江传媒学院,020,广播电视编导,23,599,54958
2024,0027,浙江传媒学院,021,数字媒体艺术,17,595,59184
2024,0027,浙江传媒学院,022,摄影,17,581,74714
2024,0027,浙江传媒学院,023,戏剧影视文学,23,589,66064
2024,0027,浙江传媒学院,024,广播电视学,19,609,44370
2024,0027,浙江传媒学院,025,新闻学,20,607,46555
2024,0027,浙江传媒学院,026,编辑出版学,18,599,54574
2024,0027,浙江传媒学院,027,传播学,19,605,48298
2024,0027,浙江传媒学院,028,汉语言文学（网络文学与创意写作）,6,603,50754
2024,0027,浙江传媒学院,029,汉语言文学,22,599,54619
2024,0027,浙江传媒学院,030,文化产业管理,29,590,64813
2024,0027,浙江传媒学院,031,网络与新媒体,25,600,53335
2024,0027,浙江传媒学院,032,广告学,19,596,57591
2024,0027,浙江传媒学院,033,会展经济与管理,12,589,65909
2024,0027,浙江传媒学院,034,公共关系学,8,589,65901
2024,0027,浙江传媒学院,035,虚拟现实技术,14,565,92784
2024,0027,浙江传媒学院,036,数字媒体技术,28,579,76599
2024,0027,浙江传媒学院,037,广播电视工程,17,551,109269
2024,0027,浙江传媒学院,038,软件工程（传媒大数据）,17,574,82388
2024,0027,浙江传媒学院,039,电子科学与技术（演艺工程与舞台技术）,16,560,98608
2024,0027,浙江传媒学院,040,网络工程,16,570,87013
2024,0027,浙江传媒学院,041,人工智能,17,571,86135
2024,0027,浙江传媒学院,042,电影制作,9,546,115213
2024,0027,浙江传媒学院,043,英语,12,592,61795
2024,0027,浙江传媒学院,045,传播学(中外合作办学),27,585,70557
2024,0028,宁波工程学院,001,电子信息工程,85,553,107777
2024,0028,宁波工程学院,002,电子科学与技术,41,552,108422
2024,0028,宁波工程学院,003,电气工程及其自动化,68,557,102188
2024,0028,宁波工程学院,004,土木工程,69,525,139873
2024,0028,宁波工程学院,005,交通工程,36,534,129183
2024,0028,宁波工程学院,006,工程管理,20,544,118003
2024,0028,宁波工程学院,007,智能建造,20,538,124939
2024,0028,宁波工程学院,008,建筑环境与能源应用工程,25,532,131922
2024,0028,宁波工程学院,009,建筑学,29,581,74259
2024,0028,宁波工程学院,010,机械设计制造及其自动化,75,547,114483
2024,0028,宁波工程学院,011,机械设计制造及其自动化(中外合作办学),30,528,136355
2024,0028,宁波工程学院,012,材料成型及控制工程,25,536,126780
2024,0028,宁波工程学院,013,汽车服务工程,9,535,128090
2024,0028,宁波工程学院,014,车辆工程,25,542,120380
2024,0028,宁波工程学院,015,化学工程与工艺,72,516,150368
2024,0028,宁波工程学院,016,油气储运工程,15,526,138545
2024,0028,宁波工程学院,017,应用化学,24,527,137687
2024,0028,宁波工程学院,018,安全工程,15,534,129590
2024,0028,宁波工程学院,019,材料科学与工程,5,543,119081
2024,0028,宁波工程学院,020,材料物理,5,539,123423
2024,0028,宁波工程学院,021,金融工程,49,544,117465
2024,0028,宁波工程学院,022,信息与计算科学,47,548,113172
2024,0028,宁波工程学院,023,应用统计学,49,536,127060
2024,0028,宁波工程学院,024,数据科学与大数据技术,53,553,106900
2024,0028,宁波工程学院,025,会计学,79,586,68836
2024,0028,宁波工程学院,026,国际经济与贸易,57,578,77938
2024,0028,宁波工程学院,027,电子商务,52,577,79096
2024,0028,宁波工程学院,028,市场营销,33,575,81699
2024,0028,宁波工程学院,029,国际商务,46,575,81487
2024,0028,宁波工程学院,030,物流管理,50,576,80466
2024,0028,宁波工程学院,031,物流工程,42,547,114604
2024,0028,宁波工程学院,032,英语,34,578,78449
2024,0028,宁波工程学院,033,商务英语,59,572,85457
2024,0028,宁波工程学院,034,日语,40,571,86459
2024,0028,宁波工程学院,035,德语,36,571,86186
2024,0028,宁波工程学院,036,汉语言文学,42,590,64913
2024,0028,宁波工程学院,037,广告学,43,579,76724
2024,0028,宁波工程学院,038,工业设计,31,538,124591
2024,0028,宁波工程学院,039,城市管理,46,577,79745
2024,0028,宁波工程学院,040,网络与新媒体,26,582,73504
2024,0028,宁波工程学院,041,会计学(中外合作办学)（4+0）,93,570,87846
2024,0028,宁波工程学院,042,会计学(中外合作办学)（3+1）,15,568,89832
2024,0028,宁波工程学院,043,信息与计算科学(中外合作办学),30,527,137519
2024,0028,宁波工程学院,044,机器人工程,65,542,120424
2024,0028,宁波工程学院,045,计算机科学与技术,54,560,99467
2024,0028,宁波工程学院,046,网络工程,32,553,107359
2024,0028,宁波工程学院,047,人工智能,59,554,105884
2024,0028,宁波工程学院,048,网络空间安全,54,546,115710
2024,0028,宁波工程学院,049,密码科学与技术,34,538,125052
2024,0028,宁波工程学院,050,新能源科学与工程,53,543,118961
2024,0028,宁波工程学院,051,储能科学与工程,29,536,126937
2024,0028,宁波工程学院,052,新能源材料与器件,34,539,123447
2024,0029,衢州学院,001,化学工程与工艺,46,510,157268
2024,0029,衢州学院,002,环境工程,32,502,166557
2024,0029,衢州学院,003,高分子材料与工程,32,525,139645
2024,0029,衢州学院,004,新能源材料与器件,29,532,131752
2024,0029,衢州学院,005,机械设计制造及其自动化,34,535,128293
2024,0029,衢州学院,006,材料成型及控制工程,6,532,131730
2024,0029,衢州学院,007,机械电子工程,35,532,131488
2024,0029,衢州学院,008,机器人工程,34,532,132049
2024,0029,衢州学院,009,智能制造工程,30,532,131704
2024,0029,衢州学院,010,土木工程,20,526,138671
2024,0029,衢州学院,011,工程管理,12,542,120587
2024,0029,衢州学院,012,建筑学,30,576,80750
2024,0029,衢州学院,013,智能建造,17,531,132619
2024,0029,衢州学院,014,电气工程及其自动化,25,543,118689
2024,0029,衢州学院,015,自动化,25,537,126321
2024,0029,衢州学院,016,数据科学与大数据技术,35,534,129365
2024,0029,衢州学院,017,人工智能,34,533,130387
2024,0029,衢州学院,018,人力资源管理,54,577,79715
2024,0029,衢州学院,019,电子商务,43,574,82889
2024,0029,衢州学院,020,互联网金融,47,539,123763
2024,0029,衢州学院,021,旅游管理与服务教育,56,572,85540
2024,0029,衢州学院,022,汉语言文学(师范),38,593,61618
2024,0029,衢州学院,023,数学与应用数学(师范),61,492,
2024,0029,衢州学院,024,小学教育(师范),51,590,64480
2024,0029,衢州学院,025,学前教育(师范),15,583,72189
2024,0029,衢州学院,026,英语(师范),45,587,68369
2024,0029,衢州学院,027,商务英语,59,571,86384
2024,0029,衢州学院,501,建筑工程技术,40,492,
2024,0030,浙江水利水电学院,001,水利水电工程,78,558,101680
2024,0030,浙江水利水电学院,002,农业水利工程,79,532,131580
2024,0030,浙江水利水电学院,003,水文与水资源工程,32,545,116738
2024,0030,浙江水利水电学院,004,港口航道与海岸工程,21,531,132600
2024,0030,浙江水利水电学院,005,环境生态工程,27,530,134449
2024,0030,浙江水利水电学院,006,智慧水利,65,539,124214
2024,0030,浙江水利水电学院,007,测绘工程,14,536,127103
2024,0030,浙江水利水电学院,008,给排水科学与工程,29,535,128223
2024,0030,浙江水利水电学院,009,道路桥梁与渡河工程,7,538,125012
2024,0030,浙江水利水电学院,010,地理信息科学,43,584,71300
2024,0030,浙江水利水电学院,011,遥感科学与技术,32,538,124587
2024,0030,浙江水利水电学院,012,土木工程,17,532,131447
2024,0030,浙江水利水电学院,013,工程造价,66,543,119216
2024,0030,浙江水利水电学院,014,工程管理,20,544,117551
2024,0030,浙江水利水电学院,015,建筑环境与能源应用工程,7,538,125006
2024,0030,浙江水利水电学院,016,电气工程及其自动化,19,563,95188
2024,0030,浙江水利水电学院,017,新能源科学与工程,12,550,110751
2024,0030,浙江水利水电学院,018,自动化,28,554,105645
2024,0030,浙江水利水电学院,019,智能电网信息工程,29,546,115172
2024,0030,浙江水利水电学院,020,智能感知工程,55,538,124646
2024,0030,浙江水利水电学院,021,机械设计制造及其自动化,26,552,108802
2024,0030,浙江水利水电学院,022,机械设计制造及其自动化(中外合作办学),52,530,134172
2024,0030,浙江水利水电学院,023,材料成型及控制工程,6,542,120128
2024,0030,浙江水利水电学院,024,车辆工程,6,547,114144
2024,0030,浙江水利水电学院,025,机器人工程,43,543,119036
2024,0030,浙江水利水电学院,026,人力资源管理,15,583,72318
2024,0030,浙江水利水电学院,027,国际商务,36,577,79325
2024,0030,浙江水利水电学院,028,物流工程,15,554,105701
2024,0030,浙江水利水电学院,029,金融工程,15,560,99139
2024,0030,浙江水利水电学院,030,软件工程,58,555,104807
2024,0030,浙江水利水电学院,031,物联网工程,42,550,110573
2024,0030,浙江水利水电学院,032,数字媒体技术,35,549,111560
2024,0030,浙江水利水电学院,033,人工智能,43,548,113178
2024,0030,浙江水利水电学院,034,商务英语,61,574,83026
2024,0030,浙江水利水电学院,035,翻译,46,573,84262
2024,0030,浙江水利水电学院,036,智能建造,60,536,126797
2024,0030,浙江水利水电学院,037,智能制造工程,40,542,120129
2024,0030,浙江水利水电学院,038,网络空间安全,60,542,120356
2024,0033,浙江树人学院,001,工商管理,33,552,108952
2024,0033,浙江树人学院,002,市场营销,48,542,120579
2024,0033,浙江树人学院,003,财务管理,55,560,99363
2024,0033,浙江树人学院,004,物业管理,64,539,124108
2024,0033,浙江树人学院,005,公共事业管理,20,549,112613
2024,0033,浙江树人学院,006,土木工程,160,492,
2024,0033,浙江树人学院,007,建筑学,54,542,120613
2024,0033,浙江树人学院,008,城乡规划,60,546,116183
2024,0033,浙江树人学院,009,新闻学,19,557,102353
2024,0033,浙江树人学院,010,网络与新媒体,41,558,101397
2024,0033,浙江树人学院,011,汉语言文学,48,567,90931
2024,0033,浙江树人学院,012,秘书学,12,559,100646
2024,0033,浙江树人学院,013,汉语国际教育,17,560,99452
2024,0033,浙江树人学院,014,英语,37,551,109780
2024,0033,浙江树人学院,015,日语,4,553,107213
2024,0033,浙江树人学院,016,朝鲜语,30,536,127721
2024,0033,浙江树人学院,017,投资学,59,540,122253
2024,0033,浙江树人学院,018,国际商务,54,542,120691
2024,0033,浙江树人学院,019,国际经济与贸易,35,551,110322
2024,0033,浙江树人学院,020,国际经济与贸易（茶文化贸易方向）,25,542,120220
2024,0033,浙江树人学院,021,旅游管理,42,540,123161
2024,0033,浙江树人学院,022,会展经济与管理,54,541,121905
2024,0033,浙江树人学院,023,家政学,13,551,109812
2024,0033,浙江树人学院,024,社会工作,39,547,114224
2024,0033,浙江树人学院,030,通信工程,91,493,176142
2024,0033,浙江树人学院,031,物联网工程,51,496,172871
2024,0033,浙江树人学院,032,计算机科学与技术,72,507,161214
2024,0033,浙江树人学院,033,数据科学与大数据技术,43,501,167417
2024,0033,浙江树人学院,034,数字媒体技术,43,500,168894
2024,0033,浙江树人学院,035,人工智能,99,496,173398
2024,0033,浙江树人学院,036,环境工程,100,492,
2024,0033,浙江树人学院,037,应用化学,93,492,
2024,0033,浙江树人学院,038,生物工程,64,492,
2024,0033,浙江树人学院,039,环境生态工程,64,492,
2024,0033,浙江树人学院,040,食品科学与工程,60,492,
2024,0033,浙江树人学院,041,食品质量与安全,26,492,
2024,0033,浙江树人学院,042,临床医学,90,497,172080
2024,0033,浙江树人学院,043,医学检验技术,43,492,
2024,0033,浙江树人学院,044,护理学,130,554,105851
2024,0033,浙江树人学院,501,国际金融,125,492,
2024,0033,浙江树人学院,502,电子商务,143,492,
2024,0033,浙江树人学院,503,大数据与会计,89,512,155435
2024,0033,浙江树人学院,504,商务数据分析与应用,70,492,
2024,0033,浙江树人学院,505,应用英语,54,506,162718
2024,0033,浙江树人学院,506,现代文秘（涉外方向）,84,492,
2024,0036,杭州医学院,001,临床医学,259,570,86908
2024,0036,杭州医学院,002,精神医学,6,568,89211
2024,0036,杭州医学院,003,麻醉学,57,567,90499
2024,0036,杭州医学院,004,儿科学,9,569,88238
2024,0036,杭州医学院,005,医学影像学,139,555,104504
2024,0036,杭州医学院,006,医学影像技术,101,527,137412
2024,0036,杭州医学院,007,口腔医学,126,593,61359
2024,0036,杭州医学院,008,法医学,14,563,95000
2024,0036,杭州医学院,009,预防医学,106,492,
2024,0036,杭州医学院,010,食品质量与安全,23,540,122188
2024,0036,杭州医学院,011,医学检验技术,123,528,136085
2024,0036,杭州医学院,012,卫生检验与检疫,41,492,
2024,0036,杭州医学院,013,生物技术,20,537,126330
2024,0036,杭州医学院,014,药学,62,541,121023
2024,0036,杭州医学院,015,护理学,139,523,142145
2024,0036,杭州医学院,016,助产学,16,508,159484
2024,0036,杭州医学院,017,康复治疗学,57,530,134015
2024,0036,杭州医学院,018,医学信息工程,23,554,106110
2024,0036,杭州医学院,019,智能医学工程,12,554,105624
2024,0036,杭州医学院,020,生物医学工程,10,557,102251
2024,0036,杭州医学院,501,药学,90,492,
2024,0036,杭州医学院,502,卫生信息管理,49,545,116909
2024,0038,丽水学院,001,英语,36,579,77051
2024,0038,丽水学院,002,汉语言文学(师范),42,592,62733
2024,0038,丽水学院,004,思想政治教育(师范),24,591,63300
2024,0038,丽水学院,005,民族学,3,581,74799
2024,0038,丽水学院,007,学前教育(师范),2,585,70403
2024,0038,丽水学院,008,小学教育(师范),88,588,66636
2024,0038,丽水学院,009,应用化学,26,516,150446
2024,0038,丽水学院,010,生态学,27,492,
2024,0038,丽水学院,011,化学工程与工艺,14,521,144800
2024,0038,丽水学院,012,环境工程,8,526,138736
2024,0038,丽水学院,013,生物制药,49,494,175138
2024,0038,丽水学院,014,园艺,34,499,169633
2024,0038,丽水学院,015,园林,25,575,81818
2024,0038,丽水学院,016,数学与应用数学(师范),46,507,160688
2024,0038,丽水学院,017,机械设计制造及其自动化,51,534,129460
2024,0038,丽水学院,018,电子信息工程,67,535,128198
2024,0038,丽水学院,019,自动化,20,536,126830
2024,0038,丽水学院,020,计算机科学与技术,65,538,125011
2024,0038,丽水学院,021,数字媒体技术,22,538,125044
2024,0038,丽水学院,022,土木工程,33,525,139979
2024,0038,丽水学院,023,口腔医学,38,579,76678
2024,0038,丽水学院,024,康复治疗学,21,514,152629
2024,0038,丽水学院,025,护理学,115,514,152838
2024,0038,丽水学院,026,临床医学,81,536,127234
2024,0038,丽水学院,027,数据科学与大数据技术,21,537,126190
2024,0038,丽水学院,028,国际经济与贸易,33,577,79339
2024,0038,丽水学院,029,财务管理,60,583,72263
2024,0038,丽水学院,030,电子商务,58,574,82139
2024,0038,丽水学院,031,旅游管理,6,577,79733
2024,0038,丽水学院,032,工业设计,16,530,133941
2024,0038,丽水学院,052,智能制造工程,19,535,128382
2024,0038,丽水学院,053,微电子科学与工程,41,532,131595
2024,0038,丽水学院,054,中医康复学,15,544,117743
2024,0038,丽水学院,055,英语(师范),11,589,66030
2024,0038,丽水学院,057,汉语言文学,24,590,64695
2024,0038,丽水学院,058,汉语言文学（少数民族班）,3,581,74966
2024,0038,丽水学院,059,英语（少数民族班）,3,569,88064
2024,0038,丽水学院,060,汉语言文学（少数民族班）(师范),3,584,70848
2024,0038,丽水学院,061,思想政治教育（少数民族班）(师范),3,578,78392
2024,0038,丽水学院,062,民族学（少数民族班）,3,566,92546
2024,0038,丽水学院,063,学前教育（少数民族班）(师范),3,569,88953
2024,0038,丽水学院,064,小学教育（少数民族班）(师范),3,583,72678
2024,0038,丽水学院,065,护理学（少数民族班）,3,514,152693
2024,0038,丽水学院,066,国际经济与贸易（少数民族班）,3,570,87788
2024,0038,丽水学院,067,财务管理（少数民族班）,3,575,81749
2024,0038,丽水学院,068,电子商务（少数民族班）,3,570,87853
2024,0038,丽水学院,069,旅游管理（少数民族班）,3,563,95345
2024,0038,丽水学院,071,英语（少数民族班）(师范),3,571,86190
2024,0038,丽水学院,501,护理,50,538,125282
2024,0041,浙江艺术职业学院,508,影视制片管理,22,492,
2024,0041,浙江艺术职业学院,509,音像技术,32,492,
2024,0041,浙江艺术职业学院,510,影视多媒体技术,35,496,173257
2024,0041,浙江艺术职业学院,511,摄影摄像技术,41,492,
2024,0041,浙江艺术职业学院,512,影视编导,43,492,
2024,0041,浙江艺术职业学院,518,文化创意与策划,45,492,
2024,0041,浙江艺术职业学院,521,公共文化服务与管理,60,492,
2024,0041,浙江艺术职业学院,523,学前教育(师范),14,516,150896
2024,0042,浙江交通职业技术学院,501,道路与桥梁工程技术,45,502,166366
2024,0042,浙江交通职业技术学院,502,道路养护与管理,20,500,168998
2024,0042,浙江交通职业技术学院,503,市政工程技术,42,500,169170
2024,0042,浙江交通职业技术学院,504,工程造价,45,510,157811
2024,0042,浙江交通职业技术学院,505,铁道工程技术,60,509,159069
2024,0042,浙江交通职业技术学院,506,智能网联汽车技术,15,508,160342
2024,0042,浙江交通职业技术学院,507,港口与航运管理,16,506,162727
2024,0042,浙江交通职业技术学院,508,飞机机电设备维修,10,516,151375
2024,0042,浙江交通职业技术学院,509,无人机应用技术,20,508,159383
2024,0042,浙江交通职业技术学院,510,城市轨道交通运营管理,90,519,147764
2024,0042,浙江交通职业技术学院,511,城市轨道车辆应用技术,45,509,158715
2024,0042,浙江交通职业技术学院,512,城市轨道交通机电技术,41,509,159220
2024,0042,浙江交通职业技术学院,513,机电一体化技术,40,506,161824
2024,0042,浙江交通职业技术学院,514,现代通信技术,37,501,167413
2024,0042,浙江交通职业技术学院,515,大数据技术,45,508,159793
2024,0042,浙江交通职业技术学院,516,物联网应用技术,35,504,164543
2024,0042,浙江交通职业技术学院,517,现代物流管理,10,505,163164
2024,0042,浙江交通职业技术学院,518,商务英语,40,515,152454
2024,0042,浙江交通职业技术学院,519,人力资源管理,30,507,161575
2024,0042,浙江交通职业技术学院,520,安全技术与管理,10,504,164688
2024,0043,浙江工商职业技术学院,501,金融服务与管理,10,500,168567
2024,0043,浙江工商职业技术学院,502,大数据与会计,145,502,167257
2024,0043,浙江工商职业技术学院,503,社会工作,35,494,175750
2024,0043,浙江工商职业技术学院,504,大数据与会计(中外合作办学),60,492,
2024,0043,浙江工商职业技术学院,505,国际经济与贸易,50,492,
2024,0043,浙江工商职业技术学院,506,关务与外贸服务,20,492,
2024,0043,浙江工商职业技术学院,507,市场营销,15,492,
2024,0043,浙江工商职业技术学院,508,电子商务,60,492,
2024,0043,浙江工商职业技术学院,509,跨境电子商务,15,492,
2024,0043,浙江工商职业技术学院,510,国际商务(中外合作办学),60,492,
2024,0043,浙江工商职业技术学院,511,工业设计,40,492,
2024,0043,浙江工商职业技术学院,512,模具设计与制造,35,493,176257
2024,0043,浙江工商职业技术学院,513,机电一体化技术,55,495,174530
2024,0043,浙江工商职业技术学院,514,旅游管理,10,492,
2024,0043,浙江工商职业技术学院,515,应用英语,160,492,
2024,0043,浙江工商职业技术学院,516,建筑工程技术,30,492,
2024,0043,浙江工商职业技术学院,517,工程造价,50,492,
2024,0043,浙江工商职业技术学院,518,数字媒体技术,80,503,165760
2024,0043,浙江工商职业技术学院,522,传播与策划,60,492,
2024,0043,浙江工商职业技术学院,523,工业机器人技术,20,492,
2024,0043,浙江工商职业技术学院,524,电气自动化技术,50,503,165800
2024,0043,浙江工商职业技术学院,525,电子信息工程技术,40,492,
2024,0043,浙江工商职业技术学院,526,计算机应用技术,80,498,171609
2024,0043,浙江工商职业技术学院,527,计算机网络技术,50,492,
2024,0043,浙江工商职业技术学院,528,软件技术,100,492,
2024,0043,浙江工商职业技术学院,529,人工智能技术应用,35,494,175392
2024,0044,浙江工贸职业技术学院,501,新能源汽车技术,42,499,170011
2024,0044,浙江工贸职业技术学院,502,模具设计与制造,38,492,
2024,0044,浙江工贸职业技术学院,503,机电一体化技术,45,493,176738
2024,0044,浙江工贸职业技术学院,504,智能光电制造技术,21,492,
2024,0044,浙江工贸职业技术学院,505,材料工程技术,17,492,
2024,0044,浙江工贸职业技术学院,506,环境工程技术,76,492,
2024,0044,浙江工贸职业技术学院,507,机械制造及自动化,45,492,177610
2024,0044,浙江工贸职业技术学院,508,商务英语,126,492,
2024,0044,浙江工贸职业技术学院,510,国际经济与贸易,80,492,
2024,0044,浙江工贸职业技术学院,511,电子商务,96,492,
2024,0044,浙江工贸职业技术学院,512,现代物流管理,59,492,
2024,0044,浙江工贸职业技术学院,513,商务数据分析与应用,41,492,
2024,0044,浙江工贸职业技术学院,514,电子信息工程技术,102,492,
2024,0044,浙江工贸职业技术学院,515,计算机应用技术,79,492,
2024,0044,浙江工贸职业技术学院,516,软件技术,125,492,
2024,0044,浙江工贸职业技术学院,517,人工智能技术应用,90,492,
2024,0044,浙江工贸职业技术学院,518,大数据技术,89,492,
2024,0044,浙江工贸职业技术学院,519,动漫制作技术,82,492,
2024,0044,浙江工贸职业技术学院,521,工业设计,60,492,
2024,0044,浙江工贸职业技术学院,522,眼视光技术,122,492,
2024,0044,浙江工贸职业技术学院,523,眼视光仪器技术,13,492,
2024,0044,浙江工贸职业技术学院,525,视觉训练与康复,26,492,
2024,0044,浙江工贸职业技术学院,526,大数据与会计,80,496,173636
2024,0044,浙江工贸职业技术学院,527,酒店管理与数字化运营,6,492,
2024,0044,浙江工贸职业技术学院,528,旅游管理,5,492,
2024,0044,浙江工贸职业技术学院,529,人力资源管理,58,492,
2024,0044,浙江工贸职业技术学院,530,金融服务与管理,67,492,
2024,0044,浙江工贸职业技术学院,531,知识产权管理,97,492,
2024,0044,浙江工贸职业技术学院,532,工业机器人技术(中外合作办学),40,492,
2024,0045,浙江机电职业技术大学,001,城市轨道交通设备与控制技术,20,573,84206
2024,0045,浙江机电职业技术大学,002,智能制造工程技术,20,538,125479
2024,0045,浙江机电职业技术大学,003,机械设计制造及自动化,20,543,119459
2024,0045,浙江机电职业技术大学,004,材料成型及控制工程,20,532,131538
2024,0045,浙江机电职业技术大学,005,机械电子工程技术,20,536,127238
2024,0045,浙江机电职业技术大学,006,智能控制技术,20,534,130110
2024,0045,浙江机电职业技术大学,501,机械制造及自动化,24,521,144902
2024,0045,浙江机电职业技术大学,502,数控技术,7,532,132532
2024,0045,浙江机电职业技术大学,503,模具设计与制造,5,520,146629
2024,0045,浙江机电职业技术大学,504,机电一体化技术,16,523,143093
2024,0045,浙江机电职业技术大学,505,应用电子技术,9,519,147386
2024,0045,浙江机电职业技术大学,506,电气自动化技术,19,525,139963
2024,0045,浙江机电职业技术大学,507,智能控制技术,12,523,142298
2024,0045,浙江机电职业技术大学,508,跨境电子商务,15,514,153193
2024,0045,浙江机电职业技术大学,509,大数据与会计,39,521,145070
2024,0045,浙江机电职业技术大学,510,电子商务,14,517,149290
2024,0045,浙江机电职业技术大学,511,市场营销,9,518,148652
2024,0045,浙江机电职业技术大学,512,商务数据分析与应用,17,512,155669
2024,0045,浙江机电职业技术大学,513,工业设计(中外合作办学),20,497,171901
2024,0045,浙江机电职业技术大学,514,智能制造装备技术(中外合作办学),20,501,167577
2024,0045,浙江机电职业技术大学,515,物联网应用技术(中外合作办学),20,499,169666
2024,0045,浙江机电职业技术大学,516,国际经济与贸易(中外合作办学),25,497,172468
2024,0045,浙江机电职业技术大学,517,跨境电子商务(中外合作办学),20,493,176397
2024,0045,浙江机电职业技术大学,519,工业机器人技术,10,516,150526
2024,0045,浙江机电职业技术大学,520,汽车智能技术,14,516,151015
2024,0045,浙江机电职业技术大学,521,城市轨道交通机电技术,25,524,141465
2024,0045,浙江机电职业技术大学,522,计算机应用技术,20,516,150349
2024,0045,浙江机电职业技术大学,523,计算机网络技术,30,513,154282
2024,0045,浙江机电职业技术大学,524,云计算技术应用,15,512,155995
2024,0045,浙江机电职业技术大学,525,大数据技术,17,512,155299
2024,0045,浙江机电职业技术大学,527,工业设计,17,512,155097
2024,0045,浙江机电职业技术大学,528,影视多媒体技术,15,516,150794
2024,0045,浙江机电职业技术大学,530,产品艺术设计,8,515,152031
2024,0045,浙江机电职业技术大学,531,物联网应用技术,28,512,155340
2024,0046,浙江商业职业技术学院,501,电子商务,47,494,175162
2024,0046,浙江商业职业技术学院,502,电子商务(中外合作办学)（中美合作）,70,492,
2024,0046,浙江商业职业技术学院,503,跨境电子商务,16,494,175762
2024,0046,浙江商业职业技术学院,504,移动商务,9,492,
2024,0046,浙江商业职业技术学院,505,商务数据分析与应用,21,492,
2024,0046,浙江商业职业技术学院,506,国际经济与贸易,20,499,169944
2024,0046,浙江商业职业技术学院,507,商务英语,35,498,171276
2024,0046,浙江商业职业技术学院,508,工商企业管理,45,492,
2024,0046,浙江商业职业技术学院,509,连锁经营与管理,5,492,
2024,0046,浙江商业职业技术学院,510,市场营销,12,493,176456
2024,0046,浙江商业职业技术学院,512,现代物流管理,42,492,
2024,0046,浙江商业职业技术学院,514,导游,8,492,
2024,0046,浙江商业职业技术学院,515,酒店管理与数字化运营,19,492,
2024,0046,浙江商业职业技术学院,516,旅游英语,31,492,
2024,0046,浙江商业职业技术学院,517,西式烹饪工艺,29,492,
2024,0046,浙江商业职业技术学院,518,餐饮智能管理,15,492,
2024,0046,浙江商业职业技术学院,519,金融服务与管理,57,493,176703
2024,0046,浙江商业职业技术学院,520,大数据与会计,101,505,163632
2024,0046,浙江商业职业技术学院,521,大数据与会计（注册会计）,45,511,156440
2024,0046,浙江商业职业技术学院,522,财富管理,9,496,173617
2024,0046,浙江商业职业技术学院,523,供热通风与空调工程技术,10,492,
2024,0046,浙江商业职业技术学院,524,供热通风与空调工程技术（轨道交通方向）,17,492,
2024,0046,浙江商业职业技术学院,525,建筑智能化工程技术,24,492,
2024,0046,浙江商业职业技术学院,526,物联网应用技术,31,493,176011
2024,0046,浙江商业职业技术学院,527,应用电子技术,29,492,
2024,0046,浙江商业职业技术学院,528,计算机网络技术,76,492,
2024,0047,浙江警官职业学院,504,司法警务,102,538,124557
2024,0047,浙江警官职业学院,505,法律事务,97,525,139915
2024,0047,浙江警官职业学院,506,社区矫正,96,518,148648
2024,0047,浙江警官职业学院,507,建筑消防技术,120,492,
2024,0047,浙江警官职业学院,508,安全防范技术,135,492,
2024,0047,浙江警官职业学院,509,智能安防运营管理,40,492,
2024,0047,浙江警官职业学院,510,无人机应用技术,40,492,
2024,0047,浙江警官职业学院,512,密码技术应用,80,492,
2024,0047,浙江警官职业学院,513,移动应用开发,45,492,
2024,0047,浙江警官职业学院,514,司法鉴定技术,40,492,
2024,0047,浙江警官职业学院,515,应急救援技术,40,515,152340
2024,0048,浙江工业职业技术学院,501,机电一体化技术,110,492,
2024,0048,浙江工业职业技术学院,502,电气自动化技术,55,492,
2024,0048,浙江工业职业技术学院,503,工业机器人技术,110,492,
2024,0048,浙江工业职业技术学院,504,机械制造及自动化,110,492,
2024,0048,浙江工业职业技术学院,505,数控技术,54,492,
2024,0048,浙江工业职业技术学院,506,模具设计与制造,39,492,
2024,0048,浙江工业职业技术学院,508,智能控制技术,40,492,
2024,0048,浙江工业职业技术学院,509,信息安全技术应用,47,492,
2024,0048,浙江工业职业技术学院,510,计算机应用技术（智能移动终端软件开发）,102,492,
2024,0048,浙江工业职业技术学院,511,工业设计,42,492,
2024,0048,浙江工业职业技术学院,512,视觉传达设计,102,492,
2024,0048,浙江工业职业技术学院,513,大数据技术,52,492,
2024,0048,浙江工业职业技术学院,514,云计算技术应用(中外合作办学),20,492,
2024,0048,浙江工业职业技术学院,515,大数据与会计,100,494,175761
2024,0048,浙江工业职业技术学院,516,大数据与审计,45,492,
2024,0048,浙江工业职业技术学院,517,统计与大数据分析,41,492,
2024,0048,浙江工业职业技术学院,518,电子商务,45,492,
2024,0048,浙江工业职业技术学院,519,国际经济与贸易,40,492,
2024,0048,浙江工业职业技术学院,520,市场营销,27,492,
2024,0048,浙江工业职业技术学院,523,建筑工程技术,35,492,
2024,0048,浙江工业职业技术学院,524,工程造价,30,492,
2024,0048,浙江工业职业技术学院,526,道路与桥梁工程技术,35,492,
2024,0048,浙江工业职业技术学院,528,智能网联汽车技术,25,492,
2024,0048,浙江工业职业技术学院,529,新能源汽车技术,35,492,
2024,0048,浙江工业职业技术学院,530,无人机应用技术,60,492,
2024,0048,浙江工业职业技术学院,531,电子信息工程技术,90,492,
2024,0048,浙江工业职业技术学院,532,现代纺织技术,25,492,
2024,0048,浙江工业职业技术学院,533,纺织品设计（染织设计）,25,492,
2024,0048,浙江工业职业技术学院,534,酿酒技术,25,492,
2024,0048,浙江工业职业技术学院,535,护理,50,509,159169
2024,0048,浙江工业职业技术学院,536,食品检验检测技术,50,492,
2024,0049,浙江旅游职业学院,501,酒店管理与数字化运营,73,492,
2024,0049,浙江旅游职业学院,502,国际邮轮乘务管理,40,492,
2024,0049,浙江旅游职业学院,504,导游,56,492,
2024,0049,浙江旅游职业学院,505,研学旅行管理与服务,40,492,
2024,0049,浙江旅游职业学院,506,电子商务,25,492,
2024,0049,浙江旅游职业学院,507,智慧旅游技术应用,40,492,
2024,0049,浙江旅游职业学院,509,会展策划与管理,49,492,
2024,0049,浙江旅游职业学院,510,茶艺与茶文化,35,492,
2024,0049,浙江旅游职业学院,512,休闲体育,10,492,
2024,0049,浙江旅游职业学院,513,旅游管理,38,492,
2024,0049,浙江旅游职业学院,514,西式烹饪工艺,35,492,
2024,0049,浙江旅游职业学院,515,餐饮智能管理,39,492,
2024,0049,浙江旅游职业学院,516,旅游英语,55,492,
2024,0049,浙江旅游职业学院,517,商务英语,33,492,
2024,0049,浙江旅游职业学院,518,旅游日语,32,492,
2024,0049,浙江旅游职业学院,520,传播与策划,70,492,
2024,0049,浙江旅游职业学院,523,数字媒体艺术设计,20,492,
2024,0049,浙江旅游职业学院,524,人力资源管理,82,492,
2024,0049,浙江旅游职业学院,525,大数据与会计,70,496,173796
2024,0049,浙江旅游职业学院,527,统计与大数据分析,20,492,
2024,0049,浙江旅游职业学院,529,西式烹饪工艺(中外合作办学),10,492,
2024,0049,浙江旅游职业学院,530,智慧健康养老服务与管理,70,492,
2024,0049,浙江旅游职业学院,531,健康管理,20,492,
2024,0050,浙江金融职业学院,501,金融服务与管理,112,511,156609
2024,0050,浙江金融职业学院,502,农村金融,50,505,163295
2024,0050,浙江金融职业学院,503,国际金融,72,506,162514
2024,0050,浙江金融职业学院,504,金融科技应用,78,502,166580
2024,0050,浙江金融职业学院,505,财富管理,90,501,168397
2024,0050,浙江金融职业学院,506,大数据与会计,163,523,142584
2024,0050,浙江金融职业学院,507,大数据与财务管理,61,521,145284
2024,0050,浙江金融职业学院,508,信用管理,38,506,162630
2024,0050,浙江金融职业学院,509,市场营销,76,505,163386
2024,0050,浙江金融职业学院,510,工商企业管理,36,515,151907
2024,0050,浙江金融职业学院,511,电子商务,45,519,147383
2024,0050,浙江金融职业学院,512,国际经济与贸易,61,514,153305
2024,0050,浙江金融职业学院,513,国际商务(中外合作办学),80,492,
2024,0050,浙江金融职业学院,514,商务英语,30,520,146502
2024,0050,浙江金融职业学院,515,数字媒体技术,39,524,141834
2024,0050,浙江金融职业学院,516,大数据技术,100,508,160000
2024,0050,浙江金融职业学院,517,人工智能技术应用,81,507,161043
2024,0050,浙江金融职业学院,518,云计算技术应用,75,504,164891
2024,0050,浙江金融职业学院,520,现代物流管理,39,506,162151
2024,0050,浙江金融职业学院,521,跨境电子商务,39,514,152812
2024,0051,浙江经济职业技术学院,501,现代物流管理（跨境物流）,16,513,154293
2024,0051,浙江经济职业技术学院,502,新能源汽车技术,39,513,154389
2024,0051,浙江经济职业技术学院,503,电子商务,30,509,159268
2024,0051,浙江经济职业技术学院,504,国际经济与贸易,5,513,154560
2024,0051,浙江经济职业技术学院,505,大数据与会计,89,517,149442
2024,0051,浙江经济职业技术学院,506,大数据与财务管理,49,513,154744
2024,0051,浙江经济职业技术学院,507,大数据技术,46,506,162077
2024,0051,浙江经济职业技术学院,508,计算机网络技术,42,510,157897
2024,0051,浙江经济职业技术学院,509,数字媒体技术,38,520,146531
2024,0051,浙江经济职业技术学院,510,应用英语,66,508,160007
2024,0052,浙江建设职业技术学院,501,建筑工程技术,30,495,174585
2024,0052,浙江建设职业技术学院,502,建筑工程技术（工业化设计与管理）,21,492,
2024,0052,浙江建设职业技术学院,503,建筑工程技术（结构鉴定与加固技术）,5,492,
2024,0052,浙江建设职业技术学院,504,建筑钢结构工程技术,23,492,
2024,0052,浙江建设职业技术学院,505,建设工程管理,28,492,
2024,0052,浙江建设职业技术学院,506,市政工程技术,50,492,
2024,0052,浙江建设职业技术学院,507,地籍测绘与土地管理,10,504,165082
2024,0052,浙江建设职业技术学院,508,工程造价,152,494,175636
2024,0052,浙江建设职业技术学院,509,建筑经济信息化管理,15,492,
2024,0052,浙江建设职业技术学院,510,智能建造技术（数字化技术应用）,35,492,
2024,0052,浙江建设职业技术学院,511,给排水工程技术,30,492,
2024,0052,浙江建设职业技术学院,512,建筑设备工程技术,12,492,
2024,0052,浙江建设职业技术学院,513,建筑电气工程技术,12,500,169143
2024,0052,浙江建设职业技术学院,514,建筑智能化工程技术,21,492,
2024,0052,浙江建设职业技术学院,515,绿色低碳技术,12,502,166906
2024,0052,浙江建设职业技术学院,516,建筑设计,60,492,
2024,0052,浙江建设职业技术学院,519,城乡规划,30,493,176832
2024,0052,浙江建设职业技术学院,520,建筑装饰工程技术,37,492,
2024,0052,浙江建设职业技术学院,521,园林工程技术,30,492,
2024,0052,浙江建设职业技术学院,522,现代文秘（工程档案智慧管理）,20,498,171316
2024,0052,浙江建设职业技术学院,523,现代文秘（建筑文秘与管理）,24,495,174432
2024,0052,浙江建设职业技术学院,524,人力资源管理,15,503,165937
2024,0052,浙江建设职业技术学院,525,信息安全技术应用,20,494,175656
2024,0052,浙江建设职业技术学院,526,融媒体技术与运营,13,500,169281
2024,0052,浙江建设职业技术学院,533,建筑电气工程技术(中外合作办学),5,492,
2024,0053,浙江经贸职业技术学院,501,计算机应用技术,50,514,153584
2024,0053,浙江经贸职业技术学院,502,计算机网络技术,50,506,162778
2024,0053,浙江经贸职业技术学院,503,电子商务,78,506,162464
2024,0053,浙江经贸职业技术学院,504,软件技术,50,506,162493
2024,0053,浙江经贸职业技术学院,505,动漫制作技术,46,510,157508
2024,0053,浙江经贸职业技术学院,506,商务数据分析与应用,28,501,167882
2024,0053,浙江经贸职业技术学院,507,大数据与会计,136,514,153681
2024,0053,浙江经贸职业技术学院,508,财税大数据应用,43,505,163903
2024,0053,浙江经贸职业技术学院,509,金融科技应用,40,499,169921
2024,0053,浙江经贸职业技术学院,510,国际经济与贸易,50,503,165740
2024,0053,浙江经贸职业技术学院,511,应用英语,105,500,169199
2024,0053,浙江经贸职业技术学院,512,应用日语,30,498,171427
2024,0053,浙江经贸职业技术学院,513,跨境电子商务,48,503,166090
2024,0053,浙江经贸职业技术学院,514,市场营销,16,504,164969
2024,0053,浙江经贸职业技术学院,515,现代物流管理,18,504,164924
2024,0053,浙江经贸职业技术学院,516,工商企业管理,38,501,168469
2024,0053,浙江经贸职业技术学院,517,会展策划与管理,30,504,164321
2024,0053,浙江经贸职业技术学院,518,现代文秘,20,513,154673
2024,0053,浙江经贸职业技术学院,519,传播与策划,50,513,154212
2024,0053,浙江经贸职业技术学院,520,食品检验检测技术,24,505,163624
2024,0053,浙江经贸职业技术学院,521,食品质量与安全,23,503,165476
2024,0053,浙江经贸职业技术学院,522,食品营养与健康,26,505,163418
2024,0053,浙江经贸职业技术学院,523,生物制药技术,48,505,163717
2024,0053,浙江经贸职业技术学院,524,园艺技术,48,498,171069
2024,0053,浙江经贸职业技术学院,525,茶艺与茶文化,10,503,165659
2024,0053,浙江经贸职业技术学院,526,电子商务(中外合作办学),50,492,
2024,0053,浙江经贸职业技术学院,527,酒店管理与数字化运营(中外合作办学),40,492,
2024,0054,浙江育英职业技术学院,502,城市轨道交通运营管理,195,492,
2024,0054,浙江育英职业技术学院,506,计算机网络技术,80,492,
2024,0054,浙江育英职业技术学院,511,大数据与会计,55,492,
2024,0055,浙江东方职业技术学院,503,护理,25,492,
2024,0055,浙江东方职业技术学院,506,学前教育(师范),8,492,
2024,0055,浙江东方职业技术学院,513,大数据与会计,80,492,
2024,0056,浙江长征职业技术学院,508,城市轨道交通运营管理,130,492,
2024,0056,浙江长征职业技术学院,509,电子信息工程技术,41,492,
2024,0056,浙江长征职业技术学院,530,人工智能技术应用,66,492,
2024,0056,浙江长征职业技术学院,531,学前教育(师范),70,492,
2024,0058,浙江纺织服装职业技术学院,503,服装与服饰设计,39,492,
2024,0058,浙江纺织服装职业技术学院,504,人物形象设计,5,492,177009
2024,0058,浙江纺织服装职业技术学院,510,纺织品检验与贸易,35,492,
2024,0058,浙江纺织服装职业技术学院,511,纺织品设计（设计与贸易）,62,492,
2024,0058,浙江纺织服装职业技术学院,513,现代纺织技术（智能制造）,57,492,
2024,0058,浙江纺织服装职业技术学院,514,服装设计与工艺,24,492,
2024,0058,浙江纺织服装职业技术学院,516,针织技术与针织服装,10,492,
2024,0058,浙江纺织服装职业技术学院,517,服装设计与工艺（时装管理）,33,492,
2024,0058,浙江纺织服装职业技术学院,520,电子商务,42,492,
2024,0058,浙江纺织服装职业技术学院,521,国际经济与贸易,65,492,
2024,0058,浙江纺织服装职业技术学院,522,跨境电子商务,30,492,
2024,0058,浙江纺织服装职业技术学院,524,大数据与会计,70,492,
2024,0058,浙江纺织服装职业技术学院,526,软件技术,35,492,
2024,0058,浙江纺织服装职业技术学院,528,大数据技术,60,492,
2024,0058,浙江纺织服装职业技术学院,530,建筑室内设计,31,492,
2024,0058,浙江纺织服装职业技术学院,531,动漫制作技术,20,492,
2024,0058,浙江纺织服装职业技术学院,532,城市轨道交通机电技术（站务管理）,80,504,164767
2024,0058,浙江纺织服装职业技术学院,533,工业机器人技术,25,492,
2024,0058,浙江纺织服装职业技术学院,534,机电一体化技术,25,502,167154
2024,0058,浙江纺织服装职业技术学院,535,机电一体化技术,40,492,
2024,0058,浙江纺织服装职业技术学院,536,工业互联网应用,30,492,
2024,0058,浙江纺织服装职业技术学院,545,城市轨道交通机电技术,40,503,165704
2024,0059,浙江广厦建设职业技术大学,001,建筑工程,55,492,
2024,0059,浙江广厦建设职业技术大学,002,园林景观工程,62,528,137072
2024,0059,浙江广厦建设职业技术大学,003,建筑设计,53,528,136463
2024,0059,浙江广厦建设职业技术大学,004,智能建造工程,56,492,
2024,0059,浙江广厦建设职业技术大学,005,道路与桥梁工程,54,492,
2024,0059,浙江广厦建设职业技术大学,006,工程造价,41,492,
2024,0059,浙江广厦建设职业技术大学,007,建设工程管理,53,492,
2024,0059,浙江广厦建设职业技术大学,008,大数据与会计,28,546,116247
2024,0059,浙江广厦建设职业技术大学,009,机器人技术,16,492,
2024,0059,浙江广厦建设职业技术大学,010,建筑电气与智能化工程,19,492,
2024,0059,浙江广厦建设职业技术大学,011,智能制造工程技术,19,501,167589
2024,0059,浙江广厦建设职业技术大学,012,物联网工程技术,27,492,
2024,0059,浙江广厦建设职业技术大学,013,机械电子工程技术,25,496,173612
2024,0059,浙江广厦建设职业技术大学,014,电子商务,22,534,130041
2024,0059,浙江广厦建设职业技术大学,015,现代物流管理,28,534,130165
2024,0059,浙江广厦建设职业技术大学,016,民航运输服务与管理,20,535,129038
2024,0059,浙江广厦建设职业技术大学,017,智慧机场运行与管理,40,529,135423
2024,0059,浙江广厦建设职业技术大学,018,企业数字化管理,25,528,136892
2024,0059,浙江广厦建设职业技术大学,019,软件工程技术,45,492,
2024,0059,浙江广厦建设职业技术大学,020,计算机应用工程,32,492,
2024,0059,浙江广厦建设职业技术大学,021,虚拟现实技术,31,492,
2024,0059,浙江广厦建设职业技术大学,027,给排水工程,54,492,
2024,0059,浙江广厦建设职业技术大学,501,建筑设计,15,492,
2024,0059,浙江广厦建设职业技术大学,503,道路与桥梁工程技术,13,492,
2024,0059,浙江广厦建设职业技术大学,505,大数据与财务管理,38,492,
2024,0059,浙江广厦建设职业技术大学,507,机电一体化技术,26,493,176778
2024,0059,浙江广厦建设职业技术大学,508,机械制造及自动化,37,492,
2024,0059,浙江广厦建设职业技术大学,510,环境监测技术,43,492,
2024,0059,浙江广厦建设职业技术大学,511,药品生产技术,49,492,
2024,0059,浙江广厦建设职业技术大学,512,药品质量与安全,45,492,
2024,0059,浙江广厦建设职业技术大学,513,护理,30,492,
2024,0059,浙江广厦建设职业技术大学,514,社会工作,39,492,
2024,0059,浙江广厦建设职业技术大学,517,视觉传达设计,10,492,
2024,0059,浙江广厦建设职业技术大学,519,计算机应用技术,11,492,
2024,0059,浙江广厦建设职业技术大学,522,商务英语,36,492,
2024,0060,杭州职业技术学院,501,智能控制技术,44,513,154603
2024,0060,杭州职业技术学院,502,现代物业管理（智能楼宇管理）,20,516,150843
2024,0060,杭州职业技术学院,503,大数据与会计,30,538,125321
2024,0060,杭州职业技术学院,504,电子商务,30,524,141302
2024,0060,杭州职业技术学院,505,智慧旅游技术应用,50,512,155897
2024,0060,杭州职业技术学院,506,市场营销,30,519,147708
2024,0060,杭州职业技术学院,507,环境监测技术,25,512,155483
2024,0060,杭州职业技术学院,508,食品检验检测技术,26,515,152336
2024,0060,杭州职业技术学院,509,生物制药技术,25,519,147855
2024,0060,杭州职业技术学院,510,软件技术,61,516,150504
2024,0060,杭州职业技术学院,511,信息安全技术应用,33,513,154004
2024,0060,杭州职业技术学院,512,物联网应用技术,33,513,154733
2024,0060,杭州职业技术学院,513,大数据技术,33,519,146869
2024,0060,杭州职业技术学院,514,人工智能技术应用,33,516,151261
2024,0060,杭州职业技术学院,515,运动训练（智力运动方向）,35,505,163546
2024,0060,杭州职业技术学院,516,智能网联汽车技术,31,511,156382
2024,0060,杭州职业技术学院,518,园艺技术,32,517,150254
2024,0060,杭州职业技术学院,519,工业机器人技术,34,511,157107
2024,0060,杭州职业技术学院,520,机械设计与制造,32,511,156691
2024,0060,杭州职业技术学院,521,机电一体化技术,32,516,150892
2024,0060,杭州职业技术学院,522,计量测试与应用技术,12,510,158040
2024,0061,金华职业技术大学,001,电子信息工程技术,30,539,123560
2024,0061,金华职业技术大学,002,机械设计制造及自动化,30,536,126901
2024,0061,金华职业技术大学,003,学前教育(师范),30,570,87481
2024,0061,金华职业技术大学,004,动物医学,30,532,131745
2024,0061,金华职业技术大学,005,护理,30,575,81734
2024,0061,金华职业技术大学,006,制药工程技术,30,530,133858
2024,0061,金华职业技术大学,501,物联网应用技术,55,538,125495
2024,0061,金华职业技术大学,502,计算机网络技术,24,539,123614
2024,0061,金华职业技术大学,503,软件技术,103,526,138853
2024,0061,金华职业技术大学,504,人工智能技术应用,80,525,139813
2024,0061,金华职业技术大学,505,无人机应用技术,30,524,141687
2024,0061,金华职业技术大学,506,计算机应用技术(中外合作办学),5,523,142781
2024,0061,金华职业技术大学,507,计算机网络技术(中外合作办学),5,523,142909
2024,0061,金华职业技术大学,508,机械制造及自动化,94,522,143780
2024,0061,金华职业技术大学,509,工业设计,80,513,154190
2024,0061,金华职业技术大学,510,机电一体化技术,45,523,142540
2024,0061,金华职业技术大学,511,工业机器人技术,88,515,152398
2024,0061,金华职业技术大学,512,电气自动化技术,70,526,138857
2024,0061,金华职业技术大学,513,新能源汽车技术,87,521,144664
2024,0061,金华职业技术大学,514,飞机机电设备维修,72,514,153696
2024,0061,金华职业技术大学,515,数字化设计与制造技术,88,513,154300
2024,0061,金华职业技术大学,516,建筑装饰工程技术,55,515,152130
2024,0061,金华职业技术大学,517,建筑工程技术,42,512,155846
2024,0061,金华职业技术大学,518,工程造价,73,518,149015
2024,0061,金华职业技术大学,519,市政工程技术,73,511,156268
2024,0061,金华职业技术大学,520,大数据与会计,117,531,133066
2024,0061,金华职业技术大学,521,市场营销,40,524,141562
2024,0061,金华职业技术大学,522,电子商务,25,531,133614
2024,0061,金华职业技术大学,523,商务英语,81,523,142662
2024,0061,金华职业技术大学,524,应用阿拉伯语,20,515,152077
2024,0061,金华职业技术大学,525,学前教育(师范),17,541,121504
2024,0061,金华职业技术大学,526,小学教育(师范),10,566,92423
2024,0061,金华职业技术大学,527,美术教育(师范),35,524,141988
2024,0061,金华职业技术大学,528,现代文秘,40,525,140465
2024,0061,金华职业技术大学,530,体育运营与管理,10,517,149199
2024,0061,金华职业技术大学,531,园艺技术,54,519,147311
2024,0061,金华职业技术大学,532,绿色食品生产技术,51,522,143830
2024,0061,金华职业技术大学,533,园林技术,39,518,148690
2024,0061,金华职业技术大学,534,动物医学,120,528,136879
2024,0061,金华职业技术大学,535,畜牧兽医,120,518,148678
2024,0061,金华职业技术大学,536,临床医学,39,544,117962
2024,0061,金华职业技术大学,537,护理,187,530,134298
2024,0061,金华职业技术大学,538,助产,40,522,143418
2024,0061,金华职业技术大学,539,中药学,40,534,129480
2024,0061,金华职业技术大学,540,医学检验技术,40,533,130586
2024,0061,金华职业技术大学,541,康复治疗技术,40,526,139301
2024,0061,金华职业技术大学,542,旅游管理,74,517,150074
2024,0061,金华职业技术大学,543,酒店管理与数字化运营,84,513,154081
2024,0061,金华职业技术大学,549,环境监测技术,42,516,151130
2024,0061,金华职业技术大学,550,职业健康安全技术,35,515,152372
2024,0061,金华职业技术大学,551,应用化工技术,23,522,143520
2024,0061,金华职业技术大学,552,药品生产技术,60,518,148833
2024,0061,金华职业技术大学,553,生物制药技术,70,519,147810
2024,0061,金华职业技术大学,554,药学,65,529,135387
2024,0062,义乌工商职业技术学院,504,社会工作,11,495,174490
2024,0062,义乌工商职业技术学院,506,机电一体化技术,46,492,
2024,0062,义乌工商职业技术学院,508,电气自动化技术,46,492,
2024,0062,义乌工商职业技术学院,509,计算机应用技术,56,492,
2024,0062,义乌工商职业技术学院,510,大数据技术,54,492,
2024,0062,义乌工商职业技术学院,512,金融服务与管理,42,492,
2024,0062,义乌工商职业技术学院,513,大数据与会计,97,492,
2024,0062,义乌工商职业技术学院,516,国际经济与贸易,55,492,
2024,0062,义乌工商职业技术学院,517,国际商务,36,492,
2024,0062,义乌工商职业技术学院,519,应用英语,75,492,
2024,0062,义乌工商职业技术学院,520,应用西班牙语,32,492,
2024,0062,义乌工商职业技术学院,522,建筑工程技术,26,492,
2024,0062,义乌工商职业技术学院,523,建设工程管理,36,492,
2024,0062,义乌工商职业技术学院,525,数字媒体艺术设计,47,492,
2024,0062,义乌工商职业技术学院,526,产品艺术设计,13,492,
2024,0062,义乌工商职业技术学院,527,服装与服饰设计,20,492,
2024,0062,义乌工商职业技术学院,531,电子商务,83,492,
2024,0062,义乌工商职业技术学院,532,跨境电子商务,38,492,
2024,0062,义乌工商职业技术学院,533,网络营销与直播电商,44,492,
2024,0063,宁波职业技术学院,501,商务日语,10,510,157488
2024,0063,宁波职业技术学院,502,旅游管理(中外合作办学),10,492,
2024,0063,宁波职业技术学院,503,旅游管理,10,508,159596
2024,0063,宁波职业技术学院,504,商务英语,71,507,161376
2024,0063,宁波职业技术学院,505,国际经济与贸易,71,503,166252
2024,0063,宁波职业技术学院,506,研学旅行管理与服务,14,503,166201
2024,0063,宁波职业技术学院,507,计算机应用技术,24,516,150804
2024,0063,宁波职业技术学院,508,计算机网络技术,10,513,154221
2024,0063,宁波职业技术学院,509,电子信息工程技术,27,510,157938
2024,0063,宁波职业技术学院,510,人工智能技术应用,63,506,161706
2024,0063,宁波职业技术学院,511,信息安全技术应用,31,504,164304
2024,0063,宁波职业技术学院,512,应用化工技术,30,502,166996
2024,0063,宁波职业技术学院,513,化工智能制造技术,8,502,166661
2024,0063,宁波职业技术学院,514,环境监测技术,24,502,166811
2024,0063,宁波职业技术学院,515,药品生物技术,29,509,158987
2024,0063,宁波职业技术学院,516,机电一体化技术,29,509,158316
2024,0063,宁波职业技术学院,517,机械制造及自动化,25,510,157645
2024,0063,宁波职业技术学院,518,电气自动化技术,17,513,154638
2024,0063,宁波职业技术学院,519,工业互联网应用,30,499,169589
2024,0063,宁波职业技术学院,520,建筑工程技术,16,504,164594
2024,0063,宁波职业技术学院,521,装配式建筑工程技术,10,498,171393
2024,0063,宁波职业技术学院,522,建设工程管理,26,500,169279
2024,0063,宁波职业技术学院,523,建筑室内设计,22,513,154415
2024,0063,宁波职业技术学院,527,市场营销,11,507,160478
2024,0063,宁波职业技术学院,528,跨境电子商务,17,506,161902
2024,0063,宁波职业技术学院,529,供应链运营,34,500,169099
2024,0063,宁波职业技术学院,530,现代物流管理,17,506,161747
2024,0063,宁波职业技术学院,531,大数据与会计,46,517,149330
2024,0064,温州职业技术学院,501,机械设计与制造,36,504,164955
2024,0064,温州职业技术学院,502,电气自动化技术,36,511,156717
2024,0064,温州职业技术学院,503,电子信息工程技术,36,503,165382
2024,0064,温州职业技术学院,504,工业机器人技术,29,501,167777
2024,0064,温州职业技术学院,505,工业互联网应用,24,497,172390
2024,0064,温州职业技术学院,506,软件技术,34,503,165960
2024,0064,温州职业技术学院,507,大数据技术,38,505,163728
2024,0064,温州职业技术学院,508,计算机网络技术,45,503,165858
2024,0064,温州职业技术学院,509,信息安全技术应用,36,498,171255
2024,0064,温州职业技术学院,510,数字媒体技术,45,511,156178
2024,0064,温州职业技术学院,511,虚拟现实技术应用,31,500,168863
2024,0064,温州职业技术学院,512,大数据与会计,30,516,151281
2024,0064,温州职业技术学院,513,金融科技应用,20,498,171725
2024,0064,温州职业技术学院,514,国际商务,29,499,170223
2024,0064,温州职业技术学院,515,商务数据分析与应用,30,498,171548
2024,0064,温州职业技术学院,516,市场营销,29,500,169259
2024,0064,温州职业技术学院,517,建设工程管理,26,492,
2024,0064,温州职业技术学院,518,工程造价,65,498,171016
2024,0064,温州职业技术学院,519,建筑工程技术,17,496,173312
2024,0064,温州职业技术学院,520,建筑装饰工程技术,32,494,175552
2024,0064,温州职业技术学院,521,鞋类设计与工艺,5,505,163950
2024,0064,温州职业技术学院,522,城市轨道交通运营管理,45,516,151021
2024,0064,温州职业技术学院,523,电子商务,11,508,160222
2024,0064,温州职业技术学院,524,服装与服饰设计(中外合作办学),10,492,
2024,0065,浙江越秀外国语学院,001,大数据管理与应用(中外合作办学),45,492,
2024,0065,浙江越秀外国语学院,003,网络与新媒体(中外合作办学),90,527,137320
2024,0065,浙江越秀外国语学院,004,波斯语,17,525,140785
2024,0065,浙江越秀外国语学院,005,朝鲜语,92,523,142440
2024,0065,浙江越秀外国语学院,006,大数据管理与应用,52,492,
2024,0065,浙江越秀外国语学院,007,工商管理,60,540,123153
2024,0065,浙江越秀外国语学院,008,金融工程,60,492,
2024,0065,浙江越秀外国语学院,009,经济统计学,21,508,159418
2024,0065,浙江越秀外国语学院,010,数字经济,28,498,170903
2024,0065,浙江越秀外国语学院,011,税收学,23,544,118397
2024,0065,浙江越秀外国语学院,012,投资学,65,533,130682
2024,0065,浙江越秀外国语学院,013,会展经济与管理,38,534,129896
2024,0065,浙江越秀外国语学院,014,电子商务,25,539,124413
2024,0065,浙江越秀外国语学院,015,国际经济与贸易,111,537,126153
2024,0065,浙江越秀外国语学院,016,跨境电子商务,29,534,129707
2024,0065,浙江越秀外国语学院,017,物流管理,54,534,129731
2024,0065,浙江越秀外国语学院,018,编辑出版学,49,536,127459
2024,0065,浙江越秀外国语学院,019,国际新闻与传播,56,533,131383
2024,0065,浙江越秀外国语学院,020,时尚传播,59,530,134309
2024,0065,浙江越秀外国语学院,021,数字媒体技术,27,492,
2024,0065,浙江越秀外国语学院,023,网络与新媒体,40,548,113875
2024,0065,浙江越秀外国语学院,024,德语,35,527,138243
2024,0065,浙江越秀外国语学院,025,俄语,48,526,139357
2024,0065,浙江越秀外国语学院,026,法语,46,530,134685
2024,0065,浙江越秀外国语学院,027,捷克语,20,523,142476
2024,0065,浙江越秀外国语学院,028,葡萄牙语,35,524,141482
2024,0065,浙江越秀外国语学院,029,西班牙语,57,527,138276
2024,0065,浙江越秀外国语学院,030,意大利语,30,525,140412
2024,0065,浙江越秀外国语学院,034,翻译,97,527,137898
2024,0065,浙江越秀外国语学院,035,商务英语,110,530,134401
2024,0065,浙江越秀外国语学院,036,英语,97,536,127715
2024,0065,浙江越秀外国语学院,037,汉语国际教育,50,542,120759
2024,0065,浙江越秀外国语学院,038,汉语言文学,109,554,106589
2024,0065,浙江越秀外国语学院,039,戏剧影视文学,23,531,133316
2024,0065,浙江越秀外国语学院,040,阿拉伯语,29,525,140200
2024,0065,浙江越秀外国语学院,041,日语,151,526,139563
2024,0065,浙江越秀外国语学院,042,泰语,12,526,139379
2024,0065,浙江越秀外国语学院,043,印度尼西亚语,12,524,141369
2024,0065,浙江越秀外国语学院,044,国际商务,40,535,128383
2024,0065,浙江越秀外国语学院,045,酒店管理,92,528,136925
2024,0065,浙江越秀外国语学院,046,传播学,29,539,124063
2024,0065,浙江越秀外国语学院,047,新闻学,34,542,119913
2024,0065,浙江越秀外国语学院,501,应用法语,80,492,
2024,0065,浙江越秀外国语学院,502,应用日语,111,492,
2024,0065,浙江越秀外国语学院,503,应用西班牙语,115,492,
2024,0065,浙江越秀外国语学院,504,应用英语,225,492,
2024,0065,浙江越秀外国语学院,505,跨境电子商务,45,492,
2024,0065,浙江越秀外国语学院,506,融媒体技术与运营,44,492,
2024,0065,浙江越秀外国语学院,507,商务管理,40,492,
2024,0066,台州职业技术学院,501,机电一体化技术,66,492,
2024,0066,台州职业技术学院,502,数控技术,15,492,
2024,0066,台州职业技术学院,503,电气自动化技术,34,492,
2024,0066,台州职业技术学院,510,新能源汽车技术,30,492,
2024,0066,台州职业技术学院,511,计算机应用技术,35,492,
2024,0066,台州职业技术学院,513,数字媒体技术,35,492,
2024,0066,台州职业技术学院,517,药品生产技术,70,492,
2024,0066,台州职业技术学院,519,药学,100,494,175808
2024,0066,台州职业技术学院,520,护理,70,505,163584
2024,0066,台州职业技术学院,521,大数据与会计,35,492,
2024,0066,台州职业技术学院,522,金融服务与管理,35,492,
2024,0066,台州职业技术学院,526,商务英语,70,492,
2024,0066,台州职业技术学院,527,市场营销,35,492,
2024,0066,台州职业技术学院,529,酒店管理与数字化运营,15,492,
2024,0067,绍兴职业技术学院,501,计算机应用技术,50,492,
2024,0067,绍兴职业技术学院,503,软件技术,5,492,
2024,0067,绍兴职业技术学院,505,大数据技术,50,492,
2024,0067,绍兴职业技术学院,507,大数据与会计,43,492,
2024,0067,绍兴职业技术学院,511,跨境电子商务,20,492,
2024,0067,绍兴职业技术学院,514,城市轨道交通运营管理,150,492,
2024,0067,绍兴职业技术学院,515,城市轨道交通机电技术,100,492,
2024,0067,绍兴职业技术学院,516,城市轨道交通通信信号技术,50,492,
2024,0067,绍兴职业技术学院,523,护理,200,492,
2024,0067,绍兴职业技术学院,525,中医学,50,492,
2024,0067,绍兴职业技术学院,526,中药学,100,492,
2024,0067,绍兴职业技术学院,528,学前教育(师范),100,492,
2024,0069,嘉兴职业技术学院,501,现代农业技术,15,492,
2024,0069,嘉兴职业技术学院,502,园艺技术,40,492,
2024,0069,嘉兴职业技术学院,503,动物医学,105,492,177596
2024,0069,嘉兴职业技术学院,506,智能建造技术,40,492,
2024,0069,嘉兴职业技术学院,507,工程造价,80,492,
2024,0069,嘉兴职业技术学院,508,机电一体化技术,28,492,
2024,0069,嘉兴职业技术学院,509,工业机器人技术,27,492,
2024,0069,嘉兴职业技术学院,510,电气自动化技术,40,492,
2024,0069,嘉兴职业技术学院,511,工业互联网应用,13,492,
2024,0069,嘉兴职业技术学院,512,无人机应用技术,12,492,
2024,0069,嘉兴职业技术学院,513,新能源汽车技术,40,492,
2024,0069,嘉兴职业技术学院,514,食品质量与安全,40,492,
2024,0069,嘉兴职业技术学院,515,飞机机电设备维修,40,492,
2024,0069,嘉兴职业技术学院,516,城市轨道交通运营管理,85,497,172096
2024,0069,嘉兴职业技术学院,518,计算机网络技术,40,492,
2024,0069,嘉兴职业技术学院,519,软件技术,90,492,
2024,0069,嘉兴职业技术学院,520,信息安全技术应用,40,492,
2024,0069,嘉兴职业技术学院,521,虚拟现实技术应用,40,492,
2024,0069,嘉兴职业技术学院,522,人工智能技术应用,40,492,
2024,0069,嘉兴职业技术学院,523,大数据与财务管理,40,492,
2024,0069,嘉兴职业技术学院,524,国际经济与贸易,80,492,
2024,0069,嘉兴职业技术学院,525,电子商务,22,492,
2024,0069,嘉兴职业技术学院,526,跨境电子商务,58,492,
2024,0069,嘉兴职业技术学院,527,现代物流管理,40,492,
2024,0069,嘉兴职业技术学院,528,旅游管理,31,492,
2024,0069,嘉兴职业技术学院,530,酒店管理与数字化运营,18,492,
2024,0069,嘉兴职业技术学院,531,数字媒体艺术设计,45,492,
2024,0069,嘉兴职业技术学院,532,文化创意与策划,22,492,
2024,0069,嘉兴职业技术学院,533,数字媒体艺术设计,20,492,
2024,0070,湖州职业技术学院,501,市政工程技术,30,492,
2024,0070,湖州职业技术学院,504,工程造价,33,492,
2024,0070,湖州职业技术学院,506,机电一体化技术,17,492,
2024,0070,湖州职业技术学院,508,工业机器人技术,17,492,
2024,0070,湖州职业技术学院,510,电气自动化技术,25,492,
2024,0070,湖州职业技术学院,511,新能源汽车技术,55,492,
2024,0070,湖州职业技术学院,514,电子信息工程技术,22,492,
2024,0070,湖州职业技术学院,515,软件技术,74,492,
2024,0070,湖州职业技术学院,517,集成电路技术,17,492,
2024,0070,湖州职业技术学院,518,大数据与会计,41,492,
2024,0070,湖州职业技术学院,520,国际经济与贸易,20,492,
2024,0070,湖州职业技术学院,526,旅游管理,10,492,
2024,0070,湖州职业技术学院,528,服装与服饰设计,15,492,
2024,0070,湖州职业技术学院,529,视觉传达设计,35,492,
2024,0070,湖州职业技术学院,530,室内艺术设计,40,492,
2024,0070,湖州职业技术学院,531,数字媒体艺术设计,60,492,
2024,0070,湖州职业技术学院,532,人力资源管理,62,492,
2024,0070,湖州职业技术学院,533,商务英语,80,492,
2024,0071,衢州职业技术学院,501,护理(中外合作办学),40,492,
2024,0071,衢州职业技术学院,502,护理,53,505,163952
2024,0071,衢州职业技术学院,503,中药学,60,496,173618
2024,0071,衢州职业技术学院,504,针灸推拿,92,497,172797
2024,0071,衢州职业技术学院,505,中医学,50,502,166626
2024,0071,衢州职业技术学院,507,摄影摄像技术,15,492,
2024,0071,衢州职业技术学院,508,数字媒体艺术设计,15,492,
2024,0071,衢州职业技术学院,509,大数据与会计,30,492,
2024,0071,衢州职业技术学院,510,跨境电子商务,25,492,
2024,0071,衢州职业技术学院,513,金融服务与管理,20,492,
2024,0071,衢州职业技术学院,514,计算机应用技术,35,492,
2024,0071,衢州职业技术学院,517,电气自动化技术,20,492,
2024,0071,衢州职业技术学院,520,机电一体化技术,15,492,
2024,0071,衢州职业技术学院,528,应用化工技术,5,492,
2024,0072,丽水职业技术学院,501,林业技术,10,492,
2024,0072,丽水职业技术学院,503,园艺技术,13,492,
2024,0072,丽水职业技术学院,504,园林技术,25,492,
2024,0072,丽水职业技术学院,507,建筑室内设计,60,492,
2024,0072,丽水职业技术学院,509,工程造价,66,492,
2024,0072,丽水职业技术学院,514,电气自动化技术,11,492,
2024,0072,丽水职业技术学院,515,大数据与会计,125,492,
2024,0074,宁波财经学院,001,财务管理,100,550,110831
2024,0074,宁波财经学院,002,财务管理（中美2+2学分互认班）,15,541,121497
2024,0074,宁波财经学院,003,财务管理（家族财富管理）,25,544,117869
2024,0074,宁波财经学院,004,会计学,78,556,103785
2024,0074,宁波财经学院,005,审计学,105,548,113163
2024,0074,宁波财经学院,006,税收学,90,543,119372
2024,0074,宁波财经学院,007,数字经济,65,498,170740
2024,0074,宁波财经学院,008,国际经济与贸易,130,536,127114
2024,0074,宁波财经学院,009,国际经济与贸易（大宗商品交易）,47,536,127866
2024,0074,宁波财经学院,010,国际商务,90,532,131733
2024,0074,宁波财经学院,011,电子商务,101,535,128109
2024,0074,宁波财经学院,012,物流管理,95,533,130667
2024,0074,宁波财经学院,013,供应链管理,70,535,128703
2024,0074,宁波财经学院,014,工商管理,120,538,124889
2024,0074,宁波财经学院,015,创业管理,60,532,131892
2024,0074,宁波财经学院,016,市场营销,75,532,131799
2024,0074,宁波财经学院,017,金融工程,119,492,
2024,0074,宁波财经学院,018,金融科技,90,492,
2024,0074,宁波财经学院,019,信息管理与信息系统,45,502,166651
2024,0074,宁波财经学院,020,软件工程,40,494,175187
2024,0074,宁波财经学院,021,数据科学与大数据技术,38,492,
2024,0074,宁波财经学院,022,计算机科学与技术,55,495,173935
2024,0074,宁波财经学院,023,数字媒体技术,30,492,
2024,0074,宁波财经学院,024,机械电子工程,40,496,173551
2024,0074,宁波财经学院,025,工业工程,90,492,
2024,0074,宁波财经学院,026,工业设计,35,492,
2024,0074,宁波财经学院,027,英语,70,539,123817
2024,0074,宁波财经学院,028,商务英语,70,533,130745
2024,0074,宁波财经学院,029,日语,50,531,133458
2024,0074,宁波财经学院,030,汉语国际教育,70,538,125178
2024,0074,宁波财经学院,031,秘书学,40,540,122412
2024,0074,宁波财经学院,032,文化产业管理,55,534,129351
2024,0074,宁波财经学院,033,文化遗产,70,534,130018
2024,0074,宁波财经学院,034,广播电视学,50,535,128593
2024,0074,宁波财经学院,035,广告学,60,540,123190
2024,0074,宁波财经学院,036,广播电视编导,35,535,128863
2024,0074,宁波财经学院,037,戏剧影视文学,31,532,132214
2024,0074,宁波财经学院,501,传播与策划,46,492,
2024,0074,宁波财经学院,502,传播与策划（新媒体运营）,55,492,
2024,0074,宁波财经学院,503,摄影与摄像艺术,70,492,
2024,0074,宁波财经学院,504,播音与主持,30,492,
2024,0074,宁波财经学院,505,广播影视节目制作,55,492,
2024,0075,台州科技职业学院,501,园艺技术,41,492,
2024,0075,台州科技职业学院,507,早期教育,40,492,
2024,0075,台州科技职业学院,511,食品检验检测技术,43,492,
2024,0075,台州科技职业学院,513,模具设计与制造,36,492,
2024,0075,台州科技职业学院,515,信息安全技术应用,35,492,
2024,0075,台州科技职业学院,516,智能控制技术,36,492,
2024,0075,台州科技职业学院,518,人工智能技术应用,38,492,
2024,0075,台州科技职业学院,519,大数据技术,39,492,
2024,0075,台州科技职业学院,521,大数据与会计,29,492,
2024,0075,台州科技职业学院,524,学前教育(师范),80,492,
2024,0075,台州科技职业学院,525,计算机应用技术,35,492,
2024,0076,杭州科技职业技术学院,503,学前教育(师范),141,504,164713
2024,0076,杭州科技职业技术学院,504,大数据与会计,90,502,167241
2024,0076,杭州科技职业技术学院,505,电子商务,48,493,176726
2024,0076,杭州科技职业技术学院,506,跨境电子商务,90,492,
2024,0076,杭州科技职业技术学院,507,工程造价,135,492,
2024,0076,杭州科技职业技术学院,508,会展策划与管理,50,492,
2024,0076,杭州科技职业技术学院,509,酒店管理与数字化运营,80,492,
2024,0076,杭州科技职业技术学院,510,研学旅行管理与服务,50,492,
2024,0076,杭州科技职业技术学院,511,人工智能技术应用,50,495,174368
2024,0076,杭州科技职业技术学院,512,工业互联网应用,86,492,
2024,0076,杭州科技职业技术学院,513,物联网应用技术,50,492,
2024,0076,杭州科技职业技术学院,514,应用电子技术,50,492,
2024,0076,杭州科技职业技术学院,515,电气自动化技术,50,492,178035
2024,0076,杭州科技职业技术学院,516,工业机器人技术,100,492,
2024,0076,杭州科技职业技术学院,517,数字化设计与制造技术（汽车模具方向）,100,492,
2024,0076,杭州科技职业技术学院,518,汽车智能技术,50,492,
2024,0076,杭州科技职业技术学院,519,新能源汽车技术,50,492,
2024,0076,杭州科技职业技术学院,520,市政工程技术,95,492,
2024,0076,杭州科技职业技术学院,521,建筑工程技术,45,492,
2024,0076,杭州科技职业技术学院,522,建筑装饰工程技术,95,492,
2024,0076,杭州科技职业技术学院,523,机电一体化技术(中外合作办学),90,492,
2024,0077,杭州万向职业技术学院,509,城市轨道交通运营管理,30,492,
2024,0077,杭州万向职业技术学院,511,护理,30,492,
2024,0085,温州科技职业学院,501,种子生产与经营,10,492,
2024,0085,温州科技职业学院,502,设施农业与装备,10,492,
2024,0085,温州科技职业学院,503,绿色食品生产技术,35,492,
2024,0085,温州科技职业学院,504,园艺技术,20,492,
2024,0085,温州科技职业学院,505,畜牧兽医,77,492,
2024,0085,温州科技职业学院,508,食品质量与安全,50,492,
2024,0085,温州科技职业学院,509,园林技术,45,492,
2024,0085,温州科技职业学院,513,水利工程,45,492,
2024,0085,温州科技职业学院,514,动物医学,95,498,171090
2024,0085,温州科技职业学院,515,动物医学(中外合作办学),30,492,
2024,0085,温州科技职业学院,516,宠物医疗技术,95,492,
2024,0085,温州科技职业学院,517,宠物养护与驯导,45,492,
2024,0085,温州科技职业学院,519,大数据与会计,90,492,
2024,0085,温州科技职业学院,523,电子商务,45,492,
2024,0085,温州科技职业学院,526,计算机网络技术,30,492,
2024,0085,温州科技职业学院,527,软件技术,45,492,
2024,0085,温州科技职业学院,528,数字媒体技术,65,492,
2024,0085,温州科技职业学院,529,人工智能技术应用,45,492,
2024,0085,温州科技职业学院,531,智能控制技术,47,492,
2024,0085,温州科技职业学院,532,工业机器人技术,30,492,
2024,0085,温州科技职业学院,533,物联网应用技术,35,492,
2024,0086,浙江横店影视职业学院,506,网络营销与直播电商,45,492,
2024,0086,浙江横店影视职业学院,522,播音与主持,10,492,
2024,0086,浙江横店影视职业学院,531,广播影视节目制作（影视后期制作）,10,492,
2024,0086,浙江横店影视职业学院,532,影视动画,5,492,
2024,0087,浙江汽车职业技术学院,501,汽车检测与维修技术,35,492,
2024,0088,浙江宇翔职业技术学院,510,城市轨道交通运营管理,50,492,
2024,0092,浙江工业大学之江学院,001,金融工程,40,519,147032
2024,0092,浙江工业大学之江学院,002,财务管理,60,562,97064
2024,0092,浙江工业大学之江学院,003,国际经济与贸易,58,551,109683
2024,0092,浙江工业大学之江学院,004,市场营销,25,552,109042
2024,0092,浙江工业大学之江学院,005,电子商务,31,557,102739
2024,0092,浙江工业大学之江学院,006,工商管理,82,548,112998
2024,0092,浙江工业大学之江学院,007,计算机科学与技术,83,517,149228
2024,0092,浙江工业大学之江学院,008,软件工程,37,514,152801
2024,0092,浙江工业大学之江学院,009,电子信息工程,57,506,162628
2024,0092,浙江工业大学之江学院,010,电气工程与智能控制,35,513,154184
2024,0092,浙江工业大学之江学院,011,广播电视学,47,557,102964
2024,0092,浙江工业大学之江学院,012,广告学,47,559,100302
2024,0092,浙江工业大学之江学院,013,汉语言文学,42,573,83949
2024,0092,浙江工业大学之江学院,014,法学,41,574,82855
2024,0092,浙江工业大学之江学院,015,机械工程,10,519,146962
2024,0092,浙江工业大学之江学院,016,智能制造工程,32,510,157185
2024,0092,浙江工业大学之江学院,017,英语,79,550,111229
2024,0092,浙江工业大学之江学院,018,日语,37,549,112459
2024,0092,浙江工业大学之江学院,019,建筑学,59,548,113720
2024,0092,浙江工业大学之江学院,020,城乡规划,39,558,101903
2024,0092,浙江工业大学之江学院,021,风景园林,40,554,105948
2024,0092,浙江工业大学之江学院,026,工业设计,35,500,168605
2024,0092,浙江工业大学之江学院,027,高分子材料与工程,43,493,175958
2024,0092,浙江工业大学之江学院,028,数据科学与大数据技术,46,523,142288
2024,0092,浙江工业大学之江学院,029,旅游管理,32,548,113343
2024,0092,浙江工业大学之江学院,030,酒店管理,13,549,112463
2024,0093,浙江师范大学行知学院,001,金融学,70,546,115936
2024,0093,浙江师范大学行知学院,002,国际经济与贸易（与英语复合班）,67,542,120034
2024,0093,浙江师范大学行知学院,003,工商管理,60,550,111119
2024,0093,浙江师范大学行知学院,004,电子商务,20,552,108607
2024,0093,浙江师范大学行知学院,005,会计学,97,555,105408
2024,0093,浙江师范大学行知学院,006,财务管理,69,552,108167
2024,0093,浙江师范大学行知学院,007,法学（法学、与汉语言复合班、与工管复合班）,105,561,98188
2024,0093,浙江师范大学行知学院,008,汉语言文学,140,562,97080
2024,0093,浙江师范大学行知学院,009,英语,180,541,122070
2024,0093,浙江师范大学行知学院,011,应用化学,54,492,
2024,0093,浙江师范大学行知学院,012,生物技术,20,492,
2024,0093,浙江师范大学行知学院,013,环境工程,17,492,
2024,0093,浙江师范大学行知学院,014,食品质量与安全,17,492,
2024,0093,浙江师范大学行知学院,015,中药学,21,508,159712
2024,0093,浙江师范大学行知学院,016,机械设计制造及其自动化,30,508,159366
2024,0093,浙江师范大学行知学院,017,电子信息工程,40,500,169182
2024,0093,浙江师范大学行知学院,018,计算机科学与技术,20,520,145840
2024,0093,浙江师范大学行知学院,019,网络空间安全,35,498,171433
2024,0093,浙江师范大学行知学院,020,材料科学与工程,40,492,
2024,0093,浙江师范大学行知学院,021,人工智能,20,506,161891
2024,0093,浙江师范大学行知学院,022,微电子科学与工程,15,507,160863
2024,0093,浙江师范大学行知学院,023,机器人工程,15,504,164193
2024,0093,浙江师范大学行知学院,024,物联网工程,15,507,160879
2024,0094,宁波大学科学技术学院,001,工商管理,36,549,111967
2024,0094,宁波大学科学技术学院,002,会计学,81,559,100086
2024,0094,宁波大学科学技术学院,003,物流管理,29,547,114721
2024,0094,宁波大学科学技术学院,004,旅游管理,15,544,118455
2024,0094,宁波大学科学技术学院,005,金融学,25,550,110574
2024,0094,宁波大学科学技术学院,006,国际经济与贸易,71,548,113879
2024,0094,宁波大学科学技术学院,007,电子商务,38,551,109359
2024,0094,宁波大学科学技术学院,008,法学,72,567,90916
2024,0094,宁波大学科学技术学院,009,汉语言文学,39,569,88921
2024,0094,宁波大学科学技术学院,010,英语,45,547,114200
2024,0094,宁波大学科学技术学院,011,英语,30,549,112575
2024,0094,宁波大学科学技术学院,012,翻译,45,546,115892
2024,0094,宁波大学科学技术学院,013,商务英语,21,552,108617
2024,0094,宁波大学科学技术学院,014,日语,20,547,114309
2024,0094,宁波大学科学技术学院,015,计算机科学与技术,108,502,166479
2024,0094,宁波大学科学技术学院,016,软件工程,42,500,168833
2024,0094,宁波大学科学技术学院,017,电子信息工程,40,515,152098
2024,0094,宁波大学科学技术学院,018,人工智能,40,498,170706
2024,0094,宁波大学科学技术学院,019,应用化学,11,502,166341
2024,0094,宁波大学科学技术学院,020,生物技术,10,496,173119
2024,0094,宁波大学科学技术学院,021,环境工程,12,501,167690
2024,0094,宁波大学科学技术学院,022,机器人工程,20,498,171169
2024,0094,宁波大学科学技术学院,023,临床医学,60,524,140978
2024,0094,宁波大学科学技术学院,025,机械设计制造及其自动化,32,507,160775
2024,0094,宁波大学科学技术学院,026,智能制造工程,24,505,163049
2024,0094,宁波大学科学技术学院,027,机械电子工程,26,507,160455
2024,0094,宁波大学科学技术学院,028,电气工程及其自动化,60,513,153759
2024,0094,宁波大学科学技术学院,029,土木工程,15,498,171021
2024,0094,宁波大学科学技术学院,030,建筑学,63,542,120762
2024,0094,宁波大学科学技术学院,031,工程管理,25,519,147293
2024,0094,宁波大学科学技术学院,032,广告学(中外合作办学),45,531,132731
2024,0095,杭州电子科技大学信息工程学院,001,计算机类,195,520,145926
2024,0095,杭州电子科技大学信息工程学院,002,人工智能,34,519,146788
2024,0095,杭州电子科技大学信息工程学院,003,通信工程,31,522,143432
2024,0095,杭州电子科技大学信息工程学院,004,电子信息类,146,511,156711
2024,0095,杭州电子科技大学信息工程学院,005,自动化（机器人方向）,77,511,156190
2024,0095,杭州电子科技大学信息工程学院,006,电气工程及其自动化（新能源电力方向）,48,523,142388
2024,0095,杭州电子科技大学信息工程学院,007,机械设计制造及其自动化（数字化设计与制造方向）,84,511,156146
2024,0095,杭州电子科技大学信息工程学院,008,工业设计,29,509,158320
2024,0095,杭州电子科技大学信息工程学院,009,智能制造工程,17,520,145962
2024,0095,杭州电子科技大学信息工程学院,011,金融学,160,549,112167
2024,0095,杭州电子科技大学信息工程学院,012,国际经济与贸易,99,551,110066
2024,0095,杭州电子科技大学信息工程学院,013,英语,81,552,108544
2024,0095,杭州电子科技大学信息工程学院,014,跨境电子商务,50,551,109665
2024,0095,杭州电子科技大学信息工程学院,015,工商管理类,98,552,108203
2024,0095,杭州电子科技大学信息工程学院,016,管理科学与工程类,58,524,141663
2024,0095,杭州电子科技大学信息工程学院,017,会计学,126,564,94868
2024,0095,杭州电子科技大学信息工程学院,018,财务管理,75,560,99421
2024,0096,浙江工商大学杭州商学院,001,工商管理,50,552,108850
2024,0096,浙江工商大学杭州商学院,002,市场营销,20,555,105181
2024,0096,浙江工商大学杭州商学院,003,人力资源管理,40,558,101274
2024,0096,浙江工商大学杭州商学院,004,旅游管理,10,558,101915
2024,0096,浙江工商大学杭州商学院,005,行政管理,35,559,100622
2024,0096,浙江工商大学杭州商学院,006,会计学,140,561,97282
2024,0096,浙江工商大学杭州商学院,007,财务管理,75,560,99365
2024,0096,浙江工商大学杭州商学院,008,经济学,75,561,97785
2024,0096,浙江工商大学杭州商学院,009,经济统计学,10,538,124553
2024,0096,浙江工商大学杭州商学院,010,应用统计学,10,525,140164
2024,0096,浙江工商大学杭州商学院,011,金融学,50,556,104239
2024,0096,浙江工商大学杭州商学院,012,互联网金融,35,553,107197
2024,0096,浙江工商大学杭州商学院,013,国际经济与贸易,20,557,103142
2024,0096,浙江工商大学杭州商学院,014,跨境电子商务,10,553,106987
2024,0096,浙江工商大学杭州商学院,015,数字经济,10,530,134721
2024,0096,浙江工商大学杭州商学院,016,法学,94,567,91247
2024,0096,浙江工商大学杭州商学院,017,新闻学,94,561,97634
2024,0096,浙江工商大学杭州商学院,018,广告学,48,559,100598
2024,0096,浙江工商大学杭州商学院,019,计算机科学与技术,10,529,134950
2024,0096,浙江工商大学杭州商学院,020,电子商务,35,555,105514
2024,0096,浙江工商大学杭州商学院,021,物联网工程,10,525,139709
2024,0096,浙江工商大学杭州商学院,022,供应链管理,20,555,105433
2024,0096,浙江工商大学杭州商学院,023,英语,35,555,105435
2024,0096,浙江工商大学杭州商学院,024,商务英语,15,553,106891
2024,0097,浙江理工大学科技与艺术学院,001,国际经济与贸易,35,543,119449
2024,0097,浙江理工大学科技与艺术学院,002,会计学,56,558,101972
2024,0097,浙江理工大学科技与艺术学院,003,电子商务,37,544,118606
2024,0097,浙江理工大学科技与艺术学院,004,信息管理与信息系统,9,526,138861
2024,0097,浙江理工大学科技与艺术学院,005,工商管理,42,545,116704
2024,0097,浙江理工大学科技与艺术学院,006,人力资源管理,29,551,110088
2024,0097,浙江理工大学科技与艺术学院,007,市场营销,13,548,113523
2024,0097,浙江理工大学科技与艺术学院,008,经济学,34,552,109080
2024,0097,浙江理工大学科技与艺术学院,009,英语,30,545,116875
2024,0097,浙江理工大学科技与艺术学院,010,日语,25,542,119914
2024,0097,浙江理工大学科技与艺术学院,011,法学,23,569,88578
2024,0097,浙江理工大学科技与艺术学院,012,公共事业管理,16,550,111544
2024,0097,浙江理工大学科技与艺术学院,013,酒店管理,14,543,118976
2024,0097,浙江理工大学科技与艺术学院,014,行政管理,34,552,109133
2024,0097,浙江理工大学科技与艺术学院,015,电子信息工程,15,505,162842
2024,0097,浙江理工大学科技与艺术学院,016,通信工程,14,501,167943
2024,0097,浙江理工大学科技与艺术学院,017,计算机科学与技术,21,505,163218
2024,0097,浙江理工大学科技与艺术学院,018,自动化,17,508,159811
2024,0097,浙江理工大学科技与艺术学院,019,建筑学,36,546,115797
2024,0097,浙江理工大学科技与艺术学院,027,土木工程,14,495,173959
2024,0097,浙江理工大学科技与艺术学院,028,工程管理,20,516,150681
2024,0097,浙江理工大学科技与艺术学院,029,纺织工程,5,500,168750
2024,0097,浙江理工大学科技与艺术学院,030,服装设计与工程,45,542,120559
2024,0097,浙江理工大学科技与艺术学院,031,应用化学,15,494,174892
2024,0097,浙江理工大学科技与艺术学院,032,大数据管理与应用,10,521,144502
2024,0099,温州医科大学仁济学院,001,英语,26,559,100781
2024,0099,温州医科大学仁济学院,002,日语,47,545,116576
2024,0099,温州医科大学仁济学院,003,生物医学工程,36,492,
2024,0099,温州医科大学仁济学院,004,临床医学,118,526,139116
2024,0099,温州医科大学仁济学院,005,麻醉学,17,541,121220
2024,0099,温州医科大学仁济学院,006,口腔医学,25,571,85596
2024,0099,温州医科大学仁济学院,007,中医学,14,523,142675
2024,0099,温州医科大学仁济学院,008,药学,15,504,164099
2024,0099,温州医科大学仁济学院,009,中药学,15,492,
2024,0099,温州医科大学仁济学院,010,法医学,14,495,173950
2024,0099,温州医科大学仁济学院,011,医学检验技术,51,492,
2024,0099,温州医科大学仁济学院,012,医学影像技术,12,518,148686
2024,0099,温州医科大学仁济学院,013,眼视光学,15,494,174934
2024,0099,温州医科大学仁济学院,014,康复治疗学,36,492,
2024,0099,温州医科大学仁济学院,015,护理学,201,492,
2024,0099,温州医科大学仁济学院,016,信息管理与信息系统,9,536,127007
2024,0099,温州医科大学仁济学院,017,市场营销,21,551,109387
2024,0099,温州医科大学仁济学院,018,公共事业管理,81,551,109422
2024,0101,浙江农林大学暨阳学院,001,机械设计制造及其自动化,8,516,150780
2024,0101,浙江农林大学暨阳学院,002,计算机科学与技术,10,514,153007
2024,0101,浙江农林大学暨阳学院,003,数据科学与大数据技术,10,509,158593
2024,0101,浙江农林大学暨阳学院,004,电子信息工程,8,513,153722
2024,0101,浙江农林大学暨阳学院,005,园林,51,542,120205
2024,0101,浙江农林大学暨阳学院,006,土木工程,8,506,161841
2024,0101,浙江农林大学暨阳学院,007,人文地理与城乡规划,33,550,110798
2024,0101,浙江农林大学暨阳学院,008,环境工程,25,492,
2024,0101,浙江农林大学暨阳学院,009,食品科学与工程,25,492,
2024,0101,浙江农林大学暨阳学院,014,中药学,40,492,
2024,0101,浙江农林大学暨阳学院,015,会计学,85,556,104371
2024,0101,浙江农林大学暨阳学院,016,财务管理,75,553,107768
2024,0101,浙江农林大学暨阳学院,017,工商管理,56,543,118890
2024,0101,浙江农林大学暨阳学院,018,市场营销,30,544,117807
2024,0101,浙江农林大学暨阳学院,019,电子商务,47,542,120434
2024,0101,浙江农林大学暨阳学院,020,旅游管理,30,543,119232
2024,0101,浙江农林大学暨阳学院,021,国际经济与贸易,50,545,116663
2024,0101,浙江农林大学暨阳学院,022,公共事业管理,35,546,115857
2024,0101,浙江农林大学暨阳学院,023,城市管理,30,546,115475
2024,0101,浙江农林大学暨阳学院,024,英语,56,540,122405
2024,0101,浙江农林大学暨阳学院,025,广告学,54,552,109204
2024,0101,浙江农林大学暨阳学院,026,法学,54,565,93524
2024,0106,浙江同济科技职业学院,501,水利工程,90,492,
2024,0106,浙江同济科技职业学院,502,水利工程（土地整治）,22,492,
2024,0106,浙江同济科技职业学院,503,水利工程(中外合作办学),46,492,
2024,0106,浙江同济科技职业学院,504,水利水电建筑工程,38,492,
2024,0106,浙江同济科技职业学院,505,水利水电工程智能管理,41,492,
2024,0106,浙江同济科技职业学院,506,工程测量技术,44,492,
2024,0106,浙江同济科技职业学院,507,水生态修复技术,55,492,
2024,0106,浙江同济科技职业学院,511,市政工程技术,31,492,
2024,0106,浙江同济科技职业学院,512,工程造价,71,492,
2024,0106,浙江同济科技职业学院,513,建筑智能化工程技术,4,492,
2024,0106,浙江同济科技职业学院,514,发电厂及电力系统,46,492,
2024,0106,浙江同济科技职业学院,515,电气自动化技术,41,492,
2024,0106,浙江同济科技职业学院,516,机电一体化技术,104,492,
2024,0106,浙江同济科技职业学院,517,数控技术,46,492,
2024,0106,浙江同济科技职业学院,518,电梯工程技术,46,492,
2024,0106,浙江同济科技职业学院,519,大数据与会计,34,500,169080
2024,0106,浙江同济科技职业学院,520,移动商务,25,492,
2024,0106,浙江同济科技职业学院,521,金融科技应用,40,492,
2024,0106,浙江同济科技职业学院,522,信息安全技术应用,44,492,
2024,0106,浙江同济科技职业学院,523,商务数据分析与应用,47,492,
2024,0106,浙江同济科技职业学院,524,环境艺术设计,66,492,
2024,0106,浙江同济科技职业学院,525,风景园林设计,32,492,
2024,0106,浙江同济科技职业学院,526,建筑设计,43,492,
2024,0106,浙江同济科技职业学院,527,数字媒体艺术设计,21,504,164977
2024,0111,浙江国际海运职业技术学院,501,航海技术,25,492,
2024,0111,浙江国际海运职业技术学院,502,轮机工程技术,17,492,
2024,0111,浙江国际海运职业技术学院,504,港口与航运管理,20,492,
2024,0111,浙江国际海运职业技术学院,505,船舶工程技术,20,492,
2024,0111,浙江国际海运职业技术学院,506,机电一体化技术,20,492,
2024,0111,浙江国际海运职业技术学院,516,国际邮轮乘务管理,20,492,
2024,0111,浙江国际海运职业技术学院,519,石油化工技术,35,492,
2024,0112,宁波卫生职业技术学院,501,护理,410,510,157675
2024,0112,宁波卫生职业技术学院,502,助产,43,501,167813
2024,0112,宁波卫生职业技术学院,503,口腔医学,110,537,126026
2024,0112,宁波卫生职业技术学院,504,口腔医学技术,48,519,147784
2024,0112,宁波卫生职业技术学院,505,中医学,110,513,154082
2024,0112,宁波卫生职业技术学院,506,中药学,75,509,158736
2024,0112,宁波卫生职业技术学院,507,医学检验技术,55,514,153272
2024,0112,宁波卫生职业技术学院,508,卫生检验与检疫技术,50,502,167124
2024,0112,宁波卫生职业技术学院,509,医学美容技术,53,507,160898
2024,0112,宁波卫生职业技术学院,510,康复治疗技术,41,506,162203
2024,0112,宁波卫生职业技术学院,511,言语听觉康复技术,34,493,176782
2024,0112,宁波卫生职业技术学院,512,医学营养,45,498,171475
2024,0112,宁波卫生职业技术学院,513,健康管理,32,494,175427
2024,0112,宁波卫生职业技术学院,514,老年保健与管理,25,494,175735
2024,0112,宁波卫生职业技术学院,515,婴幼儿托育服务与管理,10,494,175764
2024,0113,宁波城市职业技术学院,501,国际经济与贸易,40,492,
2024,0113,宁波城市职业技术学院,502,现代物流管理,85,492,
2024,0113,宁波城市职业技术学院,503,工商企业管理,40,492,
2024,0113,宁波城市职业技术学院,504,电子商务,50,492,
2024,0113,宁波城市职业技术学院,505,跨境电子商务,88,492,
2024,0113,宁波城市职业技术学院,506,大数据与会计,85,496,173824
2024,0113,宁波城市职业技术学院,507,金融服务与管理,50,492,
2024,0113,宁波城市职业技术学院,508,计算机应用技术,86,492,
2024,0113,宁波城市职业技术学院,509,计算机网络技术,40,492,
2024,0113,宁波城市职业技术学院,510,应用电子技术,41,492,
2024,0113,宁波城市职业技术学院,511,工业互联网技术,48,492,
2024,0113,宁波城市职业技术学院,512,人工智能技术应用,45,492,
2024,0113,宁波城市职业技术学院,516,会展策划与管理,40,492,
2024,0113,宁波城市职业技术学院,518,建筑装饰工程技术,46,492,
2024,0113,宁波城市职业技术学院,519,园林技术,70,492,
2024,0113,宁波城市职业技术学院,520,园艺技术,72,492,
2024,0113,宁波城市职业技术学院,522,应用英语,39,492,
2024,0113,宁波城市职业技术学院,523,应用法语,50,492,
2024,0115,浙江特殊教育职业学院,501,特殊教育(师范),50,508,160187
2024,0115,浙江特殊教育职业学院,502,学前教育(师范),29,498,171467
2024,0115,浙江特殊教育职业学院,503,特殊教育（手语翻译方向）,13,523,142450
2024,0115,浙江特殊教育职业学院,504,康复治疗技术,36,492,
2024,0117,中国计量大学现代科技学院,001,自动化,21,505,163369
2024,0117,中国计量大学现代科技学院,002,电气工程及其自动化,20,510,158006
2024,0117,中国计量大学现代科技学院,003,质量管理工程,8,523,142481
2024,0117,中国计量大学现代科技学院,004,机械设计制造及其自动化,20,507,161133
2024,0117,中国计量大学现代科技学院,005,机械电子工程,24,505,163668
2024,0117,中国计量大学现代科技学院,006,人工智能,28,508,159827
2024,0117,中国计量大学现代科技学院,007,安全工程,23,492,
2024,0117,中国计量大学现代科技学院,008,测控技术与仪器,6,509,158277
2024,0117,中国计量大学现代科技学院,009,生物工程,70,492,
2024,0117,中国计量大学现代科技学院,010,电子信息工程,43,501,167642
2024,0117,中国计量大学现代科技学院,011,通信工程,38,499,170275
2024,0117,中国计量大学现代科技学院,012,计算机科学与技术,68,498,170776
2024,0117,中国计量大学现代科技学院,013,工商管理,55,544,118008
2024,0117,中国计量大学现代科技学院,014,财务管理,55,554,106520
2024,0117,中国计量大学现代科技学院,015,市场营销,20,543,119464
2024,0117,中国计量大学现代科技学院,016,国际经济与贸易,65,543,118751
2024,0117,中国计量大学现代科技学院,017,金融工程,40,509,158853
2024,0117,中国计量大学现代科技学院,018,工业设计,35,494,175935
2024,0117,中国计量大学现代科技学院,019,法学,30,573,84306
2024,0117,中国计量大学现代科技学院,020,广告学,30,561,98454
2024,0117,中国计量大学现代科技学院,021,汉语言文学,30,571,86073
2024,0117,中国计量大学现代科技学院,022,英语,60,556,103937
2024,0119,浙江财经大学东方学院,001,金融学,92,546,115690
2024,0119,浙江财经大学东方学院,002,保险学,30,544,117803
2024,0119,浙江财经大学东方学院,003,国际经济与贸易,35,546,115515
2024,0119,浙江财经大学东方学院,004,经济学,39,558,101981
2024,0119,浙江财经大学东方学院,005,跨境电子商务,35,542,120407
2024,0119,浙江财经大学东方学院,006,财政学,100,549,112282
2024,0119,浙江财经大学东方学院,007,税收学,94,547,114828
2024,0119,浙江财经大学东方学院,008,劳动与社会保障,30,547,114631
2024,0119,浙江财经大学东方学院,009,工商管理,64,545,117293
2024,0119,浙江财经大学东方学院,010,工程管理,47,511,156184
2024,0119,浙江财经大学东方学院,011,市场营销,31,547,114924
2024,0119,浙江财经大学东方学院,012,物流管理,31,547,114577
2024,0119,浙江财经大学东方学院,013,人力资源管理,30,554,106549
2024,0119,浙江财经大学东方学院,014,会计学（含ACA方向、税务会计方向）,80,566,92390
2024,0119,浙江财经大学东方学院,015,审计学（CIA方向、CISA方向）,74,555,104994
2024,0119,浙江财经大学东方学院,016,资产评估,20,553,107924
2024,0119,浙江财经大学东方学院,017,财务管理（含CMA方向、资本运营方向）,80,555,105026
2024,0119,浙江财经大学东方学院,018,信息管理与信息系统（数据挖掘与信息系统审计方向）,54,516,151061
2024,0119,浙江财经大学东方学院,019,计算机科学与技术,82,495,174358
2024,0119,浙江财经大学东方学院,020,电子商务（商务数据分析方向）,54,542,120907
2024,0119,浙江财经大学东方学院,021,数据科学与大数据技术,27,503,165915
2024,0119,浙江财经大学东方学院,022,互联网金融,27,549,112542
2024,0119,浙江财经大学东方学院,023,应用统计学,27,504,164736
2024,0119,浙江财经大学东方学院,024,法学,71,566,92260
2024,0119,浙江财经大学东方学院,025,社会工作（司法社工方向）,54,552,108608
2024,0119,浙江财经大学东方学院,026,汉语言文学（文宣方向）,29,570,87586
2024,0119,浙江财经大学东方学院,027,广告学（新媒体传播方向）,65,555,105248
2024,0119,浙江财经大学东方学院,028,工业设计,49,492,
2024,0119,浙江财经大学东方学院,029,英语,78,541,121164
2024,0119,浙江财经大学东方学院,030,日语,45,541,121257
2024,0121,湖州学院,005,电气工程及其自动化,18,546,115225
2024,0121,湖州学院,006,计算机科学与技术,25,545,116803
2024,0121,湖州学院,007,软件工程,25,542,120007
2024,0121,湖州学院,008,电子信息工程,10,545,116647
2024,0121,湖州学院,009,生物工程,20,512,154916
2024,0121,湖州学院,010,制药工程,20,523,142196
2024,0121,湖州学院,011,护理学,45,580,75416
2024,0121,湖州学院,012,国际经济与贸易,40,575,81544
2024,0121,湖州学院,013,经济与金融,50,576,80756
2024,0121,湖州学院,014,跨境电子商务,15,574,82734
2024,0121,湖州学院,015,供应链管理,10,578,78685
2024,0121,湖州学院,016,旅游管理与服务教育,10,574,82596
2024,0121,湖州学院,017,汉语言文学,90,583,72313
2024,0121,湖州学院,018,英语,45,574,82758
2024,0121,湖州学院,019,广告学,40,577,79495
2024,0121,湖州学院,020,网络与新媒体,65,578,78022
2024,0121,湖州学院,021,思想政治教育,45,581,74545
2024,0122,绍兴文理学院元培学院,001,中国语言文学类,75,562,96570
2024,0122,绍兴文理学院元培学院,002,英语,20,560,99592
2024,0122,绍兴文理学院元培学院,003,翻译,5,559,100300
2024,0122,绍兴文理学院元培学院,004,会计学,47,562,97097
2024,0122,绍兴文理学院元培学院,005,财务管理,22,560,99050
2024,0122,绍兴文理学院元培学院,006,工商管理,13,554,106094
2024,0122,绍兴文理学院元培学院,007,电子商务,48,553,107084
2024,0122,绍兴文理学院元培学院,008,国际经济与贸易,45,554,106234
2024,0122,绍兴文理学院元培学院,009,法学,50,568,89999
2024,0122,绍兴文理学院元培学院,010,园林,20,553,107180
2024,0122,绍兴文理学院元培学院,011,纺织工程,20,492,
2024,0122,绍兴文理学院元培学院,012,服装设计与工程,40,548,113725
2024,0122,绍兴文理学院元培学院,013,计算机类,38,498,170754
2024,0122,绍兴文理学院元培学院,014,数据科学与大数据技术,27,510,157214
2024,0122,绍兴文理学院元培学院,015,电子信息工程,40,498,170868
2024,0122,绍兴文理学院元培学院,016,机械类,50,504,164128
2024,0122,绍兴文理学院元培学院,017,土木工程,30,492,
2024,0122,绍兴文理学院元培学院,018,管理科学与工程类,35,517,149822
2024,0122,绍兴文理学院元培学院,019,药学,75,492,
2024,0122,绍兴文理学院元培学院,020,护理学,80,560,98733
2024,0123,温州理工学院,001,财务管理,117,581,74249
2024,0123,温州理工学院,002,跨境电子商务,60,574,82783
2024,0123,温州理工学院,003,工商管理,20,581,74595
2024,0123,温州理工学院,004,金融科技,37,552,108303
2024,0123,温州理工学院,005,国际经济与贸易,54,576,80000
2024,0123,温州理工学院,006,法学,110,587,68425
2024,0123,温州理工学院,007,汉语言文学,103,584,71240
2024,0123,温州理工学院,008,网络与新媒体,38,580,76019
2024,0123,温州理工学院,009,数学与应用数学,14,551,110098
2024,0123,温州理工学院,010,应用统计学,47,542,119898
2024,0123,温州理工学院,011,计算机科学与技术,89,544,118237
2024,0123,温州理工学院,012,数据科学与大数据技术,20,544,117637
2024,0123,温州理工学院,013,人工智能,17,546,115977
2024,0123,温州理工学院,014,软件工程,22,545,116317
2024,0123,温州理工学院,015,电子信息工程,21,548,113210
2024,0123,温州理工学院,016,机器人工程,13,542,119850
2024,0123,温州理工学院,017,物联网工程,13,544,117482
2024,0123,温州理工学院,018,电气工程及其自动化,4,560,98582
2024,0123,温州理工学院,019,建筑环境与能源应用工程,5,544,118077
2024,0123,温州理工学院,020,建筑学,48,575,81769
2024,0123,温州理工学院,021,英语,123,574,83119
2024,0123,温州理工学院,022,创业管理,5,578,77974
2024,0124,宁波幼儿师范高等专科学校,501,学前教育(师范),330,492,
2024,0124,宁波幼儿师范高等专科学校,502,新闻采编与制作,135,492,
2024,0124,宁波幼儿师范高等专科学校,503,传播与策划,90,492,
2024,0124,宁波幼儿师范高等专科学校,504,应用英语,90,492,
2024,0124,宁波幼儿师范高等专科学校,505,现代文秘,90,492,
2024,0124,宁波幼儿师范高等专科学校,506,跨境电子商务,90,492,
2024,0124,宁波幼儿师范高等专科学校,510,音乐教育（幼教方向）(师范),65,492,
2024,0124,宁波幼儿师范高等专科学校,511,体育教育（幼教方向）(师范),70,492,
2024,0124,宁波幼儿师范高等专科学校,513,学前教育(中外合作办学)(师范),45,492,
2024,0125,嘉兴南湖学院,001,法学,40,589,65244
2024,0125,嘉兴南湖学院,002,汉语言文学,30,588,66857
2024,0125,嘉兴南湖学院,003,英语,15,578,77972
2024,0125,嘉兴南湖学院,004,日语,10,574,82943
2024,0125,嘉兴南湖学院,005,经济学,30,580,76153
2024,0125,嘉兴南湖学院,006,金融学,35,578,78275
2024,0125,嘉兴南湖学院,007,国际经济与贸易,35,576,80762
2024,0125,嘉兴南湖学院,008,工商管理,28,578,77675
2024,0125,嘉兴南湖学院,009,会计学,35,585,70175
2024,0125,嘉兴南湖学院,010,财务管理,35,583,72624
2024,0125,嘉兴南湖学院,011,人力资源管理,34,576,80011
2024,0125,嘉兴南湖学院,012,跨境电子商务,20,575,81944
2024,0125,嘉兴南湖学院,013,机械设计制造及其自动化,40,546,115629
2024,0125,嘉兴南湖学院,014,智能制造工程,40,538,124585
2024,0125,嘉兴南湖学院,015,电气工程及其自动化,45,552,108769
2024,0125,嘉兴南湖学院,016,自动化,40,541,120972
2024,0125,嘉兴南湖学院,017,电子信息工程,60,540,122119
2024,0125,嘉兴南湖学院,018,人工智能,30,540,122836
2024,0125,嘉兴南湖学院,019,计算机科学与技术,115,541,121070
2024,0125,嘉兴南湖学院,020,大数据管理与应用,50,551,109767
2024,0125,嘉兴南湖学院,021,工业设计,25,535,128151
2024,0125,嘉兴南湖学院,022,纺织工程,10,528,136120
2024,0125,嘉兴南湖学院,023,服装设计与工程,30,573,84195
2024,0125,嘉兴南湖学院,024,土木工程（智能建造方向）,5,537,125679
2024,0125,嘉兴南湖学院,025,工程管理,15,547,113996
2024,0125,嘉兴南湖学院,026,工程造价,20,544,117737
2024,0125,嘉兴南湖学院,027,化学工程与工艺,15,532,131787
2024,0125,嘉兴南湖学院,028,轻化工程,5,537,126132
2024,0125,嘉兴南湖学院,029,环境工程,5,534,129614
2024,0125,嘉兴南湖学院,030,生物工程,20,523,142489
2024,0125,嘉兴南湖学院,031,思想政治教育,15,584,71640
2024,0126,温州商学院,001,数字经济,80,492,
2024,0126,温州商学院,002,税收学,95,539,124282
2024,0126,温州商学院,003,金融学,170,533,130766
2024,0126,温州商学院,004,金融科技,90,492,
2024,0126,温州商学院,005,国际经济与贸易,90,531,133077
2024,0126,温州商学院,006,外国语言文学类,180,527,138329
2024,0126,温州商学院,007,新闻传播学类,190,530,134699
2024,0126,温州商学院,008,人工智能,140,492,
2024,0126,温州商学院,009,软件工程,68,492,
2024,0126,温州商学院,010,计算机类,152,492,
2024,0126,温州商学院,011,工商管理类,240,531,133307
2024,0126,温州商学院,012,市场营销,10,531,133613
2024,0126,温州商学院,013,会计学,145,544,117920
2024,0126,温州商学院,014,创业管理,90,529,136046
2024,0126,温州商学院,501,国际经济与贸易,80,492,
2024,0126,温州商学院,502,国际金融,45,492,
2024,0126,温州商学院,503,工商企业管理,218,492,
2024,0126,温州商学院,504,大数据与会计,89,492,
2024,0126,温州商学院,505,商务英语,80,492,
2024,0126,温州商学院,506,网络新闻与传播,80,492,
2024,0126,温州商学院,507,电子商务,50,492,
2024,0126,温州商学院,508,计算机应用技术,90,492,
2024,0126,温州商学院,509,移动应用开发,60,492,
2024,0126,温州商学院,510,视觉传达设计,30,492,
2024,0128,浙江邮电职业技术学院,501,现代通信技术,63,492,
2024,0128,浙江邮电职业技术学院,503,现代移动通信技术,65,492,
2024,0128,浙江邮电职业技术学院,504,通信工程设计与监理,50,492,
2024,0128,浙江邮电职业技术学院,508,人工智能技术应用,52,492,
2024,0128,浙江邮电职业技术学院,509,信息安全技术应用,59,492,
2024,0128,浙江邮电职业技术学院,512,软件技术,35,492,
2024,0128,浙江邮电职业技术学院,513,电信服务与管理,77,492,
2024,0128,浙江邮电职业技术学院,515,邮政快递运营管理,40,492,
2024,0128,浙江邮电职业技术学院,516,邮政快递智能技术,40,492,
2024,0128,浙江邮电职业技术学院,517,跨境电子商务,60,492,
2024,0129,浙江农业商贸职业学院,501,大数据与会计,125,492,
2024,0129,浙江农业商贸职业学院,512,茶叶生产与加工技术,25,492,
2024,0129,浙江农业商贸职业学院,517,中西面点工艺,37,492,
2024,0130,浙江师范大学(金华职业技术大学教学点),001,小学教育(师范),60,603,50025
2024,0133,浙江安防职业技术学院,504,大数据与会计,45,492,
2024,0133,浙江安防职业技术学院,511,区块链技术应用,20,492,
2024,0133,浙江安防职业技术学院,513,安全技术与管理,9,492,
2024,0133,浙江安防职业技术学院,522,新能源装备技术,40,492,
2024,0133,浙江安防职业技术学院,525,建筑消防技术,20,492,
2024,0168,温州肯恩大学,001,经济学(中外合作办学),14,602,51602
2024,0168,温州肯恩大学,002,金融学(中外合作办学)（国际金融方向）,57,588,66711
2024,0168,温州肯恩大学,003,国际商务(中外合作办学),20,587,68122
2024,0168,温州肯恩大学,004,会计学(中外合作办学)（国际会计方向）,56,590,64761
2024,0168,温州肯恩大学,005,英语(中外合作办学),29,584,71325
2024,0168,温州肯恩大学,006,心理学(中外合作办学),26,585,70019
2024,0168,温州肯恩大学,007,传播学(中外合作办学),14,597,56585
2024,0168,温州肯恩大学,008,生物科学(中外合作办学)（细胞与分子方向）,7,581,74147
2024,0168,温州肯恩大学,009,数学与应用数学(中外合作办学)（数据分析方向）,6,586,68817
2024,0168,温州肯恩大学,010,计算机科学与技术(中外合作办学),23,582,73287
2024,0182,宁波诺丁汉大学,001,国际商务(中外合作办学),25,621,32766
2024,0182,宁波诺丁汉大学,002,财务管理(中外合作办学),86,624,30497
2024,0182,宁波诺丁汉大学,003,国际经济与贸易(中外合作办学),6,630,25489
2024,0182,宁波诺丁汉大学,004,经济学(中外合作办学),58,630,25145
2024,0182,宁波诺丁汉大学,005,国际事务与国际关系(中外合作办学),8,628,27221
2024,0182,宁波诺丁汉大学,006,传播学(中外合作办学),30,621,32407
2024,0182,宁波诺丁汉大学,007,英语(中外合作办学)（2+2）,11,617,36263
2024,0182,宁波诺丁汉大学,008,英语(中外合作办学),15,619,34860
2024,0182,宁波诺丁汉大学,009,计算机科学与技术(中外合作办学)（2+2）,24,626,28583
2024,0182,宁波诺丁汉大学,010,计算机科学与技术(中外合作办学),30,621,32852
2024,0182,宁波诺丁汉大学,011,数学与应用数学(中外合作办学)（2+2）,14,630,25208
2024,0182,宁波诺丁汉大学,012,数学与应用数学(中外合作办学),23,620,33554
2024,0182,宁波诺丁汉大学,013,电气类(中外合作办学)（2+2）,14,617,36008
2024,0182,宁波诺丁汉大学,014,电气类(中外合作办学),9,620,33637
2024,0182,宁波诺丁汉大学,015,环境科学(中外合作办学)（2+2）,1,618,35264
2024,0182,宁波诺丁汉大学,016,统计学(中外合作办学)（2+2）,17,632,23505
2024,0182,宁波诺丁汉大学,017,化学(中外合作办学)（2+2）,4,623,30643
2024,0182,宁波诺丁汉大学,018,建筑学(中外合作办学),15,617,35910
2024,0186,上海财经大学浙江学院,001,会计学,80,560,98942
2024,0186,上海财经大学浙江学院,002,会计学（国际会计ACCA）,50,559,100712
2024,0186,上海财经大学浙江学院,003,会计学（注册会计）,50,568,89018
2024,0186,上海财经大学浙江学院,004,财务管理,76,557,103099
2024,0186,上海财经大学浙江学院,005,金融学,113,544,117725
2024,0186,上海财经大学浙江学院,006,保险学,20,545,116380
2024,0186,上海财经大学浙江学院,007,投资学,45,544,118536
2024,0186,上海财经大学浙江学院,008,应用统计学（金融统计）,48,492,
2024,0186,上海财经大学浙江学院,009,经济统计学,22,525,139801
2024,0186,上海财经大学浙江学院,010,数据科学与大数据技术,24,506,161698
2024,0186,上海财经大学浙江学院,011,国际经济与贸易,45,546,115524
2024,0186,上海财经大学浙江学院,012,物流管理,20,550,111103
2024,0186,上海财经大学浙江学院,013,工商管理,46,547,114458
2024,0186,上海财经大学浙江学院,014,创业管理,40,541,121709
2024,0186,上海财经大学浙江学院,015,市场营销,20,549,111950
2024,0186,上海财经大学浙江学院,016,人力资源管理,22,559,100605
2024,0186,上海财经大学浙江学院,017,国际商务,20,549,112341
2024,0186,上海财经大学浙江学院,018,会展经济与管理,20,545,116554
2024,0186,上海财经大学浙江学院,019,跨境电子商务,20,550,111249
2024,0186,上海财经大学浙江学院,020,经济学,20,561,98075
2024,0186,上海财经大学浙江学院,021,电子商务,44,543,119331
2024,0186,上海财经大学浙江学院,022,软件工程,24,505,162966
2024,0186,上海财经大学浙江学院,023,英语,29,553,107471
2024,0186,上海财经大学浙江学院,024,商务英语,40,545,117146
2024,0189,北京航空航天大学中法航空学院,001,工科试验班类（中外合作办学，中法航空试验班）,75,658,8712
2024,0199,浙江药科职业大学,001,药学,88,522,143169
2024,0199,浙江药科职业大学,002,制药工程技术,60,514,152811
2024,0199,浙江药科职业大学,003,合成生物技术,30,500,168854
2024,0199,浙江药科职业大学,004,化妆品工程技术,45,513,154302
2024,0199,浙江药科职业大学,005,药品质量管理,40,502,166548
2024,0199,浙江药科职业大学,006,药事服务与管理,85,492,
2024,0199,浙江药科职业大学,007,企业数字化管理,100,564,94630
2024,0199,浙江药科职业大学,008,应用英语,55,565,93547
2024,0199,浙江药科职业大学,009,中药制药,55,569,88769
2024,0199,浙江药科职业大学,010,食品质量与安全,55,504,164094
2024,0199,浙江药科职业大学,011,食品工程技术,30,503,165723
2024,0199,浙江药科职业大学,012,食品营养与健康,55,492,
2024,0199,浙江药科职业大学,013,医疗器械工程技术,70,515,151467
2024,0199,浙江药科职业大学,014,新材料与应用技术,45,522,143426
2024,0199,浙江药科职业大学,015,护理,145,571,86512
2024,0199,浙江药科职业大学,016,药物分析,90,492,
2024,0199,浙江药科职业大学,017,药物制剂,90,492,
2024,0199,浙江药科职业大学,018,中药学,120,569,88891
2024,0199,浙江药科职业大学,019,中药材生产与加工,60,566,92164
2024,0199,浙江药科职业大学,020,康复工程技术,30,522,143805
2024,0199,浙江药科职业大学,021,智慧健康养老管理,30,567,90804
2024,0199,浙江药科职业大学,501,药物制剂技术,60,515,152492
2024,0199,浙江药科职业大学,502,中药学,30,534,130045
2024,0199,浙江药科职业大学,503,医疗器械经营与服务,60,511,156254
2024,0199,浙江药科职业大学,504,药品质量与安全（药事管理）,60,517,150070
2024,0199,浙江药科职业大学,505,中医康复技术,30,523,143017
2024,0232,浙江舟山群岛新区旅游与健康职业学院,503,护理,126,492,177818
2024,0259,浙江大学医学院,001,临床医学（5+3一体化培养）,18,691,876
2024,0259,浙江大学医学院,002,口腔医学（5+3一体化培养）,17,685,1564
2024,0259,浙江大学医学院,003,临床医学（儿科方向，5+3一体化培养）,8,682,2044
2024,0259,浙江大学医学院,004,医学试验班类,25,683,1948
2024,0259,浙江大学医学院,005,预防医学,35,666,6080
2024,0259,浙江大学医学院,006,药学类,52,669,5096
2024,1102,北京城市学院,014,广播电视编导（影视编创）,2,566,92216
2024,1102,北京城市学院,015,文物与博物馆学,1,584,71763
2024,1102,北京城市学院,016,学前教育,1,558,101598
2024,1102,北京城市学院,017,社会工作,1,574,83068
2024,1102,北京城市学院,018,法学,1,581,74987
2024,1102,北京城市学院,020,康复治疗学,2,506,161790
2024,1102,北京城市学院,021,建筑学（中国传统建筑文化与技艺）,1,568,90099
2024,1102,北京城市学院,022,城乡规划（智慧规划）,2,556,104299
2024,1102,北京城市学院,023,风景园林（景观智能规划与设计）,2,550,111129
2024,1102,北京城市学院,024,金融学,1,566,91854
2024,1102,北京城市学院,025,金融科技,1,539,123335
2024,1102,北京城市学院,026,跨境电子商务,1,555,104441
2024,1102,北京城市学院,027,会计学,1,574,82618
2024,1102,北京城市学院,028,工商管理类,1,564,94454
2024,1102,北京城市学院,029,文化产业管理,1,561,97591
2024,1102,北京城市学院,030,旅游管理类,1,552,108635
2024,1103,北京大学,001,工商管理类,1,721,2
2024,1103,北京大学,002,文科试验班类（文科基础类专业）,6,707,69
2024,1103,北京大学,005,理科试验班类（元培）,2,721,3
2024,1103,北京大学,006,理科试验班类（理科基础类专业）,22,707,78
2024,1104,北京大学医学部,001,基础医学,2,701,232
2024,1104,北京大学医学部,002,临床医学,5,703,162
2024,1104,北京大学医学部,003,临床医学,1,702,183
2024,1104,北京大学医学部,004,口腔医学,1,709,51
2024,1104,北京大学医学部,005,口腔医学,1,702,185
2024,1104,北京大学医学部,006,预防医学,1,699,311
2024,1104,北京大学医学部,007,药学,2,700,257
2024,1104,北京大学医学部,008,英语（医学英语）,2,700,277
2024,1105,北京第二外国语学院,001,英语（人文交流）,1,638,19720
2024,1105,北京第二外国语学院,002,商务英语（国际商业管理）,2,630,25476
2024,1105,北京第二外国语学院,003,日语（漫画文创）,1,637,20286
2024,1105,北京第二外国语学院,004,俄语,2,623,30949
2024,1105,北京第二外国语学院,005,德语,1,634,22575
2024,1105,北京第二外国语学院,006,法语,2,628,26741
2024,1105,北京第二外国语学院,007,西班牙语,1,636,21096
2024,1105,北京第二外国语学院,008,葡萄牙语（国别与区域）,2,621,33113
2024,1105,北京第二外国语学院,009,意大利语（人文交流）,1,620,33736
2024,1105,北京第二外国语学院,010,斯洛伐克语,1,627,27810
2024,1105,北京第二外国语学院,011,匈牙利语,1,617,36656
2024,1105,北京第二外国语学院,012,波兰语,1,616,37646
2024,1105,北京第二外国语学院,013,爱沙尼亚语,1,604,49723
2024,1105,北京第二外国语学院,014,阿拉伯语,2,622,32206
2024,1105,北京第二外国语学院,015,翻译（中英法复语实验班）,1,637,20539
2024,1105,北京第二外国语学院,016,翻译（涉外法律服务实验班）,1,630,25475
2024,1105,北京第二外国语学院,017,旅游管理,1,625,29422
2024,1105,北京第二外国语学院,018,市场营销（一带一路营销）,1,626,28606
2024,1105,北京第二外国语学院,019,财务管理（资本量化分析）,1,635,21663
2024,1105,北京第二外国语学院,020,财务管理（智能财务）,1,631,24719
2024,1105,北京第二外国语学院,021,国际经济与贸易（国际服务贸易）,2,628,27166
2024,1105,北京第二外国语学院,022,金融学（跨境金融）,2,637,20425
2024,1105,北京第二外国语学院,023,外交学（政党外交）,2,640,18583
2024,1105,北京第二外国语学院,024,汉语言文学（多语复合）,1,644,16047
2024,1106,北京第二外国语学院中瑞酒店管理学院,001,酒店管理,30,515,151951
2024,1106,北京第二外国语学院中瑞酒店管理学院,002,金融学,6,520,146144
2024,1106,北京第二外国语学院中瑞酒店管理学院,003,财务管理,7,523,142708
2024,1106,北京第二外国语学院中瑞酒店管理学院,004,人力资源管理,7,520,146364
2024,1106,北京第二外国语学院中瑞酒店管理学院,005,市场营销,4,521,144970
2024,1106,北京第二外国语学院中瑞酒店管理学院,006,健康服务与管理（中日联合培养）,10,517,149799
2024,1106,北京第二外国语学院中瑞酒店管理学院,007,酒店管理（国际课程班）,8,514,152972
2024,1106,北京第二外国语学院中瑞酒店管理学院,008,金融学（国际班）,2,517,149895
2024,1106,北京第二外国语学院中瑞酒店管理学院,009,财务管理（国际班）,9,516,150538
2024,1106,北京第二外国语学院中瑞酒店管理学院,010,人力资源管理（国际班）,7,515,152034
2024,1106,北京第二外国语学院中瑞酒店管理学院,011,市场营销（国际班）,6,514,153002
2024,1107,北京电影学院,016,戏剧影视文学（剧作）,3,642,17072
2024,1107,北京电影学院,017,电影学（制片与市场）,5,625,29091
2024,1107,北京电影学院,018,电影学,2,634,22519
2024,1107,北京电影学院,019,戏剧影视文学（动漫策划）,1,646,14883
2024,1107,北京电影学院,020,影视技术,2,636,20933
2024,1107,北京电影学院,021,数字媒体技术,2,646,14581
2024,1107,北京电影学院,022,广播电视编导,5,636,21192
2024,1107,北京电影学院,023,网络与新媒体,3,608,45238
2024,1109,北京电子科技职业学院,501,无人机应用技术,15,492,
2024,1110,北京服装学院,010,服装设计与工程,1,595,58508
2024,1110,北京服装学院,011,工业设计,1,585,69895
2024,1111,北京工商大学,001,西班牙语,5,605,48330
2024,1111,北京工商大学,002,新闻传播学类,5,627,28020
2024,1111,北京工商大学,003,人工智能,5,614,39176
2024,1111,北京工商大学,004,大数据管理与应用,5,611,42284
2024,1111,北京工商大学,005,材料类（新材料智造方向）,5,584,71279
2024,1111,北京工商大学,006,环境工程（碳中和实验班）,5,578,78359
2024,1111,北京工商大学,007,化妆品技术与工程,5,580,75313
2024,1111,北京工商大学,008,金融工程,5,613,40410
2024,1112,北京金融科技学院,001,数字经济,2,492,
2024,1112,北京金融科技学院,002,金融学,5,525,140825
2024,1112,北京金融科技学院,003,金融工程,3,492,
2024,1112,北京金融科技学院,004,金融科技,3,492,
2024,1112,北京金融科技学院,005,应用心理学,3,521,144633
2024,1112,北京金融科技学院,007,计算机科学与技术,5,492,
2024,1112,北京金融科技学院,009,大数据管理与应用,3,492,
2024,1112,北京金融科技学院,010,会计学,5,535,129056
2024,1112,北京金融科技学院,011,财务管理,3,526,139405
2024,1112,北京金融科技学院,012,国际商务,3,521,144630
2024,1112,北京金融科技学院,013,审计学,4,523,143073
2024,1112,北京金融科技学院,017,广播电视编导,5,520,146171
2024,1113,北京工业大学,001,生物医学工程,2,647,14104
2024,1113,北京工业大学,002,数字媒体技术,2,653,11074
2024,1113,北京工业大学,003,机械类,3,647,14048
2024,1113,北京工业大学,004,建筑学,3,631,24589
2024,1113,北京工业大学,006,软件工程(中外合作办学),2,641,17345
2024,1113,北京工业大学,007,电子信息工程(中外合作办学),2,640,18328
2024,1113,北京工业大学,008,金融学(中外合作办学),6,508,160407
2024,1114,北京工业大学耿丹学院,001,国际经济与贸易,1,537,126143
2024,1114,北京工业大学耿丹学院,002,财务管理,3,537,126411
2024,1114,北京工业大学耿丹学院,003,市场营销（品牌管理与策划）,1,549,112714
2024,1114,北京工业大学耿丹学院,004,金融工程,3,492,
2024,1114,北京工业大学耿丹学院,005,机械设计制造及其自动化（机器人方向）,3,495,174144
2024,1114,北京工业大学耿丹学院,009,计算机类,3,498,170680
2024,1114,北京工业大学耿丹学院,010,汉语国际教育,3,528,136103
2024,1116,北京航空航天大学,001,计算机科学与技术（拔尖学生培养计划）,1,690,1023
2024,1116,北京航空航天大学,002,数学与应用数学（拔尖学生培养计划）,1,685,1542
2024,1116,北京航空航天大学,003,工程力学（拔尖学生培养计划）,1,683,1889
2024,1116,北京航空航天大学,004,工科试验班类（未来空天领军计划）,2,689,1106
2024,1116,北京航空航天大学,005,理科试验班类（中法工程师学院）,3,675,3351
2024,1116,北京航空航天大学,006,工科试验班类（医工交叉试验班）,3,678,2822
2024,1116,北京航空航天大学,007,网络空间安全（卓越人才培养试验班）,1,684,1714
2024,1116,北京航空航天大学,008,微电子科学与工程（卓越人才培养试验班）,1,686,1507
2024,1116,北京航空航天大学,009,人工智能（卓越人才培养试验班）,2,685,1622
2024,1116,北京航空航天大学,010,工科试验班类（航空和航天类）,25,672,4318
2024,1116,北京航空航天大学,011,工科试验班类（信息类）,43,676,3283
2024,1116,北京航空航天大学,012,理科试验班类,7,672,4315
2024,1116,北京航空航天大学,013,社会科学试验班,6,664,6675
2024,1117,北京化工大学,001,工科试验班（宏德书院）,3,647,14160
2024,1117,北京化工大学,002,化学（基础拔尖）,2,643,16327
2024,1117,北京化工大学,003,法学（卓越实验班）,2,651,12160
2024,1117,北京化工大学,004,工科试验班（绿色化工与生物医药）,18,636,20822
2024,1117,北京化工大学,005,自动化类（高端装备与智能制造）,30,640,18034
2024,1117,北京化工大学,006,计算机类,14,645,15472
2024,1117,北京化工大学,007,理科试验班（数学、物理电子与管理）,14,641,17810
2024,1117,北京化工大学,008,工商管理类（新文科经管法）,17,642,16879
2024,1117,北京化工大学,010,化工与制药类(中外合作办学)（中法精英工程教育试验班）,10,618,35550
2024,1117,北京化工大学,011,生物工程(中外合作办学)（中美双学位，生物过程工程）,5,614,39522
2024,1117,北京化工大学,012,机械设计制造及其自动化(中外合作办学)（中美双学位，机器人方向）,6,624,29718
2024,1117,北京化工大学,013,工业设计(中外合作办学)（中意设计双学位）,3,619,34713
2024,1117,北京化工大学,014,化学工程与工艺（化工、大数据双学士学位）,1,646,14464
2024,1117,北京化工大学,015,生物工程（生工、大数据双学士学位）,3,640,17987
2024,1117,北京化工大学,016,化学（化学、生工双学士学位）,2,646,14515
2024,1117,北京化工大学,017,材料科学与工程（材料、大数据双学士学位）,2,642,16928
2024,1117,北京化工大学,018,工科试验班（先进材料）,11,640,18252
2024,1117,北京化工大学,019,理科试验班（绿色化学）,8,637,20205
2024,1117,北京化工大学,020,化学工程与工艺（化工、法语联合学士学位）,2,645,15391
2024,1119,吉利学院,001,车辆工程,2,492,
2024,1119,吉利学院,002,智能车辆工程,2,493,176264
2024,1119,吉利学院,003,新能源汽车工程,4,492,
2024,1119,吉利学院,005,大数据管理与应用,2,492,
2024,1119,吉利学院,007,财务管理,2,534,129734
2024,1121,北京交通大学,001,理科试验班类（詹天佑试点班信息类）,3,660,7992
2024,1121,北京交通大学,002,理科试验班类（詹天佑试点班智能类）,3,659,8438
2024,1121,北京交通大学,003,自动化类,3,658,8894
2024,1121,北京交通大学,004,电子信息类,4,658,8746
2024,1121,北京交通大学,005,计算机类,4,660,8132
2024,1121,北京交通大学,006,交通运输类,5,655,10346
2024,1121,北京交通大学,007,土木类（智慧建造与智能工程）,7,641,17595
2024,1121,北京交通大学,008,机械类（智能制造与智能装备）,4,652,11666
2024,1121,北京交通大学,009,电气类,4,655,10204
2024,1121,北京交通大学,010,理科试验班（数学与统计）,4,654,10430
2024,1121,北京交通大学,011,理科试验班（智能光电与纳米技术）,4,653,10950
2024,1121,北京交通大学,012,软件工程,4,658,8860
2024,1121,北京交通大学,013,建筑类（建筑与规划）,4,645,15212
2024,1121,北京交通大学,014,经济管理试验班（经济类、管科类）,4,651,12074
2024,1121,北京交通大学,015,外国语言文学类,5,647,14328
2024,1121,北京交通大学,016,新闻传播学类,4,651,12007
2024,1121,北京交通大学,018,纳米材料与技术(中外合作办学),5,635,21355
2024,1121,北京交通大学,019,机械电子工程(中外合作办学),5,641,17338
2024,1123,北京科技大学,001,理科试验班,4,657,9178
2024,1123,北京科技大学,002,工科试验班类,5,655,10031
2024,1123,北京科技大学,003,理科试验班（纳米科学与工程试验班）,1,657,9174
2024,1123,北京科技大学,004,材料科学与工程（高精尖班）,1,658,8856
2024,1123,北京科技大学,005,人工智能,4,656,9717
2024,1123,北京科技大学,006,材料科学与工程,10,647,13935
2024,1123,北京科技大学,007,大数据管理与应用（大数据与金融试验班）,7,650,12614
2024,1123,北京科技大学,008,机械类,10,649,13174
2024,1123,北京科技大学,009,能源动力类（能源、环境专业）,9,647,13999
2024,1123,北京科技大学,010,自动化类,7,653,11190
2024,1123,北京科技大学,011,计算机类,9,656,9562
2024,1123,北京科技大学,012,通信工程,4,654,10554
2024,1123,北京科技大学,013,储能科学与工程,5,650,12509
2024,1123,北京科技大学,014,土木类,2,644,15917
2024,1123,北京科技大学,015,数学类,5,652,11453
2024,1123,北京科技大学,016,应用物理学,3,650,12763
2024,1123,北京科技大学,017,应用化学,2,648,13787
2024,1123,北京科技大学,018,工商管理类（数智管理与经济试验班）,5,653,11295
2024,1123,北京科技大学,019,社会科学试验班,8,653,11360
2024,1123,北京科技大学,020,外国语言文学类,5,646,14821
2024,1123,北京科技大学,021,材料智能技术,2,652,11594
2024,1125,北京科技职业学院,503,计算机网络技术,2,496,173207
2024,1125,北京科技职业学院,504,软件技术,1,501,167746
2024,1127,北京理工大学,001,工科试验班（未来精工技术（北京校区、珠海校区））,4,681,2294
2024,1127,北京理工大学,002,工科试验班（徐特立英才班）,16,676,3230
2024,1127,北京理工大学,003,工科试验班（拔尖计划）,4,675,3536
2024,1127,北京理工大学,004,工科试验班（信息科学技术）,33,669,5000
2024,1127,北京理工大学,005,工科试验班（电子信息实验班）,28,668,5434
2024,1127,北京理工大学,006,会计学(中外合作办学),8,656,9574
2024,1128,北京林业大学,002,林学类,5,630,25300
2024,1128,北京林业大学,003,地理信息科学,3,648,13536
2024,1128,北京林业大学,004,水土保持与荒漠化防治,3,597,56479
2024,1128,北京林业大学,005,自然地理与资源环境,3,643,16616
2024,1128,北京林业大学,006,土木工程,2,613,40456
2024,1128,北京林业大学,007,生物科学类,4,637,20384
2024,1128,北京林业大学,008,食品科学与工程,3,630,25579
2024,1128,北京林业大学,009,风景园林,7,645,15306
2024,1128,北京林业大学,010,园林,5,643,16624
2024,1128,北京林业大学,011,城乡规划,2,644,15723
2024,1128,北京林业大学,012,国际经济与贸易,3,642,16878
2024,1128,北京林业大学,013,金融学,2,647,14207
2024,1128,北京林业大学,014,统计学,3,643,16453
2024,1128,北京林业大学,015,工商管理类,7,644,16044
2024,1128,北京林业大学,016,农林经济管理（梁希实验班）,2,651,12195
2024,1128,北京林业大学,017,机械设计制造及其自动化,4,638,19330
2024,1128,北京林业大学,018,车辆工程,3,633,22889
2024,1128,北京林业大学,019,自动化,3,640,17978
2024,1128,北京林业大学,020,电气工程及其自动化,5,644,15878
2024,1128,北京林业大学,021,林业工程类,7,621,32721
2024,1128,北京林业大学,022,法学,1,651,11999
2024,1128,北京林业大学,023,应用心理学,2,651,12080
2024,1128,北京林业大学,024,英语,2,642,16843
2024,1128,北京林业大学,025,商务英语,1,640,18426
2024,1128,北京林业大学,026,日语（日英复语）,3,639,19090
2024,1128,北京林业大学,027,信息管理与信息系统,2,639,18888
2024,1128,北京林业大学,028,计算机类,9,640,18024
2024,1128,北京林业大学,029,数学与应用数学,3,641,17770
2024,1128,北京林业大学,030,电子信息科学与技术,3,641,17444
2024,1128,北京林业大学,031,野生动物与自然保护区管理,2,620,33240
2024,1128,北京林业大学,032,生态学,2,626,28129
2024,1128,北京林业大学,033,环境科学,2,611,41628
2024,1128,北京林业大学,034,环境工程,2,623,31264
2024,1128,北京林业大学,035,给排水科学与工程,2,625,28978
2024,1128,北京林业大学,036,草业科学（梁希实验班）,2,606,47154
2024,1128,北京林业大学,037,生物科学（拔尖班）,1,650,12667
2024,1128,北京林业大学,038,林学类（梁希实验班）,1,640,18369
2024,1128,北京林业大学,039,水土保持与荒漠化防治（梁希实验班）,1,628,26463
2024,1128,北京林业大学,040,风景园林（梁希实验班）,1,653,11362
2024,1128,北京林业大学,041,林业工程类（梁希实验班）,1,633,23010
2024,1128,北京林业大学,042,国家公园建设与管理（梁希实验班）,1,640,18079
2024,1128,北京林业大学,043,数字经济,2,634,22420
2024,1128,北京林业大学,044,法学（卓越法治人才实验班）,1,653,11148
2024,1128,北京林业大学,045,生物技术（与园艺专业双学士学位项目）,2,633,22808
2024,1128,北京林业大学,046,木材科学与工程（德语复合人才实验班）,1,623,30679
2024,1128,北京林业大学,047,园艺,2,623,31398
2024,1128,北京林业大学,048,生物技术(中外合作办学),2,622,31810
2024,1128,北京林业大学,049,木材科学与工程(中外合作办学),2,603,49883
2024,1129,北京培黎职业学院,504,软件技术,2,492,
2024,1130,北京师范大学,001,思想政治教育,2,668,5354
2024,1130,北京师范大学,006,戏剧影视文学,3,663,6981
2024,1130,北京师范大学,007,人文科学试验班,8,675,3556
2024,1130,北京师范大学,008,历史学类,2,670,4726
2024,1130,北京师范大学,009,社会科学试验班,9,668,5453
2024,1130,北京师范大学,010,数学类,4,679,2603
2024,1130,北京师范大学,011,物理学类,5,665,6397
2024,1130,北京师范大学,012,理科试验班,9,664,6650
2024,1130,北京师范大学,013,教育学类,3,667,5760
2024,1131,北京石油化工学院,001,材料科学与工程,2,553,107512
2024,1131,北京石油化工学院,002,化学工程与工艺,2,557,102122
2024,1131,北京石油化工学院,003,生物制药,2,553,106996
2024,1131,北京石油化工学院,004,机械工程,2,555,104632
2024,1131,北京石油化工学院,005,环境工程,3,550,110800
2024,1131,北京石油化工学院,006,新能源科学与工程,2,553,107756
2024,1131,北京石油化工学院,007,智能制造工程,1,567,90527
2024,1131,北京石油化工学院,008,数据科学与大数据技术,1,576,80324
2024,1131,北京石油化工学院,009,大数据管理与应用,2,562,96303
2024,1131,北京石油化工学院,010,电子商务（商务智能）,2,579,77273
2024,1131,北京石油化工学院,011,物流管理,2,578,78653
2024,1132,北京体育大学,005,运动人体科学,2,620,33509
2024,1132,北京体育大学,006,运动康复,1,628,26496
2024,1132,北京体育大学,007,智能体育工程,1,643,16367
2024,1132,北京体育大学,008,汉语国际教育,1,638,19756
2024,1132,北京体育大学,009,英语,1,637,20342
2024,1132,北京体育大学,010,新闻学,1,650,12745
2024,1132,北京体育大学,011,网络与新媒体,1,643,16163
2024,1132,北京体育大学,012,应用心理学,1,631,24769
2024,1132,北京体育大学,013,数据科学与大数据技术,2,630,24976
2024,1132,北京体育大学,014,体育经济与管理,1,643,16682
2024,1132,北京体育大学,015,公共事业管理,1,637,20383
2024,1132,北京体育大学,016,旅游管理,1,633,23013
2024,1132,北京体育大学,017,康复物理治疗,1,626,28205
2024,1132,北京体育大学,018,休闲体育(中外合作办学),4,593,61308
2024,1132,北京体育大学,019,旅游管理(中外合作办学),4,592,62417
2024,1133,北京外国语大学,001,金融学,3,658,9059
2024,1133,北京外国语大学,002,国际经济与贸易,3,654,10687
2024,1133,北京外国语大学,003,法学,2,661,7762
2024,1133,北京外国语大学,004,外交学,2,661,7946
2024,1133,北京外国语大学,005,国际组织与全球治理,1,660,7959
2024,1133,北京外国语大学,006,汉语言文学,2,661,7764
2024,1133,北京外国语大学,007,英语,3,663,7144
2024,1133,北京外国语大学,008,英语（中国政法大学联合培养涉外法治人才）,2,664,6674
2024,1133,北京外国语大学,009,英语（国别与区域研究）,1,659,8680
2024,1133,北京外国语大学,010,英语（外语教育）,2,659,8676
2024,1133,北京外国语大学,011,俄语,1,655,10295
2024,1133,北京外国语大学,012,德语,2,657,9281
2024,1133,北京外国语大学,015,法语,1,662,7439
2024,1133,北京外国语大学,016,法语（国际关系）,2,657,9539
2024,1133,北京外国语大学,018,西班牙语（中国人民大学国际新闻传播专业联合培养）,2,662,7557
2024,1133,北京外国语大学,019,西班牙语（葡语）,2,658,8869
2024,1133,北京外国语大学,020,西班牙语（商务）,2,656,9886
2024,1133,北京外国语大学,024,日语（日本研究）,1,658,8847
2024,1133,北京外国语大学,039,翻译（外交外事高级翻译）,2,660,8112
2024,1133,北京外国语大学,041,新闻学,1,658,9067
2024,1133,北京外国语大学,042,国际新闻与传播（英语）,2,656,9641
2024,1133,北京外国语大学,043,工商管理类,2,656,9617
2024,1135,北京物资学院,001,经济学（实验班）,1,603,50224
2024,1135,北京物资学院,002,金融学（期货与证券实验班）,5,596,57879
2024,1135,北京物资学院,003,物流管理,1,600,53724
2024,1135,北京物资学院,004,人工智能,2,571,85761
2024,1135,北京物资学院,005,数据科学与大数据技术,2,562,96208
2024,1135,北京物资学院,006,物流工程（京东科技实验班）,1,582,73061
2024,1136,北京协和医学院,001,药学,3,664,6615
2024,1136,北京协和医学院,002,护理学,13,615,38129
2024,1138,北京信息科技大学,001,机器人工程（勤信实验班）,2,618,35651
2024,1138,北京信息科技大学,002,智能感知工程（勤信实验班）,2,612,40843
2024,1138,北京信息科技大学,003,自动化,2,617,36439
2024,1138,北京信息科技大学,004,通信工程,2,619,34314
2024,1138,北京信息科技大学,005,物联网工程,2,618,35250
2024,1138,北京信息科技大学,006,电子信息类（勤信实验班）,2,618,35283
2024,1138,北京信息科技大学,007,信息管理与信息系统,4,602,51752
2024,1138,北京信息科技大学,008,信息安全,2,614,38763
2024,1138,北京信息科技大学,009,应用统计学（大数据统计）,2,600,53076
2024,1139,北京印刷学院,007,印刷工程,1,538,124753
2024,1139,北京印刷学院,008,包装工程,1,555,104449
2024,1139,北京印刷学院,009,数字出版,1,629,26288
2024,1139,北京印刷学院,010,传播学（国际出版实验班）,1,608,45312
2024,1140,北京邮电大学,001,计算机类（元班）,3,671,4373
2024,1140,北京邮电大学,002,电子信息类（元班）,4,668,5326
2024,1140,北京邮电大学,003,通信工程（大类招生）,11,662,7271
2024,1140,北京邮电大学,004,电子信息类,7,662,7329
2024,1140,北京邮电大学,005,计算机类,6,667,5632
2024,1140,北京邮电大学,006,软件工程,3,665,6340
2024,1140,北京邮电大学,007,网络空间安全（大类招生）,6,662,7477
2024,1140,北京邮电大学,008,人工智能（大类招生）,8,663,7189
2024,1141,北京邮电大学世纪学院,001,英语,2,535,128673
2024,1141,北京邮电大学世纪学院,002,机械电子工程,1,497,171833
2024,1141,北京邮电大学世纪学院,004,自动化,2,493,176016
2024,1141,北京邮电大学世纪学院,005,计算机科学与技术,5,492,
2024,1141,北京邮电大学世纪学院,006,软件工程,3,492,
2024,1141,北京邮电大学世纪学院,008,数字媒体技术,1,497,172318
2024,1141,北京邮电大学世纪学院,009,财务管理,5,540,122623
2024,1141,北京邮电大学世纪学院,010,财务管理（国际注册会计师）,2,556,104203
2024,1141,北京邮电大学世纪学院,011,物流工程,2,519,147463
2024,1141,北京邮电大学世纪学院,012,电子商务,2,550,111508
2024,1141,北京邮电大学世纪学院,013,传播学,2,561,97885
2024,1142,北京语言大学,001,经济学（经济金融统计与分析）,1,634,22429
2024,1142,北京语言大学,002,金融学,4,631,24540
2024,1142,北京语言大学,003,国际经济与贸易,2,638,19885
2024,1142,北京语言大学,004,国际政治,1,638,19888
2024,1142,北京语言大学,005,国际事务与国际关系,1,640,17995
2024,1142,北京语言大学,006,汉语言文学,6,648,13871
2024,1142,北京语言大学,007,汉语国际教育,5,639,19105
2024,1142,北京语言大学,008,外国语言文学类,5,641,17753
2024,1142,北京语言大学,016,翻译（本地化）,1,642,17225
2024,1142,北京语言大学,017,翻译（英语）,1,641,17726
2024,1142,北京语言大学,018,翻译（汉英法）,2,641,17835
2024,1142,北京语言大学,019,心理学,1,639,19153
2024,1142,北京语言大学,020,计算机类,6,617,36131
2024,1142,北京语言大学,021,会计学,1,642,16857
2024,1142,北京语言大学,026,传播学（梧桐计划人才实验班）,2,641,17455
2024,1142,北京语言大学,027,国际组织与全球治理,2,631,24527
2024,1142,北京语言大学,029,新闻学（国际新闻）,2,643,16586
2024,1142,北京语言大学,030,网络与新媒体（智能媒体）,3,641,17348
2024,1142,北京语言大学,031,新闻学（国际出版）,2,638,19711
2024,1143,北京中医药大学,001,中医学（领军人才培养计划）,4,680,2503
2024,1143,北京中医药大学,002,中西医临床医学（华佗班）,2,679,2645
2024,1143,北京中医药大学,003,中药学（时珍国药班）,2,648,13747
2024,1143,北京中医药大学,004,中医学（卓越5+3一体化）,12,659,8445
2024,1143,北京中医药大学,005,中医学（5+3一体化，卓越中医儿科班）,1,662,7400
2024,1143,北京中医药大学,006,中医学,7,649,13044
2024,1143,北京中医药大学,007,中医学（实验班）,5,654,10714
2024,1143,北京中医药大学,008,中医骨伤科学,1,657,9442
2024,1143,北京中医药大学,009,针灸推拿学,5,641,17309
2024,1143,北京中医药大学,010,中药学,10,634,21960
2024,1143,北京中医药大学,011,中药制药,2,634,22113
2024,1143,北京中医药大学,012,药学,1,649,13335
2024,1143,北京中医药大学,013,生物工程,2,636,20896
2024,1143,北京中医药大学,014,康复治疗学,1,639,18751
2024,1143,北京中医药大学,015,公共管理类,5,638,19604
2024,1143,北京中医药大学,016,药事管理,1,640,17975
2024,1143,北京中医药大学,017,大数据管理与应用,5,627,27388
2024,1143,北京中医药大学,018,法学（医药卫生）,2,650,12680
2024,1143,北京中医药大学,019,英语（医学）,2,638,19473
2024,1143,北京中医药大学,020,英语（中医药国际传播）,2,641,17853
2024,1143,北京中医药大学,021,护理学,5,608,45246
2024,1144,对外经济贸易大学,001,金融学类,12,660,8234
2024,1144,对外经济贸易大学,002,经济学类,4,662,7484
2024,1144,对外经济贸易大学,003,国际经济与贸易（国际组织人才基地班）,2,664,6683
2024,1144,对外经济贸易大学,004,数字经济,3,653,11090
2024,1144,对外经济贸易大学,005,供应链管理（与金融学双学士学位项目）,2,662,7538
2024,1144,对外经济贸易大学,006,金融工程,3,654,10484
2024,1144,对外经济贸易大学,007,金融工程（量化金融实验班）,4,654,10847
2024,1144,对外经济贸易大学,008,工商管理类,9,662,7491
2024,1144,对外经济贸易大学,009,法学类,4,665,6345
2024,1144,对外经济贸易大学,018,精算学,5,652,11600
2024,1144,对外经济贸易大学,019,金融数学,3,653,10970
2024,1144,对外经济贸易大学,020,经济统计学,3,655,10077
2024,1146,华北电力大学(北京),001,电气工程及其自动化,12,664,6765
2024,1146,华北电力大学(北京),002,智能电网信息工程,3,662,7242
2024,1146,华北电力大学(北京),003,电子信息工程,2,654,10784
2024,1146,华北电力大学(北京),004,电子科学与技术,1,653,10949
2024,1146,华北电力大学(北京),005,通信工程,2,653,10976
2024,1146,华北电力大学(北京),006,材料科学与工程,1,642,16803
2024,1146,华北电力大学(北京),007,能源与动力工程,7,648,13452
2024,1146,华北电力大学(北京),008,储能科学与工程,2,652,11493
2024,1146,华北电力大学(北京),009,氢能科学与工程,2,654,10727
2024,1146,华北电力大学(北京),010,测控技术与仪器,2,648,13699
2024,1146,华北电力大学(北京),011,人工智能,1,653,11160
2024,1146,华北电力大学(北京),012,自动化,4,652,11420
2024,1146,华北电力大学(北京),013,机器人工程,1,650,12572
2024,1146,华北电力大学(北京),014,计算机科学与技术,3,652,11416
2024,1146,华北电力大学(北京),015,软件工程,2,651,12087
2024,1146,华北电力大学(北京),016,网络空间安全,2,648,13360
2024,1146,华北电力大学(北京),017,金融学,6,631,24166
2024,1146,华北电力大学(北京),018,工程管理,2,635,21601
2024,1146,华北电力大学(北京),019,工商管理,3,633,22693
2024,1146,华北电力大学(北京),020,会计学,3,641,17679
2024,1146,华北电力大学(北京),021,供应链管理,1,640,18304
2024,1146,华北电力大学(北京),022,能源动力类（新能源）,5,649,12856
2024,1146,华北电力大学(北京),023,核工程类,6,641,17568
2024,1146,华北电力大学(北京),024,法学,2,652,11731
2024,1146,华北电力大学(北京),025,网络与新媒体,2,646,14773
2024,1146,华北电力大学(北京),026,公共管理类,2,646,14812
2024,1146,华北电力大学(北京),027,信息与计算科学,1,646,14542
2024,1146,华北电力大学(北京),028,应用物理学,1,646,14494
2024,1146,华北电力大学(北京),029,数据科学与大数据技术,1,649,12945
2024,1146,华北电力大学(北京),030,外国语言文学类,2,642,16997
2024,1146,华北电力大学(北京),031,碳储科学与工程,2,648,13707
2024,1146,华北电力大学(北京),032,水利类,2,644,15854
2024,1147,清华大学,001,理科试验班类（物理基础类）,22,707,81
2024,1147,清华大学,002,文科试验班类（通用基础类）,2,711,35
2024,1147,清华大学,003,临床医学类,5,708,59
2024,1148,首都经济贸易大学,001,国际经济与贸易,3,640,18289
2024,1148,首都经济贸易大学,002,统计学(中外合作办学),3,605,48475
2024,1148,首都经济贸易大学,003,人力资源管理,4,630,25349
2024,1149,首都师范大学,001,汉语言文学（教育部拔尖计划实验班）,2,658,9117
2024,1149,首都师范大学,002,历史学（教育部拔尖计划实验班）,2,657,9438
2024,1149,首都师范大学,003,教育学,2,648,13803
2024,1149,首都师范大学,004,数学类（数理实验班）,3,646,14553
2024,1149,首都师范大学,005,计算机科学与技术,3,638,19500
2024,1149,首都师范大学,006,人工智能,2,637,20233
2024,1149,首都师范大学,007,英语,3,646,14867
2024,1149,首都师范大学,008,法语（世界史双学士学位项目）,2,649,13289
2024,1149,首都师范大学,009,国际经济与贸易,2,641,17364
2024,1149,首都师范大学,010,大数据管理与应用,2,636,20585
2024,1150,首都师范大学科德学院,001,汉语言文学,13,525,139899
2024,1150,首都师范大学科德学院,002,小学教育,6,515,151923
2024,1150,首都师范大学科德学院,003,会计学,10,523,142478
2024,1150,首都师范大学科德学院,004,国际经济与贸易,3,523,142667
2024,1150,首都师范大学科德学院,007,广播电视编导,2,521,145301
2024,1151,首都医科大学,001,临床医学（阶平班）,2,686,1480
2024,1151,首都医科大学,002,临床医学（5+3一体化）,5,674,3778
2024,1151,首都医科大学,003,口腔医学（5+3一体化）,2,671,4390
2024,1151,首都医科大学,004,临床医学,4,666,6110
2024,1151,首都医科大学,005,精神医学,1,658,9091
2024,1151,首都医科大学,006,基础医学,2,637,20071
2024,1151,首都医科大学,007,中医学,2,642,16776
2024,1151,首都医科大学,008,临床药学,2,649,13287
2024,1151,首都医科大学,009,药学,2,637,20255
2024,1151,首都医科大学,010,智能医学工程,2,632,23559
2024,1151,首都医科大学,011,康复物理治疗,1,645,15469
2024,1151,首都医科大学,012,康复作业治疗,1,612,40887
2024,1151,首都医科大学,013,法学（卫生法学）,2,649,13128
2024,1151,首都医科大学,014,护理学,2,620,33507
2024,1151,首都医科大学,015,助产学,2,580,75874
2024,1153,中国传媒大学,025,广播电视编导（文艺编导方向）,2,659,8542
2024,1153,中国传媒大学,026,戏剧影视文学（影视编剧方向）,2,656,9833
2024,1153,中国传媒大学,027,艺术管理,2,652,11824
2024,1153,中国传媒大学,028,数字媒体技术（智能交互与游戏技术方向）,3,655,10150
2024,1153,中国传媒大学,029,广告学,3,658,8774
2024,1153,中国传媒大学,030,国际新闻与传播,2,660,8299
2024,1153,中国传媒大学,031,广播电视学,2,656,9903
2024,1153,中国传媒大学,032,数字出版,2,654,10867
2024,1153,中国传媒大学,033,新闻学（数据新闻方向）,2,662,7528
2024,1153,中国传媒大学,034,传播学（舆情分析方向）,3,659,8404
2024,1153,中国传媒大学,035,英语,2,652,11745
2024,1153,中国传媒大学,036,通信工程,2,647,14004
2024,1153,中国传媒大学,037,电子信息工程,3,650,12596
2024,1153,中国传媒大学,038,数字媒体技术,2,656,9631
2024,1153,中国传媒大学,039,物联网工程,2,646,14747
2024,1153,中国传媒大学,040,人工智能,3,644,15988
2024,1153,中国传媒大学,041,智能科学与技术,3,647,13936
2024,1153,中国传媒大学,042,数据科学与大数据技术,2,647,13886
2024,1153,中国传媒大学,043,网络空间安全,3,649,12899
2024,1153,中国传媒大学,044,政治学与行政学（国家治理与政治传播方向）,2,656,9867
2024,1153,中国传媒大学,049,数字媒体技术(中外合作办学),6,610,42664
2024,1153,中国传媒大学,050,智能科学与技术(中外合作办学),5,614,38876
2024,1153,中国传媒大学,051,广告学(中外合作办学),4,646,14853
2024,1153,中国传媒大学,052,传播学(中外合作办学),5,645,15398
2024,1154,中国地质大学(北京),001,地质学（理科基地班）,1,645,15524
2024,1154,中国地质大学(北京),002,地质学（燕山书院创新班）,2,643,16547
2024,1154,中国地质大学(北京),003,地质学类,6,622,32072
2024,1154,中国地质大学(北京),004,地质工程（工科基地班）,1,630,25462
2024,1154,中国地质大学(北京),005,地质工程,2,630,24877
2024,1154,中国地质大学(北京),006,土木工程,2,622,31454
2024,1154,中国地质大学(北京),007,机械设计制造及其自动化,2,643,16217
2024,1154,中国地质大学(北京),008,安全工程,2,629,25797
2024,1154,中国地质大学(北京),009,智能建造,2,630,25031
2024,1154,中国地质大学(北京),010,材料类,5,628,26557
2024,1154,中国地质大学(北京),011,计算机科学与技术,2,648,13456
2024,1154,中国地质大学(北京),012,电子信息工程,2,646,14723
2024,1154,中国地质大学(北京),013,地理信息科学,3,642,16923
2024,1154,中国地质大学(北京),014,软件工程,3,648,13781
2024,1154,中国地质大学(北京),015,数据科学与大数据技术,2,646,14547
2024,1154,中国地质大学(北京),016,人工智能,2,646,14799
2024,1154,中国地质大学(北京),017,水文与水资源工程,1,632,23417
2024,1154,中国地质大学(北京),018,环境工程,1,639,18983
2024,1154,中国地质大学(北京),019,地下水科学与工程,2,626,28170
2024,1154,中国地质大学(北京),020,环境生态工程,2,627,27507
2024,1154,中国地质大学(北京),021,地质类,4,623,31186
2024,1154,中国地质大学(北京),022,工商管理类,3,646,14764
2024,1154,中国地质大学(北京),023,信息管理与信息系统,2,639,19076
2024,1154,中国地质大学(北京),024,大数据管理与应用,2,639,18733
2024,1154,中国地质大学(北京),025,经济学,3,628,26603
2024,1154,中国地质大学(北京),026,法学,2,653,11277
2024,1154,中国地质大学(北京),027,英语,1,644,15863
2024,1154,中国地质大学(北京),028,宝石及材料工艺学,3,619,34704
2024,1154,中国地质大学(北京),031,勘查技术与工程,2,627,27389
2024,1154,中国地质大学(北京),032,测控技术与仪器,2,640,18353
2024,1154,中国地质大学(北京),033,智能地球探测,2,634,22301
2024,1154,中国地质大学(北京),034,海洋科学,3,621,33066
2024,1154,中国地质大学(北京),035,土地资源管理,3,647,14161
2024,1154,中国地质大学(北京),036,测绘工程,2,628,26605
2024,1154,中国地质大学(北京),037,土地整治工程,2,623,30773
2024,1154,中国地质大学(北京),038,数学与应用数学,2,643,16224
2024,1155,中国矿业大学(北京),001,新能源科学与工程,2,637,20204
2024,1155,中国矿业大学(北京),002,安全科学与工程类,3,634,22202
2024,1155,中国矿业大学(北京),003,地质类,3,625,29026
2024,1155,中国矿业大学(北京),004,地球物理学,2,629,25754
2024,1155,中国矿业大学(北京),005,环境工程,3,626,28684
2024,1155,中国矿业大学(北京),006,化学工程与工艺,3,633,22671
2024,1155,中国矿业大学(北京),007,碳储科学与工程,2,634,22391
2024,1155,中国矿业大学(北京),008,计算机科学与技术,3,647,14069
2024,1155,中国矿业大学(北京),009,机械类,3,641,17447
2024,1155,中国矿业大学(北京),010,智能制造工程,2,641,17564
2024,1155,中国矿业大学(北京),011,工商管理类,8,627,27811
2024,1155,中国矿业大学(北京),012,土木工程,2,622,31642
2024,1155,中国矿业大学(北京),013,智能建造,2,638,19235
2024,1155,中国矿业大学(北京),014,数学类,4,641,17272
2024,1155,中国矿业大学(北京),015,英语,3,641,17898
2024,1155,中国矿业大学(北京),016,行政管理,4,641,17378
2024,1156,中国劳动关系学院,001,劳动关系,2,602,51616
2024,1156,中国劳动关系学院,002,人力资源管理,2,585,70191
2024,1156,中国劳动关系学院,003,工商管理,2,590,64921
2024,1156,中国劳动关系学院,004,法学,7,609,44494
2024,1156,中国劳动关系学院,005,财务管理,3,595,58796
2024,1156,中国劳动关系学院,006,劳动经济学,2,587,67500
2024,1156,中国劳动关系学院,007,应用统计学,2,548,113071
2024,1156,中国劳动关系学院,008,劳动与社会保障,2,598,55431
2024,1156,中国劳动关系学院,009,行政管理,3,589,65605
2024,1156,中国劳动关系学院,010,安全工程,2,545,116606
2024,1156,中国劳动关系学院,011,社会工作,3,591,63162
2024,1156,中国劳动关系学院,012,社会学,2,591,63246
2024,1156,中国劳动关系学院,013,汉语言文学,2,600,53653
2024,1156,中国劳动关系学院,014,新闻学,2,593,61399
2024,1156,中国劳动关系学院,015,戏剧影视文学,2,585,70427
2024,1156,中国劳动关系学院,016,酒店管理,4,577,79047
2024,1156,中国劳动关系学院,017,旅游管理,4,574,83120
2024,1157,中国农业大学,001,理科试验班类（生命科学）,1,663,7158
2024,1157,中国农业大学,002,理科试验班（信息科学）,1,662,7499
2024,1157,中国农业大学,003,理科试验班（智能装备）,1,660,8170
2024,1157,中国农业大学,004,农学,3,659,8369
2024,1157,中国农业大学,005,园艺,3,651,11997
2024,1157,中国农业大学,006,园林,2,651,12091
2024,1157,中国农业大学,007,植物保护,4,654,10888
2024,1157,中国农业大学,008,生物科学类,3,662,7353
2024,1157,中国农业大学,009,环境科学与工程类,4,653,11141
2024,1157,中国农业大学,010,草业科学,3,652,11704
2024,1157,中国农业大学,011,动物科学,4,651,11915
2024,1157,中国农业大学,012,动物医学类,5,653,10995
2024,1157,中国农业大学,013,食品科学与工程类,7,655,10212
2024,1157,中国农业大学,014,农业工程类,2,657,9162
2024,1157,中国农业大学,015,机械类,6,655,10124
2024,1157,中国农业大学,016,电子信息类,6,657,9224
2024,1157,中国农业大学,017,计算机类,3,659,8651
2024,1157,中国农业大学,018,水利类,5,654,10802
2024,1157,中国农业大学,019,化学类,3,653,11063
2024,1157,中国农业大学,020,数学与应用数学,3,658,8734
2024,1157,中国农业大学,021,工程力学,2,655,10242
2024,1157,中国农业大学,022,经济学类,3,659,8541
2024,1157,中国农业大学,023,法学,2,663,7184
2024,1157,中国农业大学,024,社会学类,4,659,8659
2024,1157,中国农业大学,025,英语,2,657,9351
2024,1157,中国农业大学,026,传播学,3,658,9022
2024,1157,中国农业大学,027,农村区域发展,2,659,8652
2024,1157,中国农业大学,028,地理科学类,3,654,10768
2024,1157,中国农业大学,029,国际经济与贸易(中外合作办学),4,650,12685
2024,1157,中国农业大学,030,传播学(中外合作办学),2,650,12578
2024,1157,中国农业大学,031,农林经济管理(中外合作办学),4,649,13299
2024,1157,中国农业大学,032,工商管理类,4,658,8861
2024,1158,中国社会科学院大学,001,汉语言文学,1,665,6348
2024,1158,中国社会科学院大学,002,哲学,2,660,8274
2024,1158,中国社会科学院大学,003,历史学,1,664,6825
2024,1158,中国社会科学院大学,004,考古学,2,658,9127
2024,1158,中国社会科学院大学,005,经济学,2,661,7853
2024,1158,中国社会科学院大学,006,财务管理,2,660,8153
2024,1158,中国社会科学院大学,007,金融学,2,660,8233
2024,1158,中国社会科学院大学,008,法学,2,664,6648
2024,1158,中国社会科学院大学,009,社会工作,2,657,9263
2024,1158,中国社会科学院大学,010,法语,2,655,10424
2024,1158,中国社会科学院大学,011,国际事务与国际关系,2,657,9297
2024,1158,中国社会科学院大学,012,政治学与行政学,2,661,7802
2024,1158,中国社会科学院大学,013,网络与新媒体,2,655,9993
2024,1159,中国人民大学,001,人文科学试验班,4,687,1277
2024,1159,中国人民大学,002,财政学类,2,694,609
2024,1159,中国人民大学,003,新闻传播学类,5,692,835
2024,1159,中国人民大学,004,法学,5,697,424
2024,1159,中国人民大学,005,社会学类,4,684,1683
2024,1159,中国人民大学,006,国际政治,3,685,1600
2024,1159,中国人民大学,007,人力资源管理（经管交叉试验班，含法学与劳动治理实验班）,2,687,1355
2024,1159,中国人民大学,008,人工智能（拔尖班）,3,694,654
2024,1159,中国人民大学,009,统计学类,5,692,822
2024,1159,中国人民大学,012,社会科学试验班（管理学科类）,2,686,1526
2024,1159,中国人民大学,013,经济学类,10,687,1306
2024,1159,中国人民大学,014,工商管理类（数智化方向，含双学位项目）,10,686,1450
2024,1159,中国人民大学,015,金融学类,5,692,808
2024,1159,中国人民大学,017,计算机类（图灵实验班）,4,692,819
2024,1159,中国人民大学,018,金融学（金融学与数学双主学位项目）,1,698,335
2024,1159,中国人民大学,019,金融学（金融学与大数据技术双主学位项目）,1,698,334
2024,1159,中国人民大学,020,社会科学试验班（大数据技术与农林经管双主学位项目）,3,684,1722
2024,1159,中国人民大学,021,社会科学试验班（应用经济与农村发展管理双主学位项目）,4,683,1892
2024,1159,中国人民大学,022,政治学、经济学与哲学（PPE实验班）,2,692,806
2024,1160,中国石油大学(北京),001,安全工程,2,633,22635
2024,1160,中国石油大学(北京),002,材料科学与工程,2,636,20694
2024,1160,中国石油大学(北京),003,储能科学与工程,1,644,15823
2024,1160,中国石油大学(北京),004,电子信息工程,1,646,14677
2024,1160,中国石油大学(北京),005,工商管理类,2,638,19547
2024,1160,中国石油大学(北京),006,化工与制药类,2,639,19053
2024,1160,中国石油大学(北京),007,环境科学与工程类,2,635,21511
2024,1160,中国石油大学(北京),008,机械类,2,641,17438
2024,1160,中国石油大学(北京),009,计算机科学与技术,1,648,13546
2024,1160,中国石油大学(北京),010,经济学类,1,641,17283
2024,1160,中国石油大学(北京),011,勘查技术与工程,2,634,21958
2024,1160,中国石油大学(北京),012,人工智能,1,648,13346
2024,1160,中国石油大学(北京),013,石油工程,2,640,18451
2024,1160,中国石油大学(北京),014,数学类,2,640,17986
2024,1160,中国石油大学(北京),015,新能源科学与工程,1,645,15018
2024,1160,中国石油大学(北京),016,信息管理与信息系统,1,640,18061
2024,1160,中国石油大学(北京),017,应用化学,2,639,18753
2024,1160,中国石油大学(北京),018,油气储运工程,2,640,18087
2024,1160,中国石油大学(北京),019,资源勘查工程（油气与清洁地质能源）,2,634,22062
2024,1160,中国石油大学(北京),020,自动化,2,643,16187
2024,1160,中国石油大学(北京),021,英语（全球能源治理）,2,642,17223
2024,1161,中国戏曲学院,019,戏剧影视文学（戏曲文学）,2,614,39466
2024,1161,中国戏曲学院,026,艺术管理（国际文化交流）,2,597,57181
2024,1161,中国戏曲学院,027,文化产业管理,1,613,40512
2024,1163,中国政法大学,001,哲学（拔尖创新人才培养实验班）,2,659,8622
2024,1163,中国政法大学,002,法学,25,673,3880
2024,1163,中国政法大学,003,法学（法学人才培养模式改革实验班）,7,683,1973
2024,1163,中国政法大学,004,法学（涉外法治人才培养实验班）,5,680,2425
2024,1163,中国政法大学,005,社会工作,1,660,8152
2024,1163,中国政法大学,006,英语（法律英语实验班）,4,659,8641
2024,1163,中国政法大学,007,德语（法律德语实验班）,3,657,9447
2024,1163,中国政法大学,008,新闻学,2,657,9521
2024,1163,中国政法大学,009,应用心理学,2,658,8837
2024,1163,中国政法大学,010,工商管理,3,658,8923
2024,1163,中国政法大学,011,国际商务（涉外法商人才培养实验班）,3,658,8771
2024,1163,中国政法大学,012,行政管理,3,658,9048
2024,1163,中国政法大学,013,思想政治教育,3,660,8079
2024,1163,中国政法大学,014,国际政治,3,659,8461
2024,1163,中国政法大学,015,政治学与行政学,2,666,5880
2024,1163,中国政法大学,016,金融工程（成思危现代金融菁英班）,4,656,9819
2024,1163,中国政法大学,017,法学（北京外国语大学联合培养涉外法治人才）,3,683,1873
2024,1163,中国政法大学,018,法学（纪检、监察实验班）,3,680,2454
2024,1164,中华女子学院,005,社会工作,2,593,61405
2024,1164,中华女子学院,006,法学,2,603,50673
2024,1164,中华女子学院,007,会计学,2,594,60160
2024,1164,中华女子学院,008,养老服务管理,4,582,73660
2024,1164,中华女子学院,009,学前教育(师范),2,587,68010
2024,1164,中华女子学院,010,数字媒体技术,4,548,112766
2024,1164,中华女子学院,011,汉语国际教育(师范),2,596,58308
2024,1165,中央财经大学,001,财政学类,6,664,6781
2024,1165,中央财经大学,002,金融学（金融学、金融学北京外国语大学英语专业联培）,3,663,7181
2024,1165,中央财经大学,003,金融学类,6,659,8385
2024,1165,中央财经大学,004,金融科技（北航计算机联培项目）,2,662,7414
2024,1165,中央财经大学,005,工商管理类（会计学院）,6,665,6198
2024,1165,中央财经大学,006,保险学（北理工智能、保险联培项目）,2,655,10348
2024,1165,中央财经大学,007,精算学,5,657,9475
2024,1165,中央财经大学,008,统计学类,8,655,10075
2024,1165,中央财经大学,009,数学类,4,658,8952
2024,1165,中央财经大学,010,国际经济与贸易(中外合作办学)（国际贸易、金融风险管理）,7,654,10732
2024,1165,中央财经大学,011,工商管理类（商学院）,5,660,8119
2024,1165,中央财经大学,012,大数据管理与应用（许国志大数据英才班）,3,661,7907
2024,1165,中央财经大学,013,投资学,3,657,9227
2024,1165,中央财经大学,014,法学（卓越法治人才教育培养计划）,4,663,7180
2024,1165,中央财经大学,015,计算机类,3,657,9200
2024,1165,中央财经大学,016,经济学（数理经济与数理金融）,4,665,6224
2024,1165,中央财经大学,017,金融学（国际金融与公司理财）,4,661,7864
2024,1165,中央财经大学,018,财政学（财政理论与政策）,3,662,7246
2024,1166,中央美术学院,011,艺术史论,2,639,18744
2024,1166,中央美术学院,012,艺术管理,1,637,20259
2024,1166,中央美术学院,014,艺术管理(中外合作办学),4,609,43772
2024,1166,中央美术学院,015,艺术史论(中外合作办学),4,612,41565
2024,1167,中央民族大学,023,数字经济,2,648,13359
2024,1167,中央民族大学,024,哲学类,2,656,9969
2024,1167,中央民族大学,025,经济学类,10,654,10895
2024,1167,中央民族大学,026,法学类,9,657,9233
2024,1167,中央民族大学,027,社会学类,2,656,9961
2024,1167,中央民族大学,028,民族学,2,657,9394
2024,1167,中央民族大学,029,历史学类,3,656,9955
2024,1167,中央民族大学,030,历史学,2,657,9537
2024,1167,中央民族大学,031,教育学,2,653,11229
2024,1167,中央民族大学,032,汉语言文学,3,659,8629
2024,1167,中央民族大学,033,汉语国际教育,3,653,11363
2024,1167,中央民族大学,034,新闻传播学类,4,654,10759
2024,1167,中央民族大学,035,工商管理类,8,655,10416
2024,1167,中央民族大学,036,公共管理类,3,653,11253
2024,1167,中央民族大学,037,外国语言文学类,4,653,11376
2024,1167,中央民族大学,038,日语,2,652,11794
2024,1167,中央民族大学,039,信息与计算科学,4,649,12972
2024,1167,中央民族大学,040,统计学类,4,648,13458
2024,1167,中央民族大学,041,纳米材料与技术,4,646,14619
2024,1167,中央民族大学,042,光电信息科学与工程,4,647,13964
2024,1167,中央民族大学,043,电子信息类,6,651,12290
2024,1167,中央民族大学,044,计算机类,6,651,11909
2024,1167,中央民族大学,045,生物科学类,5,646,14755
2024,1167,中央民族大学,046,环境科学与工程类,5,644,15623
2024,1167,中央民族大学,047,环境科学(中外合作办学),5,631,24306
2024,1167,中央民族大学,048,数据科学与大数据技术(中外合作办学),8,634,22140
2024,1168,中央戏剧学院,013,戏剧影视文学（戏剧创作）,1,647,14309
2024,1168,中央戏剧学院,014,戏剧学（戏剧史论与批评）,1,638,19865
2024,1168,中央戏剧学院,020,艺术管理（演出制作）,2,621,33074
2024,1168,中央戏剧学院,021,艺术管理（剧院管理）,2,623,31406
2024,1168,中央戏剧学院,023,艺术管理（影视制片）,3,619,34777
2024,1170,北京联合大学,002,日语,1,597,57173
2024,1170,北京联合大学,003,考古学,2,613,39849
2024,1170,北京联合大学,004,人工智能,1,602,51595
2024,1170,北京联合大学,005,软件工程,1,607,45894
2024,1170,北京联合大学,006,会计学,1,616,37285
2024,1170,北京联合大学,007,人力资源管理,1,602,50886
2024,1170,北京联合大学,008,物流工程,1,569,88826
2024,1170,北京联合大学,009,旅游管理,1,592,62746
2024,1170,北京联合大学,010,会展经济与管理,1,600,53464
2024,1171,北京邮电大学(宏福校区),001,电信工程及管理(中外合作办学),3,650,12394
2024,1171,北京邮电大学(宏福校区),002,物联网工程(中外合作办学),2,650,12410
2024,1171,北京邮电大学(宏福校区),003,电子信息工程(中外合作办学),2,653,11135
2024,1171,北京邮电大学(宏福校区),004,智能科学与技术(中外合作办学),2,655,10290
2024,1171,北京邮电大学(宏福校区),005,信息与计算科学(中外合作办学),3,649,13159
2024,1171,北京邮电大学(宏福校区),006,数字媒体技术(中外合作办学),2,646,14435
2024,1175,北京农学院,001,农业资源与环境,2,551,109476
2024,1175,北京农学院,002,农业资源与环境(中外合作办学),2,518,148124
2024,1179,北方工业大学,001,机械设计制造及其自动化(中外合作办学),3,579,77231
2024,1179,北方工业大学,002,数据科学与大数据技术(中外合作办学),2,588,66786
2024,1189,中国科学院大学,001,人工智能,1,704,125
2024,1189,中国科学院大学,002,计算机科学与技术,3,700,284
2024,1201,北京科技大学天津学院,002,智能制造工程,2,508,159373
2024,1201,北京科技大学天津学院,003,物流工程,2,528,136250
2024,1201,北京科技大学天津学院,004,无人驾驶航空器系统工程,2,505,162956
2024,1201,北京科技大学天津学院,005,金融工程,2,525,140057
2024,1201,北京科技大学天津学院,007,英语,2,548,113625
2024,1201,北京科技大学天津学院,008,日语,2,544,118127
2024,1201,北京科技大学天津学院,009,朝鲜语,2,540,123040
2024,1201,北京科技大学天津学院,010,法学,2,571,86332
2024,1201,北京科技大学天津学院,011,知识产权,4,562,96588
2024,1202,河北工业大学,001,机械电子工程,2,641,17577
2024,1202,河北工业大学,002,能源与动力工程,2,641,17904
2024,1202,河北工业大学,003,电气工程及其自动化,4,648,13585
2024,1202,河北工业大学,004,化学工程与工艺,2,630,25524
2024,1202,河北工业大学,005,生物工程,2,629,26129
2024,1202,河北工业大学,006,海洋技术,2,619,34259
2024,1202,河北工业大学,007,土木工程,2,621,32638
2024,1202,河北工业大学,008,工业工程,2,638,19504
2024,1202,河北工业大学,009,金融学,2,626,28847
2024,1202,河北工业大学,010,电子科学与技术,5,641,17592
2024,1202,河北工业大学,012,物联网工程,2,641,17508
2024,1202,河北工业大学,013,自动化,2,641,17341
2024,1202,河北工业大学,014,生物医学工程,2,633,22936
2024,1202,河北工业大学,015,应用物理学(中外合作办学),4,612,40916
2024,1202,河北工业大学,016,材料物理(中外合作办学),4,602,51682
2024,1202,河北工业大学,017,机械设计制造及其自动化(中外合作办学),4,626,28220
2024,1203,南开大学,001,历史学类,7,665,6173
2024,1203,南开大学,002,哲学类,3,664,6518
2024,1203,南开大学,004,法学,7,668,5318
2024,1203,南开大学,005,经济学类,8,666,5827
2024,1203,南开大学,006,金融学类,5,667,5538
2024,1203,南开大学,007,临床医学（5+3一体化）,6,665,6176
2024,1203,南开大学,008,口腔医学,3,665,6209
2024,1203,南开大学,009,中国语言文学类,7,667,5739
2024,1203,南开大学,010,工商管理类（未来商业领导者计划）,7,665,6424
2024,1203,南开大学,011,理科试验班（数学与大数据）,6,671,4450
2024,1203,南开大学,012,理科试验班（物质科学与可持续发展）,8,663,6920
2024,1203,南开大学,013,工科试验班（信息科学与技术）,8,668,5443
2024,1203,南开大学,014,公共管理类（国家治理与社会发展卓越人才计划）,3,665,6446
2024,1203,南开大学,015,理科试验班（物理与光电信息技术工程）,8,666,6104
2024,1205,天津滨海职业学院,505,电气自动化技术,1,496,173040
2024,1205,天津滨海职业学院,508,计算机应用技术,1,501,168144
2024,1205,天津滨海职业学院,510,软件技术,1,493,176875
2024,1205,天津滨海职业学院,523,大数据与会计,1,495,174884
2024,1206,天津财经大学,001,经济学,4,628,26824
2024,1206,天津财经大学,002,财政学类,4,628,27194
2024,1206,天津财经大学,003,金融学类,3,631,24240
2024,1206,天津财经大学,004,国际经济与贸易,4,616,37717
2024,1206,天津财经大学,005,广告学,2,613,39817
2024,1206,天津财经大学,006,计算机科学与技术,2,602,51383
2024,1206,天津财经大学,007,工商管理类,6,615,38230
2024,1206,天津财经大学,008,会计学（注册会计师）,2,638,19614
2024,1206,天津财经大学,009,会计学,3,637,20136
2024,1206,天津财经大学,010,国际商务,4,606,46799
2024,1206,天津财经大学,011,物流管理,3,604,48745
2024,1206,天津财经大学,012,旅游管理类,4,590,64409
2024,1206,天津财经大学,013,数字经济,3,591,63139
2024,1206,天津财经大学,014,大数据管理与应用,2,600,53224
2024,1207,天津财经大学珠江学院,001,会计学,17,553,107722
2024,1207,天津财经大学珠江学院,002,审计学,18,548,113082
2024,1207,天津财经大学珠江学院,003,金融科技,21,492,
2024,1207,天津财经大学珠江学院,004,数字经济,15,492,
2024,1207,天津财经大学珠江学院,005,国际经济与贸易,18,535,128958
2024,1207,天津财经大学珠江学院,006,工商管理,15,538,125574
2024,1207,天津财经大学珠江学院,007,市场营销,10,536,127387
2024,1207,天津财经大学珠江学院,008,传播学,5,546,116146
2024,1207,天津财经大学珠江学院,009,人工智能,10,492,
2024,1207,天津财经大学珠江学院,010,经济统计学,5,514,152733
2024,1208,天津城建大学,001,建筑学,2,580,75743
2024,1208,天津城建大学,002,城乡规划,1,581,74575
2024,1208,天津城建大学,003,土木工程,1,545,116280
2024,1208,天津城建大学,004,道路桥梁与渡河工程,1,545,116437
2024,1208,天津城建大学,005,港口航道与海岸工程,3,496,173476
2024,1208,天津城建大学,006,能源与动力工程,1,552,108250
2024,1208,天津城建大学,007,建筑环境与能源应用工程,2,527,137602
2024,1208,天津城建大学,008,安全工程,2,536,126855
2024,1208,天津城建大学,009,工程管理,2,550,110866
2024,1208,天津城建大学,010,房地产开发与管理,1,515,152018
2024,1208,天津城建大学,011,大数据管理与应用,2,569,88821
2024,1208,天津城建大学,012,土地资源管理,1,584,71375
2024,1208,天津城建大学,013,城市管理,1,579,76493
2024,1208,天津城建大学,014,工商管理,1,582,73983
2024,1208,天津城建大学,015,给排水科学与工程,2,536,126772
2024,1208,天津城建大学,017,电子信息类,5,560,99314
2024,1208,天津城建大学,018,计算机类,3,565,93308
2024,1208,天津城建大学,019,翻译,1,583,72780
2024,1208,天津城建大学,020,地理信息科学,2,597,56501
2024,1208,天津城建大学,021,地质工程,3,512,155046
2024,1208,天津城建大学,022,机械电子工程,1,562,96334
2024,1208,天津城建大学,023,工业设计,3,538,125008
2024,1208,天津城建大学,024,建筑电气与智能化,1,526,138722
2024,1208,天津城建大学,025,数学与应用数学,1,563,95158
2024,1208,天津城建大学,026,应用物理学,1,563,96069
2024,1208,天津城建大学,027,应用化学,1,511,156501
2024,1208,天津城建大学,028,智能建造,2,538,124739
2024,1208,天津城建大学,029,人工智能,1,568,89198
2024,1208,天津城建大学,030,智能制造工程,3,552,108402
2024,1210,天津大学,001,建筑类,4,661,7650
2024,1210,天津大学,002,经济管理试验班,5,661,7896
2024,1210,天津大学,003,工科试验班（智能制造与建造）,7,662,7339
2024,1210,天津大学,004,工科试验班（精仪与光电信息类）,10,664,6824
2024,1210,天津大学,005,工科试验班（电气信息类）,12,664,6629
2024,1210,天津大学,006,工科试验班（智能与计算类）,10,664,6632
2024,1210,天津大学,007,工科试验班（化工能源与生命健康类）,6,662,7398
2024,1210,天津大学,008,法学,12,664,6828
2024,1210,天津大学,009,工科试验班（未来技术学院）,6,667,5563
2024,1211,天津仁爱学院,004,智能交互设计,4,492,
2024,1211,天津仁爱学院,006,电子信息工程,4,492,
2024,1211,天津仁爱学院,007,通信工程,3,492,
2024,1211,天津仁爱学院,009,物联网工程,12,492,
2024,1211,天津仁爱学院,010,人工智能,6,492,
2024,1211,天津仁爱学院,012,计算机科学与技术,13,492,
2024,1211,天津仁爱学院,014,建筑学,6,526,139616
2024,1211,天津仁爱学院,017,水利水电工程,5,492,
2024,1211,天津仁爱学院,018,港口航道与海岸工程,4,492,
2024,1211,天津仁爱学院,019,物流工程,11,492,
2024,1211,天津仁爱学院,020,信息管理与信息系统,11,492,
2024,1211,天津仁爱学院,021,工程管理,11,492,
2024,1211,天津仁爱学院,022,金融工程,10,492,
2024,1211,天津仁爱学院,023,工业工程,9,492,
2024,1211,天津仁爱学院,024,化学工程与工艺,11,492,
2024,1211,天津仁爱学院,027,法学,12,549,112441
2024,1211,天津仁爱学院,028,英语,11,528,137069
2024,1211,天津仁爱学院,029,商务英语,12,524,141788
2024,1211,天津仁爱学院,030,财务管理,8,538,125039
2024,1211,天津仁爱学院,031,传播学,3,536,127334
2024,1212,天津电子信息职业技术学院,501,软件技术,3,492,
2024,1212,天津电子信息职业技术学院,502,动漫制作技术,4,499,170650
2024,1212,天津电子信息职业技术学院,504,大数据与会计,3,492,
2024,1214,天津职业技术师范大学,001,材料成型及控制工程,2,515,151721
2024,1214,天津职业技术师范大学,002,工业设计,1,528,136380
2024,1214,天津职业技术师范大学,003,机电技术教育(师范),1,590,64017
2024,1214,天津职业技术师范大学,004,人工智能(师范),2,558,100824
2024,1214,天津职业技术师范大学,005,自动化(师范),2,564,93841
2024,1214,天津职业技术师范大学,006,教育技术学(师范),1,573,83227
2024,1214,天津职业技术师范大学,007,计算机科学与技术(师范),1,575,81404
2024,1214,天津职业技术师范大学,008,网络工程,1,553,107479
2024,1214,天津职业技术师范大学,009,数字媒体技术(师范),1,560,99601
2024,1214,天津职业技术师范大学,010,数据科学与大数据技术,2,525,140462
2024,1214,天津职业技术师范大学,011,学前教育(师范),1,587,68100
2024,1214,天津职业技术师范大学,012,车辆工程,1,532,131695
2024,1214,天津职业技术师范大学,015,数学与应用数学(师范),1,541,121342
2024,1214,天津职业技术师范大学,016,汉语国际教育(师范),1,598,55767
2024,1214,天津职业技术师范大学,017,电子信息工程(师范),1,577,78702
2024,1214,天津职业技术师范大学,018,电子科学与技术,1,573,83931
2024,1214,天津职业技术师范大学,019,微电子科学与工程(师范),1,544,117714
2024,1214,天津职业技术师范大学,020,金融学,2,581,74267
2024,1214,天津职业技术师范大学,021,信用管理,1,571,86559
2024,1214,天津职业技术师范大学,022,人力资源管理,1,583,71973
2024,1214,天津职业技术师范大学,023,财务会计教育(师范),1,611,42331
2024,1214,天津职业技术师范大学,024,物流管理(师范),1,596,57854
2024,1214,天津职业技术师范大学,025,电子商务(师范),1,597,56671
2024,1216,天津工业大学,001,纺织工程,4,589,65658
2024,1216,天津工业大学,002,非织造材料与工程,3,588,66378
2024,1216,天津工业大学,003,轻化工程,3,596,57354
2024,1216,天津工业大学,004,材料科学与工程,3,598,55670
2024,1216,天津工业大学,005,复合材料与工程,4,590,64121
2024,1216,天津工业大学,006,无机非金属材料工程,3,592,62066
2024,1216,天津工业大学,007,制药工程,4,597,56375
2024,1216,天津工业大学,008,环境工程,4,580,75274
2024,1216,天津工业大学,009,机械工程,3,610,42907
2024,1216,天津工业大学,010,工业设计,4,603,49951
2024,1216,天津工业大学,011,机械电子工程,4,610,42924
2024,1216,天津工业大学,012,智能制造工程,2,613,40239
2024,1216,天津工业大学,013,飞行器制造工程,3,603,50205
2024,1216,天津工业大学,014,电气工程及其自动化,4,620,33827
2024,1216,天津工业大学,015,电子信息工程,4,616,36904
2024,1216,天津工业大学,016,通信工程,2,623,30844
2024,1216,天津工业大学,017,电子科学与技术,4,615,38552
2024,1216,天津工业大学,018,自动化,4,615,38355
2024,1216,天津工业大学,019,计算机科学与技术,4,631,24465
2024,1216,天津工业大学,020,网络空间安全,4,612,40641
2024,1216,天津工业大学,021,软件工程,2,624,29844
2024,1216,天津工业大学,022,人工智能,4,618,35387
2024,1216,天津工业大学,023,智能医学工程,4,599,54295
2024,1216,天津工业大学,024,数学类,2,612,40638
2024,1216,天津工业大学,025,数据科学与大数据技术,4,615,38216
2024,1216,天津工业大学,026,化学生物学,3,598,55115
2024,1216,天津工业大学,027,网络与新媒体,2,620,33960
2024,1216,天津工业大学,028,汉语言文学,2,626,28465
2024,1216,天津工业大学,029,国际经济与贸易,2,613,39887
2024,1216,天津工业大学,030,会计学,2,625,29349
2024,1216,天津工业大学,036,广播电视编导,5,606,47503
2024,1217,天津公安警官职业学院,501,信息安全技术应用,4,505,163461
2024,1217,天津公安警官职业学院,502,社区管理与服务,4,496,173378
2024,1223,天津科技大学,001,机械设计制造及其自动化,2,586,68561
2024,1223,天津科技大学,002,机械电子工程,3,585,69926
2024,1223,天津科技大学,003,智能制造工程,2,587,67567
2024,1223,天津科技大学,004,微电子科学与工程,3,584,71056
2024,1223,天津科技大学,005,机器人工程,2,594,59571
2024,1223,天津科技大学,006,电气工程及其自动化,3,603,50281
2024,1223,天津科技大学,007,人工智能,3,593,61036
2024,1223,天津科技大学,008,计算机科学与技术,3,595,58569
2024,1223,天津科技大学,009,软件工程,2,598,55302
2024,1223,天津科技大学,010,物联网工程,3,592,62243
2024,1223,天津科技大学,011,数字媒体技术,2,595,58581
2024,1223,天津科技大学,012,食品科学与工程,4,567,90517
2024,1223,天津科技大学,013,食品质量与安全,3,562,96444
2024,1223,天津科技大学,014,制药工程,4,563,95435
2024,1223,天津科技大学,015,化学工程与工艺,4,564,94662
2024,1223,天津科技大学,016,海洋技术,3,556,103268
2024,1223,天津科技大学,017,海洋资源开发技术,3,557,102178
2024,1223,天津科技大学,018,包装工程,3,550,110869
2024,1223,天津科技大学,019,国际经济与贸易,3,600,53611
2024,1223,天津科技大学,020,财务管理,3,603,50596
2024,1223,天津科技大学,021,计算机科学与技术(中外合作办学)（信息处理）,3,570,86812
2024,1223,天津科技大学,022,财务管理(中外合作办学),3,593,61292
2024,1224,天津理工大学,001,测控技术与仪器,4,571,85994
2024,1224,天津理工大学,002,人工智能,3,595,58777
2024,1224,天津理工大学,003,材料科学与工程,2,578,78477
2024,1224,天津理工大学,004,材料物理,3,567,90303
2024,1224,天津理工大学,005,功能材料,3,557,102886
2024,1224,天津理工大学,006,工程管理,4,557,102168
2024,1224,天津理工大学,007,工程造价,4,577,79049
2024,1224,天津理工大学,008,大数据管理与应用,2,592,62657
2024,1224,天津理工大学,009,工商管理,5,595,59238
2024,1224,天津理工大学,010,财务管理,3,601,52825
2024,1224,天津理工大学,011,金融科技,4,572,84496
2024,1224,天津理工大学,012,应用化学,3,553,107222
2024,1224,天津理工大学,013,化学工程与工艺,3,557,102392
2024,1224,天津理工大学,014,药学,2,566,91588
2024,1224,天津理工大学,015,机械工程,6,579,76682
2024,1224,天津理工大学,016,智能制造工程,2,587,67447
2024,1224,天津理工大学,017,新能源科学与工程,9,577,78915
2024,1224,天津理工大学,018,资源循环科学与工程,4,536,127271
2024,1224,天津理工大学,019,环境工程,4,531,132799
2024,1224,天津理工大学,021,安全工程,4,539,123301
2024,1224,天津理工大学,022,应急技术与管理,2,549,112089
2024,1224,天津理工大学,023,电子科学与技术,2,597,56750
2024,1224,天津理工大学,024,微电子科学与工程,4,590,64242
2024,1224,天津理工大学,025,光电信息科学与工程,3,592,62064
2024,1224,天津理工大学,026,集成电路设计与集成系统,5,584,70682
2024,1225,天津理工大学中环信息学院,001,自动化,1,520,146327
2024,1225,天津理工大学中环信息学院,002,电气工程及其自动化,5,496,173221
2024,1225,天津理工大学中环信息学院,003,电气工程与智能控制,3,492,177058
2024,1225,天津理工大学中环信息学院,004,智能电网信息工程,1,507,160635
2024,1225,天津理工大学中环信息学院,005,机械设计制造及其自动化,6,496,172924
2024,1225,天津理工大学中环信息学院,006,机械电子工程,2,495,173976
2024,1225,天津理工大学中环信息学院,007,机器人工程,2,506,161795
2024,1225,天津理工大学中环信息学院,008,电子信息科学与技术,1,503,165213
2024,1225,天津理工大学中环信息学院,009,电子信息工程,4,492,
2024,1225,天津理工大学中环信息学院,010,通信工程,1,506,162102
2024,1225,天津理工大学中环信息学院,011,物联网工程,5,492,
2024,1225,天津理工大学中环信息学院,012,人工智能,3,492,
2024,1225,天津理工大学中环信息学院,013,计算机科学与技术,3,497,171876
2024,1225,天津理工大学中环信息学院,014,软件工程,4,492,
2024,1225,天津理工大学中环信息学院,015,数字媒体技术,3,492,
2024,1225,天津理工大学中环信息学院,016,数据科学与大数据技术,3,492,
2024,1225,天津理工大学中环信息学院,017,工程管理,4,509,158630
2024,1225,天津理工大学中环信息学院,018,财务管理,12,544,118509
2024,1225,天津理工大学中环信息学院,019,物流管理,9,538,125074
2024,1225,天津理工大学中环信息学院,020,人力资源管理,15,536,127839
2024,1226,天津美术学院,005,美术学,1,592,62084
2024,1226,天津美术学院,006,艺术设计学,1,586,69364
2024,1226,天津美术学院,007,艺术管理,2,588,67268
2024,1226,天津美术学院,008,历史建筑保护工程,3,595,59112
2024,1227,天津农学院,002,环境科学,1,501,167653
2024,1227,天津农学院,003,菌物科学与工程,2,492,
2024,1227,天津农学院,006,林学,2,492,
2024,1227,天津农学院,007,园林,2,578,78219
2024,1227,天津农学院,008,动物科学,3,492,
2024,1227,天津农学院,009,动物医学,2,568,89490
2024,1227,天津农学院,010,动物医学（小动医方向）,2,557,102627
2024,1227,天津农学院,011,水产养殖学,4,502,166535
2024,1227,天津农学院,012,海洋渔业科学与技术,6,492,
2024,1227,天津农学院,014,水生动物医学,1,508,159939
2024,1227,天津农学院,015,国际经济与贸易,1,577,78940
2024,1227,天津农学院,016,会计学,1,586,69018
2024,1227,天津农学院,017,农林经济管理,1,583,72664
2024,1227,天津农学院,018,公共事业管理,1,577,79761
2024,1227,天津农学院,019,物流管理,3,570,86931
2024,1227,天津农学院,020,食品科学与工程,2,533,131303
2024,1227,天津农学院,021,机器人工程,1,539,123604
2024,1227,天津农学院,022,农业机械化及其自动化,3,515,151559
2024,1227,天津农学院,023,软件工程,1,542,119830
2024,1227,天津农学院,024,物联网工程,1,551,109687
2024,1227,天津农学院,025,水利水电工程,3,525,140063
2024,1227,天津农学院,026,智慧水利,1,523,142234
2024,1227,天津农学院,027,应用化学,3,492,
2024,1227,天津农学院,028,功能材料,1,518,148366
2024,1227,天津农学院,029,生物制药,2,517,149451
2024,1227,天津农学院,030,英语,1,576,80230
2024,1227,天津农学院,031,人力资源管理,1,575,81898
2024,1227,天津农学院,032,文化产业管理,1,573,83879
2024,1227,天津农学院,033,网络与新媒体,1,579,77195
2024,1229,天津商业大学,001,经济学类,4,596,57871
2024,1229,天津商业大学,002,旅游管理类,4,579,76916
2024,1229,天津商业大学,003,财务管理,5,602,51780
2024,1229,天津商业大学,004,法学,4,607,46295
2024,1229,天津商业大学,005,会展经济与管理,3,588,67171
2024,1229,天津商业大学,006,英语,4,587,68069
2024,1229,天津商业大学,007,日语,4,575,82058
2024,1229,天津商业大学,008,电子商务,3,558,101618
2024,1229,天津商业大学,009,包装工程,3,492,
2024,1229,天津商业大学,010,数学与应用数学,3,551,109220
2024,1229,天津商业大学,011,数据科学与大数据技术,4,560,98877
2024,1229,天津商业大学,012,宝石及材料工艺学,4,503,166022
2024,1229,天津商业大学,013,食品科学与工程,4,529,135035
2024,1229,天津商业大学,014,食品质量与安全,4,535,128298
2024,1229,天津商业大学,015,财务管理(中外合作办学),6,585,70592
2024,1230,天津商业大学宝德学院,001,英语,4,539,124436
2024,1230,天津商业大学宝德学院,002,商务英语,2,535,128999
2024,1230,天津商业大学宝德学院,003,日语,3,538,125391
2024,1230,天津商业大学宝德学院,004,金融学,2,540,122682
2024,1230,天津商业大学宝德学院,005,国际经济与贸易,2,539,124261
2024,1230,天津商业大学宝德学院,006,电子商务,3,536,127663
2024,1230,天津商业大学宝德学院,007,工商管理类,3,541,121514
2024,1230,天津商业大学宝德学院,008,物流管理,3,534,129762
2024,1230,天津商业大学宝德学院,009,酒店管理,3,532,132094
2024,1230,天津商业大学宝德学院,010,会计学,2,551,110064
2024,1230,天津商业大学宝德学院,011,财务管理,2,547,114676
2024,1230,天津商业大学宝德学院,012,审计学,1,549,112551
2024,1230,天津商业大学宝德学院,016,戏剧影视文学,5,523,142906
2024,1230,天津商业大学宝德学院,017,广播电视编导,5,527,137778
2024,1232,天津师范大学,001,汉语言文学(师范),4,635,21788
2024,1232,天津师范大学,002,新闻学,1,622,31459
2024,1232,天津师范大学,003,广告学,1,611,42329
2024,1232,天津师范大学,004,历史学(师范),2,632,24077
2024,1232,天津师范大学,005,世界史,2,623,31357
2024,1232,天津师范大学,006,应用心理学(师范),2,594,59937
2024,1232,天津师范大学,007,学前教育(师范),1,609,44422
2024,1232,天津师范大学,008,教育学类(师范),6,620,33812
2024,1232,天津师范大学,009,政治学与行政学,3,615,38401
2024,1232,天津师范大学,010,政治学与行政学（博雅班）,2,623,30685
2024,1232,天津师范大学,011,思想政治教育(师范),1,628,27059
2024,1232,天津师范大学,013,法学,3,628,26518
2024,1232,天津师范大学,014,英语,1,626,28803
2024,1232,天津师范大学,015,英语(师范),2,627,27766
2024,1232,天津师范大学,016,计算机科学与技术(师范),2,606,47048
2024,1232,天津师范大学,017,数学与应用数学(师范),2,605,47720
2024,1232,天津师范大学,018,数据计算及应用,1,589,65389
2024,1232,天津师范大学,019,地理科学(师范),2,634,22219
2024,1232,天津师范大学,020,化学(师范),4,492,
2024,1232,天津师范大学,021,化学生物学,2,492,
2024,1232,天津师范大学,022,生物科学(师范),3,492,
2024,1232,天津师范大学,023,物理学(师范),2,581,74464
2024,1232,天津师范大学,024,大数据管理与应用,1,594,59596
2024,1232,天津师范大学,025,应用心理学（创新班）,2,621,32757
2024,1234,天津体育学院,005,公共事业管理,2,570,87090
2024,1234,天津体育学院,006,英语,3,567,90692
2024,1234,天津体育学院,007,市场营销,2,566,91631
2024,1234,天津体育学院,009,运动康复,9,577,79703
2024,1234,天津体育学院,010,应用心理学,2,579,76989
2024,1234,天津体育学院,012,体育经济与管理,4,568,89872
2024,1234,天津体育学院,013,新闻学,6,574,82329
2024,1235,天津外国语大学,001,外国语言文学类,6,608,45386
2024,1235,天津外国语大学,002,日语,4,599,54011
2024,1235,天津外国语大学,003,俄语,2,604,49711
2024,1235,天津外国语大学,004,德语,2,617,36642
2024,1235,天津外国语大学,005,法语,2,617,36050
2024,1235,天津外国语大学,006,西班牙语,2,618,35502
2024,1235,天津外国语大学,007,意大利语,1,617,36342
2024,1235,天津外国语大学,008,葡萄牙语,1,605,48216
2024,1235,天津外国语大学,009,捷克语,1,616,37706
2024,1235,天津外国语大学,010,匈牙利语,1,592,61938
2024,1235,天津外国语大学,011,塞尔维亚语,1,588,66384
2024,1235,天津外国语大学,012,朝鲜语,1,592,62721
2024,1235,天津外国语大学,013,阿拉伯语,1,604,49731
2024,1235,天津外国语大学,014,印度尼西亚语,1,597,56899
2024,1235,天津外国语大学,015,泰语,1,584,71128
2024,1235,天津外国语大学,016,斯瓦希里语,1,594,59900
2024,1235,天津外国语大学,017,国际经济与贸易,2,603,50764
2024,1235,天津外国语大学,018,金融学,2,605,48652
2024,1235,天津外国语大学,019,工商管理类,3,601,52933
2024,1235,天津外国语大学,020,大数据管理与应用,2,581,74487
2024,1235,天津外国语大学,021,汉语言文学,1,624,30236
2024,1235,天津外国语大学,022,新闻传播学类,2,610,43445
2024,1235,天津外国语大学,023,数字媒体技术,2,576,79824
2024,1235,天津外国语大学,024,法学,1,631,24245
2024,1235,天津外国语大学,025,国际政治,1,613,39929
2024,1235,天津外国语大学,026,外交学,2,611,41993
2024,1235,天津外国语大学,027,国际组织与全球治理,1,606,47125
2024,1235,天津外国语大学,028,汉语国际教育,2,608,45352
2024,1235,天津外国语大学,029,经济学(中外合作办学),2,597,57251
2024,1236,天津外国语大学滨海外事学院,001,英语,1,559,100449
2024,1236,天津外国语大学滨海外事学院,002,德语,1,562,97245
2024,1236,天津外国语大学滨海外事学院,003,西班牙语,1,549,112235
2024,1236,天津外国语大学滨海外事学院,004,日语,1,558,101939
2024,1236,天津外国语大学滨海外事学院,005,商务英语,1,547,114671
2024,1236,天津外国语大学滨海外事学院,006,金融学,2,553,107507
2024,1236,天津外国语大学滨海外事学院,007,学前教育,1,563,95518
2024,1236,天津外国语大学滨海外事学院,008,护理学,2,532,131900
2024,1236,天津外国语大学滨海外事学院,009,酒店管理,1,545,117305
2024,1239,天津医科大学,001,临床医学（5+3一体化）,4,665,6266
2024,1239,天津医科大学,002,临床医学（5+3一体化，儿科学）,1,661,7636
2024,1239,天津医科大学,003,口腔医学（5+3一体化）,1,669,5130
2024,1239,天津医科大学,004,临床医学,1,659,8549
2024,1239,天津医科大学,005,基础医学（朱宪彝班）,2,647,13922
2024,1239,天津医科大学,006,眼视光医学,1,658,9016
2024,1239,天津医科大学,007,预防医学,1,643,16466
2024,1239,天津医科大学,008,智能医学工程,1,654,10520
2024,1239,天津医科大学,009,医学技术类,1,628,26674
2024,1239,天津医科大学,010,药学类,1,641,17522
2024,1239,天津医科大学,011,生物医学工程,1,648,13489
2024,1239,天津医科大学,012,临床医学（5+3一体化，朱宪彝班）,1,671,4556
2024,1239,天津医科大学,013,预防医学（培优班）,1,636,20732
2024,1239,天津医科大学,014,临床药学（培优班）,2,639,19040
2024,1239,天津医科大学,015,医学技术类（培优班）,1,634,22079
2024,1240,天津医科大学临床医学院,001,临床医学,9,492,
2024,1240,天津医科大学临床医学院,002,口腔医学,4,562,96557
2024,1240,天津医科大学临床医学院,003,药学,3,500,168821
2024,1240,天津医科大学临床医学院,004,护理学,10,492,
2024,1240,天津医科大学临床医学院,005,眼视光学,10,492,
2024,1240,天津医科大学临床医学院,006,医学检验技术,6,492,
2024,1240,天津医科大学临床医学院,007,医学影像技术,5,517,149181
2024,1240,天津医科大学临床医学院,008,康复治疗学,3,492,
2024,1240,天津医科大学临床医学院,009,健康服务与管理,3,559,99845
2024,1240,天津医科大学临床医学院,010,法学,15,556,104294
2024,1240,天津医科大学临床医学院,011,公共事业管理,11,544,118297
2024,1240,天津医科大学临床医学院,012,市场营销,11,535,128023
2024,1241,天津医学高等专科学校,501,医学营养,3,519,147163
2024,1241,天津医学高等专科学校,503,护理,2,492,
2024,1241,天津医学高等专科学校,507,口腔医学,10,492,
2024,1241,天津医学高等专科学校,508,药学,4,492,
2024,1241,天津医学高等专科学校,511,药品经营与管理,1,524,141483
2024,1241,天津医学高等专科学校,512,医学检验技术,4,492,
2024,1244,天津市职业大学,501,电气自动化技术,4,492,
2024,1244,天津市职业大学,502,机械制造及自动化,4,492,
2024,1244,天津市职业大学,505,工程造价,4,492,
2024,1244,天津市职业大学,506,大数据与会计,4,492,
2024,1244,天津市职业大学,507,电子商务,4,492,
2024,1244,天津市职业大学,508,计算机类,5,502,167157
2024,1244,天津市职业大学,509,现代通信技术,4,492,
2024,1244,天津市职业大学,510,电子信息工程技术,4,497,172416
2024,1244,天津市职业大学,511,眼视光技术,4,538,125354
2024,1244,天津市职业大学,512,视觉训练与康复,4,492,
2024,1244,天津市职业大学,514,商务英语,5,497,172499
2024,1244,天津市职业大学,515,西式烹饪工艺,5,492,
2024,1244,天津市职业大学,521,学前教育,5,492,
2024,1244,天津市职业大学,523,人力资源管理,5,492,
2024,1244,天津市职业大学,524,汽车智能技术,4,492,
2024,1246,天津中医药大学,001,中国语言文学类,2,617,35988
2024,1246,天津中医药大学,002,中医学（拔尖创新人才培养模式改革）,1,656,9566
2024,1246,天津中医药大学,003,中医学（5+3一体化）,2,652,11613
2024,1246,天津中医药大学,004,中医学（5+3一体化，中医儿科学）,2,648,13378
2024,1246,天津中医药大学,005,中医学类,8,627,27610
2024,1246,天津中医药大学,006,中西医临床医学,3,623,30803
2024,1246,天津中医药大学,007,医学技术类,4,492,
2024,1246,天津中医药大学,008,食品卫生与营养学,2,589,65041
2024,1246,天津中医药大学,009,康复治疗学,2,588,66358
2024,1246,天津中医药大学,010,护理学类,2,597,56491
2024,1246,天津中医药大学,011,临床药学,2,614,39025
2024,1246,天津中医药大学,012,药学类,4,605,47937
2024,1246,天津中医药大学,013,中药学类,4,583,71925
2024,1246,天津中医药大学,014,应用心理学,2,619,34816
2024,1246,天津中医药大学,015,工商管理类,2,608,45397
2024,1246,天津中医药大学,016,公共管理类,2,607,45789
2024,1246,天津中医药大学,017,临床医学,3,633,22943
2024,1246,天津中医药大学,018,中药学（拔尖学生培养基地班）,2,614,39062
2024,1246,天津中医药大学,019,应用统计学,2,595,59086
2024,1246,天津中医药大学,020,预防医学,3,598,55443
2024,1246,天津中医药大学,021,临床药学(中外合作办学),2,581,74581
2024,1247,中国民航大学,001,工科试验班（中外合作办学，中欧航空工程师）,7,627,27593
2024,1247,中国民航大学,002,英语（民航外语）,3,606,47412
2024,1247,中国民航大学,003,信息与计算科学,4,601,52072
2024,1247,中国民航大学,004,应用气象学（航空气象）,4,604,48924
2024,1247,中国民航大学,005,统计学（民航大数据）,2,609,43806
2024,1247,中国民航大学,006,工科试验班（航空航天）,26,592,61837
2024,1247,中国民航大学,007,信息安全,5,605,47784
2024,1247,中国民航大学,008,交通工程,4,604,49569
2024,1247,中国民航大学,009,交通管理（飞行运行管理）,8,596,57466
2024,1247,中国民航大学,010,无人驾驶航空器系统工程,5,598,55255
2024,1247,中国民航大学,011,工商管理类（航空运输管理）,7,605,48645
2024,1247,中国民航大学,013,飞行器适航技术,4,595,58856
2024,1247,中国民航大学,014,工科试验班（民航安全与应急类）,4,597,56564
2024,1247,中国民航大学,015,飞行器运维工程,1,591,62864
2024,1247,中国民航大学,016,工科试验班（智能与计算机）,13,613,39913
2024,1247,中国民航大学,017,工科试验班（电子信息与电气自动化）,25,599,54254
2024,1247,中国民航大学,018,工科试验班（智慧空中交通管制）,18,607,45541
2024,1248,天津天狮学院,001,工商管理类,1,545,116542
2024,1248,天津天狮学院,004,生物工程,1,523,142959
2024,1248,天津天狮学院,007,康复治疗学,1,503,165473
2024,1249,天津铁道职业技术学院,501,高速铁路施工与维护,4,496,173058
2024,1249,天津铁道职业技术学院,502,铁道信号自动控制,4,510,158048
2024,1249,天津铁道职业技术学院,503,动车组检修技术,2,502,166541
2024,1249,天津铁道职业技术学院,504,城市轨道车辆应用技术,2,502,167028
2024,1301,保定电力职业技术学院,501,发电厂及电力系统,3,507,161132
2024,1301,保定电力职业技术学院,502,供用电技术,2,515,152170
2024,1302,北华航天工业学院,001,经济学,2,573,83886
2024,1302,北华航天工业学院,002,国际经济与贸易,2,566,91942
2024,1302,北华航天工业学院,003,社会工作,3,564,94804
2024,1302,北华航天工业学院,004,英语,2,568,89394
2024,1302,北华航天工业学院,005,机械设计制造及其自动化,2,532,132364
2024,1302,北华航天工业学院,006,材料成型及控制工程,2,517,149111
2024,1302,北华航天工业学院,007,工业设计,2,525,139742
2024,1302,北华航天工业学院,008,车辆工程,2,522,143739
2024,1302,北华航天工业学院,009,金属材料工程,2,527,137497
2024,1302,北华航天工业学院,010,复合材料与工程,2,512,155105
2024,1302,北华航天工业学院,011,电气工程与智能控制,2,533,130543
2024,1302,北华航天工业学院,012,电子信息工程,2,535,128824
2024,1302,北华航天工业学院,013,自动化,3,528,136063
2024,1302,北华航天工业学院,014,计算机科学与技术,2,544,117444
2024,1302,北华航天工业学院,015,空间信息与数字技术,2,525,140157
2024,1302,北华航天工业学院,016,土木工程,2,516,151059
2024,1302,北华航天工业学院,017,建筑环境与能源应用工程,3,516,150989
2024,1302,北华航天工业学院,018,道路桥梁与渡河工程,3,510,157709
2024,1302,北华航天工业学院,019,飞行器制造工程,2,535,128116
2024,1302,北华航天工业学院,020,工程造价,2,506,161893
2024,1302,北华航天工业学院,021,市场营销,3,566,92425
2024,1302,北华航天工业学院,022,会计学,2,578,78329
2024,1302,北华航天工业学院,023,人力资源管理,2,568,89966
2024,1302,北华航天工业学院,024,物流管理,2,573,84299
2024,1302,北华航天工业学院,025,电子商务,2,564,94751
2024,1304,燕京理工学院,002,数据科学与大数据技术,1,519,146738
2024,1304,燕京理工学院,003,会计学,1,564,94710
2024,1304,燕京理工学院,004,财务管理,1,561,97895
2024,1304,燕京理工学院,005,广播电视编导,1,529,135475
2024,1304,燕京理工学院,015,智慧建筑与建造,1,534,129714
2024,1304,燕京理工学院,016,医学检验技术,1,507,160829
2024,1305,沧州交通学院,001,工商管理,10,534,129906
2024,1305,沧州交通学院,002,财务管理,10,537,126318
2024,1305,沧州交通学院,003,物流管理,10,531,133521
2024,1305,沧州交通学院,004,金融工程,10,492,
2024,1305,沧州交通学院,005,电子商务,10,492,
2024,1305,沧州交通学院,006,交通运输,8,492,
2024,1305,沧州交通学院,007,英语,12,529,135721
2024,1307,民政职业大学,001,智慧健康养老管理,3,567,90569
2024,1307,民政职业大学,002,康复辅助器具技术,3,525,139872
2024,1307,民政职业大学,003,现代殡葬管理,4,581,75114
2024,1308,北京中医药大学东方学院,001,中医学,2,546,115304
2024,1308,北京中医药大学东方学院,002,针灸推拿学,2,529,135075
2024,1308,北京中医药大学东方学院,003,中西医临床医学,2,533,130633
2024,1308,北京中医药大学东方学院,005,药事管理,1,537,126654
2024,1308,北京中医药大学东方学院,006,中药学,2,546,115318
2024,1308,北京中医药大学东方学院,008,医学检验技术,2,492,
2024,1308,北京中医药大学东方学院,009,医学影像技术,2,521,144477
2024,1308,北京中医药大学东方学院,010,眼视光学,2,492,
2024,1308,北京中医药大学东方学院,011,康复治疗学,1,514,152773
2024,1308,北京中医药大学东方学院,012,口腔医学技术,1,557,102227
2024,1308,北京中医药大学东方学院,013,护理学,1,568,89231
2024,1308,北京中医药大学东方学院,014,工商管理,1,547,114541
2024,1308,北京中医药大学东方学院,015,市场营销,1,558,101922
2024,1308,北京中医药大学东方学院,016,公共事业管理,1,547,114049
2024,1308,北京中医药大学东方学院,017,健康服务与管理,1,557,102198
2024,1310,承德医学院,001,临床医学,2,568,89213
2024,1311,东北大学秦皇岛分校,001,经济学类,9,646,14516
2024,1311,东北大学秦皇岛分校,002,外国语言文学类,7,645,15499
2024,1311,东北大学秦皇岛分校,003,数学类,4,647,14318
2024,1311,东北大学秦皇岛分校,004,机械类,5,647,14133
2024,1311,东北大学秦皇岛分校,005,材料类,3,645,14979
2024,1311,东北大学秦皇岛分校,006,电子信息工程,5,651,12085
2024,1311,东北大学秦皇岛分校,007,通信工程,4,650,12669
2024,1311,东北大学秦皇岛分校,008,自动化类,5,650,12559
2024,1311,东北大学秦皇岛分校,009,仪器类（智能光电感知）,4,648,13679
2024,1311,东北大学秦皇岛分校,010,计算机科学与技术,5,653,11247
2024,1311,东北大学秦皇岛分校,011,物联网工程,2,651,12247
2024,1311,东北大学秦皇岛分校,012,工商管理类,9,645,15325
2024,1311,东北大学秦皇岛分校,013,信息管理与信息系统,3,644,15618
2024,1311,东北大学秦皇岛分校,014,电子商务,2,636,20629
2024,1311,东北大学秦皇岛分校,015,计算机科学与技术(中外合作办学),4,648,13476
2024,1311,东北大学秦皇岛分校,016,通信工程(中外合作办学),4,644,15574
2024,1311,东北大学秦皇岛分校,017,应用统计学(中外合作办学),2,639,18608
2024,1311,东北大学秦皇岛分校,018,数学与应用数学(中外合作办学),6,638,19635
2024,1312,防灾科技学院,001,地球物理学,2,543,119181
2024,1312,防灾科技学院,002,勘查技术与工程,2,512,154917
2024,1312,防灾科技学院,003,地下水科学与工程,2,531,133285
2024,1312,防灾科技学院,004,测绘工程,2,534,129148
2024,1312,防灾科技学院,005,工程管理,2,539,123384
2024,1312,防灾科技学院,006,地质工程,2,526,138482
2024,1312,防灾科技学院,007,城市地下空间工程,2,530,134647
2024,1312,防灾科技学院,008,防灾减灾科学与工程,2,544,117847
2024,1312,防灾科技学院,009,电气工程及其自动化,4,535,128209
2024,1312,防灾科技学院,010,测控技术与仪器,3,519,146776
2024,1312,防灾科技学院,011,通信工程,4,523,142402
2024,1312,防灾科技学院,012,计算机类,3,534,129162
2024,1312,防灾科技学院,013,物联网工程,3,521,144771
2024,1312,防灾科技学院,014,金融学,5,492,
2024,1312,防灾科技学院,015,会计学,2,579,77185
2024,1312,防灾科技学院,016,工商管理,2,569,88780
2024,1312,防灾科技学院,017,应急管理,4,547,114009
2024,1312,防灾科技学院,018,应急技术与管理,2,543,118645
2024,1312,防灾科技学院,019,广告学,2,566,91987
2024,1312,防灾科技学院,020,网络与新媒体,3,578,78640
2024,1312,防灾科技学院,021,人工智能,3,527,137461
2024,1312,防灾科技学院,022,应用气象学,2,540,122609
2024,1312,防灾科技学院,023,应用心理学,2,572,85144
2024,1313,邯郸学院,001,物理学(师范),5,519,147575
2024,1313,邯郸学院,002,网络工程,5,522,143644
2024,1315,河北大学,001,历史学类,3,615,38687
2024,1315,河北大学,002,新闻传播学类,2,615,38250
2024,1315,河北大学,003,经济学,3,608,45387
2024,1315,河北大学,004,法学,2,632,24043
2024,1315,河北大学,005,哲学,3,606,47093
2024,1315,河北大学,006,新能源材料与器件,2,590,64686
2024,1315,河北大学,007,化学,3,575,81153
2024,1315,河北大学,008,电气工程及其自动化,2,604,49621
2024,1315,河北大学,009,电子科学与技术,3,594,59515
2024,1315,河北大学,010,自动化,3,595,58958
2024,1315,河北大学,011,土木工程,2,544,117614
2024,1315,河北大学,012,戏剧影视文学(中外合作办学),3,573,84149
2024,1317,河北工程大学,001,地理信息科学,3,564,94222
2024,1317,河北工程大学,002,能源与动力工程,2,555,104694
2024,1317,河北工程大学,003,电气工程及其自动化,2,575,81864
2024,1317,河北工程大学,004,电子信息工程,3,565,92926
2024,1317,河北工程大学,005,通信工程,2,561,97934
2024,1317,河北工程大学,006,光电信息科学与工程,2,563,95032
2024,1317,河北工程大学,007,自动化,2,560,98585
2024,1317,河北工程大学,008,数据科学与大数据技术,2,559,99746
2024,1317,河北工程大学,009,建筑环境与能源应用工程,2,522,143264
2024,1317,河北工程大学,010,给排水科学与工程,2,521,145086
2024,1317,河北工程大学,011,水利水电工程,2,545,116368
2024,1317,河北工程大学,012,化学工程与工艺,2,492,
2024,1317,河北工程大学,013,环境工程,2,506,162490
2024,1317,河北工程大学,014,建筑学,2,585,69845
2024,1317,河北工程大学,015,城乡规划,2,576,80938
2024,1317,河北工程大学,016,风景园林,2,577,78978
2024,1317,河北工程大学,017,安全工程,2,516,150288
2024,1317,河北工程大学,018,工程管理,2,542,120234
2024,1317,河北工程大学,020,土木工程,2,523,142537
2024,1317,河北工程大学,021,交通工程,2,552,108493
2024,1317,河北工程大学,022,机器人工程,2,560,98747
2024,1317,河北工程大学,023,机械设计制造及其自动化,2,562,96269
2024,1317,河北工程大学,024,车辆工程,2,545,116908
2024,1317,河北工程大学,025,计算机科学与技术,2,575,81352
2024,1317,河北工程大学,026,工商管理,2,582,73650
2024,1317,河北工程大学,027,软件工程,2,573,83744
2024,1317,河北工程大学,028,过程装备与控制工程,2,539,124332
2024,1318,河北工程大学科信学院,001,机械设计制造及其自动化,3,507,160450
2024,1318,河北工程大学科信学院,002,车辆工程,2,500,168722
2024,1318,河北工程大学科信学院,003,电气工程及其自动化,2,514,153090
2024,1318,河北工程大学科信学院,004,电子信息工程,2,498,170801
2024,1318,河北工程大学科信学院,005,通信工程,2,506,161882
2024,1318,河北工程大学科信学院,006,自动化,2,506,161641
2024,1318,河北工程大学科信学院,007,计算机科学与技术,2,498,171752
2024,1318,河北工程大学科信学院,008,土木工程,2,492,177166
2024,1318,河北工程大学科信学院,009,建筑环境与能源应用工程,2,498,171119
2024,1318,河北工程大学科信学院,010,给排水科学与工程,2,497,172067
2024,1318,河北工程大学科信学院,011,水利水电工程,2,502,166694
2024,1318,河北工程大学科信学院,012,工程管理,2,519,147067
2024,1319,河北石油职业技术大学,001,工业设计,5,523,142069
2024,1319,河北石油职业技术大学,002,电子信息工程技术,3,534,129970
2024,1319,河北石油职业技术大学,003,现代精细化工技术,5,516,151060
2024,1319,河北石油职业技术大学,004,应用化工技术,4,522,143685
2024,1319,河北石油职业技术大学,005,油气储运工程,5,515,151734
2024,1321,河北建筑工程学院,001,土木工程,2,508,159985
2024,1321,河北建筑工程学院,002,电气工程及其自动化,1,542,120298
2024,1321,河北建筑工程学院,003,建筑电气与智能化,2,499,170204
2024,1321,河北建筑工程学院,004,建筑学,1,573,83768
2024,1321,河北建筑工程学院,006,工程造价,1,538,125369
2024,1321,河北建筑工程学院,007,物联网工程,1,516,150386
2024,1321,河北建筑工程学院,008,能源动力类,2,520,145590
2024,1321,河北建筑工程学院,009,机械设计制造及其自动化,1,525,140315
2024,1321,河北建筑工程学院,010,车辆工程,2,520,146202
2024,1323,河北金融学院,001,金融学,5,575,81369
2024,1323,河北金融学院,002,金融科技,4,533,130479
2024,1323,河北金融学院,003,商务英语,4,561,98317
2024,1323,河北金融学院,004,翻译,4,564,94907
2024,1323,河北金融学院,005,会计学,4,571,86560
2024,1323,河北金融学院,006,计算机科学与技术,4,492,177442
2024,1323,河北金融学院,007,会计学(中外合作办学),5,564,93783
2024,1324,河北经贸大学,001,数字经济,2,561,97444
2024,1324,河北经贸大学,002,金融学,4,589,65962
2024,1324,河北经贸大学,003,会计学,5,597,56702
2024,1324,河北经贸大学,004,工商管理,6,582,73781
2024,1324,河北经贸大学,005,物流管理,3,580,75889
2024,1324,河北经贸大学,006,法学,4,605,48687
2024,1324,河北经贸大学,007,新闻学,2,586,68962
2024,1324,河北经贸大学,008,商务英语,4,575,81240
2024,1324,河北经贸大学,009,数学与应用数学,5,527,137623
2024,1324,河北经贸大学,010,统计学,5,492,
2024,1324,河北经贸大学,011,会展经济与管理,5,572,85084
2024,1324,河北经贸大学,012,金融工程,10,492,
2024,1325,河北经贸大学经济管理学院,001,国际经济与贸易,20,541,121745
2024,1326,河北科技大学,001,计算机科学与技术(中外合作办学),4,531,132721
2024,1326,河北科技大学,002,信息管理与信息系统(中外合作办学),4,527,137290
2024,1326,河北科技大学,003,金属材料工程(中外合作办学),10,509,159292
2024,1326,河北科技大学,004,电气工程及其自动化,3,587,67465
2024,1326,河北科技大学,005,网络空间安全,3,554,105761
2024,1326,河北科技大学,006,计算机科学与技术,3,561,98100
2024,1326,河北科技大学,007,纺织工程,3,497,172130
2024,1328,河北科技师范学院,001,电气工程及其自动化,4,531,132579
2024,1328,河北科技师范学院,002,机械设计制造及其自动化,4,521,144996
2024,1328,河北科技师范学院,003,意大利语,5,563,96093
2024,1328,河北科技师范学院,004,英语(师范),4,571,86668
2024,1328,河北科技师范学院,005,市场营销,4,563,96066
2024,1328,河北科技师范学院,006,物流管理,4,564,94882
2024,1328,河北科技师范学院,007,人工智能,3,522,143306
2024,1328,河北科技师范学院,008,数据科学与大数据技术,4,522,143350
2024,1329,华北理工大学,001,化学,4,511,156059
2024,1329,华北理工大学,002,临床医学,2,605,47967
2024,1329,华北理工大学,003,预防医学,5,492,
2024,1329,华北理工大学,004,卫生检验与检疫,5,492,
2024,1329,华北理工大学,005,高分子材料与工程,4,547,114148
2024,1329,华北理工大学,006,复合材料与工程,4,506,161837
2024,1329,华北理工大学,007,会计学,2,601,52356
2024,1329,华北理工大学,008,金融学,3,594,59968
2024,1329,华北理工大学,009,经济统计学,3,570,86783
2024,1329,华北理工大学,010,护理学,3,533,130475
2024,1329,华北理工大学,011,口腔医学,1,619,34166
2024,1329,华北理工大学,012,中医学,3,565,93015
2024,1329,华北理工大学,013,针灸推拿学,3,532,131449
2024,1329,华北理工大学,014,中西医临床医学,4,581,75183
2024,1329,华北理工大学,015,药学,4,536,126777
2024,1329,华北理工大学,016,中药学,2,546,115808
2024,1329,华北理工大学,017,匈牙利语,2,567,90722
2024,1329,华北理工大学,022,医疗保险,2,577,79312
2024,1329,华北理工大学,023,机械设计制造及其自动化(中外合作办学),4,538,124692
2024,1329,华北理工大学,024,化学(中外合作办学),6,492,
2024,1329,华北理工大学,025,电气工程及其自动化(中外合作办学),4,554,105747
2024,1330,河北师范大学,001,法学,2,612,41276
2024,1330,河北师范大学,002,计算机科学与技术,2,597,56571
2024,1330,河北师范大学,003,生物技术,2,540,122173
2024,1330,河北师范大学,004,软件工程,3,558,101172
2024,1330,河北师范大学,005,汉语言,2,617,36176
2024,1330,河北师范大学,007,汉语言文学(师范),2,625,29305
2024,1330,河北师范大学,008,数学与应用数学(师范),3,589,65075
2024,1330,河北师范大学,009,教育技术学(师范),2,511,156224
2024,1331,河北医科大学,001,临床医学（5+3一体化）,6,646,14442
2024,1331,河北医科大学,002,临床医学,9,626,28314
2024,1331,河北医科大学,003,麻醉学,2,610,42648
2024,1331,河北医科大学,004,精神医学,2,603,50009
2024,1331,河北医科大学,005,中西医临床医学,3,598,55144
2024,1331,河北医科大学,006,药学类,2,575,81717
2024,1331,河北医科大学,007,中药学,2,580,75205
2024,1331,河北医科大学,008,护理学类,4,594,60308
2024,1332,河北医科大学临床学院,001,临床医学,6,493,176420
2024,1332,河北医科大学临床学院,002,口腔医学,3,553,107182
2024,1332,河北医科大学临床学院,004,护理学,3,572,84527
2024,1333,衡水学院,007,国际经济与贸易,2,568,89551
2024,1333,衡水学院,008,翻译（日语方向）,2,561,97973
2024,1333,衡水学院,009,数学与应用数学(中外合作办学),4,492,
2024,1334,华北电力大学(保定),001,电气工程及其自动化,18,657,9364
2024,1334,华北电力大学(保定),002,通信工程,3,645,15083
2024,1334,华北电力大学(保定),003,电子信息科学与技术,2,646,14549
2024,1334,华北电力大学(保定),004,集成电路设计与集成系统,2,645,15051
2024,1334,华北电力大学(保定),005,能源与动力工程,8,642,16968
2024,1334,华北电力大学(保定),006,储能科学与工程,1,650,12464
2024,1334,华北电力大学(保定),007,氢能科学与工程,3,645,15099
2024,1334,华北电力大学(保定),008,建筑环境与能源应用工程,2,633,22739
2024,1334,华北电力大学(保定),009,机械工程,8,635,21422
2024,1334,华北电力大学(保定),010,智能制造工程,1,636,20875
2024,1334,华北电力大学(保定),011,工业工程,1,643,16287
2024,1334,华北电力大学(保定),012,环境科学与工程类,11,618,35020
2024,1334,华北电力大学(保定),013,经济学,5,622,31671
2024,1334,华北电力大学(保定),014,信息管理与信息系统,4,630,24981
2024,1334,华北电力大学(保定),015,工程造价,5,624,29804
2024,1334,华北电力大学(保定),016,会计学,3,631,24357
2024,1334,华北电力大学(保定),017,外国语言文学类,4,635,21804
2024,1334,华北电力大学(保定),018,法学,2,647,14352
2024,1334,华北电力大学(保定),019,行政管理,2,637,20541
2024,1334,华北电力大学(保定),020,社会工作,2,635,21514
2024,1334,华北电力大学(保定),021,信息与计算科学,2,640,18558
2024,1334,华北电力大学(保定),022,数据科学与大数据技术,3,640,18278
2024,1334,华北电力大学(保定),023,应用物理学,2,637,19954
2024,1334,华北电力大学(保定),024,测控技术与仪器,3,641,17923
2024,1334,华北电力大学(保定),025,自动化,3,647,13968
2024,1334,华北电力大学(保定),026,机器人工程,1,646,14483
2024,1334,华北电力大学(保定),027,计算机科学与技术,3,644,15626
2024,1334,华北电力大学(保定),028,网络空间安全,3,640,18253
2024,1334,华北电力大学(保定),029,软件工程,2,643,16278
2024,1334,华北电力大学(保定),030,智能科学与技术,3,642,16739
2024,1336,华北科技学院,001,应急管理,2,589,65031
2024,1336,华北科技学院,002,安全生产监管,4,515,151522
2024,1336,华北科技学院,003,安全工程,3,499,169952
2024,1336,华北科技学院,004,城市管理,2,567,90423
2024,1336,华北科技学院,005,应急装备技术与工程,5,514,152803
2024,1336,华北科技学院,006,机械设计制造及其自动化,2,539,124328
2024,1336,华北科技学院,007,电气工程及其自动化,2,541,121155
2024,1336,华北科技学院,008,材料成型及控制工程,5,515,152362
2024,1336,华北科技学院,009,电子信息工程,5,532,131650
2024,1336,华北科技学院,010,自动化,3,540,122452
2024,1336,华北科技学院,011,计算机科学与技术,2,541,121001
2024,1336,华北科技学院,012,会计学,3,578,78407
2024,1336,华北科技学院,013,电子商务,5,566,91882
2024,1336,华北科技学院,014,供应链管理,6,565,93451
2024,1336,华北科技学院,015,土木工程,6,501,167802
2024,1336,华北科技学院,016,法学,2,591,63844
2024,1336,华北科技学院,017,汉语国际教育,8,568,89737
2024,1336,华北科技学院,018,网络与新媒体,9,568,90064
2024,1336,华北科技学院,019,英语,6,566,92331
2024,1336,华北科技学院,020,消防工程,5,520,145982
2024,1339,廊坊师范学院,001,人文教育(师范),2,576,80395
2024,1339,廊坊师范学院,002,教育技术学(师范),2,525,139828
2024,1339,廊坊师范学院,003,汉语言文学(师范),2,590,64895
2024,1339,廊坊师范学院,004,英语(师范),2,581,75134
2024,1339,廊坊师范学院,005,历史学(师范),2,585,70107
2024,1339,廊坊师范学院,006,信息与计算科学,2,518,148022
2024,1339,廊坊师范学院,007,物理学(师范),2,492,
2024,1339,廊坊师范学院,009,计算机科学与技术,2,520,145947
2024,1339,廊坊师范学院,010,会计学,2,578,78331
2024,1341,河北地质大学,001,地质类,6,528,136761
2024,1341,河北地质大学,002,资源环境大数据工程,2,524,141000
2024,1341,河北地质大学,003,水利类,2,531,133052
2024,1341,河北地质大学,004,地质工程,4,530,133768
2024,1341,河北地质大学,005,土木类,6,514,152783
2024,1341,河北地质大学,006,工程管理,4,541,121110
2024,1341,河北地质大学,007,经济学类,2,585,70541
2024,1341,河北地质大学,008,工商管理类（财会方向）,2,588,66792
2024,1341,河北地质大学,009,物流管理与工程类,4,577,79721
2024,1341,河北地质大学,010,电子商务,2,575,81217
2024,1341,河北地质大学,011,法语,2,575,81660
2024,1341,河北地质大学,012,公共管理类,4,577,79214
2024,1342,石家庄铁道大学,001,土木类,6,548,112799
2024,1342,石家庄铁道大学,002,工商管理类,2,593,61254
2024,1342,石家庄铁道大学,003,材料类,3,543,118771
2024,1342,石家庄铁道大学,004,计算机类,2,587,67313
2024,1342,石家庄铁道大学,005,工程力学,2,549,111578
2024,1342,石家庄铁道大学,006,物流管理,2,599,54972
2024,1342,石家庄铁道大学,007,国际经济与贸易,4,577,79662
2024,1342,石家庄铁道大学,008,机械设计制造及其自动化,2,580,75258
2024,1342,石家庄铁道大学,009,信息管理与信息系统,2,561,97314
2024,1342,石家庄铁道大学,010,交通运输,2,583,72046
2024,1342,石家庄铁道大学,011,电子信息工程,2,575,81196
2024,1342,石家庄铁道大学,012,通信工程,1,576,80804
2024,1343,石家庄铁道大学四方学院,001,电气工程及其自动化,7,500,168535
2024,1343,石家庄铁道大学四方学院,002,电子信息工程,6,500,169309
2024,1343,石家庄铁道大学四方学院,003,土木工程,7,492,
2024,1343,石家庄铁道大学四方学院,004,工程管理,5,507,160894
2024,1343,石家庄铁道大学四方学院,005,会计学,5,556,103572
2024,1344,石家庄医学高等专科学校,502,口腔医学,16,507,161338
2024,1344,石家庄医学高等专科学校,506,口腔医学(中外合作办学),4,510,157595
2024,1345,石家庄邮电职业技术学院,501,金融类,130,495,174435
2024,1345,石家庄邮电职业技术学院,502,物流类,20,511,157125
2024,1345,石家庄邮电职业技术学院,503,邮政快递运营管理,50,515,151511
2024,1346,邢台学院,001,国际经济与贸易,5,565,93298
2024,1346,邢台学院,003,工商管理,4,567,91075
2024,1346,邢台学院,004,市场营销,4,562,96409
2024,1346,邢台学院,005,会计学,5,574,82681
2024,1346,邢台学院,006,物流管理,5,563,95186
2024,1347,邢台医学院,501,临床医学,9,492,
2024,1347,邢台医学院,502,护理,5,508,159476
2024,1347,邢台医学院,503,智慧健康养老服务与管理,6,495,174832
2024,1347,邢台医学院,504,口腔医学,10,509,158450
2024,1349,燕山大学,001,汉语言文学,2,623,30738
2024,1349,燕山大学,002,外国语言文学类,2,607,45970
2024,1349,燕山大学,003,应用物理学,2,588,66124
2024,1349,燕山大学,004,机械类,6,605,47824
2024,1349,燕山大学,005,材料成型及控制工程,2,597,56338
2024,1349,燕山大学,006,工业设计,2,592,62145
2024,1349,燕山大学,007,过程装备与控制工程,2,598,55957
2024,1349,燕山大学,008,车辆工程,2,602,51473
2024,1349,燕山大学,009,智能感知工程,2,599,54067
2024,1349,燕山大学,010,材料类,5,585,69943
2024,1349,燕山大学,011,能源动力类,4,599,54456
2024,1349,燕山大学,012,电气类,4,604,48748
2024,1349,燕山大学,013,电子信息类,2,610,42815
2024,1349,燕山大学,014,计算机科学与技术,4,620,33532
2024,1349,燕山大学,015,土木类,6,554,105808
2024,1349,燕山大学,016,建筑学,2,607,46069
2024,1349,燕山大学,017,智能医学工程,2,585,70604
2024,1349,燕山大学,018,工商管理类,2,608,45025
2024,1349,燕山大学,019,工业工程,2,587,68172
2024,1349,燕山大学,020,工业工程(中外合作办学),10,548,113535
2024,1349,燕山大学,021,机械设计制造及其自动化(中外合作办学),5,578,77815
2024,1349,燕山大学,022,电子科学与技术(中外合作办学),5,581,74179
2024,1349,燕山大学,023,自动化(中外合作办学),5,579,76693
2024,1349,燕山大学,024,软件工程(中外合作办学),5,584,70771
2024,1349,燕山大学,025,机械设计制造及其自动化,2,593,60565
2024,1349,燕山大学,026,电气工程及其自动化,2,600,53586
2024,1349,燕山大学,027,自动化,2,599,54544
2024,1349,燕山大学,028,电子科学与技术,2,594,60491
2024,1349,燕山大学,029,化学工程与工艺,2,492,
2024,1351,保定理工学院,001,经济学,3,533,130930
2024,1351,保定理工学院,002,国际经济与贸易,2,533,130911
2024,1351,保定理工学院,003,英语,3,530,134768
2024,1351,保定理工学院,004,工商管理,3,535,128213
2024,1351,保定理工学院,005,会计学,6,542,120426
2024,1351,保定理工学院,006,财务管理,3,538,125586
2024,1351,保定理工学院,007,商务英语,3,526,138821
2024,1351,保定理工学院,008,电子商务及法律,3,530,133938
2024,1351,保定理工学院,009,人力资源管理,3,531,133042
2024,1351,保定理工学院,010,学前教育,3,531,132612
2024,1351,保定理工学院,011,小学教育,5,548,113274
2024,1351,保定理工学院,012,审计学,3,540,122935
2024,1353,河北外国语学院,001,英语,2,528,136310
2024,1353,河北外国语学院,002,朝鲜语,2,523,142879
2024,1353,河北外国语学院,003,德语,2,521,144611
2024,1353,河北外国语学院,004,日语,2,525,140645
2024,1353,河北外国语学院,005,俄语,2,523,142479
2024,1354,河北中医药大学,001,中医学（5+3一体化）,2,621,32666
2024,1354,河北中医药大学,002,中医学,3,583,72535
2024,1354,河北中医药大学,003,中西医临床医学,2,556,103535
2024,1354,河北中医药大学,004,针灸推拿学,3,568,89492
2024,1354,河北中医药大学,005,护理学,3,581,74226
2024,1355,河北北方学院,001,临床医学,10,537,126064
2024,1356,河北科技学院,001,会计学,4,543,118817
2024,1356,河北科技学院,002,电子商务,4,533,131111
2024,1356,河北科技学院,003,计算机科学与技术,5,492,
2024,1356,河北科技学院,004,机械设计制造及其自动化,5,492,
2024,1356,河北科技学院,005,小学教育,4,545,116342
2024,1356,河北科技学院,006,学前教育,4,533,130560
2024,1356,河北科技学院,007,护理学,4,546,115527
2024,1357,河北环境工程学院,001,环境科学与工程,4,505,162882
2024,1357,河北环境工程学院,002,海洋资源与环境,3,500,168689
2024,1357,河北环境工程学院,004,数据科学与大数据技术,3,517,149531
2024,1357,河北环境工程学院,005,工程管理,3,528,136173
2024,1357,河北环境工程学院,006,会展经济与管理,3,561,98226
2024,1357,河北环境工程学院,007,新闻学,3,566,92095
2024,1361,河北科技工程职业技术大学,001,物联网工程技术,2,526,139079
2024,1361,河北科技工程职业技术大学,002,建筑工程,4,519,147424
2024,1361,河北科技工程职业技术大学,003,网络工程技术,4,529,134892
2024,1361,河北科技工程职业技术大学,501,财富管理,3,492,
2024,1361,河北科技工程职业技术大学,502,大数据与会计,2,512,155505
2024,1361,河北科技工程职业技术大学,503,旅游管理,3,501,168440
2024,1361,河北科技工程职业技术大学,504,环境管理与评价,2,492,
2024,1362,河北水利电力学院,001,房地产开发与管理,2,522,143478
2024,1362,河北水利电力学院,002,土木工程,3,510,157147
2024,1362,河北水利电力学院,003,建筑环境与能源应用工程,2,523,142110
2024,1362,河北水利电力学院,004,给排水科学与工程,2,519,146923
2024,1362,河北水利电力学院,005,城市地下空间工程,2,522,143657
2024,1362,河北水利电力学院,006,道路桥梁与渡河工程,2,522,143353
2024,1362,河北水利电力学院,007,水利水电工程,2,530,134021
2024,1364,石家庄人民医学高等专科学校,502,口腔医学,6,506,162095
2024,1366,唐山幼儿师范高等专科学校,502,小学教育（全科教育）(师范),2,495,174577
2024,1366,唐山幼儿师范高等专科学校,507,中文,1,506,162597
2024,1402,山西财经大学,001,经济学,2,568,89038
2024,1402,山西财经大学,002,能源经济,2,547,114098
2024,1402,山西财经大学,003,经济统计学,2,577,78965
2024,1402,山西财经大学,004,贸易经济,2,592,62629
2024,1402,山西财经大学,005,农林经济管理,1,584,71424
2024,1402,山西财经大学,006,财政学,3,602,51606
2024,1402,山西财经大学,007,金融工程,2,553,107019
2024,1402,山西财经大学,008,工程管理,2,550,110795
2024,1402,山西财经大学,009,工程造价,2,553,106902
2024,1402,山西财经大学,010,信息管理与信息系统,2,559,100189
2024,1402,山西财经大学,011,计算机科学与技术,1,566,91801
2024,1402,山西财经大学,012,电子商务,2,549,111805
2024,1402,山西财经大学,013,工商管理,2,593,60691
2024,1402,山西财经大学,014,市场营销,2,584,71614
2024,1402,山西财经大学,015,物流管理,2,588,67115
2024,1402,山西财经大学,016,审计学,2,607,46346
2024,1402,山西财经大学,017,资产评估,1,566,91623
2024,1402,山西财经大学,018,劳动与社会保障,2,581,75107
2024,1402,山西财经大学,019,人力资源管理,2,585,70328
2024,1402,山西财经大学,020,新闻学,1,591,63590
2024,1402,山西财经大学,021,文化产业管理,2,583,72478
2024,1402,山西财经大学,022,金融数学,2,551,109694
2024,1402,山西财经大学,023,自然地理与资源环境,2,583,71939
2024,1402,山西财经大学,025,数据科学与大数据技术,2,560,99315
2024,1402,山西财经大学,026,金融学(中外合作办学),3,579,77194
2024,1402,山西财经大学,027,会计学(中外合作办学),2,589,65301
2024,1402,山西财经大学,028,金融科技,1,575,81226
2024,1402,山西财经大学,029,应急管理,1,556,103854
2024,1402,山西财经大学,030,地理信息科学,1,595,58629
2024,1402,山西财经大学,031,数字经济,1,556,104192
2024,1403,山西大同大学,001,法学,10,587,67766
2024,1403,山西大同大学,002,物理学(师范),15,492,
2024,1403,山西大同大学,003,临床医学,25,496,172982
2024,1403,山西大同大学,004,中医学,15,492,
2024,1404,山西大学,001,汉语言文学,6,623,31092
2024,1404,山西大学,002,戏剧影视文学,5,598,55611
2024,1404,山西大学,003,新闻传播学类,7,610,43330
2024,1404,山西大学,004,历史学,5,622,32188
2024,1404,山西大学,005,哲学类,2,629,26273
2024,1404,山西大学,006,政治学类,4,612,40919
2024,1404,山西大学,007,行政管理,4,606,47382
2024,1404,山西大学,008,英语,3,611,41956
2024,1404,山西大学,009,教育学,4,610,43477
2024,1404,山西大学,010,法学,6,629,26179
2024,1404,山西大学,011,数学与应用数学,4,612,41151
2024,1404,山西大学,012,信息与计算科学,4,603,49873
2024,1404,山西大学,013,计算机科学与技术,3,619,34395
2024,1404,山西大学,014,数据科学与大数据技术,2,612,40981
2024,1404,山西大学,015,人工智能,3,613,39796
2024,1404,山西大学,016,物理学,1,636,20895
2024,1404,山西大学,017,光电信息科学与工程,3,607,45968
2024,1404,山西大学,018,电子信息类,7,604,48923
2024,1404,山西大学,019,生物科学类,13,565,93189
2024,1404,山西大学,020,食品科学与工程,6,579,76912
2024,1404,山西大学,021,合成生物学,7,554,105715
2024,1404,山西大学,022,自然地理与资源环境,8,542,120540
2024,1404,山西大学,023,资源循环科学与工程,7,551,109423
2024,1404,山西大学,024,生态学,6,555,104527
2024,1404,山西大学,026,中国语言文学类（文科初民试验班）,1,627,28006
2024,1404,山西大学,027,电气工程及其自动化,8,606,46917
2024,1404,山西大学,028,自动化,3,613,40501
2024,1404,山西大学,029,考古学,1,636,21104
2024,1408,山西农业大学,002,农学,3,492,
2024,1408,山西农业大学,003,植物保护（卓越人才培养实验班）,1,531,132937
2024,1408,山西农业大学,004,植物保护,2,492,
2024,1408,山西农业大学,005,动植物检疫（植物检疫方向）,2,499,170095
2024,1408,山西农业大学,006,动物科学（卓越人才培养实验班）,1,548,113359
2024,1408,山西农业大学,007,动物科学,2,524,141253
2024,1408,山西农业大学,008,动物医学,2,558,101243
2024,1408,山西农业大学,009,兽医公共卫生,1,553,107018
2024,1408,山西农业大学,011,草业科学,2,492,
2024,1408,山西农业大学,012,林学（卓越人才培养实验班）,1,535,128222
2024,1408,山西农业大学,013,林学类,1,501,167932
2024,1408,山西农业大学,014,土地整治工程,2,513,154401
2024,1408,山西农业大学,015,地理信息科学,2,536,127445
2024,1408,山西农业大学,017,园艺,4,492,
2024,1408,山西农业大学,020,机械设计制造及其自动化,2,553,107116
2024,1408,山西农业大学,021,电气工程及其自动化,1,558,100902
2024,1408,山西农业大学,022,农业智能装备工程,2,492,
2024,1408,山西农业大学,023,农村区域发展,2,579,76473
2024,1408,山西农业大学,024,计算机科学与技术,1,563,95438
2024,1408,山西农业大学,025,网络工程,2,549,112018
2024,1408,山西农业大学,026,物联网工程,2,547,114271
2024,1408,山西农业大学,027,法学,2,596,58134
2024,1408,山西农业大学,028,生物科学类,2,501,167969
2024,1408,山西农业大学,029,土木工程,2,535,128996
2024,1408,山西农业大学,030,城乡规划,2,578,78482
2024,1408,山西农业大学,031,信息与计算科学,2,542,120127
2024,1408,山西农业大学,032,英语,2,579,77512
2024,1408,山西农业大学,033,乡村治理,2,576,80933
2024,1410,山西中医药大学,001,中医学,4,562,97157
2024,1410,山西中医药大学,002,针灸推拿学,3,492,
2024,1410,山西中医药大学,003,中西医临床医学,4,492,
2024,1410,山西中医药大学,004,康复治疗学,1,512,154993
2024,1410,山西中医药大学,005,中药学,2,511,156374
2024,1410,山西中医药大学,006,药学,1,500,169276
2024,1410,山西中医药大学,009,护理学,3,582,73533
2024,1413,太原工业学院,001,机械设计制造及其自动化,3,525,140526
2024,1413,太原工业学院,002,机械电子工程,2,526,139104
2024,1413,太原工业学院,003,汽车服务工程,2,515,151517
2024,1413,太原工业学院,004,智能制造工程,2,524,141352
2024,1413,太原工业学院,005,智能车辆工程,3,521,144345
2024,1413,太原工业学院,006,电子信息工程,3,525,139985
2024,1413,太原工业学院,007,物联网工程,2,522,143182
2024,1413,太原工业学院,008,微电子科学与工程,3,524,141197
2024,1413,太原工业学院,009,通信工程,3,522,143336
2024,1413,太原工业学院,010,测控技术与仪器,4,521,144739
2024,1413,太原工业学院,011,电气工程及其自动化,2,535,128005
2024,1413,太原工业学院,012,电气工程与智能控制,2,531,132827
2024,1413,太原工业学院,013,机器人工程,2,527,137304
2024,1413,太原工业学院,014,自动化,2,527,137917
2024,1413,太原工业学院,015,应用化学,2,524,141088
2024,1413,太原工业学院,016,制药工程,2,521,144877
2024,1413,太原工业学院,017,能源化学工程,2,518,148024
2024,1413,太原工业学院,018,化工安全工程,2,520,145828
2024,1413,太原工业学院,019,数字媒体技术,2,521,144619
2024,1413,太原工业学院,020,安全工程,2,518,148023
2024,1413,太原工业学院,021,生物工程,3,521,144636
2024,1413,太原工业学院,022,应急技术与管理,3,518,147999
2024,1413,太原工业学院,023,新能源材料与器件,3,521,144567
2024,1413,太原工业学院,024,智能材料与结构,3,518,148051
2024,1413,太原工业学院,025,国际经济与贸易,6,565,93747
2024,1413,太原工业学院,026,经济学,4,571,86653
2024,1413,太原工业学院,027,质量管理工程,4,524,141076
2024,1413,太原工业学院,028,跨境电子商务,2,569,88549
2024,1414,太原科技大学,001,机械设计制造及其自动化,12,552,108048
2024,1414,太原科技大学,002,工业设计,2,547,114150
2024,1414,太原科技大学,003,材料成型及控制工程,2,551,109356
2024,1414,太原科技大学,004,材料科学与工程,2,529,135190
2024,1414,太原科技大学,005,自动化,4,559,99733
2024,1414,太原科技大学,006,工程力学,4,540,122291
2024,1414,太原科技大学,007,光电信息科学与工程,4,552,108470
2024,1414,太原科技大学,008,计算机科学与技术,2,578,78528
2024,1414,太原科技大学,009,软件工程,2,579,76480
2024,1414,太原科技大学,010,物联网工程,2,555,104502
2024,1414,太原科技大学,011,经济学,2,581,74519
2024,1414,太原科技大学,012,英语,4,573,83845
2024,1414,太原科技大学,013,社会工作,4,573,84394
2024,1414,太原科技大学,014,数字经济,2,544,117421
2024,1415,太原理工大学,001,机械设计制造及其自动化,4,633,22770
2024,1415,太原理工大学,002,车辆工程,6,627,27406
2024,1415,太原理工大学,003,材料成型及控制工程,8,614,39232
2024,1415,太原理工大学,004,材料科学与工程,3,621,32827
2024,1415,太原理工大学,005,金属材料工程,4,610,43348
2024,1415,太原理工大学,006,能源与动力工程,2,630,25603
2024,1415,太原理工大学,007,自动化,4,636,21069
2024,1415,太原理工大学,008,通信工程,2,636,20779
2024,1415,太原理工大学,009,电子信息工程,4,637,20484
2024,1415,太原理工大学,010,电子科学与技术,2,636,20784
2024,1415,太原理工大学,011,城乡规划,4,620,33275
2024,1415,太原理工大学,012,化学工程与工艺,6,618,35405
2024,1415,太原理工大学,013,化学工程与工艺（试验班）,2,623,31419
2024,1415,太原理工大学,014,建筑环境与能源应用工程,2,597,56348
2024,1415,太原理工大学,015,城市地下空间工程,5,606,47178
2024,1415,太原理工大学,016,信息与计算科学,4,634,22232
2024,1415,太原理工大学,017,光电信息科学与工程,4,632,23520
2024,1415,太原理工大学,018,工程力学,3,626,28202
2024,1415,太原理工大学,019,行政管理,4,633,22702
2024,1415,太原理工大学,020,英语,4,630,25218
2024,1415,太原理工大学,021,工程管理,2,621,32987
2024,1415,太原理工大学,022,会计学,2,644,15814
2024,1415,太原理工大学,023,国际经济与贸易,2,636,20844
2024,1415,太原理工大学,024,计算机科学与技术,4,645,15056
2024,1415,太原理工大学,026,纺织工程,2,614,39422
2024,1415,太原理工大学,027,机械电子工程,8,630,25263
2024,1415,太原理工大学,028,电气工程及其自动化,6,641,17872
2024,1415,太原理工大学,029,土木工程,3,609,44044
2024,1415,太原理工大学,030,数据科学与大数据技术,2,638,19596
2024,1415,太原理工大学,031,过程装备与控制工程,2,624,30196
2024,1415,太原理工大学,032,机器人工程,2,637,19929
2024,1415,太原理工大学,033,飞行器设计与工程,4,631,24416
2024,1415,太原理工大学,034,机械设计制造及其自动化(中外合作办学),10,604,48984
2024,1415,太原理工大学,035,水利水电工程,3,618,35220
2024,1415,太原理工大学,036,给排水科学与工程,4,610,42816
2024,1415,太原理工大学,037,机器人工程（试验班）,2,637,19960
2024,1415,太原理工大学,038,工程力学（试验班）,2,629,25650
2024,1415,太原理工大学,039,材料科学与工程（试验班）,2,622,31713
2024,1415,太原理工大学,040,高分子材料与工程,3,624,29856
2024,1415,太原理工大学,041,化学,2,619,34583
2024,1415,太原理工大学,042,集成电路设计与集成系统,4,634,21949
2024,1415,太原理工大学,043,物联网工程,2,634,22015
2024,1415,太原理工大学,044,网络空间安全,2,634,21935
2024,1415,太原理工大学,045,智能测控工程,3,627,27462
2024,1415,太原理工大学,046,能源互联网工程,2,626,28036
2024,1415,太原理工大学,047,化学（试验班）,2,623,30864
2024,1415,太原理工大学,048,物理学,2,626,28566
2024,1415,太原理工大学,049,物理学（试验班）,2,629,25894
2024,1415,太原理工大学,050,生态学,2,608,44561
2024,1415,太原理工大学,051,量子信息科学,2,625,28990
2024,1416,太原师范学院,001,思想政治教育(师范),5,585,69535
2024,1416,太原师范学院,002,汉语言文学(师范),5,588,66562
2024,1416,太原师范学院,003,英语(师范),5,574,83161
2024,1416,太原师范学院,006,数学与应用数学(师范),5,492,
2024,1416,太原师范学院,008,应用化学,7,492,
2024,1416,太原师范学院,010,数据科学与大数据技术,5,492,
2024,1417,运城学院,001,机械设计制造及其自动化,5,521,144820
2024,1417,运城学院,002,机械电子工程,10,515,151508
2024,1417,运城学院,003,材料化学,5,492,
2024,1417,运城学院,004,网络工程,9,512,155743
2024,1417,运城学院,005,财务管理,10,570,87326
2024,1417,运城学院,006,物流管理,10,563,95674
2024,1417,运城学院,007,学前教育(师范),10,561,97269
2024,1417,运城学院,008,法学,10,574,83013
2024,1417,运城学院,010,电子科学与技术（印制电路技术与工艺）,5,518,148015
2024,1417,运城学院,011,生物科学（检验与检测）,5,492,
2024,1417,运城学院,012,材料科学与工程,5,492,
2024,1418,中北大学,001,武器系统与工程,2,596,57403
2024,1418,中北大学,002,武器发射工程,1,606,46621
2024,1418,中北大学,003,弹药工程与爆炸技术,1,600,53382
2024,1418,中北大学,004,智能无人系统技术,1,593,61122
2024,1418,中北大学,005,智能制造工程,2,584,70743
2024,1418,中北大学,006,机器人工程,2,583,71937
2024,1418,中北大学,007,包装工程,3,532,131862
2024,1418,中北大学,008,材料成型及控制工程,2,556,103264
2024,1418,中北大学,009,金属材料工程,1,533,130720
2024,1418,中北大学,010,高分子材料与工程,2,553,107096
2024,1418,中北大学,011,复合材料与工程,2,547,113967
2024,1418,中北大学,012,应用化学,2,553,107625
2024,1418,中北大学,013,化学工程与工艺,1,557,102159
2024,1418,中北大学,014,制药工程,2,537,126534
2024,1418,中北大学,015,能源化学工程,1,551,109265
2024,1418,中北大学,016,生物工程,3,547,114551
2024,1418,中北大学,017,电子信息工程,1,605,48094
2024,1418,中北大学,018,通信工程,1,596,57358
2024,1418,中北大学,019,光电信息科学与工程,2,583,72235
2024,1418,中北大学,020,人工智能,1,592,61801
2024,1418,中北大学,021,生物医学工程,2,555,104681
2024,1418,中北大学,022,测控技术与仪器,2,594,59721
2024,1418,中北大学,023,电子科学与技术,2,589,65167
2024,1418,中北大学,024,计算机科学与技术,2,598,55754
2024,1418,中北大学,025,物联网工程,2,585,69613
2024,1418,中北大学,026,数据科学与大数据技术,2,585,69707
2024,1418,中北大学,027,经济统计学,2,564,94189
2024,1418,中北大学,028,财务管理,2,566,91688
2024,1418,中北大学,029,英语,3,587,68418
2024,1418,中北大学,033,城市地下空间工程,1,550,110540
2024,1418,中北大学,034,特种能源技术与工程,2,584,71601
2024,1418,中北大学,035,环境工程,5,514,153227
2024,1418,中北大学,036,安全工程,2,564,93931
2024,1418,中北大学,037,电气工程及其自动化,2,595,58565
2024,1418,中北大学,038,自动化,2,591,63509
2024,1418,中北大学,039,轨道交通信号与控制,1,575,80970
2024,1418,中北大学,040,新能源汽车工程,2,582,73553
2024,1418,中北大学,041,能源与动力工程,2,577,78893
2024,1418,中北大学,042,新能源科学与工程,1,576,79977
2024,1419,山西晋中理工学院,001,电气工程及其自动化,2,492,
2024,1419,山西晋中理工学院,002,财务管理,2,543,119790
2024,1420,山西传媒学院,008,影视摄影与制作,3,566,91812
2024,1420,山西传媒学院,009,新闻学,3,569,88531
2024,1420,山西传媒学院,010,广播电视学,3,567,91147
2024,1420,山西传媒学院,011,网络与新媒体,3,573,84153
2024,1420,山西传媒学院,012,数字媒体技术,3,521,145082
2024,1420,山西传媒学院,013,文化产业管理,5,561,98366
2024,1420,山西传媒学院,014,戏剧影视文学,3,568,89801
2024,1421,山西师范大学,001,法学,1,619,34440
2024,1421,山西师范大学,002,社会学,1,588,66665
2024,1421,山西师范大学,003,思想政治教育(师范),2,614,39099
2024,1421,山西师范大学,006,日语(师范),2,585,69920
2024,1421,山西师范大学,007,编辑出版学,1,591,63840
2024,1421,山西师范大学,008,物理学(师范),2,552,108066
2024,1421,山西师范大学,009,生物技术,2,492,
2024,1421,山西师范大学,010,生态学,2,492,
2024,1421,山西师范大学,015,生物科学(师范),1,525,139932
2024,1422,山西医科大学,001,临床医学,2,621,32622
2024,1422,山西医科大学,002,口腔医学,2,608,45430
2024,1422,山西医科大学,003,法医学,2,584,70913
2024,1422,山西医科大学,004,康复治疗学,2,552,108241
2024,1422,山西医科大学,005,生物医学工程（临床工程）,2,536,126861
2024,1423,山西工学院,001,电气工程及其自动化,2,534,129208
2024,1423,山西工学院,002,自动化,1,525,140558
2024,1423,山西工学院,003,能源互联网工程,1,530,134242
2024,1423,山西工学院,004,智能制造工程,1,523,142235
2024,1423,山西工学院,005,计算机科学与技术,1,524,141211
2024,1423,山西工学院,006,软件工程,1,524,141553
2024,1423,山西工学院,007,财务管理,1,573,83747
2024,1423,山西工学院,008,市场营销,1,561,97931
2024,1423,山西工学院,009,国际经济与贸易,1,570,87377
2024,1425,吕梁学院,001,汉语言文学(师范),2,581,74568
2024,1425,吕梁学院,002,信息与计算科学,1,518,147970
2024,1425,吕梁学院,003,人工智能,1,514,152856
2024,1425,吕梁学院,004,数据科学与大数据技术,1,520,145778
2024,1426,山西工程技术学院,001,计算机科学与技术,1,574,82266
2024,1426,山西工程技术学院,002,数据科学与大数据技术,1,531,133150
2024,1426,山西工程技术学院,003,物联网工程,1,527,138351
2024,1426,山西工程技术学院,006,电气工程及其自动化,1,531,132843
2024,1426,山西工程技术学院,007,自动化,1,522,143220
2024,1426,山西工程技术学院,008,机械设计制造及其自动化,1,532,131551
2024,1426,山西工程技术学院,009,智能制造工程,1,521,144351
2024,1426,山西工程技术学院,010,机器人工程,1,516,150322
2024,1501,呼伦贝尔学院,001,俄语,2,555,105531
2024,1502,内蒙古大学,001,法学,1,634,22471
2024,1502,内蒙古大学,002,纪检监察,1,642,17045
2024,1502,内蒙古大学,003,政治学与行政学,1,627,27458
2024,1502,内蒙古大学,004,社会学,1,624,30182
2024,1502,内蒙古大学,005,汉语言文学,1,640,18580
2024,1502,内蒙古大学,006,俄语,1,612,41359
2024,1502,内蒙古大学,007,物理学类,1,613,39712
2024,1502,内蒙古大学,008,化学,1,606,46806
2024,1502,内蒙古大学,009,应用化学,1,600,53854
2024,1502,内蒙古大学,010,生物科学,1,611,42147
2024,1502,内蒙古大学,011,生物技术,1,604,49192
2024,1502,内蒙古大学,012,生态学,1,587,68375
2024,1502,内蒙古大学,013,生态学,1,494,175090
2024,1502,内蒙古大学,014,机械工程,2,600,53696
2024,1502,内蒙古大学,015,车辆工程,1,606,47105
2024,1502,内蒙古大学,016,电子信息类,1,613,40060
2024,1502,内蒙古大学,017,电子科学与技术,1,614,39343
2024,1502,内蒙古大学,018,软件工程,2,619,34096
2024,1502,内蒙古大学,019,智能科学与技术,1,610,43080
2024,1502,内蒙古大学,020,数据科学与大数据技术,1,615,37837
2024,1502,内蒙古大学,021,土木工程,1,586,68675
2024,1502,内蒙古大学,022,交通运输,1,587,67608
2024,1502,内蒙古大学,023,环境工程,1,601,52133
2024,1502,内蒙古大学,024,生物医学工程,1,610,42788
2024,1503,内蒙古工业大学,001,财务管理,3,568,89022
2024,1503,内蒙古工业大学,002,英语,3,564,94427
2024,1503,内蒙古工业大学,003,服装设计与工程,5,508,159674
2024,1505,内蒙古科技大学,001,金融学,4,565,93575
2024,1505,内蒙古科技大学,002,法学,3,579,76445
2024,1505,内蒙古科技大学,003,思想政治教育,3,570,87726
2024,1505,内蒙古科技大学,004,秘书学,3,568,89660
2024,1505,内蒙古科技大学,005,市场营销,3,560,98534
2024,1505,内蒙古科技大学,006,冶金工程,4,507,160477
2024,1505,内蒙古科技大学,007,建筑环境与能源应用工程,2,507,160462
2024,1505,内蒙古科技大学,009,信息管理与信息系统,2,503,165511
2024,1505,内蒙古科技大学,010,建筑学,2,562,96587
2024,1505,内蒙古科技大学,011,应用化学,1,520,146400
2024,1505,内蒙古科技大学,012,智能采矿工程,2,505,163467
2024,1505,内蒙古科技大学,013,材料化学,2,507,160769
2024,1505,内蒙古科技大学,014,金属材料工程,3,503,165425
2024,1505,内蒙古科技大学,015,无机非金属材料工程,1,542,120194
2024,1505,内蒙古科技大学,016,复合材料与工程,2,519,146813
2024,1505,内蒙古科技大学,017,测控技术与仪器,3,510,157460
2024,1505,内蒙古科技大学,018,生物工程,5,492,
2024,1505,内蒙古科技大学,019,机械类,4,525,140468
2024,1505,内蒙古科技大学,020,化工与制药类,6,492,
2024,1505,内蒙古科技大学,021,土木类,10,505,163180
2024,1506,内蒙古科技大学包头师范学院,001,汉语言文学(师范),2,575,81708
2024,1506,内蒙古科技大学包头师范学院,002,应用心理学(师范),1,570,87292
2024,1506,内蒙古科技大学包头师范学院,003,数学与应用数学(师范),2,513,154043
2024,1506,内蒙古科技大学包头师范学院,004,地理信息科学,2,571,86151
2024,1506,内蒙古科技大学包头师范学院,005,生物科学(师范),1,495,174760
2024,1507,内蒙古民族大学,001,思想政治教育(师范),3,572,85541
2024,1507,内蒙古民族大学,002,汉语言文学(师范),3,576,80411
2024,1507,内蒙古民族大学,003,新闻学,2,560,98777
2024,1507,内蒙古民族大学,004,生物科学,2,499,170454
2024,1507,内蒙古民族大学,005,材料成型及控制工程,4,492,
2024,1507,内蒙古民族大学,006,园林,3,562,97024
2024,1507,内蒙古民族大学,007,网络工程,2,514,153126
2024,1507,内蒙古民族大学,008,财务管理,2,576,80568
2024,1508,内蒙古农业大学,001,水产养殖学,3,492,
2024,1508,内蒙古农业大学,002,动物医学,3,525,139755
2024,1508,内蒙古农业大学,003,园艺,3,492,
2024,1508,内蒙古农业大学,004,风景园林,4,563,95634
2024,1508,内蒙古农业大学,005,经济学,3,566,91900
2024,1510,内蒙古财经大学,001,投资学,3,562,96816
2024,1510,内蒙古财经大学,002,财政学,2,581,75156
2024,1510,内蒙古财经大学,003,工商管理,3,566,92563
2024,1511,内蒙古医科大学,001,临床医学,2,564,94247
2024,1511,内蒙古医科大学,002,预防医学,1,514,152619
2024,1511,内蒙古医科大学,003,药学,3,514,153050
2024,1511,内蒙古医科大学,004,康复治疗学,1,526,138539
2024,1513,内蒙古北方职业技术学院,506,口腔医学技术,1,551,110207
2024,2101,鞍山师范学院,001,英语(师范),2,570,87288
2024,2101,鞍山师范学院,006,计算机科学与技术,1,522,143277
2024,2103,渤海大学,001,物流管理,2,573,83737
2024,2103,渤海大学,002,应用化学,2,520,145965
2024,2103,渤海大学,003,食品科学与工程,1,537,125971
2024,2103,渤海大学,004,食品质量与安全,1,515,151839
2024,2103,渤海大学,005,旅游管理,2,569,88340
2024,2103,渤海大学,006,日语,2,566,91440
2024,2103,渤海大学,007,新闻学,1,582,73280
2024,2103,渤海大学,008,软件工程,1,552,108669
2024,2103,渤海大学,009,新能源材料与器件,1,553,107814
2024,2103,渤海大学,011,食品营养与健康,1,539,123418
2024,2103,渤海大学,012,电气工程及其自动化,1,598,55228
2024,2104,大连大学,001,金融学,3,598,55403
2024,2104,大连大学,002,法学,3,611,42514
2024,2104,大连大学,003,小学教育(师范),2,599,54866
2024,2104,大连大学,004,翻译,3,585,70194
2024,2104,大连大学,005,机械设计制造及其自动化,2,571,86589
2024,2104,大连大学,006,材料成型及控制工程,2,542,120296
2024,2104,大连大学,007,工业设计,3,555,105015
2024,2104,大连大学,008,车辆工程,3,556,103355
2024,2104,大连大学,009,电子信息工程,3,571,85776
2024,2104,大连大学,010,土木工程,3,513,154291
2024,2104,大连大学,011,制药工程,3,492,
2024,2104,大连大学,012,中药学,4,501,167853
2024,2104,大连大学,013,医学检验技术,3,492,
2024,2104,大连大学,014,护理学,3,527,137811
2024,2104,大连大学,015,工程管理,3,546,115705
2024,2104,大连大学,016,旅游管理,3,577,79387
2024,2104,大连大学,017,会计学,2,606,46854
2024,2104,大连大学,018,数据科学与大数据技术,2,573,84203
2024,2106,大连东软信息学院,001,计算机科学与技术,8,492,
2024,2106,大连东软信息学院,003,信息管理与信息系统,7,492,
2024,2106,大连东软信息学院,005,财务管理,4,531,133059
2024,2106,大连东软信息学院,006,人力资源管理,4,525,140626
2024,2106,大连东软信息学院,007,电子商务,3,524,141423
2024,2107,大连工业大学,001,工商管理,4,575,81305
2024,2107,大连工业大学,002,轻化工程,3,524,141449
2024,2107,大连工业大学,003,生物质能源与材料,2,540,122191
2024,2107,大连工业大学,004,高分子材料与工程,2,535,128843
2024,2107,大连工业大学,005,无机非金属材料工程,2,512,154987
2024,2107,大连工业大学,006,计算机科学与技术,4,558,101259
2024,2107,大连工业大学,007,通信工程,1,582,73480
2024,2107,大连工业大学,008,光源与照明,2,546,115915
2024,2107,大连工业大学,009,生物工程,5,515,152175
2024,2107,大连工业大学,010,生物制药,3,523,142571
2024,2107,大连工业大学,011,食品科学与工程,6,535,128330
2024,2107,大连工业大学,012,食品质量与安全,1,549,111938
2024,2107,大连工业大学,013,食品营养与健康,2,528,136560
2024,2107,大连工业大学,014,机械电子工程(中外合作办学),5,541,121105
2024,2108,大连海事大学,001,自动化类,3,640,18128
2024,2108,大连海事大学,002,电子信息类,6,638,19458
2024,2108,大连海事大学,003,计算机类,6,640,18173
2024,2108,大连海事大学,004,交通运输类,4,631,24428
2024,2108,大连海事大学,005,机械类,5,631,24374
2024,2108,大连海事大学,006,环境科学与工程类,3,627,27423
2024,2108,大连海事大学,007,海事管理,3,644,16062
2024,2108,大连海事大学,008,物流管理,3,628,26620
2024,2108,大连海事大学,009,法学,4,652,11771
2024,2108,大连海事大学,010,英语,5,638,19770
2024,2108,大连海事大学,011,人工智能,3,638,19853
2024,2108,大连海事大学,012,交通管理,3,640,18241
2024,2108,大连海事大学,015,电子信息工程(中外合作办学),9,617,36680
2024,2108,大连海事大学,016,机械设计制造及其自动化(中外合作办学),8,604,48990
2024,2108,大连海事大学,017,土木工程(中外合作办学),9,585,70245
2024,2108,大连海事大学,018,法学(中外合作办学),4,643,16701
2024,2109,大连交通大学,001,物流管理,4,595,59280
2024,2109,大连交通大学,002,机械工程,2,573,84017
2024,2109,大连交通大学,003,工业工程,2,554,105746
2024,2109,大连交通大学,004,材料成型及控制工程,3,550,111046
2024,2109,大连交通大学,005,材料科学与工程,2,547,114497
2024,2109,大连交通大学,006,电子科学与技术,2,571,85898
2024,2109,大连交通大学,007,车辆工程,3,577,78742
2024,2109,大连交通大学,008,测控技术与仪器,2,564,94447
2024,2109,大连交通大学,009,交通运输,2,578,78000
2024,2109,大连交通大学,010,交通工程,2,572,84734
2024,2109,大连交通大学,011,安全工程,2,552,108377
2024,2109,大连交通大学,012,电气工程及其自动化,3,585,69577
2024,2109,大连交通大学,013,自动化,2,579,76608
2024,2109,大连交通大学,014,轨道交通信号与控制,2,577,78765
2024,2109,大连交通大学,015,电子信息工程,2,589,65502
2024,2109,大连交通大学,016,计算机科学与技术,2,577,78943
2024,2109,大连交通大学,017,土木工程,2,538,124629
2024,2109,大连交通大学,018,工业设计,2,560,98825
2024,2109,大连交通大学,019,数据科学与大数据技术,2,582,72982
2024,2109,大连交通大学,020,人工智能,2,572,85022
2024,2109,大连交通大学,021,智能制造工程,2,563,95776
2024,2110,大连科技学院,001,会计学,20,534,129721
2024,2110,大连科技学院,002,审计学,10,530,134686
2024,2110,大连科技学院,003,物流管理,30,521,144597
2024,2110,大连科技学院,004,工商管理,30,522,143398
2024,2110,大连科技学院,005,劳动与社会保障,15,522,143654
2024,2110,大连科技学院,006,社会工作,20,523,143085
2024,2110,大连科技学院,007,英语,25,520,146042
2024,2110,大连科技学院,008,日语,20,519,147462
2024,2111,大连理工大学,001,电子信息类,21,661,7736
2024,2111,大连理工大学,002,大数据管理与应用（新工科拔尖班）,3,662,7552
2024,2111,大连理工大学,003,电子信息类（创新班）,3,664,6474
2024,2111,大连理工大学,004,计算机类(中外合作办学),22,646,14426
2024,2111,大连理工大学,005,应用物理学(中外合作办学),5,645,15053
2024,2111,大连理工大学,006,工程力学(中外合作办学),10,639,18907
2024,2111,大连理工大学,007,机械设计制造及其自动化(中外合作办学),5,651,12207
2024,2111,大连理工大学,008,智能制造工程（创新班）,5,662,7534
2024,2111,大连理工大学,009,软件工程,12,660,8108
2024,2111,大连理工大学,010,数学类（数学类及华罗庚拔尖计划班）,7,660,8184
2024,2111,大连理工大学,011,人工智能（未来技术班）,9,662,7194
2024,2112,大连理工大学城市学院,001,计算机科学与技术,1,495,174175
2024,2112,大连理工大学城市学院,003,信息管理与信息系统,2,511,156327
2024,2112,大连理工大学城市学院,005,英语,2,536,127728
2024,2112,大连理工大学城市学院,006,广播电视学,2,538,124560
2024,2112,大连理工大学城市学院,007,软件工程,3,492,
2024,2112,大连理工大学城市学院,008,电子信息工程,2,492,
2024,2112,大连理工大学城市学院,009,大数据管理与应用,1,512,155874
2024,2112,大连理工大学城市学院,011,日语,2,528,137030
2024,2112,大连理工大学城市学院,012,网络工程,1,502,166439
2024,2112,大连理工大学城市学院,014,工商管理,1,544,118262
2024,2112,大连理工大学城市学院,015,地理空间信息工程,1,504,164253
2024,2112,大连理工大学城市学院,016,网络与新媒体,2,539,124308
2024,2112,大连理工大学城市学院,018,自动化,3,492,
2024,2112,大连理工大学城市学院,019,市场营销,1,533,131321
2024,2112,大连理工大学城市学院,020,建筑学,1,538,125175
2024,2112,大连理工大学城市学院,021,数据科学与大数据技术,1,505,163233
2024,2112,大连理工大学城市学院,023,风景园林,1,534,129422
2024,2112,大连理工大学城市学院,025,物流管理,1,535,129069
2024,2112,大连理工大学城市学院,026,跨境电子商务,1,534,130239
2024,2113,大连民族大学,001,市场营销,4,568,89327
2024,2113,大连民族大学,002,计算机科学与技术,5,543,119172
2024,2115,大连海洋大学,001,经济与金融,2,583,72792
2024,2115,大连海洋大学,003,船舶与海洋工程,2,554,105863
2024,2115,大连海洋大学,004,港口航道与海岸工程,2,539,123324
2024,2115,大连海洋大学,005,机械设计制造及其自动化,2,560,98628
2024,2115,大连海洋大学,006,自动化,2,562,96572
2024,2115,大连海洋大学,007,计算机科学与技术,2,567,90479
2024,2115,大连海洋大学,008,海洋资源与环境,2,492,
2024,2115,大连海洋大学,009,水族科学与技术,2,526,138672
2024,2115,大连海洋大学,010,水生动物医学,4,492,
2024,2115,大连海洋大学,011,生物科学,4,492,
2024,2115,大连海洋大学,012,海洋科学,2,539,123864
2024,2115,大连海洋大学,013,海洋技术,2,530,133729
2024,2116,大连外国语大学,001,日语,5,587,68409
2024,2116,大连外国语大学,002,英语,4,600,53929
2024,2116,大连外国语大学,003,俄语,3,600,53817
2024,2116,大连外国语大学,004,意大利语,2,588,67168
2024,2116,大连外国语大学,005,法语,4,588,66918
2024,2116,大连外国语大学,006,德语,3,599,55004
2024,2116,大连外国语大学,007,西班牙语,2,601,52646
2024,2116,大连外国语大学,008,葡萄牙语,1,593,61429
2024,2116,大连外国语大学,009,朝鲜语,2,595,59397
2024,2116,大连外国语大学,010,西班牙语(中外合作办学),2,592,62476
2024,2116,大连外国语大学,011,国际事务与国际关系,1,620,33739
2024,2116,大连外国语大学,012,国际经济与贸易,1,597,56595
2024,2116,大连外国语大学,013,财务管理,1,604,49624
2024,2116,大连外国语大学,014,汉语国际教育,2,598,55857
2024,2116,大连外国语大学,015,汉语言文学,1,617,36319
2024,2116,大连外国语大学,016,跨境电子商务,2,585,70398
2024,2116,大连外国语大学,017,数字经济,4,535,128822
2024,2117,大连医科大学,001,基础医学（其震班）,2,577,79015
2024,2117,大连医科大学,002,临床医学（5+3一体化）,3,655,10309
2024,2117,大连医科大学,003,临床医学,3,638,19290
2024,2117,大连医科大学,004,麻醉学,2,625,29541
2024,2117,大连医科大学,005,医学影像学,2,620,33615
2024,2117,大连医科大学,006,眼视光医学,2,633,22749
2024,2117,大连医科大学,007,口腔医学,2,645,15251
2024,2117,大连医科大学,008,预防医学,2,548,112779
2024,2117,大连医科大学,009,中西医临床医学,2,615,38275
2024,2117,大连医科大学,010,临床药学,2,605,47684
2024,2118,大连医科大学中山学院,001,护理学,13,492,
2024,2118,大连医科大学中山学院,002,针灸推拿学,4,492,
2024,2118,大连医科大学中山学院,003,康复治疗学,3,492,
2024,2118,大连医科大学中山学院,005,医学影像技术,5,492,
2024,2118,大连医科大学中山学院,007,临床医学,8,517,149142
2024,2118,大连医科大学中山学院,008,口腔医学,7,562,96795
2024,2118,大连医科大学中山学院,009,中药学,3,492,
2024,2118,大连医科大学中山学院,010,健康服务与管理,2,557,102888
2024,2118,大连医科大学中山学院,011,计算机科学与技术,3,492,
2024,2118,大连医科大学中山学院,013,新媒体技术,2,492,
2024,2118,大连医科大学中山学院,014,医学信息工程,2,492,
2024,2122,东北财经大学,001,经济学（拔尖学生培养基地班）,2,638,19805
2024,2122,东北财经大学,002,经济统计学,2,619,34099
2024,2122,东北财经大学,003,数字经济,1,626,28117
2024,2122,东北财经大学,004,财政学类,2,638,19701
2024,2122,东北财经大学,005,金融学类,2,644,15740
2024,2122,东北财经大学,006,金融工程,2,625,29430
2024,2122,东北财经大学,007,金融数学,2,611,41984
2024,2122,东北财经大学,008,金融科技,5,554,106393
2024,2122,东北财经大学,009,应用统计学,2,614,38747
2024,2122,东北财经大学,010,人工智能,2,613,39879
2024,2122,东北财经大学,011,大数据管理与应用,2,606,47275
2024,2122,东北财经大学,012,会计学（注册会计师方向）,2,648,13790
2024,2122,东北财经大学,013,会计学（国际会计方向）,3,645,15313
2024,2122,东北财经大学,014,财务管理,2,638,19536
2024,2122,东北财经大学,015,审计学,3,641,17880
2024,2122,东北财经大学,016,工商管理(中外合作办学),3,608,45370
2024,2122,东北财经大学,017,财务管理(中外合作办学),5,611,42390
2024,2122,东北财经大学,018,金融学(中外合作办学),5,614,39559
2024,2122,东北财经大学,019,会计学(中外合作办学),3,625,29367
2024,2123,大连财经学院,001,会计学,4,546,115682
2024,2123,大连财经学院,002,财务管理,2,542,120597
2024,2123,大连财经学院,003,审计学,2,538,125628
2024,2123,大连财经学院,004,资产评估,2,534,129592
2024,2123,大连财经学院,005,税收学,3,537,126498
2024,2123,大连财经学院,006,金融学,2,539,123981
2024,2123,大连财经学院,007,金融工程,2,498,171066
2024,2123,大连财经学院,008,投资学,2,530,134413
2024,2123,大连财经学院,009,国际经济与贸易,2,534,129713
2024,2123,大连财经学院,010,商务英语,3,531,133268
2024,2123,大连财经学院,011,跨境电子商务,2,530,134565
2024,2123,大连财经学院,013,工程造价,1,515,151866
2024,2123,大连财经学院,014,人力资源管理,1,536,127412
2024,2123,大连财经学院,015,物流管理,2,529,135276
2024,2123,大连财经学院,016,供应链管理,2,531,133378
2024,2123,大连财经学院,017,法学,7,551,109537
2024,2123,大连财经学院,018,汉语言,2,547,113950
2024,2123,大连财经学院,019,网络与新媒体,3,537,126293
2024,2123,大连财经学院,020,信用风险管理与法律防控,1,547,114680
2024,2123,大连财经学院,021,数字经济,1,523,142228
2024,2123,大连财经学院,022,互联网金融,1,542,120493
2024,2123,大连财经学院,023,大数据管理与应用,2,515,151745
2024,2124,东北大学,001,外国语言文学类,8,646,14607
2024,2124,东北大学,002,经济管理试验班,9,643,16546
2024,2124,东北大学,003,数学类,2,652,11535
2024,2124,东北大学,004,应用物理学,3,651,12255
2024,2124,东北大学,005,化学类,2,648,13704
2024,2124,东北大学,006,工科试验班（1）,4,651,11918
2024,2124,东北大学,007,材料类,4,650,12538
2024,2124,东北大学,008,机械类,4,652,11658
2024,2124,东北大学,009,智能制造工程,4,653,11096
2024,2124,东北大学,010,自动化类,5,656,9605
2024,2124,东北大学,011,计算机科学与技术,3,658,8922
2024,2124,东北大学,012,电子信息类,3,655,10217
2024,2124,东北大学,013,人工智能,2,657,9494
2024,2124,东北大学,014,计算机类,8,656,9933
2024,2124,东北大学,015,生物医学工程(中外合作办学),4,640,18301
2024,2124,东北大学,016,智能医学工程,2,652,11442
2024,2124,东北大学,017,建筑类,5,646,14768
2024,2124,东北大学,018,机器人工程,6,656,9889
2024,2124,东北大学,019,物联网工程,2,656,9702
2024,2124,东北大学,020,人工智能（未来技术学院）,2,658,9042
2024,2126,辽宁财贸学院,001,经济学,20,520,146026
2024,2126,辽宁财贸学院,002,数字经济,5,492,
2024,2126,辽宁财贸学院,003,金融工程,5,492,
2024,2126,辽宁财贸学院,004,互联网金融,20,519,147396
2024,2126,辽宁财贸学院,005,国际经济与贸易,20,520,146552
2024,2126,辽宁财贸学院,006,贸易经济,15,519,147264
2024,2126,辽宁财贸学院,007,会计学,50,527,138356
2024,2126,辽宁财贸学院,008,财务管理,20,524,141094
2024,2126,辽宁财贸学院,009,人力资源管理,15,520,145639
2024,2126,辽宁财贸学院,010,审计学,30,524,141898
2024,2126,辽宁财贸学院,011,行政管理,15,520,146074
2024,2126,辽宁财贸学院,012,电子商务,15,520,146657
2024,2127,辽宁大学,001,经济学类,2,647,14249
2024,2127,辽宁大学,002,金融学类,1,645,15503
2024,2127,辽宁大学,003,国际经济与贸易,2,638,19421
2024,2127,辽宁大学,004,工程管理,3,613,40207
2024,2127,辽宁大学,005,工商管理类,2,640,18208
2024,2127,辽宁大学,006,法学,2,652,11787
2024,2127,辽宁大学,007,数学与应用数学,4,630,25189
2024,2127,辽宁大学,008,测控技术与仪器,2,621,32799
2024,2127,辽宁大学,009,网络空间安全,5,631,24307
2024,2127,辽宁大学,010,数据科学与大数据技术,1,634,22346
2024,2127,辽宁大学,011,计算机科学与技术,5,635,21271
2024,2127,辽宁大学,012,纪检监察,1,645,15020
2024,2127,辽宁大学,013,工商管理(中外合作办学),7,609,43914
2024,2127,辽宁大学,014,金融学(中外合作办学),4,622,31996
2024,2127,辽宁大学,015,国际商务(中外合作办学),5,609,44292
2024,2127,辽宁大学,016,新闻学,3,619,34568
2024,2128,辽宁对外经贸学院,001,国际经济与贸易,4,520,145875
2024,2128,辽宁对外经贸学院,002,金融学,6,523,142367
2024,2128,辽宁对外经贸学院,003,物流管理,4,521,145113
2024,2128,辽宁对外经贸学院,004,电子商务,4,522,143864
2024,2128,辽宁对外经贸学院,005,英语,5,521,145005
2024,2128,辽宁对外经贸学院,006,商务英语,5,520,146680
2024,2128,辽宁对外经贸学院,007,日语,6,518,148041
2024,2128,辽宁对外经贸学院,008,俄语,10,517,149649
2024,2128,辽宁对外经贸学院,009,朝鲜语,4,517,149792
2024,2128,辽宁对外经贸学院,010,西班牙语,6,518,148981
2024,2128,辽宁对外经贸学院,011,会计学,6,528,136130
2024,2128,辽宁对外经贸学院,012,财务管理,4,528,137040
2024,2128,辽宁对外经贸学院,013,资产评估,4,521,144523
2024,2128,辽宁对外经贸学院,014,市场营销,4,520,146420
2024,2128,辽宁对外经贸学院,015,人力资源管理,2,521,144645
2024,2128,辽宁对外经贸学院,016,旅游管理,4,519,147358
2024,2128,辽宁对外经贸学院,017,会展经济与管理,6,518,148499
2024,2128,辽宁对外经贸学院,018,养老服务管理,2,529,135329
2024,2128,辽宁对外经贸学院,019,信息管理与信息系统,4,492,
2024,2129,辽宁工业大学,001,机械设计制造及其自动化,2,554,105611
2024,2129,辽宁工业大学,002,车辆工程,2,545,116285
2024,2129,辽宁工业大学,003,材料成型及控制工程,2,529,135497
2024,2129,辽宁工业大学,004,化学工程与工艺,2,520,146072
2024,2129,辽宁工业大学,005,化学工程与工艺(中外合作办学),2,492,
2024,2129,辽宁工业大学,006,电气工程及其自动化,2,558,100817
2024,2129,辽宁工业大学,007,电子信息工程,2,554,105830
2024,2129,辽宁工业大学,008,通信工程,2,545,116953
2024,2129,辽宁工业大学,009,软件工程(中外合作办学),2,518,148084
2024,2129,辽宁工业大学,010,土木工程,2,533,131118
2024,2133,辽宁科技大学,001,材料成型及控制工程,2,521,144906
2024,2133,辽宁科技大学,002,工业设计,2,530,133833
2024,2133,辽宁科技大学,003,测控技术与仪器,1,546,115604
2024,2133,辽宁科技大学,005,储能科学与工程,2,540,122440
2024,2133,辽宁科技大学,006,电气工程及其自动化,1,559,99725
2024,2133,辽宁科技大学,007,通信工程,1,556,103366
2024,2133,辽宁科技大学,008,软件工程,2,565,93027
2024,2133,辽宁科技大学,009,数据科学与大数据技术,2,541,121682
2024,2133,辽宁科技大学,010,土木工程,1,535,127999
2024,2133,辽宁科技大学,011,化学工程与工艺,1,506,161892
2024,2133,辽宁科技大学,012,生物工程,2,492,
2024,2133,辽宁科技大学,013,冶金工程(中外合作办学),2,498,171304
2024,2136,辽宁师范大学,001,国际商务(中外合作办学),5,565,93668
2024,2136,辽宁师范大学,002,人工智能,2,563,95120
2024,2136,辽宁师范大学,003,计算机科学与技术(师范),2,566,91578
2024,2136,辽宁师范大学,004,数字媒体技术,2,569,88144
2024,2136,辽宁师范大学,005,英语(中外合作办学),5,554,106218
2024,2137,辽宁石油化工大学,001,材料化学,6,492,
2024,2137,辽宁石油化工大学,002,高分子材料与工程（卓越计划班）,4,528,136163
2024,2137,辽宁石油化工大学,003,化学工程与工艺,2,525,140430
2024,2137,辽宁石油化工大学,005,油气储运工程,5,529,135265
2024,2137,辽宁石油化工大学,006,电气工程及其自动化(中外合作办学),2,526,138685
2024,2137,辽宁石油化工大学,007,精细化工,2,510,157482
2024,2137,辽宁石油化工大学,008,石油工程(中外合作办学),2,519,147040
2024,2138,锦州医科大学,001,临床医学,5,584,71057
2024,2138,锦州医科大学,002,麻醉学,1,592,61973
2024,2138,锦州医科大学,003,口腔医学,1,607,45619
2024,2138,锦州医科大学,004,药学,1,492,177158
2024,2138,锦州医科大学,005,护理学,1,546,115131
2024,2138,锦州医科大学,007,医学检验技术,1,563,95295
2024,2138,锦州医科大学,008,医学影像技术,1,502,166864
2024,2139,辽宁中医药大学,001,中医骨伤科学,3,554,106192
2024,2139,辽宁中医药大学,002,针灸推拿学,3,565,93466
2024,2139,辽宁中医药大学,003,康复治疗学,2,528,136655
2024,2139,辽宁中医药大学,004,护理学,4,527,137291
2024,2139,辽宁中医药大学,005,中药资源与开发,2,538,124859
2024,2139,辽宁中医药大学,006,医学检验技术,3,514,152859
2024,2139,辽宁中医药大学,007,市场营销,2,567,90687
2024,2139,辽宁中医药大学,008,健康服务与管理,2,581,74659
2024,2139,辽宁中医药大学,009,医学信息工程,2,540,122571
2024,2139,辽宁中医药大学,010,信息管理与信息系统,2,542,120337
2024,2139,辽宁中医药大学,011,数据科学与大数据技术,2,536,126963
2024,2140,辽宁中医药大学杏林学院,001,中医学,12,492,
2024,2140,辽宁中医药大学杏林学院,002,中西医临床医学,6,492,
2024,2140,辽宁中医药大学杏林学院,003,针灸推拿学,2,492,
2024,2142,沈阳大学,001,通信工程,3,544,117606
2024,2142,沈阳大学,002,人工智能,2,548,113581
2024,2142,沈阳大学,003,电子信息工程,2,548,113599
2024,2142,沈阳大学,004,机器人工程,3,547,114071
2024,2142,沈阳大学,005,自动化(中外合作办学),2,536,127281
2024,2142,沈阳大学,006,工业工程(中外合作办学),3,534,129130
2024,2143,沈阳城市学院,001,法学,1,551,110344
2024,2143,沈阳城市学院,003,医学影像技术,2,512,155188
2024,2143,沈阳城市学院,004,智能医学工程,2,494,175448
2024,2143,沈阳城市学院,005,健康服务与管理,2,525,140798
2024,2143,沈阳城市学院,006,旅游管理,2,525,140314
2024,2143,沈阳城市学院,007,酒店管理,4,521,144500
2024,2143,沈阳城市学院,008,戏剧影视文学,3,524,141749
2024,2143,沈阳城市学院,009,广播电视编导,2,522,144214
2024,2144,沈阳工程学院,001,电气工程及其自动化,2,630,25026
2024,2144,沈阳工程学院,002,能源与动力工程,2,562,96187
2024,2144,沈阳工程学院,003,核工程与核技术,2,551,109594
2024,2144,沈阳工程学院,004,自动化,2,564,94390
2024,2144,沈阳工程学院,005,电气工程及其自动化(中外合作办学),2,620,33552
2024,2144,沈阳工程学院,501,热能动力工程技术(中外合作办学),6,494,175218
2024,2145,沈阳工业大学,001,机械设计制造及其自动化,2,569,87974
2024,2145,沈阳工业大学,002,工业设计,2,555,105071
2024,2145,沈阳工业大学,003,材料成型及控制工程,3,550,110692
2024,2145,沈阳工业大学,004,电气工程及其自动化,3,612,40959
2024,2145,沈阳工业大学,005,自动化,3,586,69350
2024,2145,沈阳工业大学,006,测控技术与仪器,2,564,93843
2024,2145,沈阳工业大学,007,通信工程,3,570,87173
2024,2145,沈阳工业大学,008,计算机科学与技术,3,579,76679
2024,2145,沈阳工业大学,009,智能科学与技术,2,569,88322
2024,2145,沈阳工业大学,010,信息与计算科学,3,563,95041
2024,2145,沈阳工业大学,011,智能建造,2,492,
2024,2145,沈阳工业大学,012,金融工程,2,545,116286
2024,2145,沈阳工业大学,013,工程管理,2,556,104101
2024,2145,沈阳工业大学,014,会计学,3,567,91286
2024,2145,沈阳工业大学,015,英语,2,582,73491
2024,2147,沈阳航空航天大学,001,计算机科学与技术,2,591,63825
2024,2147,沈阳航空航天大学,002,飞行器制造工程,1,615,38039
2024,2147,沈阳航空航天大学,003,机械设计制造及其自动化,1,611,41794
2024,2147,沈阳航空航天大学,004,工业设计,1,567,90348
2024,2147,沈阳航空航天大学,005,材料成型及控制工程,5,553,106995
2024,2147,沈阳航空航天大学,006,新能源科学与工程,2,579,76425
2024,2147,沈阳航空航天大学,007,交通运输,2,579,76576
2024,2147,沈阳航空航天大学,008,飞行器质量与可靠性,1,606,46659
2024,2147,沈阳航空航天大学,009,数据科学与大数据技术,1,590,64016
2024,2149,沈阳化工大学,001,化学工程与工艺,2,533,131029
2024,2149,沈阳化工大学,002,应用化学,2,515,152148
2024,2149,沈阳化工大学,003,能源化学工程,2,539,123476
2024,2149,沈阳化工大学,005,材料化学,2,492,
2024,2149,沈阳化工大学,007,高分子材料与工程,1,539,123705
2024,2149,沈阳化工大学,008,高分子材料与工程（卓越工程师班）,3,523,142401
2024,2149,沈阳化工大学,009,过程装备与控制工程,2,539,123402
2024,2149,沈阳化工大学,010,机械设计制造及其自动化,1,556,103331
2024,2149,沈阳化工大学,011,金属材料工程,4,492,
2024,2149,沈阳化工大学,012,能源与动力工程(中外合作办学),2,492,
2024,2149,沈阳化工大学,013,电气工程及其自动化,1,566,91613
2024,2149,沈阳化工大学,014,电子信息工程,1,559,100493
2024,2149,沈阳化工大学,015,电子科学与技术,1,565,93396
2024,2149,沈阳化工大学,016,测控技术与仪器,1,542,120346
2024,2149,沈阳化工大学,017,自动化,1,555,104701
2024,2149,沈阳化工大学,018,人工智能,1,546,115463
2024,2149,沈阳化工大学,019,计算机科学与技术,1,564,94045
2024,2149,沈阳化工大学,020,软件工程,1,556,103924
2024,2149,沈阳化工大学,021,网络工程,2,532,131417
2024,2149,沈阳化工大学,022,数据科学与大数据技术,1,555,104401
2024,2149,沈阳化工大学,023,环境工程,4,492,
2024,2149,沈阳化工大学,024,安全工程,5,527,137556
2024,2149,沈阳化工大学,026,化学,1,495,174415
2024,2149,沈阳化工大学,027,工程管理,1,560,98517
2024,2149,沈阳化工大学,028,应急管理,2,537,126401
2024,2149,沈阳化工大学,029,会计学,2,585,70632
2024,2151,沈阳建筑大学,001,机械工程,1,561,97598
2024,2151,沈阳建筑大学,002,机械设计制造及其自动化,1,569,88194
2024,2151,沈阳建筑大学,004,高分子材料与工程,1,572,84809
2024,2151,沈阳建筑大学,005,通信工程,1,549,112096
2024,2151,沈阳建筑大学,006,人工智能,1,557,102336
2024,2151,沈阳建筑大学,007,自动化,1,569,88874
2024,2151,沈阳建筑大学,008,土木工程,1,579,76913
2024,2151,沈阳建筑大学,009,建筑环境与能源应用工程,1,513,153882
2024,2151,沈阳建筑大学,010,给排水科学与工程,1,532,131980
2024,2151,沈阳建筑大学,011,建筑电气与智能化,1,553,107072
2024,2151,沈阳建筑大学,014,交通工程,1,533,130675
2024,2151,沈阳建筑大学,016,建筑学,1,595,58918
2024,2151,沈阳建筑大学,017,城乡规划,1,531,132769
2024,2151,沈阳建筑大学,018,风景园林,1,532,132126
2024,2151,沈阳建筑大学,019,安全工程,1,525,140273
2024,2151,沈阳建筑大学,020,工程管理,1,540,122270
2024,2151,沈阳建筑大学,021,房地产开发与管理,1,536,127195
2024,2151,沈阳建筑大学,022,工程造价,1,556,103618
2024,2151,沈阳建筑大学,023,应急管理,1,552,108641
2024,2151,沈阳建筑大学,028,计算机科学与技术(中外合作办学),2,546,115573
2024,2151,沈阳建筑大学,029,数据科学与大数据技术(中外合作办学),2,506,161786
2024,2151,沈阳建筑大学,030,工程造价(中外合作办学),1,558,101202
2024,2152,沈阳城市建设学院,001,建筑学,6,532,132228
2024,2152,沈阳城市建设学院,002,城乡规划,4,526,139562
2024,2152,沈阳城市建设学院,003,风景园林,2,535,128540
2024,2152,沈阳城市建设学院,004,电气工程及其自动化,2,492,177021
2024,2152,沈阳城市建设学院,007,物流工程,3,492,
2024,2152,沈阳城市建设学院,008,工商管理,2,525,140378
2024,2152,沈阳城市建设学院,009,人力资源管理,3,524,141893
2024,2152,沈阳城市建设学院,010,会计学,8,532,132558
2024,2152,沈阳城市建设学院,011,互联网金融,6,521,144635
2024,2152,沈阳城市建设学院,012,网络与新媒体,4,525,140140
2024,2152,沈阳城市建设学院,013,时尚传播,2,521,145415
2024,2153,沈阳理工大学,001,应用化学,1,538,124948
2024,2153,沈阳理工大学,002,机械设计制造及其自动化,1,565,92850
2024,2153,沈阳理工大学,003,材料成型及控制工程,1,546,115179
2024,2153,沈阳理工大学,004,机械电子工程,1,571,86089
2024,2153,沈阳理工大学,005,工业设计,1,536,126803
2024,2153,沈阳理工大学,006,车辆工程,1,570,87646
2024,2153,沈阳理工大学,007,智能制造工程,1,555,104590
2024,2153,沈阳理工大学,008,智能车辆工程,1,569,88517
2024,2153,沈阳理工大学,009,测控技术与仪器,1,561,97708
2024,2153,沈阳理工大学,011,无机非金属材料工程,1,537,126366
2024,2153,沈阳理工大学,012,粉体材料科学与工程,1,534,129623
2024,2153,沈阳理工大学,013,电气工程及其自动化,1,583,72639
2024,2153,沈阳理工大学,014,电子信息工程,1,577,79098
2024,2153,沈阳理工大学,015,通信工程,1,570,87054
2024,2153,沈阳理工大学,016,光电信息科学与工程,1,561,97861
2024,2153,沈阳理工大学,017,自动化,1,580,75395
2024,2153,沈阳理工大学,018,计算机科学与技术,1,579,76529
2024,2153,沈阳理工大学,019,网络工程,1,568,89097
2024,2153,沈阳理工大学,020,智能科学与技术,1,569,87982
2024,2153,沈阳理工大学,021,化学工程与工艺,1,546,115504
2024,2153,沈阳理工大学,022,探测制导与控制技术,1,588,66530
2024,2153,沈阳理工大学,023,弹药工程与爆炸技术,1,574,82423
2024,2153,沈阳理工大学,024,装甲车辆工程,1,582,73180
2024,2153,沈阳理工大学,025,环境工程,1,545,116726
2024,2153,沈阳理工大学,026,安全工程,1,546,115661
2024,2153,沈阳理工大学,027,信息管理与信息系统,1,556,103742
2024,2153,沈阳理工大学,028,化学工程与工艺(中外合作办学),3,492,
2024,2153,沈阳理工大学,029,机械设计制造及其自动化(中外合作办学),5,530,133794
2024,2153,沈阳理工大学,030,计算机科学与技术(中外合作办学),5,516,150855
2024,2154,沈阳工学院,002,材料成型及控制工程,3,492,
2024,2154,沈阳工学院,005,会计学,3,538,124854
2024,2154,沈阳工学院,006,金融学,3,528,136537
2024,2154,沈阳工学院,007,市场营销,3,525,140469
2024,2154,沈阳工学院,008,工商管理,3,526,139005
2024,2154,沈阳工学院,009,人力资源管理,2,528,137123
2024,2154,沈阳工学院,010,物流管理,2,526,138683
2024,2154,沈阳工学院,011,金融科技,2,495,174290
2024,2154,沈阳工学院,012,大数据管理与应用,5,492,
2024,2154,沈阳工学院,013,计算机类,3,492,
2024,2154,沈阳工学院,016,时尚传播,2,523,142505
2024,2154,沈阳工学院,017,风景园林,2,530,134784
2024,2154,沈阳工学院,018,网络与新媒体,2,532,131448
2024,2154,沈阳工学院,020,道路桥梁与渡河工程,2,492,
2024,2154,沈阳工学院,021,水利水电工程,3,492,
2024,2154,沈阳工学院,022,动物医学,4,498,171227
2024,2154,沈阳工学院,024,园林,3,531,133080
2024,2154,沈阳工学院,026,学前教育,3,526,139335
2024,2154,沈阳工学院,502,计算机网络技术,3,492,
2024,2155,沈阳农业大学,001,应用化学,2,531,133391
2024,2155,沈阳农业大学,002,大气科学,3,540,122104
2024,2155,沈阳农业大学,003,生物技术,2,492,
2024,2155,沈阳农业大学,004,电气工程及其自动化,2,584,70727
2024,2155,沈阳农业大学,005,电子信息工程,5,552,108341
2024,2155,沈阳农业大学,006,水利水电工程,3,530,133769
2024,2155,沈阳农业大学,007,食品质量与安全,3,492,
2024,2155,沈阳农业大学,008,农学,2,516,150823
2024,2155,沈阳农业大学,009,园艺,2,492,
2024,2155,沈阳农业大学,010,植物保护,2,492,
2024,2155,沈阳农业大学,011,动物医学,4,559,100000
2024,2156,沈阳师范大学,001,汉语言文学(师范),3,600,53444
2024,2156,沈阳师范大学,002,电子信息工程,6,536,127151
2024,2156,沈阳师范大学,003,旅游管理,5,566,91619
2024,2156,沈阳师范大学,004,历史学(师范),5,597,57233
2024,2156,沈阳师范大学,005,酒店管理,5,564,94394
2024,2156,沈阳师范大学,006,计算机科学与技术,2,557,102034
2024,2156,沈阳师范大学,007,软件工程,2,544,117460
2024,2156,沈阳师范大学,008,网络工程,2,492,
2024,2156,沈阳师范大学,009,学前教育(师范),10,573,84159
2024,2156,沈阳师范大学,012,古生物学,4,495,173969
2024,2156,沈阳师范大学,013,市场营销,5,562,96536
2024,2156,沈阳师范大学,014,翻译,2,567,90937
2024,2156,沈阳师范大学,015,计算机科学与技术(中外合作办学),6,505,163618
2024,2156,沈阳师范大学,016,金融学(中外合作办学),4,559,100659
2024,2156,沈阳师范大学,017,国际经济与贸易(中外合作办学),3,560,99486
2024,2156,沈阳师范大学,018,法学(中外合作办学),2,574,83080
2024,2158,沈阳药科大学,001,药学,4,610,43354
2024,2158,沈阳药科大学,002,药学（英语强化班）,4,612,41038
2024,2158,沈阳药科大学,003,药物化学,4,593,61071
2024,2158,沈阳药科大学,004,中药学类,4,572,85309
2024,2158,沈阳药科大学,005,生物工程,3,536,126978
2024,2158,沈阳药科大学,006,药事管理,4,594,59579
2024,2158,沈阳药科大学,007,生物医学工程,4,562,97160
2024,2158,沈阳药科大学,008,食品科学与工程类,4,492,
2024,2158,沈阳药科大学,009,药学（理科基地班）,2,629,25877
2024,2159,沈阳医学院,001,医学信息工程,1,527,137468
2024,2159,沈阳医学院,002,食品质量与安全,1,518,148400
2024,2159,沈阳医学院,003,临床医学,3,581,74599
2024,2159,沈阳医学院,004,麻醉学,1,593,61302
2024,2159,沈阳医学院,005,医学影像学,2,565,93010
2024,2159,沈阳医学院,006,精神医学,1,566,92007
2024,2159,沈阳医学院,007,口腔医学,1,608,44642
2024,2159,沈阳医学院,009,药学,1,530,133888
2024,2159,沈阳医学院,010,中药学,1,509,158655
2024,2159,沈阳医学院,011,医学检验技术,1,533,130270
2024,2159,沈阳医学院,012,康复治疗学,1,520,146584
2024,2159,沈阳医学院,013,卫生检验与检疫,1,497,172681
2024,2159,沈阳医学院,014,护理学,1,580,75955
2024,2159,沈阳医学院,501,护理,1,554,106310
2024,2159,沈阳医学院,502,药学,7,492,
2024,2159,沈阳医学院,504,医学影像技术,2,492,
2024,2159,沈阳医学院,505,康复治疗技术,5,498,170916
2024,2161,中国医科大学,001,生物医学工程,2,614,39042
2024,2161,中国医科大学,002,基础医学,2,608,45479
2024,2161,中国医科大学,003,临床医学,1,667,5756
2024,2161,中国医科大学,004,临床医学（5+3一体化）,2,662,7497
2024,2161,中国医科大学,005,临床医学,9,640,18243
2024,2161,中国医科大学,006,临床医学（检验医师培养试验班）,1,648,13437
2024,2161,中国医科大学,007,麻醉学,2,638,19542
2024,2161,中国医科大学,008,医学影像学,2,633,22811
2024,2161,中国医科大学,009,口腔医学,2,649,12967
2024,2161,中国医科大学,010,预防医学,2,591,63557
2024,2161,中国医科大学,011,临床药学,2,620,33439
2024,2161,中国医科大学,012,法医学,2,632,23464
2024,2161,中国医科大学,013,生物技术(中外合作办学),5,581,74722
2024,2161,中国医科大学,014,药物制剂(中外合作办学),5,572,84479
2024,2163,鲁迅美术学院,023,艺术管理,1,585,70027
2024,2167,大连理工大学(盘锦校区),001,能源化学工程,13,648,13794
2024,2167,大连理工大学(盘锦校区),002,海洋技术,8,645,15287
2024,2167,大连理工大学(盘锦校区),003,环境生态工程,3,645,15057
2024,2167,大连理工大学(盘锦校区),004,生物科学类,3,653,11071
2024,2167,大连理工大学(盘锦校区),005,过程装备与控制工程(中外合作办学),7,638,19249
2024,2167,大连理工大学(盘锦校区),006,应用化学(中外合作办学),7,636,20583
2024,2167,大连理工大学(盘锦校区),007,数理基础科学(中外合作办学),7,640,18518
2024,2167,大连理工大学(盘锦校区),008,经济学类,5,643,16179
2024,2170,辽宁工程技术大学,001,计算机科学与技术,2,560,99135
2024,2201,北华大学,001,法学,6,593,61497
2024,2201,北华大学,002,思想政治教育(师范),2,593,61431
2024,2201,北华大学,003,小学教育(师范),2,592,61934
2024,2201,北华大学,004,心理学(师范),2,592,62419
2024,2201,北华大学,005,汉语言文学(师范),4,595,58998
2024,2201,北华大学,006,英语(师范),2,585,70319
2024,2201,北华大学,007,日语,4,569,88923
2024,2201,北华大学,008,数学与应用数学(师范),4,538,124627
2024,2201,北华大学,009,统计学,2,529,135407
2024,2201,北华大学,010,物理学(师范),4,520,146310
2024,2201,北华大学,011,机械设计制造及其自动化,4,539,123691
2024,2201,北华大学,012,机械设计制造及其自动化(中外合作办学),6,519,147297
2024,2201,北华大学,013,材料成型及控制工程,2,536,127778
2024,2201,北华大学,014,智能制造工程,4,534,129509
2024,2201,北华大学,015,木材科学与工程,2,513,153859
2024,2201,北华大学,016,电气工程及其自动化,4,555,104660
2024,2201,北华大学,017,自动化,2,551,109408
2024,2201,北华大学,018,通信工程,2,545,116984
2024,2201,北华大学,019,计算机科学与技术,4,557,102365
2024,2201,北华大学,020,车辆工程,4,532,131737
2024,2201,北华大学,021,林学,3,492,
2024,2201,北华大学,022,园林,2,574,82948
2024,2201,北华大学,023,风景园林,2,576,80458
2024,2201,北华大学,024,临床医学,2,563,95026
2024,2201,北华大学,025,医学影像学,2,549,112148
2024,2201,北华大学,027,医学检验技术,2,545,117134
2024,2201,北华大学,028,护理学,2,535,128331
2024,2201,北华大学,029,护理学(中外合作办学),5,496,172984
2024,2201,北华大学,030,药学,2,521,144413
2024,2201,北华大学,031,工商管理,3,577,79380
2024,2201,北华大学,032,国际经济与贸易,2,577,79022
2024,2201,北华大学,033,会计学,2,588,66564
2024,2201,北华大学,034,行政管理,3,579,77148
2024,2202,长春大学,001,汉语言文学,2,591,63479
2024,2202,长春大学,002,汉语国际教育,1,581,74971
2024,2202,长春大学,003,英语,2,578,78618
2024,2202,长春大学,004,俄语,2,573,83650
2024,2202,长春大学,005,日语,2,567,91073
2024,2202,长春大学,006,西班牙语,2,569,88014
2024,2202,长春大学,007,网络与新媒体,2,581,74499
2024,2202,长春大学,008,数学与应用数学,2,512,154944
2024,2202,长春大学,009,信息与计算科学,2,545,116266
2024,2202,长春大学,010,工业工程,2,551,109725
2024,2202,长春大学,011,财务管理,2,585,70377
2024,2202,长春大学,012,工商管理,2,579,77465
2024,2202,长春大学,013,会计学,2,588,66837
2024,2202,长春大学,014,旅游管理,2,576,80544
2024,2202,长春大学,015,机械工程(中外合作办学),2,531,132805
2024,2202,长春大学,016,自动化(中外合作办学),2,526,138550
2024,2202,长春大学,017,俄语(中外合作办学),2,562,97261
2024,2202,长春大学,018,风景园林,2,575,81880
2024,2202,长春大学,019,特殊教育(师范),2,580,76027
2024,2202,长春大学,020,机械工程,2,546,115329
2024,2202,长春大学,021,车辆工程,2,539,123924
2024,2202,长春大学,022,经济学,2,581,75085
2024,2202,长春大学,023,金融学,2,582,73201
2024,2202,长春大学,024,国际经济与贸易,2,577,79710
2024,2202,长春大学,025,计算机科学与技术,2,568,89095
2024,2202,长春大学,026,网络工程,2,541,121237
2024,2202,长春大学,027,电气工程及其自动化,2,556,103449
2024,2202,长春大学,028,通信工程,2,550,111280
2024,2202,长春大学,029,自动化,2,550,110386
2024,2202,长春大学,030,食品科学与工程,2,522,144064
2024,2202,长春大学,031,食品质量与安全,2,519,146809
2024,2202,长春大学,032,软件工程,2,556,103639
2024,2202,长春大学,033,计算机科学与技术,3,551,109623
2024,2202,长春大学,034,会计学,3,580,75790
2024,2202,长春大学,035,市场营销,2,565,93586
2024,2202,长春大学,036,金融工程,2,548,112817
2024,2202,长春大学,037,电子信息工程(中外合作办学),2,524,141441
2024,2202,长春大学,038,材料科学与工程(中外合作办学),2,505,163001
2024,2202,长春大学,039,车辆工程(中外合作办学),5,501,167947
2024,2202,长春大学,040,电气工程及其自动化(中外合作办学),5,527,137983
2024,2202,长春大学,041,食品科学与工程(中外合作办学),5,492,
2024,2203,长春光华学院,001,经济学,9,523,142714
2024,2203,长春光华学院,002,金融学,12,522,144175
2024,2203,长春光华学院,003,国际经济与贸易,10,521,145466
2024,2203,长春光华学院,004,会计学,12,531,133162
2024,2203,长春光华学院,005,财务管理,9,529,135428
2024,2203,长春光华学院,006,学前教育,7,525,140443
2024,2203,长春光华学院,007,应用心理学,3,534,129816
2024,2203,长春光华学院,010,汉语言文学,7,542,120264
2024,2203,长春光华学院,011,秘书学,8,526,139130
2024,2203,长春光华学院,012,新闻学,6,528,137039
2024,2203,长春光华学院,013,广告学,4,526,139595
2024,2203,长春光华学院,014,英语,10,521,145395
2024,2203,长春光华学院,015,俄语,5,520,146453
2024,2203,长春光华学院,016,日语,10,519,147773
2024,2203,长春光华学院,017,朝鲜语,3,519,147767
2024,2203,长春光华学院,018,商务英语,6,520,145931
2024,2203,长春光华学院,020,电气工程及其自动化,8,492,
2024,2203,长春光华学院,022,物联网工程,8,492,
2024,2203,长春光华学院,023,工商管理,5,524,141466
2024,2203,长春光华学院,024,市场营销,5,522,144337
2024,2203,长春光华学院,025,电子商务,9,523,142949
2024,2203,长春光华学院,026,旅游管理,4,520,146302
2024,2203,长春光华学院,028,戏剧影视文学,3,521,145270
2024,2203,长春光华学院,029,广播电视编导,15,518,148645
2024,2204,长春大学旅游学院,001,旅游管理,10,520,146475
2024,2204,长春大学旅游学院,002,酒店管理,10,518,148248
2024,2204,长春大学旅游学院,003,会展经济与管理,9,518,148237
2024,2204,长春大学旅游学院,004,文化产业管理,8,519,147228
2024,2204,长春大学旅游学院,005,金融学,8,520,146377
2024,2204,长春大学旅游学院,006,市场营销,5,518,148019
2024,2204,长春大学旅游学院,007,会计学,2,533,130677
2024,2204,长春大学旅游学院,008,财务管理,3,529,136042
2024,2204,长春大学旅游学院,009,人力资源管理,5,522,144156
2024,2204,长春大学旅游学院,010,物流管理,5,521,145556
2024,2204,长春大学旅游学院,011,电子商务,2,520,146188
2024,2204,长春大学旅游学院,012,日语,5,517,149128
2024,2204,长春大学旅游学院,013,汉语国际教育,5,526,139436
2024,2204,长春大学旅游学院,021,建筑学,5,524,141653
2024,2204,长春大学旅游学院,022,风景园林,7,526,139340
2024,2204,长春大学旅游学院,023,工程管理,5,493,176345
2024,2204,长春大学旅游学院,027,人工智能,2,492,
2024,2206,长春工程学院,001,电气工程及其自动化,2,609,43920
2024,2206,长春工程学院,002,电子信息工程,2,527,137382
2024,2206,长春工程学院,003,智能电网信息工程,3,533,130978
2024,2206,长春工程学院,004,自动化,3,547,114077
2024,2206,长春工程学院,005,土木工程,2,503,165287
2024,2206,长春工程学院,006,宝石及材料工艺学,2,503,165423
2024,2206,长春工程学院,007,测绘工程,3,506,161756
2024,2206,长春工程学院,008,资源勘查工程,2,514,153372
2024,2206,长春工程学院,009,机械设计制造及其自动化,4,529,134917
2024,2206,长春工程学院,010,应急技术与管理,5,504,164574
2024,2206,长春工程学院,011,环境科学,2,492,
2024,2206,长春工程学院,012,水利水电工程,2,526,138499
2024,2206,长春工程学院,013,农业水利工程,3,498,170928
2024,2206,长春工程学院,014,建筑环境与能源应用工程,3,503,165204
2024,2206,长春工程学院,015,能源与动力工程,3,541,121073
2024,2206,长春工程学院,016,工程管理,2,530,134410
2024,2206,长春工程学院,017,工程造价,2,529,135648
2024,2206,长春工程学院,018,建筑学,3,522,143190
2024,2206,长春工程学院,019,应用化学,2,494,174913
2024,2206,长春工程学院,020,计算机科学与技术,2,533,131097
2024,2206,长春工程学院,021,电气工程及其自动化(中外合作办学),5,541,121157
2024,2206,长春工程学院,022,能源与动力工程(中外合作办学),5,523,142555
2024,2206,长春工程学院,023,机械设计制造及其自动化(中外合作办学),10,499,169687
2024,2206,长春工程学院,024,土木工程(中外合作办学),10,492,
2024,2207,长春工业大学,001,工业设计,1,556,103198
2024,2207,长春工业大学,002,工业工程,1,554,106530
2024,2207,长春工业大学,003,智能制造工程,3,558,101073
2024,2207,长春工业大学,004,材料成型及控制工程,2,545,116641
2024,2207,长春工业大学,005,金属材料工程,1,538,125237
2024,2207,长春工业大学,006,材料物理,1,545,116982
2024,2207,长春工业大学,007,电气工程及其自动化,3,578,77599
2024,2207,长春工业大学,008,自动化,3,573,83528
2024,2207,长春工业大学,009,测控技术与仪器,1,545,116628
2024,2207,长春工业大学,010,机器人工程,1,552,108709
2024,2207,长春工业大学,011,计算机科学与技术,10,561,97572
2024,2207,长春工业大学,012,软件工程,1,587,67649
2024,2207,长春工业大学,013,电子信息工程,1,574,82317
2024,2207,长春工业大学,014,信息安全,1,571,85640
2024,2207,长春工业大学,015,信息管理与信息系统,1,558,100967
2024,2207,长春工业大学,016,高分子材料与工程,4,512,155598
2024,2207,长春工业大学,017,化学工程与工艺,1,536,126762
2024,2207,长春工业大学,019,制药工程,1,527,137521
2024,2207,长春工业大学,021,材料化学,1,552,108521
2024,2207,长春工业大学,022,化学,1,530,133814
2024,2207,长春工业大学,024,食品科学与工程,1,523,142312
2024,2207,长春工业大学,025,化妆品技术与工程,1,525,140088
2024,2207,长春工业大学,026,网络与新媒体,1,591,63525
2024,2207,长春工业大学,027,信息与计算科学,2,544,117442
2024,2207,长春工业大学,028,统计学,3,506,162358
2024,2207,长春工业大学,029,数据科学与大数据技术,1,568,89361
2024,2207,长春工业大学,030,日语,1,576,80664
2024,2207,长春工业大学,031,电气工程及其自动化(中外合作办学),5,547,114374
2024,2207,长春工业大学,032,计算机科学与技术(中外合作办学),2,542,120386
2024,2207,长春工业大学,033,工业工程(中外合作办学),1,544,117768
2024,2207,长春工业大学,034,机械工程(中外合作办学),2,541,121412
2024,2208,长春工业大学人文信息学院,001,机械工程,6,492,
2024,2208,长春工业大学人文信息学院,006,电气工程及其自动化,10,492,
2024,2208,长春工业大学人文信息学院,008,机器人工程,4,492,
2024,2208,长春工业大学人文信息学院,010,计算机科学与技术,10,492,
2024,2208,长春工业大学人文信息学院,014,工商管理,4,522,143568
2024,2208,长春工业大学人文信息学院,015,物流管理,6,521,144486
2024,2208,长春工业大学人文信息学院,016,人力资源管理,6,521,145436
2024,2208,长春工业大学人文信息学院,017,会计学,8,531,132777
2024,2208,长春工业大学人文信息学院,018,财务管理,8,528,136781
2024,2208,长春工业大学人文信息学院,019,电子商务,6,521,145449
2024,2208,长春工业大学人文信息学院,020,市场营销,6,519,147426
2024,2208,长春工业大学人文信息学院,021,国际经济与贸易,6,521,145074
2024,2208,长春工业大学人文信息学院,022,金融学,8,521,145282
2024,2208,长春工业大学人文信息学院,023,英语,4,521,145469
2024,2208,长春工业大学人文信息学院,024,商务英语,4,522,143577
2024,2208,长春工业大学人文信息学院,025,日语,4,519,147640
2024,2208,长春工业大学人文信息学院,026,法学,10,544,117705
2024,2209,长春金融高等专科学校,506,大数据与财务管理,2,492,
2024,2210,长春理工大学,001,应用物理学,4,558,101912
2024,2210,长春理工大学,002,电子科学与技术,2,590,64072
2024,2210,长春理工大学,003,微电子科学与工程,4,583,72311
2024,2210,长春理工大学,004,光电信息科学与工程（理学方向）,2,610,42584
2024,2210,长春理工大学,005,光电信息科学与工程(中外合作办学),8,561,97977
2024,2210,长春理工大学,006,测控技术与仪器,3,592,61805
2024,2210,长春理工大学,007,光电信息科学与工程（工学方向）,5,617,36251
2024,2210,长春理工大学,008,探测制导与控制技术,2,576,80675
2024,2210,长春理工大学,009,光电信息科学与工程(中外合作办学),7,569,87969
2024,2210,长春理工大学,010,机械设计制造及其自动化,10,577,79201
2024,2210,长春理工大学,011,机械电子工程,3,579,76861
2024,2210,长春理工大学,012,过程装备与控制工程,3,551,109376
2024,2210,长春理工大学,013,电气工程及其自动化,2,598,55727
2024,2210,长春理工大学,014,电子信息工程,2,595,58568
2024,2210,长春理工大学,015,通信工程,2,590,64093
2024,2210,长春理工大学,016,电子信息科学与技术,1,592,62446
2024,2210,长春理工大学,017,自动化,2,585,69595
2024,2210,长春理工大学,018,计算机科学与技术,5,597,56263
2024,2210,长春理工大学,019,软件工程,4,589,65745
2024,2210,长春理工大学,020,信息安全,3,578,77872
2024,2210,长春理工大学,021,数据科学与大数据技术,2,580,75218
2024,2210,长春理工大学,022,机器人工程,2,583,72889
2024,2210,长春理工大学,023,智能科学与技术,2,579,76376
2024,2210,长春理工大学,024,材料化学,4,492,
2024,2210,长春理工大学,025,功能材料,2,521,145091
2024,2210,长春理工大学,026,应用化学,4,543,118769
2024,2210,长春理工大学,027,化学工程与工艺,2,566,91487
2024,2210,长春理工大学,028,应用统计学,7,549,112281
2024,2210,长春理工大学,029,生物技术,2,515,151445
2024,2210,长春理工大学,030,生物医学工程,2,563,95350
2024,2210,长春理工大学,031,生物工程,2,492,
2024,2210,长春理工大学,032,生物工程(中外合作办学),5,492,
2024,2210,长春理工大学,033,金融工程,2,562,96594
2024,2210,长春理工大学,034,国际经济与贸易,1,586,68796
2024,2210,长春理工大学,035,信息管理与信息系统,2,572,85191
2024,2210,长春理工大学,036,英语,2,583,72121
2024,2210,长春理工大学,037,俄语,3,571,86299
2024,2210,长春理工大学,038,日语,1,578,77919
2024,2210,长春理工大学,039,朝鲜语,1,572,85269
2024,2210,长春理工大学,040,翻译,2,580,76214
2024,2210,长春理工大学,041,汉语言文学,2,599,54690
2024,2210,长春理工大学,042,汉语国际教育,2,591,63555
2024,2210,长春理工大学,043,广告学,2,584,71511
2024,2210,长春理工大学,044,网络与新媒体,3,588,67214
2024,2210,长春理工大学,045,法学,2,610,43196
2024,2210,长春理工大学,046,应用物理学(中外合作办学),3,539,123903
2024,2210,长春理工大学,047,电子科学与技术(中外合作办学),7,545,116385
2024,2210,长春理工大学,048,测控技术与仪器(中外合作办学),8,544,117749
2024,2210,长春理工大学,049,数学类,5,553,106809
2024,2210,长春理工大学,050,工商管理类,7,585,70285
2024,2211,长春电子科技学院,001,新能源科学与工程,5,492,
2024,2211,长春电子科技学院,003,电气工程及其自动化,20,492,
2024,2211,长春电子科技学院,007,机械设计制造及其自动化,20,492,
2024,2211,长春电子科技学院,008,机械电子工程,5,492,
2024,2211,长春电子科技学院,009,国际经济与贸易,5,521,145401
2024,2211,长春电子科技学院,010,市场营销,5,519,147510
2024,2211,长春电子科技学院,011,会计学,10,529,135547
2024,2211,长春电子科技学院,012,物流管理,5,522,143845
2024,2211,长春电子科技学院,013,广告学,5,520,145653
2024,2211,长春电子科技学院,014,服装设计与工程,2,523,142869
2024,2211,长春电子科技学院,015,英语,5,519,147299
2024,2211,长春电子科技学院,016,汉语言文学,8,537,126028
2024,2211,长春电子科技学院,017,汉语国际教育,5,525,140505
2024,2211,长春电子科技学院,019,光电信息科学与工程,20,492,
2024,2211,长春电子科技学院,021,光电信息科学与工程,20,492,
2024,2213,长春师范大学,001,机械设计制造及其自动化,2,533,130425
2024,2213,长春师范大学,002,化学(师范),2,492,
2024,2213,长春师范大学,003,物理学(师范),2,492,
2024,2213,长春师范大学,004,数学与应用数学(师范),2,534,129571
2024,2213,长春师范大学,005,科学教育(师范),7,492,
2024,2213,长春师范大学,006,地理科学(师范),4,601,52382
2024,2213,长春师范大学,007,地理信息科学,2,492,
2024,2213,长春师范大学,010,汉语国际教育(师范),2,588,66973
2024,2213,长春师范大学,011,汉语言文学(师范),2,599,54733
2024,2213,长春师范大学,012,会计学,2,585,70526
2024,2213,长春师范大学,013,数据科学与大数据技术,2,532,131841
2024,2213,长春师范大学,014,人工智能,4,533,130409
2024,2213,长春师范大学,015,法语,2,567,90470
2024,2213,长春师范大学,016,日语(师范),2,578,78667
2024,2213,长春师范大学,017,英语(师范),2,594,60414
2024,2213,长春师范大学,018,计算机科学与技术(中外合作办学),2,523,142106
2024,2214,吉林财经大学,001,会计学,3,601,52874
2024,2214,吉林财经大学,002,审计学,1,599,54646
2024,2214,吉林财经大学,003,新闻学,1,593,61261
2024,2214,吉林财经大学,004,英语,1,585,70581
2024,2214,吉林财经大学,005,日语,1,571,85793
2024,2214,吉林财经大学,006,朝鲜语,1,569,88300
2024,2214,吉林财经大学,007,计算机科学与技术,1,559,100370
2024,2214,吉林财经大学,008,国际商务,1,589,65155
2024,2214,吉林财经大学,009,国际经济与贸易,1,591,63740
2024,2214,吉林财经大学,010,法学,2,605,47989
2024,2214,吉林财经大学,011,经济统计学,1,559,100456
2024,2214,吉林财经大学,012,应用统计学,1,544,118430
2024,2214,吉林财经大学,013,税收学,2,596,57373
2024,2214,吉林财经大学,014,经济学,1,592,62695
2024,2214,吉林财经大学,015,金融学,2,592,62684
2024,2214,吉林财经大学,016,金融工程,1,550,110519
2024,2214,吉林财经大学,017,数据科学与大数据技术,1,563,95391
2024,2214,吉林财经大学,018,工商管理,1,589,66093
2024,2214,吉林财经大学,019,物流管理,2,577,79687
2024,2214,吉林财经大学,020,行政管理,1,598,55915
2024,2214,吉林财经大学,021,劳动与社会保障,1,582,73858
2024,2214,吉林财经大学,022,数学与应用数学,1,554,105993
2024,2214,吉林财经大学,023,资产评估,2,586,69308
2024,2214,吉林财经大学,024,统计学,1,546,115124
2024,2214,吉林财经大学,025,跨境电子商务,1,573,83447
2024,2214,吉林财经大学,026,国际税收,2,585,69751
2024,2214,吉林财经大学,027,金融数学,1,574,82293
2024,2214,吉林财经大学,028,数据科学,1,530,134384
2024,2214,吉林财经大学,029,会计学(中外合作办学),2,587,68216
2024,2214,吉林财经大学,030,金融学(中外合作办学),2,578,78510
2024,2214,吉林财经大学,031,电子商务(中外合作办学),2,569,88642
2024,2215,长春财经学院,001,经济学,5,524,141612
2024,2215,长春财经学院,003,数字经济,6,492,
2024,2215,长春财经学院,004,税收学,6,529,135571
2024,2215,长春财经学院,005,金融学,8,525,140704
2024,2215,长春财经学院,006,投资学,3,522,143861
2024,2215,长春财经学院,007,国际经济与贸易,4,523,142964
2024,2215,长春财经学院,008,法学,7,546,115348
2024,2215,长春财经学院,009,小学教育,4,538,125318
2024,2215,长春财经学院,010,网络与新媒体,4,528,136118
2024,2215,长春财经学院,015,工商管理,4,528,136908
2024,2215,长春财经学院,016,会计学,17,534,130245
2024,2215,长春财经学院,017,财务管理,8,529,135078
2024,2215,长春财经学院,018,国际商务,3,527,138445
2024,2215,长春财经学院,019,人力资源管理,4,524,141415
2024,2215,长春财经学院,020,审计学,8,530,134400
2024,2215,长春财经学院,021,物流管理,3,524,141238
2024,2215,长春财经学院,022,跨境电子商务,2,523,142790
2024,2216,长春医学高等专科学校,501,临床医学,2,510,158024
2024,2216,长春医学高等专科学校,502,口腔医学,2,530,134881
2024,2216,长春医学高等专科学校,503,医学检验技术,2,508,159627
2024,2217,东北电力大学,001,电气工程及其自动化,20,637,20094
2024,2217,东北电力大学,002,电气工程及其自动化(中外合作办学),5,632,23893
2024,2217,东北电力大学,003,电子信息工程,5,586,68750
2024,2217,东北电力大学,004,智能电网信息工程,15,618,35516
2024,2217,东北电力大学,005,通信工程,4,578,77928
2024,2217,东北电力大学,006,能源与动力工程,15,583,72255
2024,2217,东北电力大学,007,建筑环境与能源应用工程,4,552,108160
2024,2217,东北电力大学,008,核工程与核技术,4,580,76046
2024,2217,东北电力大学,009,自动化,4,601,52745
2024,2217,东北电力大学,010,机器人工程,4,575,81904
2024,2217,东北电力大学,011,测控技术与仪器,4,571,85573
2024,2217,东北电力大学,012,应用化学,4,559,100130
2024,2217,东北电力大学,013,会计学,4,597,57267
2024,2217,东北电力大学,014,工商管理,4,581,74764
2024,2217,东北电力大学,015,土木工程,4,538,124632
2024,2217,东北电力大学,016,工程管理,4,567,91239
2024,2217,东北电力大学,017,计算机科学与技术,4,585,69724
2024,2217,东北电力大学,018,软件工程,4,581,74783
2024,2217,东北电力大学,019,日语,4,571,86363
2024,2217,东北电力大学,020,英语,4,571,85830
2024,2217,东北电力大学,021,思想政治教育,3,585,69994
2024,2218,东北师范大学,010,心理学(师范),2,648,13357
2024,2218,东北师范大学,011,汉语言文学(师范),2,657,9380
2024,2218,东北师范大学,012,日语(师范),2,640,18564
2024,2218,东北师范大学,013,化学(师范),2,639,18682
2024,2218,东北师范大学,014,教育学类(师范),2,646,14632
2024,2218,东北师范大学,015,政治学类,2,645,15492
2024,2218,东北师范大学,016,经济学类,4,640,18190
2024,2218,东北师范大学,017,马克思主义理论类,5,651,12002
2024,2218,东北师范大学,018,计算机类,3,635,21781
2024,2218,东北师范大学,019,物理学类,3,639,18756
2024,2218,东北师范大学,020,生物科学类,2,629,25730
2024,2218,东北师范大学,021,环境科学与工程类,6,610,43532
2024,2218,东北师范大学,022,新闻传播学类,2,642,17210
2024,2218,东北师范大学,023,金融学(中外合作办学),5,619,34318
2024,2218,东北师范大学,024,物流管理(中外合作办学),5,596,57718
2024,2219,长春人文学院,006,广播电视编导,10,517,149491
2024,2219,长春人文学院,007,英语,4,526,139597
2024,2219,长春人文学院,008,翻译,4,521,145024
2024,2219,长春人文学院,009,商务英语,4,522,143967
2024,2219,长春人文学院,010,日语,2,528,136614
2024,2219,长春人文学院,011,俄语,5,519,146969
2024,2219,长春人文学院,012,工商管理,6,524,141644
2024,2219,长春人文学院,013,金融学,4,524,141846
2024,2219,长春人文学院,014,会计学,2,543,119270
2024,2219,长春人文学院,015,社会工作,4,527,137929
2024,2219,长春人文学院,016,养老服务管理,3,535,128068
2024,2219,长春人文学院,017,护理学,44,492,
2024,2219,长春人文学院,018,健康服务与管理,2,532,132427
2024,2219,长春人文学院,019,康复治疗学,15,492,
2024,2219,长春人文学院,020,汉语国际教育,4,532,132095
2024,2219,长春人文学院,021,法学,4,548,113863
2024,2219,长春人文学院,024,数学与应用数学,2,492,
2024,2220,吉林大学,001,哲学（匡亚明班，拔尖学生培养基地）,1,660,8210
2024,2220,吉林大学,002,人文科学试验班（匡亚明班，双学士学位）,2,661,7672
2024,2220,吉林大学,003,考古学,2,657,9541
2024,2220,吉林大学,004,新闻传播学类,2,657,9534
2024,2220,吉林大学,006,经济学（匡亚明班，拔尖学生培养基地）,1,660,8051
2024,2220,吉林大学,007,经济学类,2,658,8903
2024,2220,吉林大学,008,法学（涉外法治人才试验班）,1,668,5421
2024,2220,吉林大学,009,法学,3,667,5745
2024,2220,吉林大学,010,政治学与行政学,2,658,8944
2024,2220,吉林大学,011,外交学,2,657,9441
2024,2220,吉林大学,012,会计学,2,647,14114
2024,2220,吉林大学,013,工商管理（双学士学位）,2,650,12498
2024,2220,吉林大学,014,工商管理类,2,650,12671
2024,2220,吉林大学,015,物流管理（双学士学位）,2,650,12507
2024,2220,吉林大学,016,理科试验班（唐敖庆班）,2,658,8827
2024,2220,吉林大学,017,理科试验班（唐敖庆班）,2,658,8907
2024,2220,吉林大学,018,数学类,6,656,9904
2024,2220,吉林大学,019,物理学类,5,655,10298
2024,2220,吉林大学,020,物理学(中外合作办学),3,643,16403
2024,2220,吉林大学,021,化学类,5,654,10845
2024,2220,吉林大学,022,生物科学类,2,654,10506
2024,2220,吉林大学,023,机械工程,4,653,11104
2024,2220,吉林大学,024,智能制造工程,2,654,10535
2024,2220,吉林大学,025,车辆工程（饶斌班，新能源汽车与智能网联汽车方向）,1,655,10061
2024,2220,吉林大学,026,车辆工程（含新能源汽车和智能汽车方向）,2,655,10092
2024,2220,吉林大学,027,能源与动力工程,3,653,10922
2024,2220,吉林大学,028,材料类,3,650,12539
2024,2220,吉林大学,029,交通运输类,2,651,12327
2024,2220,吉林大学,030,仿生科学与工程,4,651,11998
2024,2220,吉林大学,031,电子信息类,3,656,9604
2024,2220,吉林大学,032,集成电路设计与集成系统,2,656,9752
2024,2220,吉林大学,033,通信工程,4,655,10334
2024,2220,吉林大学,034,信息工程,4,655,10163
2024,2220,吉林大学,035,空间信息与数字技术,2,654,10684
2024,2220,吉林大学,036,自动化,5,655,10135
2024,2220,吉林大学,037,机器人工程,2,655,10057
2024,2220,吉林大学,038,计算机科学与技术,7,658,9092
2024,2220,吉林大学,039,物联网工程,2,656,9696
2024,2220,吉林大学,040,网络空间安全,2,656,9624
2024,2220,吉林大学,041,软件工程,5,656,9625
2024,2220,吉林大学,042,数据科学与大数据技术,2,657,9349
2024,2220,吉林大学,043,土木类,3,647,13891
2024,2220,吉林大学,044,水利类,3,648,13460
2024,2220,吉林大学,045,仪器类,2,653,11041
2024,2220,吉林大学,046,电气工程及其自动化,2,657,9238
2024,2220,吉林大学,047,临床医学（5+3一体化，儿科学）,3,656,9730
2024,2220,吉林大学,048,临床医学（5+3一体化）,2,664,6484
2024,2220,吉林大学,049,临床医学（白求恩班）,2,660,8297
2024,2220,吉林大学,050,临床医学,2,659,8317
2024,2220,吉林大学,051,药学,2,651,11867
2024,2220,吉林大学,052,生物医学科学（白求恩班）,2,654,10572
2024,2220,吉林大学,053,生物医学科学,3,648,13433
2024,2220,吉林大学,054,食品科学与工程类,2,649,13053
2024,2220,吉林大学,055,人工智能（王湘浩班）,1,658,8717
2024,2220,吉林大学,056,人工智能,3,657,9230
2024,2221,吉林动画学院,010,网络与新媒体,4,529,135645
2024,2221,吉林动画学院,011,戏剧影视文学,3,520,146605
2024,2221,吉林动画学院,012,广告学,4,525,140675
2024,2221,吉林动画学院,013,市场营销,6,521,145102
2024,2221,吉林动画学院,014,文化产业管理,5,522,143786
2024,2221,吉林动画学院,015,互联网金融,3,522,143875
2024,2222,吉林工程技术师范学院,001,光电信息科学与工程(师范),5,501,168301
2024,2222,吉林工程技术师范学院,002,教育学(师范),5,561,98322
2024,2223,吉林工商学院,001,经济学,3,568,89652
2024,2223,吉林工商学院,002,金融学,4,565,93549
2024,2223,吉林工商学院,003,英语,3,563,95912
2024,2223,吉林工商学院,004,广告学,5,564,94312
2024,2223,吉林工商学院,005,机械设计制造及其自动化,3,519,146840
2024,2223,吉林工商学院,006,通信工程,5,511,156108
2024,2223,吉林工商学院,007,计算机科学与技术,3,524,140880
2024,2223,吉林工商学院,008,食品科学与工程,3,492,
2024,2223,吉林工商学院,009,食品质量与安全,2,529,134970
2024,2223,吉林工商学院,010,粮食工程,2,493,175986
2024,2223,吉林工商学院,011,烹饪与营养教育,1,500,169256
2024,2223,吉林工商学院,013,工商管理,4,568,90009
2024,2223,吉林工商学院,014,市场营销,2,561,97703
2024,2223,吉林工商学院,015,资产评估,3,561,97507
2024,2223,吉林工商学院,016,物流管理,5,563,95837
2024,2223,吉林工商学院,017,酒店管理,4,561,98121
2024,2223,吉林工商学院,018,会计学,5,574,82957
2024,2225,吉林外国语大学,002,翻译,6,536,127595
2024,2225,吉林外国语大学,003,阿拉伯语,4,528,136744
2024,2225,吉林外国语大学,004,朝鲜语,4,527,138089
2024,2225,吉林外国语大学,005,马来语,3,521,145450
2024,2225,吉林外国语大学,006,日语,7,538,125309
2024,2225,吉林外国语大学,007,印度尼西亚语,3,523,142727
2024,2225,吉林外国语大学,008,英语（英日双语）,4,544,118381
2024,2225,吉林外国语大学,009,葡萄牙语,4,528,137135
2024,2225,吉林外国语大学,010,西班牙语,7,530,133922
2024,2225,吉林外国语大学,011,意大利语,5,523,143058
2024,2225,吉林外国语大学,012,英语（英德双语）,4,539,124023
2024,2225,吉林外国语大学,013,英语（英法双语）,4,543,119244
2024,2225,吉林外国语大学,014,英语（英西班牙双语）,4,538,125197
2024,2225,吉林外国语大学,015,波兰语,3,522,143693
2024,2225,吉林外国语大学,016,电子商务,6,530,134215
2024,2225,吉林外国语大学,017,工商管理类,5,534,129610
2024,2225,吉林外国语大学,018,国际经济与贸易,4,540,122985
2024,2225,吉林外国语大学,019,会计学,6,547,114149
2024,2225,吉林外国语大学,020,金融科技,4,510,157891
2024,2225,吉林外国语大学,021,汉语国际教育,3,552,108595
2024,2225,吉林外国语大学,022,新闻传播学类,6,541,121512
2024,2225,吉林外国语大学,023,教育学类,7,546,116192
2024,2225,吉林外国语大学,024,学前教育,4,536,127599
2024,2225,吉林外国语大学,025,旅游管理类,5,528,136375
2024,2225,吉林外国语大学,026,人工智能,5,492,
2024,2225,吉林外国语大学,027,国际经贸规则,5,535,128546
2024,2225,吉林外国语大学,028,国际事务与国际关系,2,539,124311
2024,2225,吉林外国语大学,029,信用风险管理与法律防控,2,537,126320
2024,2225,吉林外国语大学,030,朝鲜语(中外合作办学),6,518,148339
2024,2225,吉林外国语大学,031,德语(中外合作办学),6,523,143016
2024,2225,吉林外国语大学,032,俄语(中外合作办学),6,522,143784
2024,2225,吉林外国语大学,033,金融学(中外合作办学),6,525,140723
2024,2225,吉林外国语大学,034,法语,3,537,126197
2024,2225,吉林外国语大学,035,汉语言文学,3,558,101752
2024,2226,吉林化工学院,001,化学工程与工艺,2,517,149174
2024,2226,吉林化工学院,002,轻化工程,1,527,137499
2024,2226,吉林化工学院,003,油气储运工程,1,505,163153
2024,2226,吉林化工学院,004,机械设计制造及其自动化,2,532,131822
2024,2226,吉林化工学院,005,过程装备与控制工程,2,516,150707
2024,2226,吉林化工学院,006,电气工程及其自动化,1,540,122106
2024,2226,吉林化工学院,007,自动化,1,521,145248
2024,2226,吉林化工学院,008,计算机科学与技术,1,529,135065
2024,2226,吉林化工学院,010,应用化学,1,525,140135
2024,2226,吉林化工学院,012,安全工程,2,497,171940
2024,2226,吉林化工学院,013,给排水科学与工程,1,516,150317
2024,2226,吉林化工学院,015,会计学,1,575,81670
2024,2226,吉林化工学院,016,市场营销,2,559,99907
2024,2226,吉林化工学院,017,物流工程,1,513,153825
2024,2226,吉林化工学院,018,英语,1,568,89715
2024,2226,吉林化工学院,019,能源化学,2,507,160459
2024,2226,吉林化工学院,020,食品科学与工程,2,492,
2024,2227,吉林建筑大学,001,建筑学,2,583,72740
2024,2227,吉林建筑大学,002,城乡规划,2,575,81325
2024,2227,吉林建筑大学,003,土木工程,6,517,149664
2024,2227,吉林建筑大学,004,工程力学,2,522,143289
2024,2227,吉林建筑大学,005,机械工程,6,527,138069
2024,2227,吉林建筑大学,006,城市地下空间工程,2,518,147996
2024,2227,吉林建筑大学,007,给排水科学与工程,2,522,144068
2024,2227,吉林建筑大学,008,建筑环境与能源应用工程,2,520,146180
2024,2227,吉林建筑大学,009,环境工程,2,523,142259
2024,2227,吉林建筑大学,010,环境科学,2,522,143725
2024,2227,吉林建筑大学,011,无机非金属材料工程,2,519,147577
2024,2227,吉林建筑大学,012,高分子材料与工程,2,536,127581
2024,2227,吉林建筑大学,013,材料化学,2,526,138632
2024,2227,吉林建筑大学,014,工程管理,2,539,124109
2024,2227,吉林建筑大学,015,工程造价,2,541,121656
2024,2227,吉林建筑大学,016,物流管理,2,569,88797
2024,2227,吉林建筑大学,017,财务管理,4,577,79709
2024,2227,吉林建筑大学,018,城市管理,2,570,86998
2024,2227,吉林建筑大学,019,社会工作,2,570,87571
2024,2227,吉林建筑大学,020,道路桥梁与渡河工程,6,522,143164
2024,2227,吉林建筑大学,021,交通工程,6,521,144701
2024,2227,吉林建筑大学,022,电气工程及其自动化,2,548,112822
2024,2227,吉林建筑大学,023,电子信息工程,2,539,123458
2024,2227,吉林建筑大学,024,自动化,2,540,122447
2024,2227,吉林建筑大学,025,计算机科学与技术,2,533,130492
2024,2227,吉林建筑大学,026,网络工程,2,527,137555
2024,2227,吉林建筑大学,027,测绘工程,2,520,145953
2024,2227,吉林建筑大学,028,勘查技术与工程,2,513,154365
2024,2227,吉林建筑大学,029,地理信息科学,2,529,135385
2024,2227,吉林建筑大学,030,安全工程,6,518,148430
2024,2227,吉林建筑大学,031,消防工程,2,524,141887
2024,2227,吉林建筑大学,032,遥感科学与技术,2,531,133330
2024,2227,吉林建筑大学,033,风景园林,2,568,89248
2024,2227,吉林建筑大学,036,土木工程(中外合作办学),4,499,169564
2024,2227,吉林建筑大学,037,工程管理(中外合作办学),2,524,141268
2024,2228,吉林建筑科技学院,001,建筑学,15,522,144243
2024,2228,吉林建筑科技学院,002,城乡规划,10,522,143344
2024,2228,吉林建筑科技学院,008,新能源科学与工程,2,497,172327
2024,2228,吉林建筑科技学院,016,数据科学与大数据技术,2,492,
2024,2228,吉林建筑科技学院,017,人工智能,2,492,
2024,2228,吉林建筑科技学院,018,工程管理,2,504,164819
2024,2228,吉林建筑科技学院,019,工程造价,4,492,177571
2024,2228,吉林建筑科技学院,020,财务管理,16,523,142350
2024,2228,吉林建筑科技学院,021,资产评估,18,519,147907
2024,2228,吉林建筑科技学院,022,审计学,16,525,140607
2024,2228,吉林建筑科技学院,023,英语,7,519,147487
2024,2228,吉林建筑科技学院,024,智能建造,2,492,
2024,2228,吉林建筑科技学院,025,风景园林,8,524,141105
2024,2229,长春建筑学院,005,建筑学,8,526,138760
2024,2229,长春建筑学院,006,城乡规划,8,522,144109
2024,2229,长春建筑学院,007,风景园林,8,521,145271
2024,2229,长春建筑学院,008,康复治疗学,8,492,
2024,2229,长春建筑学院,009,护理学,8,505,162989
2024,2229,长春建筑学院,010,房地产开发与管理,3,492,
2024,2229,长春建筑学院,011,工商管理,10,521,144900
2024,2229,长春建筑学院,012,财务管理,10,524,141399
2024,2229,长春建筑学院,013,文化产业管理,8,521,145410
2024,2229,长春建筑学院,014,健康服务与管理,4,525,140095
2024,2229,长春建筑学院,015,电子商务,10,519,147003
2024,2229,长春建筑学院,023,广告学,8,521,145528
2024,2231,吉林农业大学,001,植物生产类,3,492,
2024,2231,吉林农业大学,002,工商管理类,10,575,81385
2024,2231,吉林农业大学,003,自然保护与环境生态类,4,492,
2024,2231,吉林农业大学,004,机械类,2,546,115453
2024,2231,吉林农业大学,006,中药学类,6,497,171906
2024,2231,吉林农业大学,007,食品科学与工程类,8,492,
2024,2231,吉林农业大学,008,社会学类,8,572,85256
2024,2231,吉林农业大学,009,生物工程类,4,492,
2024,2231,吉林农业大学,010,计算机类,8,538,125187
2024,2231,吉林农业大学,011,植物生产类,2,492,
2024,2231,吉林农业大学,013,电子信息科学与技术,2,547,114582
2024,2231,吉林农业大学,014,林学,4,497,172322
2024,2231,吉林农业大学,015,风景园林,2,578,77617
2024,2231,吉林农业大学,016,英语,2,577,79597
2024,2231,吉林农业大学,018,金融学,2,579,77463
2024,2231,吉林农业大学,019,农药化肥,8,492,
2024,2231,吉林农业大学,020,思想政治教育,2,584,71077
2024,2231,吉林农业大学,021,生物信息学,3,505,163524
2024,2231,吉林农业大学,022,生物技术(中外合作办学),7,492,
2024,2231,吉林农业大学,023,动物科学(中外合作办学),10,492,
2024,2231,吉林农业大学,024,兽医公共卫生,2,505,163026
2024,2231,吉林农业大学,025,应用化学,4,513,154497
2024,2232,长春科技学院,003,轨道交通信号与控制,1,505,162917
2024,2232,长春科技学院,006,中药学,10,492,
2024,2232,长春科技学院,007,眼视光学,12,492,
2024,2232,长春科技学院,008,计算机类,10,492,
2024,2232,长春科技学院,009,新能源汽车工程,2,492,
2024,2232,长春科技学院,011,康复治疗学,2,492,
2024,2232,长春科技学院,012,中医学,44,492,
2024,2232,长春科技学院,013,护理学,8,543,119729
2024,2232,长春科技学院,014,财务管理,14,527,138456
2024,2232,长春科技学院,015,工商管理,9,523,142515
2024,2232,长春科技学院,016,电子商务,6,521,145272
2024,2232,长春科技学院,017,金融学,12,521,145107
2024,2232,长春科技学院,018,网络与新媒体,2,530,133896
2024,2232,长春科技学院,019,英语,7,521,145220
2024,2232,长春科技学院,020,俄语,4,519,147816
2024,2232,长春科技学院,021,日语,7,517,149273
2024,2232,长春科技学院,022,小学教育,6,535,128467
2024,2232,长春科技学院,023,汉语国际教育,6,531,133548
2024,2232,长春科技学院,501,护理,12,492,
2024,2232,长春科技学院,502,口腔医学,20,496,173869
2024,2232,长春科技学院,504,中药学,7,492,
2024,2232,长春科技学院,505,动物医学,4,499,170142
2024,2232,长春科技学院,506,学前教育,10,492,
2024,2232,长春科技学院,507,体育教育,10,492,
2024,2232,长春科技学院,508,数字媒体技术,10,492,
2024,2233,吉林农业科技学院,001,智能制造工程,2,517,149855
2024,2233,吉林农业科技学院,002,电气工程及其自动化,2,529,135345
2024,2233,吉林农业科技学院,003,计算机类,2,512,155273
2024,2233,吉林农业科技学院,004,数据科学与大数据技术,2,508,159465
2024,2233,吉林农业科技学院,005,土木工程,2,508,160029
2024,2233,吉林农业科技学院,006,制药工程,3,492,
2024,2233,吉林农业科技学院,007,食品科学与工程类,4,492,
2024,2233,吉林农业科技学院,008,动物医学,3,522,143539
2024,2233,吉林农业科技学院,009,园林,4,562,96546
2024,2233,吉林农业科技学院,010,中药学类,4,495,173966
2024,2233,吉林农业科技学院,011,工商管理类,4,564,94056
2024,2233,吉林农业科技学院,012,动物医学(中外合作办学),3,509,158502
2024,2234,吉林师范大学,001,德语,8,564,94916
2024,2234,吉林师范大学,002,数学与应用数学(师范),2,546,115454
2024,2234,吉林师范大学,003,计算机科学与技术(师范),2,533,130824
2024,2234,吉林师范大学,005,微电子科学与工程,2,538,124540
2024,2234,吉林师范大学,006,财务管理,3,582,73901
2024,2234,吉林师范大学,007,金融学,3,574,82194
2024,2234,吉林师范大学,008,法学,2,595,59278
2024,2234,吉林师范大学,009,环境科学,3,492,
2024,2235,吉林师范大学博达学院,001,信息工程,4,492,
2024,2235,吉林师范大学博达学院,004,食品科学与工程,3,492,
2024,2235,吉林师范大学博达学院,006,数据科学与大数据技术,6,492,
2024,2235,吉林师范大学博达学院,009,广播电视编导,8,517,149521
2024,2235,吉林师范大学博达学院,010,商务英语,5,521,145153
2024,2235,吉林师范大学博达学院,011,法语,4,519,147219
2024,2235,吉林师范大学博达学院,012,德语,4,519,147625
2024,2235,吉林师范大学博达学院,013,日语,4,520,146010
2024,2235,吉林师范大学博达学院,014,市场营销,5,520,146586
2024,2235,吉林师范大学博达学院,015,财务管理,19,523,142840
2024,2235,吉林师范大学博达学院,016,社会工作,7,523,143067
2024,2238,吉林铁道职业技术学院,501,铁道通信与信息化技术,3,492,
2024,2238,吉林铁道职业技术学院,506,城市轨道交通通信信号技术,2,492,
2024,2238,吉林铁道职业技术学院,511,铁道机车车辆制造与维护,3,492,
2024,2239,吉林医药学院,001,临床医学,17,528,137158
2024,2239,吉林医药学院,002,医学影像学,7,523,142063
2024,2239,吉林医药学院,003,预防医学,6,515,151924
2024,2239,吉林医药学院,004,药学,4,522,143341
2024,2239,吉林医药学院,005,药物制剂,3,522,143463
2024,2239,吉林医药学院,006,中药学,2,527,137622
2024,2239,吉林医药学院,007,医学检验技术,6,522,143148
2024,2239,吉林医药学院,008,医学影像技术,3,531,133088
2024,2239,吉林医药学院,009,康复治疗学,2,534,129551
2024,2239,吉林医药学院,010,口腔医学技术,2,524,141263
2024,2239,吉林医药学院,011,卫生检验与检疫,2,522,143382
2024,2239,吉林医药学院,012,护理学,11,520,145649
2024,2239,吉林医药学院,013,生物技术,3,516,150394
2024,2239,吉林医药学院,014,应用心理学,2,547,114051
2024,2239,吉林医药学院,015,医学信息工程,2,517,149584
2024,2239,吉林医药学院,016,生物医学工程,3,521,145026
2024,2239,吉林医药学院,017,食品质量与安全,2,520,146394
2024,2239,吉林医药学院,018,生物制药,2,516,151137
2024,2239,吉林医药学院,019,生物制药(中外合作办学),5,506,161870
2024,2239,吉林医药学院,020,信息管理与信息系统,2,537,126171
2024,2239,吉林医药学院,021,公共事业管理,2,564,94914
2024,2239,吉林医药学院,022,健康服务与管理,2,565,92644
2024,2241,通化师范学院,001,汉语言文学(师范),5,577,79065
2024,2241,通化师范学院,002,汉语国际教育(师范),5,565,92649
2024,2241,通化师范学院,003,英语(师范),3,569,88629
2024,2241,通化师范学院,004,日语,2,564,94880
2024,2241,通化师范学院,005,朝鲜语,4,555,105530
2024,2241,通化师范学院,006,物理学(师范),3,504,164800
2024,2241,通化师范学院,007,化学(师范),5,492,
2024,2241,通化师范学院,009,地理科学(师范),2,575,81540
2024,2241,通化师范学院,012,计算机科学与技术,5,508,159803
2024,2242,延边大学,001,中国语言文学类,3,632,23987
2024,2242,延边大学,002,法学,2,639,19195
2024,2242,延边大学,003,电子信息工程,2,615,38215
2024,2242,延边大学,004,通信工程,3,614,39191
2024,2242,延边大学,005,计算机科学与技术,2,613,39755
2024,2242,延边大学,006,机械设计制造及其自动化,2,612,40667
2024,2242,延边大学,007,高分子材料与工程,2,602,51306
2024,2242,延边大学,008,工商管理,4,617,36742
2024,2242,延边大学,009,经济学类,4,623,30972
2024,2242,延边大学,010,朝鲜语,2,604,49203
2024,2242,延边大学,011,药学类,4,594,60459
2024,2242,延边大学,012,临床医学,3,621,32686
2024,2242,延边大学,013,麻醉学,2,610,43002
2024,2243,吉林艺术学院,021,广播电视编导,2,552,109143
2024,2243,吉林艺术学院,022,戏剧影视文学,1,555,104680
2024,2243,吉林艺术学院,023,艺术管理,6,526,138928
2024,2244,白城师范学院,001,思想政治教育(师范),2,574,82750
2024,2244,白城师范学院,002,学前教育(师范),2,568,90189
2024,2244,白城师范学院,003,汉语言文学(师范),3,579,76765
2024,2244,白城师范学院,004,英语(师范),3,566,91755
2024,2244,白城师范学院,008,地理科学(师范),2,575,81952
2024,2244,白城师范学院,009,学前教育(中外合作办学)(师范),4,547,114931
2024,2244,白城师范学院,010,法学,2,577,79298
2024,2244,白城师范学院,011,机械设计制造及其自动化,3,516,151044
2024,2244,白城师范学院,012,财务管理,2,570,87153
2024,2245,长春中医药大学,001,中医学,4,589,65762
2024,2245,长春中医药大学,002,中医学（5+3一体化）,2,621,32321
2024,2245,长春中医药大学,003,针灸推拿学,2,538,124773
2024,2245,长春中医药大学,004,中西医临床医学,7,549,111913
2024,2245,长春中医药大学,005,中医养生学,2,548,113144
2024,2246,吉林电子信息职业技术学院,501,发电厂及电力系统,2,492,
2024,2301,大庆师范学院,001,化学(师范),2,519,146777
2024,2301,大庆师范学院,002,应用化学,2,503,165535
2024,2301,大庆师范学院,003,化学工程与工艺,2,492,
2024,2301,大庆师范学院,005,小学教育(师范),14,567,91154
2024,2301,大庆师范学院,006,数学与应用数学(师范),7,492,
2024,2301,大庆师范学院,007,日语,3,558,101583
2024,2301,大庆师范学院,008,汉语言文学(师范),4,571,86201
2024,2301,大庆师范学院,009,汉语国际教育(师范),4,565,93756
2024,2302,东北石油大学,001,建筑学,1,591,63657
2024,2302,东北石油大学,002,测控技术与仪器,1,541,121244
2024,2302,东北石油大学,003,电气工程及其自动化,1,577,79303
2024,2302,东北石油大学,004,给排水科学与工程,1,555,104911
2024,2302,东北石油大学,005,过程装备与控制工程,1,542,120837
2024,2302,东北石油大学,007,化学工程与工艺,1,562,96178
2024,2302,东北石油大学,008,机械设计制造及其自动化,1,561,97590
2024,2302,东北石油大学,009,石油工程,1,578,78459
2024,2302,东北石油大学,010,网络空间安全,1,563,95341
2024,2302,东北石油大学,011,油气储运工程,1,568,89071
2024,2302,东北石油大学,012,资源勘查工程,2,543,118619
2024,2302,东北石油大学,013,计算机类,1,576,80250
2024,2302,东北石油大学,014,化学工程与工艺（实验班）,1,574,82744
2024,2302,东北石油大学,015,土木工程（新一代智慧建筑工程）,1,543,118779
2024,2303,东北林业大学,001,林学类,5,590,64244
2024,2303,东北林业大学,002,木材科学与工程,3,602,51300
2024,2303,东北林业大学,003,材料类,2,613,39997
2024,2303,东北林业大学,004,国家公园建设与管理,2,597,56711
2024,2303,东北林业大学,005,机械设计制造及其自动化,2,619,34529
2024,2303,东北林业大学,006,机械电子工程,2,620,33404
2024,2303,东北林业大学,007,机器人工程,2,625,28955
2024,2303,东北林业大学,008,车辆工程,2,614,38967
2024,2303,东北林业大学,009,计算机类,3,629,25962
2024,2303,东北林业大学,010,人工智能,2,630,25289
2024,2303,东北林业大学,011,电气类,2,628,26485
2024,2303,东北林业大学,012,生物科学类,2,620,33406
2024,2303,东北林业大学,013,食品科学与工程,2,607,45872
2024,2303,东北林业大学,014,园林,4,583,72092
2024,2303,东北林业大学,015,风景园林,3,629,26195
2024,2303,东北林业大学,016,土木工程,3,592,62312
2024,2303,东北林业大学,017,交通运输类,2,613,40100
2024,2303,东北林业大学,018,化学类,3,604,49408
2024,2303,东北林业大学,019,工商管理类,3,633,22838
2024,2303,东北林业大学,020,经济学类,2,608,44742
2024,2303,东北林业大学,021,法学,2,641,17346
2024,2303,东北林业大学,022,英语,2,626,28800
2024,2303,东北林业大学,023,计算机科学与技术(中外合作办学),1,605,47666
2024,2303,东北林业大学,024,生物技术(中外合作办学),1,601,51913
2024,2303,东北林业大学,025,化学(中外合作办学),2,604,49099
2024,2304,东北农业大学,001,园林,2,624,29749
2024,2304,东北农业大学,002,机械类,3,613,39883
2024,2304,东北农业大学,003,金融学类,3,629,26196
2024,2304,东北农业大学,004,工商管理类,3,630,25060
2024,2304,东北农业大学,005,农林经济管理（拔尖人才培养班）,2,637,20313
2024,2304,东北农业大学,006,食品科学与工程类,5,607,45873
2024,2304,东北农业大学,007,法学,2,640,18504
2024,2304,东北农业大学,008,电气类,3,626,28602
2024,2304,东北农业大学,009,计算机类,4,621,32715
2024,2304,东北农业大学,010,计算机科学与技术（中美121双学位项目）,2,611,42024
2024,2304,东北农业大学,011,工商管理（中美121双学位项目）,2,623,31393
2024,2305,黑龙江工商学院,003,工商管理,5,524,141303
2024,2305,黑龙江工商学院,004,市场营销,10,520,146203
2024,2305,黑龙江工商学院,005,会计学,10,529,135786
2024,2305,黑龙江工商学院,006,软件工程,7,492,
2024,2306,黑龙江财经学院,001,金融学,6,526,139430
2024,2306,黑龙江财经学院,002,国际经济与贸易,3,529,135011
2024,2306,黑龙江财经学院,003,法学,3,549,112690
2024,2306,黑龙江财经学院,004,英语,3,523,142743
2024,2306,黑龙江财经学院,005,会计学,6,532,131873
2024,2306,黑龙江财经学院,006,财务管理,4,529,135954
2024,2306,黑龙江财经学院,007,审计学,3,531,133133
2024,2306,黑龙江财经学院,008,资产评估,2,531,133273
2024,2308,哈尔滨工程大学,001,海洋工程类,6,646,14647
2024,2308,哈尔滨工程大学,002,航空航天类,5,645,15101
2024,2308,哈尔滨工程大学,003,能源动力类,3,645,15061
2024,2308,哈尔滨工程大学,004,自动化类,5,649,13006
2024,2308,哈尔滨工程大学,005,水声工程,5,648,13494
2024,2308,哈尔滨工程大学,006,计算机科学与技术（基础拔尖）,1,655,10222
2024,2308,哈尔滨工程大学,007,软件工程,4,650,12438
2024,2308,哈尔滨工程大学,008,智能制造工程,4,643,16232
2024,2308,哈尔滨工程大学,009,电子信息类,7,649,13067
2024,2308,哈尔滨工程大学,010,大数据管理与应用,3,643,16180
2024,2308,哈尔滨工程大学,011,核工程与核技术,7,646,14612
2024,2308,哈尔滨工程大学,012,土木工程(中外合作办学),3,613,40169
2024,2308,哈尔滨工程大学,013,机械设计制造及其自动化(中外合作办学),2,636,20741
2024,2308,哈尔滨工程大学,014,材料物理(中外合作办学),4,626,28594
2024,2308,哈尔滨工程大学,015,船舶与海洋工程(中外合作办学),5,634,22297
2024,2308,哈尔滨工程大学,016,自动化(中外合作办学),4,641,17361
2024,2308,哈尔滨工程大学,017,水声工程(中外合作办学),3,639,19010
2024,2308,哈尔滨工程大学,018,能源与动力工程（未来领军）,1,654,10475
2024,2308,哈尔滨工程大学,019,核工程与核技术（未来领军）,2,653,11084
2024,2309,哈尔滨工业大学,001,工科试验班（院士特色班、未来技术拔尖班）,3,685,1613
2024,2309,哈尔滨工业大学,002,工科试验班（航天与自动化）,2,677,2943
2024,2309,哈尔滨工业大学,003,工科试验班（计算机与电子通信）,4,674,3671
2024,2309,哈尔滨工业大学,004,工科试验班（AI先进技术领军班）,6,678,2920
2024,2309,哈尔滨工业大学,008,数学与应用数学(中外合作办学),6,657,9502
2024,2309,哈尔滨工业大学,009,应用物理学(中外合作办学),6,654,10747
2024,2309,哈尔滨工业大学,010,化学(中外合作办学),6,646,14401
2024,2309,哈尔滨工业大学,011,大数据管理与应用(中外合作办学),16,652,11491
2024,2309,哈尔滨工业大学,012,智慧建筑与建造(中外合作办学),7,646,14762
2024,2310,哈尔滨工业大学(威海),001,工科试验班（电气与自动化）,15,662,7374
2024,2310,哈尔滨工业大学(威海),002,工科试验班（计算机与电子通信）,44,661,7698
2024,2310,哈尔滨工业大学(威海),003,软件工程,11,661,7807
2024,2310,哈尔滨工业大学(威海),004,工科试验班（机器人与智能装备类拔尖班）,23,662,7223
2024,2310,哈尔滨工业大学(威海),005,船舶与海洋工程(中外合作办学),4,646,14782
2024,2310,哈尔滨工业大学(威海),006,工科试验班（理工交叉先进技术领军班）,8,662,7424
2024,2311,哈尔滨华德学院,001,新能源汽车工程（英才班）,4,492,
2024,2311,哈尔滨华德学院,002,机械设计制造及其自动化（英才班）,4,492,
2024,2311,哈尔滨华德学院,003,软件工程（英才班）,4,492,
2024,2311,哈尔滨华德学院,005,大数据管理与应用（英才班）,6,492,177310
2024,2312,哈尔滨金融学院,001,金融学,2,568,89217
2024,2312,哈尔滨金融学院,002,会计学,2,574,82864
2024,2312,哈尔滨金融学院,003,计算机科学与技术,2,522,143473
2024,2312,哈尔滨金融学院,004,金融科技,2,537,125887
2024,2312,哈尔滨金融学院,005,市场营销,2,556,103711
2024,2312,哈尔滨金融学院,006,保险学,4,562,97241
2024,2312,哈尔滨金融学院,007,投资学,4,492,
2024,2312,哈尔滨金融学院,008,商务英语,2,561,98240
2024,2313,哈尔滨理工大学,001,机械设计制造及其自动化,2,590,64300
2024,2313,哈尔滨理工大学,002,工业设计,2,568,89144
2024,2313,哈尔滨理工大学,003,高分子材料与工程,2,563,95601
2024,2313,哈尔滨理工大学,004,材料成型及控制工程,2,526,139505
2024,2313,哈尔滨理工大学,005,电气工程及其自动化,2,611,41975
2024,2313,哈尔滨理工大学,006,新能源材料与器件,2,575,81036
2024,2313,哈尔滨理工大学,007,计算机科学与技术,2,601,52260
2024,2313,哈尔滨理工大学,008,测控技术与仪器,2,581,74632
2024,2313,哈尔滨理工大学,009,安全工程,2,568,89110
2024,2313,哈尔滨理工大学,010,工商管理,2,536,127223
2024,2313,哈尔滨理工大学,011,网络空间安全,2,587,67308
2024,2313,哈尔滨理工大学,012,人工智能,2,584,70984
2024,2313,哈尔滨理工大学,013,储能科学与工程,2,584,71378
2024,2313,哈尔滨理工大学,014,应用物理学,2,560,99074
2024,2313,哈尔滨理工大学,015,建筑学,2,534,129648
2024,2313,哈尔滨理工大学,016,土木工程,2,532,132097
2024,2313,哈尔滨理工大学,017,化学工程与工艺,2,563,95340
2024,2313,哈尔滨理工大学,018,金融学,2,584,71042
2024,2313,哈尔滨理工大学,019,自动化,2,590,64979
2024,2313,哈尔滨理工大学,020,机器人工程,2,581,74424
2024,2314,哈尔滨商业大学,001,经济统计学,2,555,104417
2024,2314,哈尔滨商业大学,002,金融学,2,582,73725
2024,2314,哈尔滨商业大学,003,财政学,2,586,69292
2024,2314,哈尔滨商业大学,004,劳动与社会保障,2,568,89646
2024,2314,哈尔滨商业大学,005,工商管理,2,582,72919
2024,2314,哈尔滨商业大学,006,市场营销,4,568,90046
2024,2314,哈尔滨商业大学,007,人力资源管理,4,576,80777
2024,2314,哈尔滨商业大学,008,物流管理,5,570,87706
2024,2314,哈尔滨商业大学,009,物流工程,2,526,138968
2024,2314,哈尔滨商业大学,010,会计学,4,588,67156
2024,2314,哈尔滨商业大学,012,食品质量与安全,3,492,
2024,2314,哈尔滨商业大学,015,电子信息工程,2,541,121054
2024,2314,哈尔滨商业大学,016,计算机科学与技术,3,553,107973
2024,2314,哈尔滨商业大学,017,大数据管理与应用,2,556,103423
2024,2314,哈尔滨商业大学,018,能源与动力工程,2,520,145851
2024,2314,哈尔滨商业大学,021,数据科学与大数据技术,2,528,136566
2024,2314,哈尔滨商业大学,022,数字经济,1,555,105296
2024,2314,哈尔滨商业大学,023,经济学（4+3）,2,593,61445
2024,2314,哈尔滨商业大学,024,中药学（4+3）,2,567,90564
2024,2315,哈尔滨师范大学,005,教育技术学(师范),2,538,124812
2024,2315,哈尔滨师范大学,006,学前教育(师范),3,589,66085
2024,2315,哈尔滨师范大学,007,数学与应用数学(师范),4,534,129491
2024,2315,哈尔滨师范大学,008,英语(师范),3,605,48585
2024,2315,哈尔滨师范大学,009,汉语言文学(师范),5,614,39606
2024,2315,哈尔滨师范大学,010,人力资源管理（实验班）,2,578,78479
2024,2315,哈尔滨师范大学,011,法语,2,570,87738
2024,2315,哈尔滨师范大学,012,西班牙语,2,569,88800
2024,2315,哈尔滨师范大学,013,波兰语,2,561,98442
2024,2315,哈尔滨师范大学,014,材料化学,3,518,148229
2024,2316,黑龙江外国语学院,001,德语,5,519,147853
2024,2316,黑龙江外国语学院,002,法语,10,519,147729
2024,2316,黑龙江外国语学院,003,西班牙语,5,520,146715
2024,2316,黑龙江外国语学院,004,汉语言文学,5,535,129021
2024,2316,黑龙江外国语学院,005,翻译（俄语方向）,5,519,146942
2024,2318,哈尔滨铁道职业技术学院,502,城市轨道交通工程技术,2,492,
2024,2318,哈尔滨铁道职业技术学院,504,铁道机车运用与维护,2,492,
2024,2319,哈尔滨学院,001,学前教育(师范),1,573,84244
2024,2319,哈尔滨学院,002,小学教育(师范),1,578,77755
2024,2319,哈尔滨学院,003,网络与新媒体,1,571,86598
2024,2319,哈尔滨学院,004,社会工作,1,564,94831
2024,2319,哈尔滨学院,005,汉语言文学(师范),1,591,63523
2024,2319,哈尔滨学院,006,法学,1,586,69156
2024,2319,哈尔滨学院,007,汉语国际教育,1,566,92552
2024,2319,哈尔滨学院,008,财务管理,1,580,75768
2024,2319,哈尔滨学院,009,金融学,1,572,85264
2024,2319,哈尔滨学院,010,商务经济学,1,568,90125
2024,2319,哈尔滨学院,011,会计学,1,577,79288
2024,2319,哈尔滨学院,012,地理信息科学,1,578,78550
2024,2319,哈尔滨学院,013,旅游管理,1,570,86966
2024,2319,哈尔滨学院,014,电子信息工程,1,529,135101
2024,2319,哈尔滨学院,015,智能建造,1,533,130464
2024,2319,哈尔滨学院,016,土木工程,1,524,140966
2024,2319,哈尔滨学院,017,城市地下空间工程,1,513,154416
2024,2319,哈尔滨学院,018,软件工程,3,514,152672
2024,2319,哈尔滨学院,019,计算机科学与技术,2,529,135453
2024,2319,哈尔滨学院,020,化学(师范),1,535,128061
2024,2319,哈尔滨学院,021,食品科学与工程,2,492,
2024,2320,哈尔滨医科大学,001,护理学,1,617,36486
2024,2320,哈尔滨医科大学,002,临床医学（5+3一体化，于维汉班）,1,664,6482
2024,2320,哈尔滨医科大学,003,临床医学（5+3一体化）,3,654,10551
2024,2320,哈尔滨医科大学,004,临床医学（5+3一体化，儿科学硕士）,1,648,13356
2024,2320,哈尔滨医科大学,005,基础医学（伍连德班）,2,583,71861
2024,2320,哈尔滨医科大学,006,基础医学,1,625,29366
2024,2320,哈尔滨医科大学,007,临床医学,4,639,18865
2024,2320,哈尔滨医科大学,008,麻醉学,1,638,19262
2024,2320,哈尔滨医科大学,009,医学影像学,1,629,26052
2024,2320,哈尔滨医科大学,010,儿科学,1,611,42288
2024,2320,哈尔滨医科大学,011,口腔医学,1,648,13773
2024,2320,哈尔滨医科大学,012,预防医学,2,578,78178
2024,2320,哈尔滨医科大学,013,药学,3,576,79965
2024,2320,哈尔滨医科大学,014,临床药学,1,603,50188
2024,2320,哈尔滨医科大学,015,智能医学工程,2,594,60358
2024,2320,哈尔滨医科大学,016,生物信息学,5,539,123513
2024,2320,哈尔滨医科大学,017,生物医学工程,2,584,71050
2024,2320,哈尔滨医科大学,018,眼视光医学,1,633,23246
2024,2320,哈尔滨医科大学,019,精神医学,2,601,52155
2024,2320,哈尔滨医科大学,020,医学检验技术,2,565,93282
2024,2320,哈尔滨医科大学,021,康复治疗学,2,567,90456
2024,2320,哈尔滨医科大学,022,护理学,2,612,41345
2024,2321,鹤岗师范高等专科学校,501,学前教育(师范),10,492,
2024,2322,黑龙江八一农垦大学,001,工业设计,2,516,150694
2024,2322,黑龙江八一农垦大学,002,动物医学,4,539,123376
2024,2322,黑龙江八一农垦大学,003,动物药学,2,518,148533
2024,2322,黑龙江八一农垦大学,004,人力资源管理,2,564,94185
2024,2322,黑龙江八一农垦大学,005,审计学,3,570,86854
2024,2322,黑龙江八一农垦大学,006,食品质量与安全,2,508,159820
2024,2322,黑龙江八一农垦大学,007,社会工作,2,563,95448
2024,2322,黑龙江八一农垦大学,008,英语,3,562,96544
2024,2322,黑龙江八一农垦大学,009,汉语言文学,3,576,80678
2024,2322,黑龙江八一农垦大学,010,电气工程及其自动化,2,535,128461
2024,2322,黑龙江八一农垦大学,011,通信工程,3,522,143598
2024,2322,黑龙江八一农垦大学,012,数据科学与大数据技术,2,521,144521
2024,2322,黑龙江八一农垦大学,013,生物技术,5,503,165282
2024,2322,黑龙江八一农垦大学,014,生物科学,2,495,174118
2024,2322,黑龙江八一农垦大学,016,信息与计算科学,2,531,133072
2024,2322,黑龙江八一农垦大学,017,园林,3,565,93556
2024,2322,黑龙江八一农垦大学,018,风景园林,2,522,143592
2024,2322,黑龙江八一农垦大学,019,水利水电工程,2,525,140094
2024,2322,黑龙江八一农垦大学,020,建筑电气与智能化,2,525,139749
2024,2323,黑龙江大学,001,哲学,2,608,45137
2024,2323,黑龙江大学,002,经济学,2,595,59422
2024,2323,黑龙江大学,003,法学,2,628,26775
2024,2323,黑龙江大学,004,汉语言文学,2,613,39855
2024,2323,黑龙江大学,005,汉语国际教育,2,598,56215
2024,2323,黑龙江大学,006,英语,2,600,53391
2024,2323,黑龙江大学,007,法语,2,591,63620
2024,2323,黑龙江大学,008,日语,2,593,61627
2024,2323,黑龙江大学,009,朝鲜语,2,580,76332
2024,2323,黑龙江大学,010,翻译（英语）,2,590,64746
2024,2323,黑龙江大学,011,商务英语,2,591,63330
2024,2323,黑龙江大学,012,传播学,8,588,66657
2024,2323,黑龙江大学,013,化学,2,567,90213
2024,2323,黑龙江大学,014,高分子材料与工程,2,557,103143
2024,2323,黑龙江大学,015,电气工程及其自动化,2,588,66258
2024,2323,黑龙江大学,016,自动化,2,585,70039
2024,2323,黑龙江大学,017,计算机科学与技术,2,604,49668
2024,2323,黑龙江大学,018,土木工程,2,530,134040
2024,2323,黑龙江大学,019,电子商务,2,592,62655
2024,2323,黑龙江大学,020,生物技术,2,492,
2024,2323,黑龙江大学,025,俄语,2,598,55892
2024,2323,黑龙江大学,026,电子信息类,2,589,65852
2024,2324,黑龙江东方学院,002,电子商务,5,527,138269
2024,2325,黑龙江工程学院,001,计算机类,2,530,134560
2024,2325,黑龙江工程学院,002,机械设计制造及其自动化,2,528,136529
2024,2325,黑龙江工程学院,003,电子信息工程,2,523,142729
2024,2325,黑龙江工程学院,004,车辆工程,3,519,147340
2024,2325,黑龙江工程学院,005,材料类,6,499,170065
2024,2325,黑龙江工程学院,006,人工智能,2,517,149324
2024,2328,黑龙江科技大学,001,电气工程及其自动化,4,553,107466
2024,2328,黑龙江科技大学,002,自动化,3,544,117636
2024,2328,黑龙江科技大学,003,电气工程与智能控制,4,544,118161
2024,2328,黑龙江科技大学,004,机械设计制造及其自动化,4,543,118805
2024,2328,黑龙江科技大学,005,通信工程,3,538,125395
2024,2328,黑龙江科技大学,006,电子信息工程,3,548,113386
2024,2328,黑龙江科技大学,007,建筑学,1,573,83320
2024,2328,黑龙江科技大学,008,城乡规划,1,573,84243
2024,2328,黑龙江科技大学,009,道路桥梁与渡河工程,2,517,149232
2024,2328,黑龙江科技大学,010,计算机科学与技术,4,544,118350
2024,2328,黑龙江科技大学,011,软件工程,4,534,129355
2024,2328,黑龙江科技大学,012,物联网工程,4,533,130780
2024,2328,黑龙江科技大学,013,数据科学与大数据技术,4,530,134550
2024,2328,黑龙江科技大学,014,数学与应用数学,3,532,131651
2024,2328,黑龙江科技大学,015,安全工程,2,521,144875
2024,2328,黑龙江科技大学,016,经济学,2,572,85223
2024,2328,黑龙江科技大学,017,会计学,4,576,80635
2024,2328,黑龙江科技大学,018,工商管理,2,570,87224
2024,2328,黑龙江科技大学,019,公共事业管理,4,567,90757
2024,2328,黑龙江科技大学,020,英语,4,567,91084
2024,2328,黑龙江科技大学,021,思想政治教育,4,574,83184
2024,2328,黑龙江科技大学,022,汉语言文学,4,585,70586
2024,2329,黑龙江农垦职业学院,501,小学语文教育(师范),6,492,
2024,2329,黑龙江农垦职业学院,502,小学英语教育(师范),4,492,
2024,2332,黑龙江中医药大学,001,中医学（5+3一体化）,2,623,30761
2024,2332,黑龙江中医药大学,002,中医学,9,579,76588
2024,2332,黑龙江中医药大学,003,中西医临床医学,2,492,
2024,2332,黑龙江中医药大学,004,中医骨伤科学,5,492,
2024,2332,黑龙江中医药大学,005,护理学,3,581,74516
2024,2332,黑龙江中医药大学,006,针灸推拿学,10,492,
2024,2332,黑龙江中医药大学,007,中医康复学,6,492,
2024,2332,黑龙江中医药大学,008,药物制剂,2,524,141534
2024,2332,黑龙江中医药大学,009,制药工程,2,525,140082
2024,2332,黑龙江中医药大学,010,生物技术,2,495,174082
2024,2332,黑龙江中医药大学,011,药学,4,492,
2024,2332,黑龙江中医药大学,012,中药制药,2,562,96256
2024,2332,黑龙江中医药大学,013,智能医学工程,2,533,130338
2024,2333,佳木斯大学,001,医学检验技术,5,495,174471
2024,2333,佳木斯大学,002,康复治疗学,6,492,
2024,2333,佳木斯大学,003,预防医学,11,492,
2024,2333,佳木斯大学,004,健康服务与管理,5,563,95620
2024,2333,佳木斯大学,005,药学,38,492,
2024,2333,佳木斯大学,006,历史学(师范),5,572,85416
2024,2335,牡丹江师范学院,001,经济学,3,565,92928
2024,2335,牡丹江师范学院,002,金融数学,5,492,
2024,2335,牡丹江师范学院,003,法学,3,573,83940
2024,2335,牡丹江师范学院,004,汉语言,3,568,89761
2024,2335,牡丹江师范学院,005,秘书学,3,564,94531
2024,2335,牡丹江师范学院,006,日语,3,559,100788
2024,2335,牡丹江师范学院,007,商务英语,2,559,100705
2024,2335,牡丹江师范学院,008,应用化学,3,492,
2024,2335,牡丹江师范学院,011,电气工程及其自动化,3,524,141049
2024,2335,牡丹江师范学院,012,计算机科学与技术,5,515,151541
2024,2335,牡丹江师范学院,013,工商管理,3,564,94682
2024,2335,牡丹江师范学院,014,旅游管理,2,561,98204
2024,2335,牡丹江师范学院,015,翻译（英语翻译）,4,559,99763
2024,2336,牡丹江医科大学,001,应用心理学,2,568,90143
2024,2336,牡丹江医科大学,002,制药工程,2,492,
2024,2336,牡丹江医科大学,003,生物医学工程,2,529,134900
2024,2336,牡丹江医科大学,004,临床医学,7,534,129853
2024,2336,牡丹江医科大学,005,麻醉学,4,521,144354
2024,2336,牡丹江医科大学,006,医学影像学,5,548,113113
2024,2336,牡丹江医科大学,007,口腔医学,2,570,86841
2024,2336,牡丹江医科大学,009,药学,2,492,
2024,2336,牡丹江医科大学,010,药物制剂,2,492,
2024,2336,牡丹江医科大学,011,医学检验技术,2,505,162927
2024,2336,牡丹江医科大学,012,医学影像技术,2,528,136703
2024,2336,牡丹江医科大学,013,康复治疗学,2,492,
2024,2336,牡丹江医科大学,014,卫生检验与检疫,2,517,149373
2024,2336,牡丹江医科大学,015,护理学,2,553,106826
2024,2337,齐齐哈尔大学,001,英语,2,567,90832
2024,2337,齐齐哈尔大学,002,工商管理类,3,570,87386
2024,2337,齐齐哈尔大学,003,汉语国际教育,3,567,91387
2024,2337,齐齐哈尔大学,004,广播电视学,3,567,91010
2024,2337,齐齐哈尔大学,005,数学与应用数学(师范),2,527,137353
2024,2337,齐齐哈尔大学,006,过程装备与控制工程,5,501,167454
2024,2337,齐齐哈尔大学,007,电气工程及其自动化,3,539,123420
2024,2337,齐齐哈尔大学,008,电子信息类,3,520,145859
2024,2337,齐齐哈尔大学,009,计算机类,2,537,126421
2024,2337,齐齐哈尔大学,010,物联网工程,2,533,130276
2024,2337,齐齐哈尔大学,011,应用化学,2,499,169627
2024,2337,齐齐哈尔大学,012,化工与制药类,6,492,
2024,2337,齐齐哈尔大学,013,材料类,6,492,
2024,2337,齐齐哈尔大学,014,纺织工程,2,506,161816
2024,2337,齐齐哈尔大学,015,轻工类,6,492,
2024,2337,齐齐哈尔大学,016,食品质量与安全,5,492,
2024,2337,齐齐哈尔大学,017,土木工程,2,505,163450
2024,2337,齐齐哈尔大学,018,园林,3,492,
2024,2338,齐齐哈尔医学院,001,临床医学,5,516,150607
2024,2338,齐齐哈尔医学院,002,精神医学,2,512,155468
2024,2338,齐齐哈尔医学院,003,医学影像学,1,531,132635
2024,2338,齐齐哈尔医学院,004,预防医学,3,492,
2024,2338,齐齐哈尔医学院,006,康复治疗学,1,508,159723
2024,2338,齐齐哈尔医学院,007,药学,4,509,159138
2024,2338,齐齐哈尔医学院,008,药物制剂,1,503,165313
2024,2338,齐齐哈尔医学院,009,应用心理学,1,578,78588
2024,2338,齐齐哈尔医学院,010,公共事业管理,1,562,97027
2024,3101,东华大学,012,管理科学与工程类,7,642,17172
2024,3101,东华大学,013,生物工程（生物医药方向）,4,644,16096
2024,3101,东华大学,014,环境工程（双学士学位）,3,641,17756
2024,3101,东华大学,015,服装设计与工程,6,637,20061
2024,3101,东华大学,016,纺织工程（双学士学位）,2,644,15772
2024,3101,东华大学,017,纺织类,2,643,16472
2024,3101,东华大学,018,数据科学与大数据技术,2,651,11884
2024,3101,东华大学,019,智能科学与技术,2,651,12044
2024,3101,东华大学,020,计算机类,12,651,11878
2024,3101,东华大学,021,人工智能,4,651,11933
2024,3101,东华大学,022,电子信息类,26,649,13080
2024,3101,东华大学,023,功能材料,3,642,16797
2024,3101,东华大学,024,材料类,8,643,16569
2024,3101,东华大学,025,智能制造工程,4,648,13859
2024,3101,东华大学,026,工业设计,4,642,16791
2024,3101,东华大学,027,机械工程,6,647,14259
2024,3101,东华大学,028,化学类,3,644,15994
2024,3101,东华大学,029,物理学类（集成电路与新能源）,2,648,13508
2024,3101,东华大学,030,数学类（金融与统计）,7,645,14969
2024,3101,东华大学,031,新闻传播学类,10,650,12836
2024,3101,东华大学,032,日语,2,646,14835
2024,3101,东华大学,033,英语,4,649,13168
2024,3101,东华大学,034,经济与贸易类,10,651,12356
2024,3101,东华大学,035,理科试验班,4,649,13000
2024,3101,东华大学,036,理科试验班类,6,651,12253
2024,3101,东华大学,037,经济管理试验班,15,652,11706
2024,3101,东华大学,038,社会科学试验班,2,655,10353
2024,3102,复旦大学,006,人文科学试验班（拔尖学生培养基地）,3,697,437
2024,3102,复旦大学,008,经济学类（拔尖班）,3,699,293
2024,3102,复旦大学,009,理科试验班（相辉学堂相辉计划）,4,701,222
2024,3103,上海视觉艺术学院,012,广播电视编导,8,562,96797
2024,3103,上海视觉艺术学院,018,文化产业管理,5,570,86810
2024,3104,华东理工大学,001,工科试验班（智能与机器人）,11,656,9583
2024,3104,华东理工大学,002,工科试验班（生物医药）,20,646,14644
2024,3104,华东理工大学,003,工科试验班（智慧化工）,32,646,14571
2024,3104,华东理工大学,004,生物工程类,14,644,15650
2024,3104,华东理工大学,005,化学类,13,644,15726
2024,3104,华东理工大学,006,药学,6,644,15876
2024,3104,华东理工大学,007,材料类（新材料实验班）,12,645,15338
2024,3104,华东理工大学,008,机械类（机械智能化实验班）,34,649,13173
2024,3104,华东理工大学,009,电子信息类,22,655,10303
2024,3104,华东理工大学,010,计算机类,13,658,8839
2024,3104,华东理工大学,011,数学类,7,656,9758
2024,3104,华东理工大学,012,物理学类,14,648,13398
2024,3104,华东理工大学,013,经济学类,6,654,10712
2024,3104,华东理工大学,014,管理科学与工程类,10,645,15186
2024,3104,华东理工大学,015,工商管理类,17,651,12291
2024,3104,华东理工大学,016,国际经济与贸易,6,650,12658
2024,3104,华东理工大学,017,公共管理类,7,649,13201
2024,3104,华东理工大学,018,工业设计,8,646,14608
2024,3104,华东理工大学,019,风景园林（景观建筑规划方向）,4,644,15756
2024,3104,华东理工大学,020,外国语言文学类,13,645,15329
2024,3104,华东理工大学,021,法学,10,654,10777
2024,3104,华东理工大学,023,计算机科学与技术（双学士学位项目）,4,661,7706
2024,3104,华东理工大学,024,应用化学（双学士学位项目）,4,653,10919
2024,3104,华东理工大学,025,环境工程（双学士学位项目）,5,643,16136
2024,3105,华东师范大学,011,汉语言文学,3,673,4057
2024,3105,华东师范大学,012,汉语国际教育,6,663,6892
2024,3105,华东师范大学,013,英语,2,672,4100
2024,3105,华东师范大学,014,翻译（双学位）,2,667,5767
2024,3105,华东师范大学,015,金融学类,5,665,6374
2024,3105,华东师范大学,016,工商管理类,2,665,6407
2024,3105,华东师范大学,017,工商管理（智能商业实验班）,2,664,6642
2024,3105,华东师范大学,018,公共管理类,1,666,5965
2024,3105,华东师范大学,019,人力资源管理（双学位）,2,666,6039
2024,3105,华东师范大学,020,新闻传播学类,2,665,6251
2024,3105,华东师范大学,021,历史学,3,670,4735
2024,3105,华东师范大学,022,哲学,3,666,5964
2024,3105,华东师范大学,023,法学,2,669,5157
2024,3105,华东师范大学,024,法学（双学位）,2,671,4627
2024,3105,华东师范大学,025,社会学类,2,666,6053
2024,3105,华东师范大学,026,教育学类(师范),6,663,6917
2024,3105,华东师范大学,027,金融学（双学位）,3,668,5497
2024,3105,华东师范大学,028,新闻学（双学位）,1,668,5487
2024,3105,华东师范大学,029,心理学类,3,661,7673
2024,3105,华东师范大学,030,数学与应用数学,6,671,4389
2024,3105,华东师范大学,031,统计学类,6,665,6203
2024,3105,华东师范大学,032,统计学（双学位）,4,671,4430
2024,3105,华东师范大学,033,物理学,3,670,4780
2024,3105,华东师范大学,034,电子信息科学与技术,2,668,5353
2024,3105,华东师范大学,035,通信工程,2,665,6219
2024,3105,华东师范大学,036,微电子科学与工程,3,666,5872
2024,3105,华东师范大学,037,计算机科学与技术,11,666,5941
2024,3105,华东师范大学,038,软件工程,18,667,5607
2024,3105,华东师范大学,039,数据科学与大数据技术,4,669,4985
2024,3105,华东师范大学,040,化学,2,668,5392
2024,3105,华东师范大学,041,生物科学类,2,664,6509
2024,3105,华东师范大学,042,地理科学,2,664,6743
2024,3105,华东师范大学,043,地理信息科学,2,664,6528
2024,3105,华东师范大学,044,地理信息科学（双学位）,2,666,5992
2024,3105,华东师范大学,045,环境科学与工程类,2,661,7728
2024,3105,华东师范大学,046,生态学,2,660,8207
2024,3105,华东师范大学,050,广播电视编导,3,662,7480
2024,3106,华东政法大学,001,法学（民商法律）,14,666,5817
2024,3106,华东政法大学,002,法学（卓越民商法治人才实验班）,4,671,4622
2024,3106,华东政法大学,003,法学（经济法）,10,665,6363
2024,3106,华东政法大学,004,法学（卓越经济法律人才实验班）,3,670,4792
2024,3106,华东政法大学,005,法学（国际经济法）,10,664,6777
2024,3106,华东政法大学,006,法学（沪港交流涉外卓越法律人才实验班）,4,668,5438
2024,3106,华东政法大学,007,法学（刑事法律）,4,665,6272
2024,3106,华东政法大学,008,法学（刑事司法）,2,665,6445
2024,3106,华东政法大学,009,法学（网络与信息法）,2,665,6392
2024,3106,华东政法大学,010,法学（卓越刑事法律人才实验班）,2,671,4600
2024,3106,华东政法大学,011,法学（涉外卓越国际金融法律人才实验班）,11,665,6131
2024,3106,华东政法大学,012,知识产权（卓越人才实验班）,5,664,6707
2024,3106,华东政法大学,013,政治学与行政学,2,658,9089
2024,3106,华东政法大学,014,新闻学（卓越人才实验班）,4,652,11515
2024,3106,华东政法大学,015,网络与新媒体,2,654,10828
2024,3106,华东政法大学,016,英语（涉外法商）,6,652,11796
2024,3106,华东政法大学,017,德语（涉外法商）,2,651,11986
2024,3106,华东政法大学,018,日语（涉外法商）,2,652,11837
2024,3106,华东政法大学,019,翻译（涉外法商）,2,652,11800
2024,3106,华东政法大学,020,社会学类,3,653,11274
2024,3106,华东政法大学,021,公共管理类,3,654,10880
2024,3106,华东政法大学,022,经济学类,9,654,10728
2024,3106,华东政法大学,023,司法鉴定学,4,663,7160
2024,3109,上海财经大学,001,会计学,3,677,2972
2024,3109,上海财经大学,002,财务管理（智能化方向）,6,671,4512
2024,3109,上海财经大学,003,会计学（ACCA）,5,669,5156
2024,3109,上海财经大学,004,金融学,10,668,5201
2024,3109,上海财经大学,005,保险学（精算与大数据）,2,662,7565
2024,3109,上海财经大学,006,数字经济,3,660,8158
2024,3109,上海财经大学,007,工商管理类,4,664,6814
2024,3109,上海财经大学,008,国际经济与贸易,4,664,6575
2024,3109,上海财经大学,009,经济学（数量经济）,6,666,6031
2024,3109,上海财经大学,010,经济学,2,673,3979
2024,3109,上海财经大学,011,经济学（双学士学位）,1,677,2942
2024,3109,上海财经大学,012,财政学类,3,668,5454
2024,3109,上海财经大学,013,投资学,2,665,6379
2024,3109,上海财经大学,014,公共管理类,2,662,7450
2024,3109,上海财经大学,015,新闻学,2,661,7808
2024,3109,上海财经大学,016,信息管理与信息系统,2,665,6217
2024,3109,上海财经大学,017,电子商务（商务智能）,2,655,9995
2024,3109,上海财经大学,018,数据科学与大数据技术（工学）,7,659,8500
2024,3109,上海财经大学,019,商务英语,4,660,8268
2024,3109,上海财经大学,020,统计学类,5,663,6924
2024,3109,上海财经大学,021,数学类,3,663,7032
2024,3109,上海财经大学,022,数学与应用数学（双学士学位）,2,669,5060
2024,3109,上海财经大学,023,投资学（双学士学位）,3,666,5821
2024,3109,上海财经大学,024,法学（双学士学位、法学和金融学）,3,668,5494
2024,3110,上海城建职业学院,501,工程测量技术,4,497,172476
2024,3110,上海城建职业学院,502,建筑工程技术,6,497,172133
2024,3110,上海城建职业学院,503,装配式建筑工程技术,5,492,
2024,3110,上海城建职业学院,504,智能建造技术,3,492,
2024,3110,上海城建职业学院,505,工程造价,7,510,157986
2024,3110,上海城建职业学院,506,建设工程管理,5,492,
2024,3110,上海城建职业学院,507,安全技术与管理,4,492,
2024,3110,上海城建职业学院,509,现代物业管理,3,492,
2024,3110,上海城建职业学院,510,园林技术,6,497,172176
2024,3110,上海城建职业学院,513,市政工程技术,6,493,176575
2024,3110,上海城建职业学院,515,机电一体化技术,7,499,169828
2024,3110,上海城建职业学院,516,智能控制技术,5,492,
2024,3110,上海城建职业学院,517,计算机应用技术,8,509,159102
2024,3110,上海城建职业学院,518,大数据技术,6,496,173621
2024,3110,上海城建职业学院,519,人工智能技术应用,4,500,168570
2024,3110,上海城建职业学院,520,建筑设计,5,508,160250
2024,3110,上海城建职业学院,521,建筑装饰工程技术,3,501,168433
2024,3110,上海城建职业学院,522,古建筑工程技术,5,509,159058
2024,3110,上海城建职业学院,525,文物修复与保护,6,516,150456
2024,3110,上海城建职业学院,526,食品质量与安全,6,493,176246
2024,3110,上海城建职业学院,527,食品检验检测技术,5,504,164679
2024,3110,上海城建职业学院,528,会展策划与管理,4,503,166085
2024,3110,上海城建职业学院,529,护理,8,524,142000
2024,3110,上海城建职业学院,530,医学检验技术,10,521,145389
2024,3110,上海城建职业学院,531,健康管理（医学美容）,5,497,172495
2024,3110,上海城建职业学院,532,智慧健康养老服务与管理,3,511,156554
2024,3110,上海城建职业学院,533,大数据与会计,6,522,143231
2024,3110,上海城建职业学院,534,国际商务,4,494,175005
2024,3110,上海城建职业学院,535,现代物流管理,3,492,177622
2024,3110,上海城建职业学院,536,现代物流管理（铁路运输）,3,495,173921
2024,3110,上海城建职业学院,537,人力资源管理,6,509,158996
2024,3111,上海出版印刷高等专科学校,502,包装工程技术,5,492,
2024,3111,上海出版印刷高等专科学校,503,人工智能技术应用,6,492,
2024,3111,上海出版印刷高等专科学校,504,数字印刷技术,3,492,177595
2024,3111,上海出版印刷高等专科学校,505,数字媒体技术,5,504,164780
2024,3111,上海出版印刷高等专科学校,506,虚拟现实技术应用,5,492,
2024,3111,上海出版印刷高等专科学校,508,商务英语,12,496,173783
2024,3111,上海出版印刷高等专科学校,509,会展策划与管理,4,494,175374
2024,3111,上海出版印刷高等专科学校,518,文化产业经营与管理,3,493,176225
2024,3111,上海出版印刷高等专科学校,520,影视编导,6,492,
2024,3112,上海大学,001,思想政治教育,2,657,9443
2024,3112,上海大学,002,社会学类,4,659,8432
2024,3112,上海大学,003,日语,2,650,12678
2024,3112,上海大学,004,国际经济与贸易(中外合作办学),15,645,15551
2024,3112,上海大学,005,工商管理(中外合作办学),8,646,14756
2024,3112,上海大学,006,金融学(中外合作办学),12,648,13639
2024,3112,上海大学,007,英语,3,652,11619
2024,3112,上海大学,008,理科试验班,10,652,11397
2024,3112,上海大学,009,经济学类,10,649,12898
2024,3112,上海大学,010,电气类,13,652,11803
2024,3112,上海大学,011,通信工程（卓越工程师班）,4,654,10543
2024,3112,上海大学,012,电子信息工程（卓越工程师班）,4,656,9920
2024,3112,上海大学,013,计算机科学与技术,5,657,9298
2024,3112,上海大学,014,信息管理与信息系统(中外合作办学),2,647,14120
2024,3112,上海大学,015,机械工程(中外合作办学),10,639,18864
2024,3112,上海大学,016,信息工程(中外合作办学),29,640,17947
2024,3112,上海大学,017,材料类,3,645,15380
2024,3112,上海大学,018,电气工程及其自动化(中外合作办学),3,648,13559
2024,3112,上海大学,019,土木工程(中外合作办学),3,629,25660
2024,3112,上海大学,020,环境工程(中外合作办学),3,635,21297
2024,3112,上海大学,021,电子信息类,4,655,10252
2024,3112,上海大学,036,艺术管理,2,646,14874
2024,3112,上海大学,037,广播电视编导,4,644,15587
2024,3112,上海大学,038,戏剧影视文学,3,644,15861
2024,3113,上海第二工业大学,001,智能制造工程,2,602,51640
2024,3113,上海第二工业大学,002,计算机科学与技术（卓越工程师班）,2,621,32588
2024,3113,上海第二工业大学,003,智能科学与技术,2,612,40712
2024,3113,上海第二工业大学,004,软件工程,2,614,38933
2024,3113,上海第二工业大学,005,数据科学与大数据技术,2,608,44766
2024,3113,上海第二工业大学,006,新能源科学与工程,2,598,55201
2024,3113,上海第二工业大学,007,标准化工程,2,595,58814
2024,3113,上海第二工业大学,008,信用管理,2,601,52211
2024,3113,上海第二工业大学,009,财务管理,2,614,39471
2024,3113,上海第二工业大学,010,会展经济与管理,2,602,51810
2024,3113,上海第二工业大学,011,汉语国际教育,3,604,49548
2024,3114,上海电机学院,001,电子封装技术,6,567,90812
2024,3114,上海电机学院,002,焊接技术与工程,4,556,103842
2024,3114,上海电机学院,003,工业工程类,4,570,87719
2024,3114,上海电机学院,004,经济统计学,3,574,82424
2024,3114,上海电机学院,006,电气工程及其自动化(中外合作办学)（中德合作）,3,564,94446
2024,3114,上海电机学院,007,机械电子工程(中外合作办学)（中德合作）,4,558,100925
2024,3114,上海电机学院,008,物流管理(中外合作办学)（中德合作）,3,585,70108
2024,3115,上海电力大学,001,能源与动力工程,3,631,24679
2024,3115,上海电力大学,002,机械设计制造及其自动化,2,630,25250
2024,3115,上海电力大学,003,新能源科学与工程,2,629,25858
2024,3115,上海电力大学,004,核工程与核技术,3,629,26049
2024,3115,上海电力大学,005,新能源材料与器件,4,618,35049
2024,3115,上海电力大学,006,电气工程及其自动化,23,646,14778
2024,3115,上海电力大学,007,能源互联网工程,3,637,20079
2024,3115,上海电力大学,008,电气工程及其自动化(中外合作办学),9,641,17432
2024,3115,上海电力大学,009,自动化,4,634,22011
2024,3115,上海电力大学,010,核电技术与控制工程,4,619,34253
2024,3115,上海电力大学,011,计算机科学与技术,3,627,27696
2024,3115,上海电力大学,012,通信工程,2,625,29152
2024,3115,上海电力大学,013,电子信息工程,2,625,29079
2024,3115,上海电力大学,014,集成电路设计与集成系统,3,621,32429
2024,3115,上海电力大学,015,工程管理,2,614,39404
2024,3115,上海电力大学,016,能源服务工程,2,618,35164
2024,3115,上海电力大学,017,信息与计算科学,3,619,34447
2024,3115,上海电力大学,018,英语,2,615,38690
2024,3117,上海电子信息职业技术学院,501,应用电子技术,14,492,
2024,3117,上海电子信息职业技术学院,503,微电子技术,20,492,
2024,3117,上海电子信息职业技术学院,504,电子竞技运动与管理,21,492,
2024,3117,上海电子信息职业技术学院,506,工业机器人技术,16,492,
2024,3117,上海电子信息职业技术学院,507,电气自动化技术,18,492,
2024,3117,上海电子信息职业技术学院,509,智能机器人技术,20,492,
2024,3117,上海电子信息职业技术学院,510,机电一体化技术,12,492,
2024,3117,上海电子信息职业技术学院,511,人力资源管理,21,492,
2024,3117,上海电子信息职业技术学院,512,会展策划与管理,12,492,
2024,3117,上海电子信息职业技术学院,513,跨境电子商务,11,492,
2024,3117,上海电子信息职业技术学院,515,大数据与会计,12,500,168687
2024,3117,上海电子信息职业技术学院,516,数字媒体技术,12,492,
2024,3117,上海电子信息职业技术学院,518,信息安全技术应用,15,492,
2024,3117,上海电子信息职业技术学院,519,大数据技术,14,494,175137
2024,3117,上海电子信息职业技术学院,520,人工智能技术应用,14,492,
2024,3117,上海电子信息职业技术学院,521,建筑智能化工程技术（楼宇智能化方向）,10,492,
2024,3117,上海电子信息职业技术学院,522,智能互联网络技术,16,492,
2024,3117,上海电子信息职业技术学院,523,软件技术,10,506,162656
2024,3117,上海电子信息职业技术学院,524,计算机应用技术,15,492,
2024,3117,上海电子信息职业技术学院,525,现代通信技术,23,492,
2024,3117,上海电子信息职业技术学院,526,计算机网络技术,17,492,
2024,3117,上海电子信息职业技术学院,527,应用德语,3,492,
2024,3117,上海电子信息职业技术学院,528,应用英语,12,492,
2024,3117,上海电子信息职业技术学院,530,无人机应用技术,20,492,
2024,3117,上海电子信息职业技术学院,531,飞机电子设备维修,30,492,
2024,3117,上海电子信息职业技术学院,532,数字化设计与制造技术,33,492,
2024,3118,上海东海职业技术学院,504,大数据与会计（高本贯通）,20,503,165734
2024,3118,上海东海职业技术学院,506,关务与外贸服务,10,492,
2024,3118,上海东海职业技术学院,507,关务与外贸服务（高本贯通）,20,492,
2024,3118,上海东海职业技术学院,509,电子商务（高本贯通）,20,492,
2024,3118,上海东海职业技术学院,515,汽车检测与维修技术（高本贯通）,15,492,
2024,3118,上海东海职业技术学院,516,护理,200,492,
2024,3118,上海东海职业技术学院,517,护理（高本贯通）,32,506,162498
2024,3118,上海东海职业技术学院,526,广播影视节目制作（高本贯通）,3,506,162625
2024,3119,上海对外经贸大学,001,国际经济与贸易（全英语）,2,644,16120
2024,3119,上海对外经贸大学,002,国际经济与贸易,3,643,16417
2024,3119,上海对外经贸大学,003,经济学（国际投资方向）,2,647,14377
2024,3119,上海对外经贸大学,004,电子商务,2,635,21664
2024,3119,上海对外经贸大学,005,物流管理(中外合作办学)（中澳合作）,2,629,26329
2024,3119,上海对外经贸大学,006,国际商务(中外合作办学)（中澳合作）,5,631,24720
2024,3119,上海对外经贸大学,007,国际经济发展合作,4,638,19637
2024,3119,上海对外经贸大学,008,英语,2,638,19883
2024,3119,上海对外经贸大学,009,英语(中外合作办学)（中英合作）,2,629,26145
2024,3119,上海对外经贸大学,010,法语（商务法语方向）,2,635,21554
2024,3119,上海对外经贸大学,011,金融学（全英语）,2,646,14533
2024,3119,上海对外经贸大学,012,金融学,3,648,13582
2024,3119,上海对外经贸大学,013,金融学(中外合作办学)（中加合作）,3,637,20377
2024,3119,上海对外经贸大学,014,金融工程,3,628,26486
2024,3119,上海对外经贸大学,015,投资学,4,639,19065
2024,3119,上海对外经贸大学,016,财务管理,2,647,14052
2024,3119,上海对外经贸大学,017,财务管理(中外合作办学)（中加合作）,2,639,19193
2024,3119,上海对外经贸大学,018,资产评估,2,638,19793
2024,3119,上海对外经贸大学,019,法学（国际经济法方向）,2,653,11240
2024,3119,上海对外经贸大学,020,人力资源管理,3,640,18361
2024,3119,上海对外经贸大学,021,会计学（国际会计方向）,3,652,11809
2024,3119,上海对外经贸大学,022,审计学（注册会计师方向）,2,651,12073
2024,3119,上海对外经贸大学,023,会展经济与管理(中外合作办学)（中德合作）,2,628,26865
2024,3119,上海对外经贸大学,024,经济统计学,2,639,18976
2024,3119,上海对外经贸大学,025,数据科学与大数据技术,3,635,21373
2024,3119,上海对外经贸大学,026,人工智能,4,630,24932
2024,3119,上海对外经贸大学,027,国际经贸规则,2,640,18013
2024,3119,上海对外经贸大学,028,国际政治,2,633,23039
2024,3120,上海工程技术大学,001,机械工程,1,597,56502
2024,3120,上海工程技术大学,002,智能制造工程,1,604,48787
2024,3120,上海工程技术大学,003,机器人工程,1,606,47115
2024,3120,上海工程技术大学,004,车辆工程,1,590,64011
2024,3120,上海工程技术大学,005,电子信息类,6,608,45088
2024,3120,上海工程技术大学,006,金融学,2,612,41287
2024,3120,上海工程技术大学,007,信息管理与信息系统,1,613,39882
2024,3120,上海工程技术大学,008,养老服务管理,1,614,39231
2024,3120,上海工程技术大学,009,电子封装技术,3,583,72372
2024,3120,上海工程技术大学,010,材料成型及控制工程,2,589,65117
2024,3120,上海工程技术大学,012,物流管理（民航物流）,1,614,39423
2024,3120,上海工程技术大学,013,交通管理,1,607,46265
2024,3120,上海工程技术大学,017,车辆工程（城市轨道交通车辆）,9,581,74234
2024,3120,上海工程技术大学,018,轨道交通信号与控制,7,588,66160
2024,3120,上海工程技术大学,019,交通运输,9,580,76005
2024,3120,上海工程技术大学,020,铁道工程,4,584,70747
2024,3120,上海工程技术大学,021,翻译,2,604,49285
2024,3122,上海工商外国语职业学院,502,应用英语（高本贯通）,15,492,
2024,3122,上海工商外国语职业学院,505,应用日语（高本贯通）,25,492,
2024,3123,上海工艺美术职业学院,513,传播与策划,2,526,139502
2024,3123,上海工艺美术职业学院,514,文物修复与保护,3,522,144187
2024,3123,上海工艺美术职业学院,515,数字媒体技术,3,518,149045
2024,3123,上海工艺美术职业学院,516,美术教育,5,513,153998
2024,3123,上海工艺美术职业学院,517,虚拟现实技术应用,3,512,155858
2024,3123,上海工艺美术职业学院,518,风景园林设计,4,513,154313
2024,3124,上海海关学院,002,国际商务,3,636,20931
2024,3124,上海海关学院,003,法学,3,640,18423
2024,3124,上海海关学院,004,物流管理,3,635,21795
2024,3124,上海海关学院,005,经济统计学,2,630,25188
2024,3124,上海海关学院,006,数据科学与大数据技术,3,625,29518
2024,3125,上海海事大学,004,交通运输,8,616,37133
2024,3125,上海海事大学,005,交通工程,4,610,42925
2024,3125,上海海事大学,006,物流管理,4,630,25420
2024,3125,上海海事大学,007,交通管理（国航）,3,639,18972
2024,3125,上海海事大学,008,大数据管理与应用,4,615,38081
2024,3125,上海海事大学,009,机械设计制造及其自动化,6,616,36902
2024,3125,上海海事大学,010,机械电子工程,2,614,38992
2024,3125,上海海事大学,011,电气工程及其自动化,6,617,36286
2024,3125,上海海事大学,012,自动化,2,616,37154
2024,3125,上海海事大学,013,计算机科学与技术,4,625,29066
2024,3125,上海海事大学,014,网络工程,2,624,29964
2024,3125,上海海事大学,015,人工智能,2,622,31640
2024,3125,上海海事大学,016,计算机科学与技术（双学士学位项目）,2,627,27525
2024,3125,上海海事大学,017,电子信息工程,2,621,32444
2024,3125,上海海事大学,018,通信工程,2,620,33338
2024,3125,上海海事大学,019,数学类,2,615,38514
2024,3125,上海海事大学,020,思想政治教育,5,629,26348
2024,3125,上海海事大学,021,安全工程,4,590,64161
2024,3125,上海海事大学,022,船舶与海洋工程,14,594,59895
2024,3125,上海海事大学,023,港口航道与海岸工程,16,581,74629
2024,3125,上海海事大学,024,材料科学与工程,5,600,53003
2024,3125,上海海事大学,025,法学（海商法）,5,648,13784
2024,3127,上海海洋大学,001,水产类,7,593,60657
2024,3127,上海海洋大学,002,海洋渔业科学与技术,8,595,59188
2024,3127,上海海洋大学,003,国际经济与贸易,9,616,37123
2024,3127,上海海洋大学,004,会计学,9,626,28166
2024,3127,上海海洋大学,005,金融学,9,620,33418
2024,3127,上海海洋大学,006,工商管理（食品经济管理）,7,616,37731
2024,3127,上海海洋大学,007,电气工程及其自动化,7,617,36473
2024,3127,上海海洋大学,008,计算机类,8,621,32459
2024,3127,上海海洋大学,009,英语,8,615,38440
2024,3127,上海海洋大学,010,日语,8,608,45269
2024,3127,上海海洋大学,011,市场营销(中外合作办学),10,603,50577
2024,3127,上海海洋大学,012,信息管理与信息系统(中外合作办学),10,595,58484
2024,3128,上海济光职业技术学院,522,建筑工程技术（高本贯通）,5,492,
2024,3128,上海济光职业技术学院,523,建设工程管理（高本贯通，房屋建筑方向）,5,498,171186
2024,3128,上海济光职业技术学院,524,酒店管理与数字化运营（高本贯通）,12,492,
2024,3130,上海建桥学院,001,数字经济,6,499,169935
2024,3130,上海建桥学院,002,金融工程,8,509,158265
2024,3130,上海建桥学院,003,工程管理,4,503,165613
2024,3130,上海建桥学院,004,宝石及材料工艺学,4,495,174262
2024,3130,上海建桥学院,005,机械设计制造及其自动化,5,492,
2024,3130,上海建桥学院,006,汽车服务工程,10,492,
2024,3130,上海建桥学院,007,智能制造工程,16,492,
2024,3130,上海建桥学院,008,电子科学与技术,12,492,
2024,3130,上海建桥学院,009,微电子科学与工程,12,492,
2024,3130,上海建桥学院,010,计算机科学与技术,14,502,166761
2024,3130,上海建桥学院,011,软件工程,10,492,
2024,3130,上海建桥学院,012,网络工程,11,492,
2024,3130,上海建桥学院,013,物联网工程,11,492,
2024,3130,上海建桥学院,014,数字媒体技术,12,492,
2024,3130,上海建桥学院,015,机械设计制造及其自动化(中外合作办学),5,492,
2024,3130,上海建桥学院,016,计算机科学与技术（双语班）,5,502,167139
2024,3130,上海建桥学院,018,数字媒体技术（双语班）,6,492,
2024,3130,上海建桥学院,019,数字媒体技术（全英语教学）,2,494,175489
2024,3130,上海建桥学院,020,护理学,8,552,109159
2024,3130,上海建桥学院,021,国际经济与贸易,6,548,112920
2024,3130,上海建桥学院,022,会计学,4,558,101168
2024,3130,上海建桥学院,023,物流管理,4,535,128036
2024,3130,上海建桥学院,024,电子商务,4,542,120489
2024,3130,上海建桥学院,025,旅游管理,4,533,130908
2024,3130,上海建桥学院,026,工商管理（奢侈品管理）,3,540,123009
2024,3130,上海建桥学院,027,英语,4,545,116434
2024,3130,上海建桥学院,028,德语,4,535,129010
2024,3130,上海建桥学院,029,日语,4,535,129044
2024,3130,上海建桥学院,030,商务英语,4,535,128879
2024,3130,上海建桥学院,031,秘书学,3,547,114602
2024,3130,上海建桥学院,032,新闻学,4,549,112590
2024,3130,上海建桥学院,033,广告学,3,549,111648
2024,3130,上海建桥学院,034,传播学（围棋）,20,526,139541
2024,3130,上海建桥学院,035,网络与新媒体,9,553,107533
2024,3130,上海建桥学院,036,时尚传播,4,540,122901
2024,3130,上海建桥学院,037,新闻学（双语班）,8,534,129856
2024,3130,上海建桥学院,038,日语,2,538,125271
2024,3130,上海建桥学院,039,网络与新媒体,4,551,109431
2024,3130,上海建桥学院,040,学前教育,4,541,121335
2024,3130,上海建桥学院,041,小学教育,4,557,102727
2024,3130,上海建桥学院,042,健康服务与管理,4,543,119207
2024,3130,上海建桥学院,043,养老服务管理,4,542,120612
2024,3130,上海建桥学院,501,护理,13,513,154449
2024,3130,上海建桥学院,502,计算机应用技术（双语班）,18,492,
2024,3130,上海建桥学院,503,商务日语,5,498,171729
2024,3130,上海建桥学院,504,机电一体化技术,10,492,
2024,3130,上海建桥学院,505,空中乘务,20,492,
2024,3130,上海建桥学院,506,计算机应用技术,20,492,
2024,3130,上海建桥学院,507,国际商务,20,492,
2024,3130,上海建桥学院,509,现代物流管理,6,492,
2024,3130,上海建桥学院,511,商务英语,27,492,
2024,3131,上海交通大学,001,人工智能（卓越人才试点班）,4,702,178
2024,3131,上海交通大学,002,电子信息类（IEEE试点班，含双学士学位项目）,4,703,153
2024,3131,上海交通大学,005,计算机科学与技术（ACM班，致远理科荣誉计划）,1,706,90
2024,3132,上海交通大学医学院,001,临床医学,3,701,238
2024,3132,上海交通大学医学院,002,临床医学（法语班）,1,701,241
2024,3132,上海交通大学医学院,003,临床医学（口腔方向）,1,699,301
2024,3133,上海交通职业技术学院,501,城市轨道车辆应用技术,6,511,156319
2024,3133,上海交通职业技术学院,502,城市轨道交通工程技术,6,505,163676
2024,3133,上海交通职业技术学院,503,城市轨道交通供配电技术,5,506,162487
2024,3133,上海交通职业技术学院,504,城市轨道交通机电技术,8,502,166734
2024,3133,上海交通职业技术学院,505,城市轨道交通通信信号技术,8,512,155223
2024,3133,上海交通职业技术学院,506,城市轨道交通运营管理,8,511,156577
2024,3133,上海交通职业技术学院,507,汽车智能技术,8,492,
2024,3133,上海交通职业技术学院,508,新能源汽车技术,8,500,168737
2024,3133,上海交通职业技术学院,509,智能网联汽车技术,8,492,
2024,3133,上海交通职业技术学院,510,城市燃气工程技术,6,492,
2024,3133,上海交通职业技术学院,513,道路与桥梁工程技术,8,492,
2024,3133,上海交通职业技术学院,516,智能机电技术,6,492,
2024,3133,上海交通职业技术学院,517,轮机工程技术,6,492,
2024,3133,上海交通职业技术学院,518,交通运营管理,6,492,
2024,3133,上海交通职业技术学院,519,大数据与会计,5,503,165217
2024,3133,上海交通职业技术学院,520,关务与外贸服务,6,492,
2024,3135,上海科学技术职业学院,503,信息安全技术应用,27,492,
2024,3135,上海科学技术职业学院,505,人工智能技术应用,10,492,
2024,3135,上海科学技术职业学院,513,网络营销与直播电商,7,492,
2024,3135,上海科学技术职业学院,515,大数据与会计,12,492,
2024,3135,上海科学技术职业学院,516,电子商务,12,492,
2024,3135,上海科学技术职业学院,520,汽车检测与维修技术（高本贯通）,12,499,169718
2024,3135,上海科学技术职业学院,521,现代物流管理（高本贯通）,13,509,159247
2024,3135,上海科学技术职业学院,522,旅游管理（高本贯通）,12,500,168852
2024,3135,上海科学技术职业学院,523,社会工作（高本贯通）,8,516,150865
2024,3136,上海理工大学,001,工科试验班（智能化制造类）,34,626,28050
2024,3136,上海理工大学,002,工科试验班（电子与信息类）,17,635,21393
2024,3136,上海理工大学,003,理科试验班,2,633,23026
2024,3136,上海理工大学,004,经济管理试验班,5,640,18294
2024,3136,上海理工大学,005,新闻传播学类,2,638,19587
2024,3136,上海理工大学,006,英语,5,630,25514
2024,3136,上海理工大学,007,德语,2,626,28770
2024,3136,上海理工大学,008,日语,2,622,31895
2024,3136,上海理工大学,009,工商管理(中外合作办学)（中英合作）,2,631,24760
2024,3136,上海理工大学,010,国际经济与贸易(中外合作办学)（中德合作）,2,623,30935
2024,3136,上海理工大学,011,机械设计制造及其自动化(中外合作办学)（与德国汉堡应用技术大学合作,2,630,25180
2024,3136,上海理工大学,012,电气工程及其自动化(中外合作办学)（中德合作）,2,625,29412
2024,3137,上海立达学院,007,数字经济,3,492,
2024,3137,上海立达学院,008,金融科技,15,492,
2024,3137,上海立达学院,009,汉语言文学,16,530,134711
2024,3137,上海立达学院,010,人工智能,14,492,
2024,3137,上海立达学院,011,计算机科学与技术,15,492,
2024,3137,上海立达学院,013,会计学,22,527,137345
2024,3137,上海立达学院,014,财务管理,12,526,138863
2024,3137,上海立达学院,015,国际商务,8,524,141301
2024,3137,上海立达学院,502,计算机应用技术,30,492,
2024,3137,上海立达学院,503,计算机网络技术,25,492,
2024,3137,上海立达学院,505,护理,65,492,
2024,3137,上海立达学院,506,金融服务与管理,20,492,
2024,3137,上海立达学院,507,大数据与会计,32,492,
2024,3137,上海立达学院,512,传播与策划,55,492,
2024,3138,上海立信会计金融学院,001,会计学,5,633,23122
2024,3138,上海立信会计金融学院,002,财务管理,5,625,29154
2024,3138,上海立信会计金融学院,003,审计学,7,626,28493
2024,3138,上海立信会计金融学院,004,资产评估,3,614,39312
2024,3138,上海立信会计金融学院,005,金融学,5,620,33865
2024,3138,上海立信会计金融学院,006,投资学,2,599,54452
2024,3138,上海立信会计金融学院,007,金融工程,4,578,77824
2024,3138,上海立信会计金融学院,008,工商管理,2,607,46274
2024,3138,上海立信会计金融学院,009,人力资源管理,3,601,52580
2024,3138,上海立信会计金融学院,010,市场营销,2,602,51800
2024,3138,上海立信会计金融学院,011,经济学,1,624,30389
2024,3138,上海立信会计金融学院,012,国际经济与贸易,2,614,39540
2024,3138,上海立信会计金融学院,013,国际商务,1,619,34806
2024,3138,上海立信会计金融学院,014,财政学,2,614,39247
2024,3138,上海立信会计金融学院,015,税收学,10,609,43618
2024,3138,上海立信会计金融学院,016,经济统计学,2,609,43701
2024,3138,上海立信会计金融学院,017,应用统计学,7,580,75785
2024,3138,上海立信会计金融学院,018,数学与应用数学,4,583,71857
2024,3138,上海立信会计金融学院,019,金融数学,2,602,51861
2024,3138,上海立信会计金融学院,020,计算机科学与技术,4,593,61124
2024,3138,上海立信会计金融学院,021,数据科学与大数据技术,4,590,64027
2024,3138,上海立信会计金融学院,022,智能科学与技术,1,592,61719
2024,3138,上海立信会计金融学院,023,电子商务,1,575,81298
2024,3138,上海立信会计金融学院,024,商务英语,5,597,57143
2024,3138,上海立信会计金融学院,025,英语,2,600,53562
2024,3138,上海立信会计金融学院,026,保险学,1,609,44189
2024,3138,上海立信会计金融学院,027,精算学,4,608,45115
2024,3138,上海立信会计金融学院,028,法学,2,625,29392
2024,3138,上海立信会计金融学院,029,社会工作,2,605,47864
2024,3138,上海立信会计金融学院,030,金融科技,4,593,60741
2024,3138,上海立信会计金融学院,031,汉语言文学,1,619,34356
2024,3139,上海旅游高等专科学校,501,大数据与财务管理,3,515,151708
2024,3139,上海旅游高等专科学校,502,大数据与会计,5,512,155065
2024,3139,上海旅游高等专科学校,503,电子商务,3,503,166020
2024,3139,上海旅游高等专科学校,504,旅游管理,6,492,
2024,3139,上海旅游高等专科学校,505,定制旅行管理与服务,4,492,
2024,3139,上海旅游高等专科学校,509,智慧旅游技术应用,2,492,
2024,3139,上海旅游高等专科学校,510,会展策划与管理,4,499,170328
2024,3139,上海旅游高等专科学校,511,休闲服务与管理,3,492,
2024,3139,上海旅游高等专科学校,512,中西面点工艺,3,510,157702
2024,3139,上海旅游高等专科学校,513,西式烹饪工艺,4,508,160132
2024,3139,上海旅游高等专科学校,514,全媒体广告策划与营销,5,504,164898
2024,3139,上海旅游高等专科学校,516,应用韩语,4,492,
2024,3141,上海农林职业技术学院,502,动物医学,7,524,141254
2024,3141,上海农林职业技术学院,503,药品生物技术,12,492,
2024,3141,上海农林职业技术学院,504,农产品加工与质量检测,5,498,171294
2024,3141,上海农林职业技术学院,506,风景园林设计,15,492,
2024,3141,上海农林职业技术学院,508,融媒体技术与运营,10,492,
2024,3141,上海农林职业技术学院,510,软件技术,5,507,160979
2024,3141,上海农林职业技术学院,511,人工智能技术应用,10,492,
2024,3143,上海杉达学院,001,国际经济与贸易,2,555,104912
2024,3143,上海杉达学院,002,金融学,3,559,100386
2024,3143,上海杉达学院,003,金融学（双语教学）,3,547,114046
2024,3143,上海杉达学院,004,金融学（CFA方向）,3,548,113196
2024,3143,上海杉达学院,005,会计学,3,568,90182
2024,3143,上海杉达学院,006,会计学（双语教学）,3,552,108915
2024,3143,上海杉达学院,007,财务管理,3,563,95528
2024,3143,上海杉达学院,008,财务管理（CIMA方向）,3,549,112510
2024,3143,上海杉达学院,009,市场营销,3,543,119488
2024,3143,上海杉达学院,010,法学,3,574,83181
2024,3143,上海杉达学院,011,人力资源管理,3,544,118395
2024,3143,上海杉达学院,012,劳动与社会保障,3,539,123932
2024,3143,上海杉达学院,013,食品质量与安全,3,492,
2024,3143,上海杉达学院,014,旅游管理,2,542,120884
2024,3143,上海杉达学院,015,旅游管理（双语教学）,7,523,143076
2024,3143,上海杉达学院,016,酒店管理,2,537,126527
2024,3143,上海杉达学院,017,酒店管理（双语教学）,6,523,143033
2024,3143,上海杉达学院,018,英语,6,541,121760
2024,3143,上海杉达学院,019,日语,2,539,124428
2024,3143,上海杉达学院,020,翻译（日语翻译方向）,4,532,132248
2024,3143,上海杉达学院,021,西班牙语,2,545,117343
2024,3143,上海杉达学院,022,护理学,30,492,
2024,3143,上海杉达学院,023,康复治疗学,3,492,
2024,3143,上海杉达学院,024,卫生教育,20,526,139391
2024,3143,上海杉达学院,025,计算机科学与技术,10,492,
2024,3143,上海杉达学院,026,数据科学与大数据技术,3,492,
2024,3143,上海杉达学院,027,软件工程,3,492,
2024,3143,上海杉达学院,028,电子商务,2,549,112397
2024,3143,上海杉达学院,029,小学教育,2,568,89156
2024,3143,上海杉达学院,030,学前教育,2,556,103231
2024,3143,上海杉达学院,031,汉语国际教育,2,554,106413
2024,3143,上海杉达学院,032,汉语国际教育（双语教学）,15,525,140410
2024,3143,上海杉达学院,033,新闻学,2,561,98007
2024,3143,上海杉达学院,034,新闻学（传媒经营方向）,2,555,105380
2024,3143,上海杉达学院,035,网络与新媒体,2,560,99214
2024,3143,上海杉达学院,036,时尚传播,2,553,107439
2024,3143,上海杉达学院,037,时尚传播（双语教学）,4,526,138876
2024,3143,上海杉达学院,045,工程管理,2,520,145742
2024,3143,上海杉达学院,046,机械电子工程,2,493,176201
2024,3143,上海杉达学院,048,土木工程,2,492,
2024,3143,上海杉达学院,049,电气工程与智能控制,2,492,
2024,3143,上海杉达学院,050,风景园林,2,541,121750
2024,3143,上海杉达学院,051,国际经济与贸易(中外合作办学)（中美合作）,11,532,132467
2024,3143,上海杉达学院,501,智能控制技术,20,492,
2024,3143,上海杉达学院,502,电气自动化技术,20,492,
2024,3143,上海杉达学院,503,现代物流管理,20,492,
2024,3143,上海杉达学院,504,机电一体化技术（高本贯通）,20,492,
2024,3144,上海商学院,003,商务经济学,6,595,59295
2024,3144,上海商学院,004,税收学,6,600,53792
2024,3144,上海商学院,005,金融学,6,599,54915
2024,3144,上海商学院,006,国际经济与贸易,6,595,59047
2024,3144,上海商学院,007,食品质量与安全,6,549,111700
2024,3144,上海商学院,008,财务管理,6,604,49402
2024,3144,上海商学院,009,酒店管理(中外合作办学),7,569,87886
2024,3144,上海商学院,010,电子商务(中外合作办学),8,576,80304
2024,3145,上海师范大学,012,广播电视编导,12,605,48050
2024,3145,上海师范大学,013,艺术管理,5,613,39966
2024,3145,上海师范大学,015,汉语言文学（光启实验班）,5,651,12216
2024,3145,上海师范大学,016,汉语言文学(师范),6,647,14301
2024,3145,上海师范大学,017,古典文献学,5,633,23279
2024,3145,上海师范大学,018,汉语国际教育(师范),4,635,21879
2024,3145,上海师范大学,019,英语(师范),6,640,18490
2024,3145,上海师范大学,020,日语,5,612,41420
2024,3145,上海师范大学,021,数学与应用数学（数学金融AI实验班）,5,626,28492
2024,3145,上海师范大学,022,生物科学,8,557,102597
2024,3145,上海师范大学,023,园艺,6,580,76102
2024,3145,上海师范大学,024,化学(师范),6,617,36692
2024,3145,上海师范大学,025,地理科学类,5,630,25326
2024,3145,上海师范大学,026,电子信息类,5,613,39672
2024,3145,上海师范大学,027,电子信息工程(中外合作办学)（中美合作）,5,601,51908
2024,3145,上海师范大学,028,科学教育(师范),5,619,34141
2024,3145,上海师范大学,029,土木工程（智能建造方向）,5,564,94558
2024,3145,上海师范大学,030,土木工程(中外合作办学)（中英合作）,8,560,99602
2024,3145,上海师范大学,031,财务管理,6,605,47730
2024,3145,上海师范大学,032,经济学(中外合作办学)（中美合作）,6,614,39242
2024,3145,上海师范大学,033,广告学(中外合作办学)（中法合作）,6,613,40418
2024,3145,上海师范大学,034,新闻传播学类,5,634,22385
2024,3146,上海师范大学天华学院,002,机械电子工程（双语教学）,8,492,
2024,3146,上海师范大学天华学院,003,电子信息工程（双语教学）,9,492,
2024,3146,上海师范大学天华学院,004,通信工程（双语教学）,9,492,
2024,3146,上海师范大学天华学院,006,人工智能（双语教学）,7,492,
2024,3146,上海师范大学天华学院,007,应用心理学（双语教学）,13,540,122192
2024,3146,上海师范大学天华学院,008,国际商务（双语教学）,10,531,133222
2024,3146,上海师范大学天华学院,009,财务管理（双语教学，国际注册会计师培养）,7,545,117070
2024,3146,上海师范大学天华学院,010,财务管理（双语教学，特许金融分析师培养）,12,541,122043
2024,3146,上海师范大学天华学院,011,金融数学（双语教学）,13,492,
2024,3146,上海师范大学天华学院,013,英语（英语教育）,8,545,117373
2024,3146,上海师范大学天华学院,014,学前教育(中外合作办学),13,518,148170
2024,3146,上海师范大学天华学院,015,小学教育(中外合作办学),2,558,101954
2024,3146,上海师范大学天华学院,016,康复治疗学(中外合作办学),7,492,
2024,3147,上海思博职业技术学院,501,护理,120,492,
2024,3147,上海思博职业技术学院,503,护理（高本贯通）,25,499,170385
2024,3147,上海思博职业技术学院,509,国际商务（高本贯通）,24,495,174570
2024,3147,上海思博职业技术学院,511,学前教育（高本贯通）,20,492,
2024,3148,上海体育大学,001,新闻学,4,633,23135
2024,3148,上海体育大学,002,英语,2,621,33116
2024,3148,上海体育大学,003,汉语国际教育,2,619,34780
2024,3148,上海体育大学,004,工商管理类,4,621,33138
2024,3148,上海体育大学,005,医学技术类（运动健康）,12,591,63169
2024,3148,上海体育大学,006,数据科学与大数据技术,4,600,53249
2024,3150,上海兴伟学院,001,英语,15,520,146381
2024,3150,上海兴伟学院,002,国际商务,15,521,144434
2024,3151,上海外国语大学,001,英语（多元方向）,6,660,8286
2024,3151,上海外国语大学,002,翻译（多元方向）,4,657,9451
2024,3151,上海外国语大学,003,英语（教育）,4,657,9319
2024,3151,上海外国语大学,004,商务英语,4,655,10420
2024,3151,上海外国语大学,007,德语（多元方向）,4,653,11258
2024,3151,上海外国语大学,008,法语,4,654,10820
2024,3151,上海外国语大学,009,西班牙语,2,655,10401
2024,3151,上海外国语大学,015,金融学,4,657,9465
2024,3151,上海外国语大学,016,精算学,4,647,13895
2024,3151,上海外国语大学,017,国际经济与贸易,4,655,10414
2024,3151,上海外国语大学,018,法学,8,659,8533
2024,3151,上海外国语大学,019,外交学,3,657,9498
2024,3151,上海外国语大学,020,外交学（双学位）,3,660,8208
2024,3151,上海外国语大学,021,教育技术学,3,635,21354
2024,3151,上海外国语大学,022,汉语国际教育,4,654,10675
2024,3151,上海外国语大学,023,新闻传播学类（卓越国际新闻传播人才计划）,8,654,10653
2024,3151,上海外国语大学,024,工商管理类（卓越管理人才计划）,3,656,9770
2024,3152,上海外国语大学贤达经济人文学院,001,英语,5,537,126409
2024,3152,上海外国语大学贤达经济人文学院,002,日语,5,536,127411
2024,3152,上海外国语大学贤达经济人文学院,003,西班牙语（双语班）,5,525,140711
2024,3152,上海外国语大学贤达经济人文学院,004,阿拉伯语,6,525,140026
2024,3152,上海外国语大学贤达经济人文学院,005,翻译,5,526,138664
2024,3152,上海外国语大学贤达经济人文学院,006,国际经济与贸易,5,556,104158
2024,3152,上海外国语大学贤达经济人文学院,007,会计学（双语班）,5,548,113083
2024,3152,上海外国语大学贤达经济人文学院,008,金融学,5,549,111824
2024,3152,上海外国语大学贤达经济人文学院,009,法学（双语班）,5,561,98428
2024,3152,上海外国语大学贤达经济人文学院,010,工商管理,5,541,121271
2024,3152,上海外国语大学贤达经济人文学院,011,会展经济与管理（双语班）,5,530,134604
2024,3152,上海外国语大学贤达经济人文学院,012,旅游管理,3,531,133569
2024,3152,上海外国语大学贤达经济人文学院,013,文化产业管理,5,537,126698
2024,3152,上海外国语大学贤达经济人文学院,014,金融科技,5,492,
2024,3152,上海外国语大学贤达经济人文学院,017,新闻学（新媒体方向）,5,548,113848
2024,3152,上海外国语大学贤达经济人文学院,018,广告学,5,542,120168
2024,3152,上海外国语大学贤达经济人文学院,021,学前教育（双语班）,5,534,130026
2024,3152,上海外国语大学贤达经济人文学院,022,商务英语,5,532,132260
2024,3152,上海外国语大学贤达经济人文学院,023,德语（商务方向）,5,524,141995
2024,3152,上海外国语大学贤达经济人文学院,024,法语（商务方向）,5,526,139279
2024,3152,上海外国语大学贤达经济人文学院,025,国际经济与贸易（全英语教学班）,6,531,133584
2024,3152,上海外国语大学贤达经济人文学院,026,会计学（全英语教学班）,5,543,119719
2024,3152,上海外国语大学贤达经济人文学院,027,金融学（全英语教学班）,5,537,125990
2024,3152,上海外国语大学贤达经济人文学院,028,工商管理（全英语教学班）,5,529,135161
2024,3152,上海外国语大学贤达经济人文学院,029,大数据管理与应用,5,492,177440
2024,3154,上海工商职业技术学院,529,新能源汽车检测与维修技术（高本贯通）,20,492,
2024,3155,上海行健职业学院,501,应用英语,6,492,
2024,3155,上海行健职业学院,504,工商企业管理(中外合作办学)（中法合作）,11,492,
2024,3155,上海行健职业学院,505,酒店管理与数字化运营,11,492,
2024,3155,上海行健职业学院,507,学前教育（高本贯通）,10,513,154805
2024,3156,上海健康医学院,001,临床医学,5,578,78131
2024,3156,上海健康医学院,002,护理学,30,513,153863
2024,3156,上海健康医学院,003,助产学,15,498,170870
2024,3156,上海健康医学院,004,康复物理治疗,10,510,157378
2024,3156,上海健康医学院,005,生物医学工程,5,534,130044
2024,3156,上海健康医学院,006,临床工程技术,5,541,121002
2024,3156,上海健康医学院,007,医学检验技术,5,532,131995
2024,3156,上海健康医学院,008,口腔医学技术,4,555,105358
2024,3156,上海健康医学院,009,智能影像工程,10,516,150661
2024,3156,上海健康医学院,010,药学,10,527,137352
2024,3156,上海健康医学院,011,药物分析,5,531,132607
2024,3156,上海健康医学院,501,护理,12,548,112952
2024,3156,上海健康医学院,502,康复工程技术,5,527,137871
2024,3156,上海健康医学院,503,医疗器械维护与管理(中外合作办学)（临床工程技术方向）,13,512,155663
2024,3156,上海健康医学院,504,眼视光技术,20,531,133054
2024,3156,上海健康医学院,505,药学,10,533,131341
2024,3159,上海应用技术大学,001,材料科学与工程（卓越工程师计划试点班）,2,592,61922
2024,3159,上海应用技术大学,002,复合材料与工程,2,581,74740
2024,3159,上海应用技术大学,003,机械设计制造及其自动化（卓越工程师计划试点班）,2,605,47834
2024,3159,上海应用技术大学,004,机械类,2,594,59859
2024,3159,上海应用技术大学,005,软件工程（卓越工程师计划试点班）,4,602,51230
2024,3159,上海应用技术大学,006,人工智能,2,599,54180
2024,3159,上海应用技术大学,007,建筑学,2,601,51941
2024,3159,上海应用技术大学,008,应用化学,2,587,67398
2024,3159,上海应用技术大学,009,化妆品技术与工程,3,593,61511
2024,3159,上海应用技术大学,014,工商管理类,2,607,46518
2024,3159,上海应用技术大学,015,英语,2,602,51742
2024,3159,上海应用技术大学,016,风景园林,2,601,52666
2024,3159,上海应用技术大学,017,数学与应用数学,2,590,64375
2024,3160,上海震旦职业学院,517,酒店管理与数字化运营（高本贯通）,30,492,
2024,3161,上海政法学院,001,法学（卓越法律人才培养创新班）,4,652,11830
2024,3161,上海政法学院,002,法学（涉外卓越法律人才培养创新班）,6,649,13297
2024,3161,上海政法学院,003,法学（涉外卓越律师人才培养试点班）,4,648,13775
2024,3161,上海政法学院,004,法学（刑事司法方向）,4,646,14789
2024,3161,上海政法学院,005,法学（民商法方向）,5,647,14079
2024,3161,上海政法学院,006,法学（国际经济法方向）,4,645,15538
2024,3161,上海政法学院,007,法学（人工智能法学方向）,4,645,15505
2024,3161,上海政法学院,008,知识产权,4,643,16619
2024,3161,上海政法学院,009,国际经济与贸易,3,626,28654
2024,3161,上海政法学院,010,经济学,3,632,23682
2024,3161,上海政法学院,011,审计学,4,635,21684
2024,3161,上海政法学院,012,电子商务及法律,5,633,23012
2024,3161,上海政法学院,013,应用心理学,3,622,31676
2024,3161,上海政法学院,014,英语,3,624,30268
2024,3161,上海政法学院,015,俄语,2,611,42002
2024,3161,上海政法学院,016,汉语国际教育,4,620,33597
2024,3161,上海政法学院,017,网络与新媒体,4,626,28776
2024,3161,上海政法学院,018,广播电视学（卓越新闻传播人才培养试点班）,3,624,30183
2024,3161,上海政法学院,019,广播电视编导（纪录片方向）,4,603,50591
2024,3161,上海政法学院,020,广播电视编导（摄影摄像方向）,4,608,44922
2024,3163,上海中侨职业技术大学,001,数字媒体技术,6,499,169960
2024,3163,上海中侨职业技术大学,002,物联网工程技术,4,492,
2024,3163,上海中侨职业技术大学,003,大数据工程技术,4,492,
2024,3163,上海中侨职业技术大学,004,人工智能工程技术,3,493,176067
2024,3163,上海中侨职业技术大学,005,机器人技术,3,495,174442
2024,3163,上海中侨职业技术大学,006,智能制造工程技术,4,492,177882
2024,3163,上海中侨职业技术大学,007,汽车服务工程技术,9,524,141381
2024,3163,上海中侨职业技术大学,008,建筑工程,4,492,
2024,3163,上海中侨职业技术大学,009,工程造价,2,500,169216
2024,3163,上海中侨职业技术大学,010,食品质量与安全,11,492,
2024,3163,上海中侨职业技术大学,011,食品营养与健康,6,492,
2024,3163,上海中侨职业技术大学,012,合成生物技术,2,492,
2024,3163,上海中侨职业技术大学,013,护理,13,549,112421
2024,3163,上海中侨职业技术大学,014,现代物流管理,11,523,142522
2024,3163,上海中侨职业技术大学,015,金融科技应用,6,527,138293
2024,3163,上海中侨职业技术大学,016,大数据与会计,6,535,128558
2024,3163,上海中侨职业技术大学,017,企业数字化管理,6,525,140520
2024,3163,上海中侨职业技术大学,018,全媒体电商运营,6,525,140248
2024,3163,上海中侨职业技术大学,019,烹饪与餐饮管理,2,525,140180
2024,3163,上海中侨职业技术大学,505,大数据与会计（涉外会计）,20,492,
2024,3163,上海中侨职业技术大学,507,现代物流管理,20,492,
2024,3163,上海中侨职业技术大学,510,工程造价,20,492,
2024,3163,上海中侨职业技术大学,520,护理（康复护理）,40,492,
2024,3164,上海中医药大学,001,中医学（屠呦呦班）,4,671,4507
2024,3164,上海中医药大学,002,中医学（5+3一体化）,3,661,7685
2024,3164,上海中医药大学,003,中医学（5+3一体化，针灸推拿英语方向）,1,658,8898
2024,3164,上海中医药大学,004,中医学（5+3一体化，汇聚创新班）,1,662,7351
2024,3164,上海中医药大学,005,中药学（创新班）,3,639,18679
2024,3164,上海中医药大学,006,预防医学,2,637,19957
2024,3164,上海中医药大学,007,中药学,1,642,16717
2024,3164,上海中医药大学,008,药学(中外合作办学),3,617,36054
2024,3164,上海中医药大学,009,生物医学工程（中医信息与工程方向）,1,640,18108
2024,3164,上海中医药大学,010,康复物理治疗,1,620,33671
2024,3164,上海中医药大学,011,康复作业治疗,2,546,115928
2024,3165,同济大学,001,工科试验班（国豪精英班）,12,683,1966
2024,3165,同济大学,002,经济管理试验班,9,665,6349
2024,3165,同济大学,003,工科试验班（城市、建筑与创意设计类）,9,668,5352
2024,3165,同济大学,004,工科试验班（智慧建造与低碳环境类）,8,666,5974
2024,3165,同济大学,005,工科试验班（智能化制造与新能源类）,9,671,4424
2024,3165,同济大学,006,工科试验班（信息与智能网联类）,48,672,4179
2024,3165,同济大学,007,理科试验班,8,671,4607
2024,3165,同济大学,008,医学试验班,5,676,3199
2024,3165,同济大学,009,临床医学（5+3一体化）,6,681,2222
2024,3165,同济大学,015,人文科学试验班,7,669,5160
2024,3165,同济大学,016,机械类(中外合作办学),3,667,5613
2024,3165,同济大学,017,会计学,3,668,5208
2024,3168,上海民航职业技术学院,503,民航运输服务,20,492,
2024,3168,上海民航职业技术学院,504,民航运输服务（民航电子商务）,4,492,
2024,3168,上海民航职业技术学院,505,航空物流管理,8,492,
2024,3168,上海民航职业技术学院,506,民航运输服务（航空旅游服务）,8,492,
2024,3168,上海民航职业技术学院,507,民航运输服务（高本贯通，航空旅游服务）,20,502,166528
2024,3168,上海民航职业技术学院,508,机场运行服务与管理（民航机场气象观测）,4,524,141675
2024,3168,上海民航职业技术学院,509,机场运行服务与管理（航空港管理）,10,504,164217
2024,3168,上海民航职业技术学院,510,民航安全技术管理,10,492,
2024,3168,上海民航职业技术学院,511,机场电工技术,7,492,
2024,3168,上海民航职业技术学院,512,飞机机电设备维修,20,499,170575
2024,3168,上海民航职业技术学院,513,飞机电子设备维修,8,508,159809
2024,3168,上海民航职业技术学院,514,飞机结构修理,5,499,170164
2024,3168,上海民航职业技术学院,515,通用航空器维修,6,492,
2024,3168,上海民航职业技术学院,516,无人机应用技术,8,492,
2024,3168,上海民航职业技术学院,517,飞机机电设备维修(中外合作办学),10,492,
2024,3168,上海民航职业技术学院,519,飞行器数字化制造技术（通航飞机制造）,5,492,
2024,3168,上海民航职业技术学院,520,机场运行服务与管理（航空器机坪管制）,4,512,155655
2024,3168,上海民航职业技术学院,521,航空发动机装配调试技术,5,492,
2024,3171,复旦大学医学院,001,临床医学（卓越医生计划）,4,699,329
2024,3173,上海南湖职业技术学院,501,护理,8,501,168095
2024,3173,上海南湖职业技术学院,502,数字媒体技术,11,492,
2024,3178,上海浦东职业技术学院,501,飞行器维修技术,5,492,
2024,3201,常熟理工学院,001,小学教育(师范),3,587,68116
2024,3201,常熟理工学院,002,学前教育(师范),2,581,74709
2024,3201,常熟理工学院,009,纺织工程,2,529,135326
2024,3201,常熟理工学院,010,服装设计与工程,2,537,126075
2024,3201,常熟理工学院,011,英语(师范),5,586,69410
2024,3201,常熟理工学院,012,数学与应用数学(师范),3,546,115255
2024,3201,常熟理工学院,013,电子信息工程(中外合作办学),2,534,129138
2024,3201,常熟理工学院,014,机械电子工程(中外合作办学),2,536,127388
2024,3201,常熟理工学院,015,电气工程及其自动化(中外合作办学),2,536,127697
2024,3203,常州机电职业技术学院,501,新能源装备技术,4,492,
2024,3203,常州机电职业技术学院,507,新能源汽车技术,9,492,
2024,3205,常州信息职业技术学院,501,机械设计与制造,1,503,165573
2024,3205,常州信息职业技术学院,502,机电一体化技术,1,504,165130
2024,3205,常州信息职业技术学院,503,工业机器人技术,4,494,175239
2024,3205,常州信息职业技术学院,504,电气自动化技术,2,503,165548
2024,3205,常州信息职业技术学院,505,工业互联网应用,2,497,172479
2024,3205,常州信息职业技术学院,506,新能源汽车技术,1,500,169068
2024,3205,常州信息职业技术学院,507,电子信息工程技术,2,516,151232
2024,3205,常州信息职业技术学院,508,物联网应用技术,1,516,150731
2024,3205,常州信息职业技术学院,509,移动互联应用技术,1,501,168432
2024,3205,常州信息职业技术学院,510,计算机应用技术,2,506,162772
2024,3205,常州信息职业技术学院,511,软件技术,2,507,160466
2024,3205,常州信息职业技术学院,512,大数据技术,1,516,151235
2024,3205,常州信息职业技术学院,513,信息安全技术应用,1,506,162707
2024,3205,常州信息职业技术学院,514,密码技术应用,1,494,175483
2024,3205,常州信息职业技术学院,515,国际经济与贸易,1,513,154622
2024,3205,常州信息职业技术学院,516,工商企业管理,2,550,111329
2024,3205,常州信息职业技术学院,517,电子商务,1,514,153122
2024,3205,常州信息职业技术学院,518,现代物流管理,1,505,163868
2024,3206,东南大学,001,工科试验班（碳中和与智能制造实验班）,21,667,5565
2024,3206,东南大学,002,工科试验班（智慧建造、智能交通与先进材料）,10,664,6691
2024,3206,东南大学,003,工科试验班（吴健雄班）,10,677,3029
2024,3206,东南大学,004,电子信息类,26,670,4781
2024,3206,东南大学,005,计算机类,20,671,4587
2024,3206,东南大学,006,文科试验班类（数智经济与智能管理）,12,665,6444
2024,3206,东南大学,008,文科试验班类（郭秉文班）,8,666,6010
2024,3206,东南大学,009,集成电路设计与集成系统（后两年在无锡培养）,6,673,4048
2024,3206,东南大学,010,未来机器人,5,675,3412
2024,3206,东南大学,011,临床医学（5+3一体化）,8,670,4793
2024,3207,东南大学成贤学院,001,计算机科学与技术,2,540,122130
2024,3207,东南大学成贤学院,002,软件工程,10,524,141527
2024,3207,东南大学成贤学院,003,自动化,2,530,134056
2024,3207,东南大学成贤学院,004,电子科学与技术,3,528,136084
2024,3207,东南大学成贤学院,005,电子信息工程,3,531,132987
2024,3207,东南大学成贤学院,006,电气工程及其自动化,10,524,140976
2024,3207,东南大学成贤学院,007,机械设计制造及其自动化,10,519,146857
2024,3207,东南大学成贤学院,008,智能制造工程,4,517,149310
2024,3207,东南大学成贤学院,009,土木工程,7,492,
2024,3207,东南大学成贤学院,010,工程造价,10,522,143649
2024,3207,东南大学成贤学院,011,智能建造,4,518,148094
2024,3207,东南大学成贤学院,012,交通工程,8,492,
2024,3207,东南大学成贤学院,013,建筑学,2,570,87781
2024,3207,东南大学成贤学院,014,风景园林,6,561,97928
2024,3207,东南大学成贤学院,015,化学工程与工艺,6,492,
2024,3207,东南大学成贤学院,017,功能材料,6,492,
2024,3207,东南大学成贤学院,018,护理学,6,492,
2024,3207,东南大学成贤学院,019,药事管理,7,525,140046
2024,3207,东南大学成贤学院,020,会计学,1,582,73952
2024,3207,东南大学成贤学院,021,财务管理,1,580,75863
2024,3207,东南大学成贤学院,022,税收学,1,575,81225
2024,3207,东南大学成贤学院,023,市场营销,1,566,91509
2024,3207,东南大学成贤学院,024,供应链管理,1,565,93311
2024,3207,东南大学成贤学院,025,国际经济与贸易,2,568,90015
2024,3207,东南大学成贤学院,026,电子商务,1,567,91374
2024,3208,硅湖职业技术学院,532,现代殡葬技术与管理,3,496,173619
2024,3209,河海大学,001,水文与水资源工程,5,645,15173
2024,3209,河海大学,002,水务工程,3,648,13450
2024,3209,河海大学,003,水利水电工程,7,650,12471
2024,3209,河海大学,004,智慧水利,2,648,13769
2024,3209,河海大学,005,安全工程,2,635,21757
2024,3209,河海大学,006,港口航道与海岸工程,10,640,18038
2024,3209,河海大学,007,船舶与海洋工程,3,638,19406
2024,3209,河海大学,008,海洋资源开发技术,3,637,20308
2024,3209,河海大学,009,土木工程,8,630,25118
2024,3209,河海大学,010,智能建造,2,645,15183
2024,3209,河海大学,011,交通工程,2,646,14713
2024,3209,河海大学,012,给排水科学与工程,3,639,18943
2024,3209,河海大学,013,环境工程,3,640,18029
2024,3209,河海大学,014,环境科学,2,639,18609
2024,3209,河海大学,015,环境生态工程,2,638,19244
2024,3209,河海大学,016,能源与动力工程,2,649,12886
2024,3209,河海大学,017,电气工程及其自动化,5,654,10592
2024,3209,河海大学,018,计算机科学与技术,4,654,10741
2024,3209,河海大学,019,软件工程,2,654,10866
2024,3209,河海大学,020,工程力学,2,646,14403
2024,3209,河海大学,021,测绘工程,2,637,20399
2024,3209,河海大学,022,地质工程,2,635,21283
2024,3209,河海大学,023,农业水利工程,2,643,16419
2024,3209,河海大学,024,海洋科学,5,635,21253
2024,3209,河海大学,025,海洋技术,3,637,20176
2024,3209,河海大学,026,自然地理与资源环境,2,637,19932
2024,3209,河海大学,027,地理信息科学,2,643,16563
2024,3209,河海大学,028,遥感科学与技术,2,644,15930
2024,3209,河海大学,029,数学类,3,648,13391
2024,3209,河海大学,030,社会学,2,656,9951
2024,3209,河海大学,031,广播电视学,2,648,13660
2024,3209,河海大学,032,劳动与社会保障,2,649,13268
2024,3209,河海大学,034,信息管理与信息系统,2,647,14060
2024,3209,河海大学,035,工程管理,2,639,18881
2024,3209,河海大学,036,市场营销,2,647,14230
2024,3209,河海大学,037,会计学,3,655,10287
2024,3209,河海大学,038,财务管理,2,655,10385
2024,3209,河海大学,039,人力资源管理,2,650,12780
2024,3209,河海大学,040,大数据管理与应用,3,647,14157
2024,3209,河海大学,041,工商管理,4,651,12339
2024,3209,河海大学,042,法学,2,656,9618
2024,3209,河海大学,043,思想政治教育,2,654,10740
2024,3209,河海大学,044,英语,2,649,13254
2024,3209,河海大学,045,法语,2,644,16098
2024,3209,河海大学,046,计算机类（大禹强化班）,2,654,10586
2024,3209,河海大学,047,水利类（大禹强化班）,4,654,10602
2024,3209,河海大学,048,机械工程(中外合作办学),5,633,22969
2024,3209,河海大学,049,土木工程(中外合作办学),5,616,37049
2024,3209,河海大学,050,机械工程,2,645,15366
2024,3209,河海大学,051,智能制造工程,2,648,13882
2024,3209,河海大学,052,机器人工程,2,650,12499
2024,3209,河海大学,053,电子信息工程,2,652,11582
2024,3209,河海大学,054,通信工程,2,651,11855
2024,3209,河海大学,055,物联网工程,2,651,11868
2024,3209,河海大学,056,人工智能,2,652,11675
2024,3209,河海大学,057,智能科学与技术,2,652,11807
2024,3209,河海大学,058,新能源科学与工程,2,648,13432
2024,3209,河海大学,059,经济学,3,651,12224
2024,3209,河海大学,060,金融工程,3,642,16749
2024,3209,河海大学,061,国际经济与贸易,2,650,12837
2024,3209,河海大学,062,智能制造工程（未来技术班）,3,646,14781
2024,3210,江苏海洋大学,001,海洋资源与环境,2,563,95097
2024,3210,江苏海洋大学,002,水产养殖学,3,544,117491
2024,3210,江苏海洋大学,003,海洋技术,3,548,112856
2024,3210,江苏海洋大学,004,海洋信息工程,3,559,99822
2024,3210,江苏海洋大学,005,安全工程,3,544,117837
2024,3210,江苏海洋大学,006,高分子材料与工程,3,551,109394
2024,3210,江苏海洋大学,007,化学工程与工艺,1,569,88668
2024,3210,江苏海洋大学,008,药物制剂,2,568,89655
2024,3210,江苏海洋大学,009,机器人工程(中外合作办学),2,558,101234
2024,3210,江苏海洋大学,010,船舶与海洋工程(中外合作办学),2,550,110559
2024,3210,江苏海洋大学,011,工商管理,3,593,61551
2024,3210,江苏海洋大学,012,物流管理,3,587,67815
2024,3211,淮阴工学院,001,计算机科学与技术,2,559,100271
2024,3211,淮阴工学院,002,电子商务,4,574,82265
2024,3212,淮阴师范学院,001,经济与金融,3,576,79962
2024,3212,淮阴师范学院,002,法学,4,588,66896
2024,3212,淮阴师范学院,003,知识产权,4,583,72339
2024,3212,淮阴师范学院,004,汉语国际教育,3,578,77924
2024,3212,淮阴师范学院,005,广告学,4,575,81460
2024,3212,淮阴师范学院,006,广播电视编导,10,569,88857
2024,3216,江南大学,001,食品科学与工程（食品AI卓越创新班）,3,646,14387
2024,3216,江南大学,002,食品科学与工程,2,643,16266
2024,3216,江南大学,003,食品质量与安全,5,639,18674
2024,3216,江南大学,004,食品营养与健康,4,637,20292
2024,3216,江南大学,005,生物工程,4,637,19961
2024,3216,江南大学,006,生物技术,6,632,23842
2024,3216,江南大学,007,酿酒工程,4,629,25901
2024,3216,江南大学,008,纺织工程（先进纺织卓越创新班）,2,632,23703
2024,3216,江南大学,009,纺织工程,10,626,28652
2024,3216,江南大学,010,轻化工程,3,636,20835
2024,3216,江南大学,011,高分子材料与工程,13,633,22955
2024,3216,江南大学,012,应用化学,11,630,25607
2024,3216,江南大学,013,环境科学,2,631,24173
2024,3216,江南大学,014,环境工程,10,628,26916
2024,3216,江南大学,015,制药工程,10,632,23555
2024,3216,江南大学,016,药学,6,629,25746
2024,3216,江南大学,017,临床医学,8,647,14117
2024,3216,江南大学,018,物联网工程,4,647,13927
2024,3216,江南大学,019,自动化,25,644,16012
2024,3216,江南大学,020,电气工程及其自动化,8,645,14958
2024,3216,江南大学,021,微电子科学与工程,4,645,15033
2024,3216,江南大学,022,电子封装技术,4,641,17369
2024,3216,江南大学,023,光电信息科学与工程,22,641,17292
2024,3216,江南大学,024,机械工程,15,639,18886
2024,3216,江南大学,025,机器人工程,6,645,15434
2024,3216,江南大学,026,工业设计,3,642,16715
2024,3216,江南大学,027,计算机科学与技术（申威卓越创新班）,7,648,13566
2024,3216,江南大学,028,人工智能,7,647,14250
2024,3216,江南大学,029,计算机科学与技术,6,646,14414
2024,3216,江南大学,030,教育技术学(师范),25,616,36879
2024,3216,江南大学,031,国际经济与贸易,15,645,15451
2024,3216,江南大学,032,金融学,10,648,13693
2024,3216,江南大学,033,大数据管理与应用,7,644,15704
2024,3216,江南大学,034,工商管理,5,647,13985
2024,3216,江南大学,035,会计学,10,651,12210
2024,3216,江南大学,036,汉语言文学(师范),15,651,12297
2024,3216,江南大学,037,小学教育(师范),16,643,16645
2024,3216,江南大学,038,英语（涉外法治人才卓越创新班）,2,650,12767
2024,3216,江南大学,039,英语,4,646,14888
2024,3216,江南大学,040,法学,6,653,11193
2024,3216,江南大学,041,社会工作,3,646,14934
2024,3216,江南大学,042,思想政治教育,5,650,12729
2024,3216,江南大学,043,食品科学与工程(中外合作办学),8,619,34230
2024,3216,江南大学,044,工商管理(中外合作办学),16,638,19822
2024,3217,无锡太湖学院,001,金融学,5,549,112593
2024,3217,无锡太湖学院,002,国际经济与贸易,5,547,114941
2024,3217,无锡太湖学院,003,工商管理,5,548,112804
2024,3217,无锡太湖学院,004,市场营销,5,543,119017
2024,3217,无锡太湖学院,005,人力资源管理,5,549,112080
2024,3217,无锡太湖学院,006,旅游管理,5,539,123672
2024,3217,无锡太湖学院,007,跨境电子商务,10,540,122722
2024,3217,无锡太湖学院,008,供应链管理,10,542,120281
2024,3217,无锡太湖学院,009,会计学,15,558,101513
2024,3217,无锡太湖学院,010,财务管理,10,554,106598
2024,3217,无锡太湖学院,011,审计学,10,556,103996
2024,3217,无锡太湖学院,012,法学,10,562,97107
2024,3217,无锡太湖学院,013,英语,5,543,119725
2024,3217,无锡太湖学院,014,商务英语,5,542,120491
2024,3217,无锡太湖学院,015,汉语言文学,5,558,101732
2024,3217,无锡太湖学院,016,电子信息工程,10,493,176025
2024,3217,无锡太湖学院,017,通信工程,10,492,
2024,3217,无锡太湖学院,018,计算机科学与技术,10,492,177029
2024,3217,无锡太湖学院,019,软件工程,5,508,159569
2024,3217,无锡太湖学院,020,集成电路设计与集成系统,15,492,
2024,3217,无锡太湖学院,021,机械工程,15,492,177460
2024,3217,无锡太湖学院,022,自动化,12,492,177705
2024,3217,无锡太湖学院,023,智能制造工程,10,492,
2024,3217,无锡太湖学院,024,护理学,20,552,109089
2024,3217,无锡太湖学院,025,药学,15,492,
2024,3219,江苏财经职业技术学院,501,大数据与会计,10,492,
2024,3220,江苏大学,001,财务管理,2,631,24827
2024,3220,江苏大学,002,法学,2,638,19459
2024,3220,江苏大学,003,工商管理,2,625,29200
2024,3220,江苏大学,004,公共事业管理,2,620,33845
2024,3220,江苏大学,005,国际经济与贸易,2,632,23864
2024,3220,江苏大学,006,会计学,2,632,23848
2024,3220,江苏大学,007,金融学,2,633,23006
2024,3220,江苏大学,008,人力资源管理,2,615,38490
2024,3220,江苏大学,009,日语,2,610,43349
2024,3220,江苏大学,010,市场营销,2,611,42269
2024,3220,江苏大学,011,物流管理,3,609,44195
2024,3220,江苏大学,012,知识产权,2,637,20436
2024,3220,江苏大学,013,材料成型及控制工程,3,606,47195
2024,3220,江苏大学,014,材料类,3,602,51429
2024,3220,江苏大学,015,测控技术与仪器,2,618,35268
2024,3220,江苏大学,016,车辆工程,4,617,36335
2024,3220,江苏大学,017,储能科学与工程,3,610,43078
2024,3220,江苏大学,018,电气工程及其自动化,2,634,22560
2024,3220,江苏大学,019,电子信息工程,4,624,29851
2024,3220,江苏大学,020,工业工程,3,607,46242
2024,3220,江苏大学,021,光电信息科学与工程,2,620,33258
2024,3220,江苏大学,022,化学工程与工艺,2,599,54799
2024,3220,江苏大学,023,化学类,4,598,55227
2024,3220,江苏大学,024,机器人工程,3,619,34611
2024,3220,江苏大学,025,机械电子工程,2,621,32690
2024,3220,江苏大学,026,机械设计制造及其自动化,4,616,37026
2024,3220,江苏大学,027,计算机科学与技术,2,640,18121
2024,3220,江苏大学,028,交通工程,3,605,47691
2024,3220,江苏大学,029,交通运输,2,604,49422
2024,3220,江苏大学,030,口腔医学,2,629,26030
2024,3220,江苏大学,031,临床医学,6,631,24642
2024,3220,江苏大学,032,能源与动力工程,5,612,41028
2024,3220,江苏大学,033,农业机械化及其自动化,4,606,47344
2024,3220,江苏大学,034,农业智能装备工程,2,605,48451
2024,3220,江苏大学,035,软件工程,3,631,24435
2024,3220,江苏大学,036,数据计算及应用,2,626,28405
2024,3220,江苏大学,037,通信工程,3,620,33319
2024,3220,江苏大学,038,土木工程,4,582,73008
2024,3220,江苏大学,039,微电子科学与工程,4,620,33797
2024,3220,江苏大学,040,物理学(师范),2,600,53240
2024,3220,江苏大学,041,新能源科学与工程,4,616,36979
2024,3220,江苏大学,042,新能源汽车工程,2,616,36784
2024,3220,江苏大学,043,信息安全,3,633,22809
2024,3220,江苏大学,044,信息管理与信息系统,2,621,32653
2024,3220,江苏大学,045,药学类,2,595,58617
2024,3220,江苏大学,046,医学检验技术,2,595,58772
2024,3220,江苏大学,047,医学影像学,4,616,37353
2024,3220,江苏大学,048,智能建造,2,601,52510
2024,3220,江苏大学,049,智能科学与技术,2,618,35249
2024,3220,江苏大学,050,智能制造工程,2,618,35368
2024,3220,江苏大学,051,自动化,2,620,33313
2024,3221,江苏大学京江学院,001,材料成型及控制工程,5,492,
2024,3221,江苏大学京江学院,002,车辆工程,1,522,144070
2024,3221,江苏大学京江学院,003,机械设计制造及其自动化,7,504,164487
2024,3221,江苏大学京江学院,004,金属材料工程,4,492,
2024,3221,江苏大学京江学院,005,食品科学与工程,1,543,119281
2024,3221,江苏大学京江学院,006,通信工程,3,500,168619
2024,3221,江苏大学京江学院,007,医学检验技术,2,492,
2024,3221,江苏大学京江学院,008,能源与动力工程,7,506,161693
2024,3222,常州大学,005,金融学,2,609,44417
2024,3222,常州大学,008,西班牙语,3,594,60525
2024,3222,常州大学,009,材料成型及控制工程,2,574,82356
2024,3222,常州大学,010,智能制造工程,2,587,67319
2024,3222,常州大学,011,油气储运工程,2,573,84369
2024,3222,常州大学,012,储能科学与工程,2,584,70890
2024,3222,常州大学,013,环境工程,2,579,76416
2024,3222,常州大学,014,计算机科学与技术,2,597,56718
2024,3222,常州大学,015,信息管理与信息系统,1,586,68443
2024,3223,江苏海事职业技术学院,501,航海技术,9,493,176822
2024,3223,江苏海事职业技术学院,508,电气自动化技术,6,497,172747
2024,3223,江苏海事职业技术学院,509,机电一体化技术,5,492,
2024,3223,江苏海事职业技术学院,510,工业机器人技术,5,509,158964
2024,3223,江苏海事职业技术学院,516,电子信息工程技术,5,495,173909
2024,3223,江苏海事职业技术学院,517,大数据技术,4,492,
2024,3223,江苏海事职业技术学院,518,人工智能技术应用,2,492,
2024,3223,江苏海事职业技术学院,519,国际邮轮乘务管理,5,492,
2024,3224,江苏理工学院,001,机器人工程,2,566,91825
2024,3224,江苏理工学院,002,电子信息工程,2,572,84641
2024,3224,江苏理工学院,003,软件工程,3,570,87063
2024,3224,江苏理工学院,004,数字媒体技术,4,566,91507
2024,3224,江苏理工学院,005,应用化学,2,562,96192
2024,3224,江苏理工学院,006,化学工程与工艺,4,540,122258
2024,3224,江苏理工学院,007,功能材料,3,540,122441
2024,3224,江苏理工学院,008,环境工程,3,535,128260
2024,3224,江苏理工学院,009,汽车服务工程,4,529,135680
2024,3224,江苏理工学院,010,车辆工程,4,556,103348
2024,3224,江苏理工学院,011,交通运输,2,552,108103
2024,3224,江苏理工学院,012,材料成型及控制工程,2,544,117873
2024,3224,江苏理工学院,013,金属材料工程,2,536,127575
2024,3224,江苏理工学院,014,会计学,2,606,47463
2024,3224,江苏理工学院,015,金融学,2,592,62359
2024,3224,江苏理工学院,016,跨境电子商务,2,584,71709
2024,3224,江苏理工学院,017,英语(师范),2,591,63869
2024,3224,江苏理工学院,018,商务英语,8,576,79801
2024,3224,江苏理工学院,019,汉语言文学(师范),2,600,53771
2024,3224,江苏理工学院,020,环境工程(中外合作办学),3,492,
2024,3225,江苏经贸职业技术学院,501,金融科技应用,5,492,
2024,3225,江苏经贸职业技术学院,502,国际金融,5,492,
2024,3225,江苏经贸职业技术学院,503,法律事务,5,520,146465
2024,3225,江苏经贸职业技术学院,504,工商企业管理,5,492,
2024,3225,江苏经贸职业技术学院,505,国际经济与贸易,5,494,175168
2024,3225,江苏经贸职业技术学院,506,市场营销,5,492,
2024,3225,江苏经贸职业技术学院,507,大数据与会计,5,520,146275
2024,3225,江苏经贸职业技术学院,508,电子商务,5,499,170598
2024,3227,江苏科技大学,002,外国语言文学类,6,598,56190
2024,3227,江苏科技大学,003,管理科学与工程类,4,585,70363
2024,3227,江苏科技大学,004,计算机类,5,603,49936
2024,3227,江苏科技大学,005,机械类,6,593,60723
2024,3227,江苏科技大学,006,海洋工程类,6,579,76933
2024,3227,江苏科技大学,007,应用化学,3,582,72926
2024,3227,江苏科技大学,008,蚕学,3,555,104421
2024,3227,江苏科技大学,009,生物工程,3,566,92169
2024,3227,江苏科技大学,010,环境工程,3,569,87926
2024,3227,江苏科技大学,011,应用统计学,3,592,61950
2024,3227,江苏科技大学,012,工业工程,4,583,71993
2024,3227,江苏科技大学,013,应用物理学,5,576,80322
2024,3227,江苏科技大学,014,测控技术与仪器,6,585,69801
2024,3227,江苏科技大学,015,建筑环境与能源应用工程,3,574,82508
2024,3227,江苏科技大学,016,金融工程,5,583,72769
2024,3227,江苏科技大学,017,旅游管理,2,594,59849
2024,3227,江苏科技大学,018,公共事业管理,3,597,56457
2024,3227,江苏科技大学,019,工程管理,2,569,87884
2024,3227,江苏科技大学,020,材料成型及控制工程,2,590,64054
2024,3229,江苏农林职业技术学院,502,现代农业技术,5,492,
2024,3229,江苏农林职业技术学院,503,园艺技术,5,492,
2024,3229,江苏农林职业技术学院,505,动物医学,5,520,146086
2024,3229,江苏农林职业技术学院,506,畜牧兽医,5,502,166306
2024,3229,江苏农林职业技术学院,509,茶叶生产与加工技术,4,492,
2024,3229,江苏农林职业技术学院,514,机械制造及自动化,4,492,
2024,3229,江苏农林职业技术学院,519,园林工程技术(中外合作办学),25,492,
2024,3230,江苏食品药品职业技术学院,503,药学,10,492,
2024,3230,江苏食品药品职业技术学院,504,中药学,5,498,171719
2024,3230,江苏食品药品职业技术学院,505,卫生检验与检疫技术,5,492,
2024,3230,江苏食品药品职业技术学院,508,护理,10,499,170027
2024,3231,江苏信息职业技术学院,501,电子信息工程技术,2,492,
2024,3232,江苏农牧科技职业学院,501,畜牧兽医,20,497,172569
2024,3232,江苏农牧科技职业学院,502,动物医学,10,514,153437
2024,3232,江苏农牧科技职业学院,504,药品质量与安全,10,492,
2024,3232,江苏农牧科技职业学院,506,动物药学,8,497,172795
2024,3232,江苏农牧科技职业学院,509,宠物医疗技术,25,492,
2024,3232,江苏农牧科技职业学院,510,现代农业技术,7,492,
2024,3232,江苏农牧科技职业学院,511,水产养殖技术,8,492,
2024,3232,江苏农牧科技职业学院,513,计算机应用技术,12,492,
2024,3235,金陵科技学院,001,财务管理,1,605,48529
2024,3235,金陵科技学院,002,国际经济与贸易,1,593,61209
2024,3235,金陵科技学院,003,会计学,1,612,41232
2024,3235,金陵科技学院,004,金融学,1,599,54125
2024,3235,金陵科技学院,005,市场营销,1,588,66796
2024,3235,金陵科技学院,006,英语,1,587,68338
2024,3235,金陵科技学院,007,车辆工程,1,575,81286
2024,3235,金陵科技学院,008,物联网工程,1,594,59633
2024,3235,金陵科技学院,009,城乡规划,1,586,69166
2024,3235,金陵科技学院,010,软件工程,1,604,48895
2024,3235,金陵科技学院,011,计算机科学与技术,1,607,45800
2024,3235,金陵科技学院,012,通信工程,1,577,78961
2024,3235,金陵科技学院,013,网络工程,1,569,88588
2024,3235,金陵科技学院,014,食品科学与工程,1,588,66962
2024,3238,南京财经大学,001,财政学类,3,638,19482
2024,3238,南京财经大学,002,金融学类,2,637,20050
2024,3238,南京财经大学,003,国际经济与贸易,3,630,25002
2024,3238,南京财经大学,004,法学,3,643,16559
2024,3238,南京财经大学,005,汉语言文学,3,634,22359
2024,3238,南京财经大学,006,英语,3,621,32696
2024,3238,南京财经大学,007,法语,3,619,34870
2024,3238,南京财经大学,008,广告学,3,625,29241
2024,3238,南京财经大学,009,网络与新媒体,2,626,28536
2024,3238,南京财经大学,010,工商管理类,3,640,18552
2024,3238,南京财经大学,011,工商管理,2,637,20104
2024,3238,南京财经大学,012,市场营销,2,618,35866
2024,3238,南京财经大学,013,人力资源管理,4,629,26148
2024,3238,南京财经大学,014,劳动与社会保障,3,618,35445
2024,3238,南京财经大学,015,物流管理,3,609,44042
2024,3238,南京财经大学,016,电子商务,4,616,37102
2024,3238,南京财经大学,017,经济学类,3,625,28934
2024,3238,南京财经大学,018,金融工程,4,604,48952
2024,3238,南京财经大学,019,管理科学,2,598,55785
2024,3238,南京财经大学,020,质量管理工程,2,598,55213
2024,3238,南京财经大学,021,数学与应用数学,3,616,37190
2024,3238,南京财经大学,022,计算机科学与技术,2,618,34962
2024,3238,南京财经大学,023,食品科学与工程类,3,597,56608
2024,3238,南京财经大学,024,经济统计学(中外合作办学),4,592,61962
2024,3238,南京财经大学,025,金融工程(中外合作办学),2,593,60793
2024,3238,南京财经大学,026,工商管理(中外合作办学)（环境商务）,2,608,44816
2024,3239,南京财经大学红山学院,001,国际经济与贸易,6,556,104228
2024,3239,南京财经大学红山学院,002,贸易经济,6,551,109825
2024,3239,南京财经大学红山学院,003,法学,6,574,82461
2024,3239,南京财经大学红山学院,004,英语,4,559,100385
2024,3239,南京财经大学红山学院,005,市场营销,6,549,111717
2024,3239,南京财经大学红山学院,006,会计学,7,570,86743
2024,3239,南京财经大学红山学院,007,审计学,8,566,92097
2024,3239,南京财经大学红山学院,008,人力资源管理,4,559,100336
2024,3239,南京财经大学红山学院,009,金融学,10,558,101096
2024,3239,南京财经大学红山学院,010,保险学,4,552,109131
2024,3239,南京财经大学红山学院,011,税收学,4,564,94709
2024,3239,南京财经大学红山学院,012,工商管理,4,563,95992
2024,3239,南京财经大学红山学院,013,财务管理,9,563,95757
2024,3239,南京财经大学红山学院,014,电子商务,6,553,107999
2024,3239,南京财经大学红山学院,015,物流管理,6,551,109710
2024,3240,南京大学,002,汉语言文学,8,682,2112
2024,3240,南京大学,003,社会科学试验班,5,680,2478
2024,3240,南京大学,004,经济管理试验班（数智经济与管理）,6,679,2676
2024,3240,南京大学,005,理科试验班类（数理科学类）,7,682,2064
2024,3240,南京大学,006,软件工程（国家特色化软件学院实验班）,5,686,1408
2024,3240,南京大学,007,计算机科学与技术,6,690,998
2024,3240,南京大学,008,人工智能,5,695,593
2024,3240,南京大学,009,理科试验班（匡亚明学院大理科班）,5,687,1348
2024,3240,南京大学,010,理科试验班类（化学与生命科学类）,4,678,2742
2024,3240,南京大学,011,金融工程（计算机金融实验班）,2,686,1426
2024,3240,南京大学,012,技术科学试验班,13,683,1962
2024,3240,南京大学,013,大气科学(中外合作办学),5,661,7668
2024,3242,南京工程学院,001,机械类,5,584,71762
2024,3242,南京工程学院,002,材料类,5,562,96229
2024,3242,南京工程学院,003,材料成型及控制工程,2,574,83024
2024,3242,南京工程学院,004,能源动力类,5,592,62459
2024,3242,南京工程学院,005,核工程与核技术,2,590,64173
2024,3242,南京工程学院,006,建筑环境与能源应用工程,2,556,103270
2024,3242,南京工程学院,007,环境科学与工程类,2,561,97451
2024,3242,南京工程学院,009,车辆工程,2,575,81480
2024,3242,南京工程学院,010,交通设备与控制工程,2,574,82288
2024,3242,南京工程学院,011,交通运输,2,569,88405
2024,3242,南京工程学院,012,自动化,2,615,38642
2024,3242,南京工程学院,013,智能测控工程,3,588,66282
2024,3242,南京工程学院,014,数字媒体技术,2,591,63302
2024,3242,南京工程学院,015,电气工程及其自动化（电力系统及其自动化）,5,639,18790
2024,3242,南京工程学院,016,电气工程及其自动化（电力系统继电保护）,5,635,21301
2024,3242,南京工程学院,017,电气工程及其自动化（输配电工程）,5,632,23504
2024,3242,南京工程学院,018,智能电网信息工程,2,632,23774
2024,3242,南京工程学院,019,电气工程与智能控制,2,632,24031
2024,3242,南京工程学院,020,电气工程及其自动化(中外合作办学),4,625,29073
2024,3242,南京工程学院,021,通信工程,3,594,59620
2024,3242,南京工程学院,022,集成电路设计与集成系统,2,593,61287
2024,3242,南京工程学院,023,建筑学,2,556,103569
2024,3242,南京工程学院,024,数学与应用数学,3,576,80165
2024,3242,南京工程学院,025,市场营销,2,593,61164
2024,3242,南京工程学院,026,物流管理,2,590,64066
2024,3242,南京工程学院,027,国际经济与贸易,2,595,58652
2024,3242,南京工程学院,028,大数据管理与应用,2,590,64094
2024,3242,南京工程学院,029,信息管理与信息系统,3,583,72154
2024,3242,南京工程学院,030,工程造价,2,576,79800
2024,3242,南京工程学院,031,工程管理,2,564,94466
2024,3242,南京工程学院,033,软件工程(中外合作办学),6,563,95376
2024,3242,南京工程学院,034,土木工程(中外合作办学),4,511,156068
2024,3242,南京工程学院,035,环境工程(中外合作办学),4,492,
2024,3243,南京工业大学,001,环境工程,3,592,61944
2024,3243,南京工业大学,002,环境科学,3,570,86935
2024,3243,南京工业大学,003,水质科学与技术,3,593,61664
2024,3243,南京工业大学,004,资源循环科学与工程,3,592,61783
2024,3243,南京工业大学,005,应急技术与管理,3,598,55869
2024,3243,南京工业大学,006,应急管理,3,597,56710
2024,3243,南京工业大学,007,金属材料工程,3,601,52473
2024,3243,南京工业大学,008,复合材料与工程,3,601,52358
2024,3243,南京工业大学,009,高分子材料与工程,3,604,49229
2024,3243,南京工业大学,010,材料科学与工程,4,604,48717
2024,3243,南京工业大学,011,化学工程与工艺,5,614,39090
2024,3243,南京工业大学,012,应用化学,4,610,42947
2024,3243,南京工业大学,013,自动化,5,631,24854
2024,3243,南京工业大学,014,测控技术与仪器,5,614,38834
2024,3243,南京工业大学,015,电气工程及其自动化,5,624,29764
2024,3243,南京工业大学,016,过程装备与控制工程,4,608,44506
2024,3243,南京工业大学,017,能源与环境系统工程,5,609,44025
2024,3243,南京工业大学,018,新能源材料与器件,5,607,45764
2024,3243,南京工业大学,019,药物制剂,4,598,55401
2024,3243,南京工业大学,020,药学,4,608,45532
2024,3243,南京工业大学,021,城乡规划,5,501,167984
2024,3243,南京工业大学,022,风景园林,4,591,63292
2024,3243,南京工业大学,023,建筑学,4,570,87352
2024,3243,南京工业大学,028,市场营销,4,605,48253
2024,3243,南京工业大学,029,工商管理,4,622,31734
2024,3243,南京工业大学,030,会计学,4,626,28762
2024,3243,南京工业大学,031,国际经济与贸易,4,617,36405
2024,3243,南京工业大学,032,知识产权,3,630,25472
2024,3243,南京工业大学,033,法学,3,637,20252
2024,3243,南京工业大学,034,行政管理,3,611,42190
2024,3243,南京工业大学,035,日语,4,604,49416
2024,3243,南京工业大学,036,英语,4,618,35818
2024,3243,南京工业大学,037,西班牙语,3,610,43342
2024,3243,南京工业大学,038,制药工程,4,612,40649
2024,3243,南京工业大学,039,生物工程,4,604,49020
2024,3243,南京工业大学,040,食品科学与工程,3,605,47768
2024,3243,南京工业大学,041,轻化工程,3,597,56312
2024,3243,南京工业大学,042,通信工程,4,628,26658
2024,3243,南京工业大学,043,人工智能,4,626,28406
2024,3243,南京工业大学,044,建筑环境与能源应用工程,4,595,58897
2024,3243,南京工业大学,045,给排水科学与工程,4,587,67589
2024,3243,南京工业大学,046,交通工程,4,610,42698
2024,3243,南京工业大学,047,土木工程,4,588,67133
2024,3243,南京工业大学,048,电子信息工程(中外合作办学),3,610,43237
2024,3243,南京工业大学,049,机械工程(中外合作办学),3,600,53282
2024,3244,南京工业大学浦江学院,001,财务管理,6,569,88636
2024,3244,南京工业大学浦江学院,002,国际经济与贸易,2,569,88720
2024,3244,南京工业大学浦江学院,003,人力资源管理,2,572,85113
2024,3244,南京工业大学浦江学院,004,工商管理,2,571,86399
2024,3244,南京工业大学浦江学院,005,市场营销,3,557,102349
2024,3244,南京工业大学浦江学院,006,慈善管理,3,548,113573
2024,3244,南京工业大学浦江学院,007,人工智能,2,521,145261
2024,3244,南京工业大学浦江学院,008,机器人工程,2,520,146196
2024,3244,南京工业大学浦江学院,009,建筑学,4,520,145687
2024,3244,南京工业大学浦江学院,010,电气工程及其自动化,4,522,143617
2024,3244,南京工业大学浦江学院,011,机械工程,2,529,135069
2024,3244,南京工业大学浦江学院,012,土木工程,5,498,170880
2024,3244,南京工业大学浦江学院,013,工程管理,2,524,140947
2024,3244,南京工业大学浦江学院,014,工业工程,2,539,123810
2024,3244,南京工业大学浦江学院,016,给排水科学与工程,3,493,175954
2024,3244,南京工业大学浦江学院,017,自动化,2,517,149486
2024,3244,南京工业大学浦江学院,018,轨道交通信号与控制,3,518,148453
2024,3244,南京工业大学浦江学院,019,食品科学与工程,3,492,
2024,3244,南京工业大学浦江学院,020,酒店管理(中外合作办学),20,528,136633
2024,3245,南京工业职业技术大学,001,机械设计制造及自动化,1,590,64120
2024,3245,南京工业职业技术大学,002,软件工程技术,1,565,93065
2024,3245,南京工业职业技术大学,003,建设工程管理,1,554,105610
2024,3246,南京航空航天大学,001,法学,5,656,9822
2024,3246,南京航空航天大学,002,英语（民航业务、国际贸易）,7,649,12993
2024,3246,南京航空航天大学,003,工商管理,2,653,11231
2024,3246,南京航空航天大学,004,会计学,2,656,9775
2024,3246,南京航空航天大学,005,金融学,2,653,11268
2024,3246,南京航空航天大学,006,航空航天类,35,654,10748
2024,3246,南京航空航天大学,007,工程力学（钱伟长班）,3,656,9559
2024,3246,南京航空航天大学,008,智能飞行器技术,2,657,9321
2024,3246,南京航空航天大学,009,车辆工程,4,653,11100
2024,3246,南京航空航天大学,010,能源与动力工程,2,655,10154
2024,3246,南京航空航天大学,011,储能科学与工程,2,652,11414
2024,3246,南京航空航天大学,012,自动化,7,658,8927
2024,3246,南京航空航天大学,013,电气工程及其自动化,8,658,8833
2024,3246,南京航空航天大学,014,测控技术与仪器,6,652,11571
2024,3246,南京航空航天大学,015,生物医学工程,3,652,11547
2024,3246,南京航空航天大学,016,探测制导与控制技术,6,652,11437
2024,3246,南京航空航天大学,017,电子信息类,12,656,9812
2024,3246,南京航空航天大学,018,微电子科学与工程（集成电路设计）,6,656,9764
2024,3246,南京航空航天大学,019,机械工程,8,653,11091
2024,3246,南京航空航天大学,020,工业设计,3,652,11641
2024,3246,南京航空航天大学,021,机器人工程,4,657,9209
2024,3246,南京航空航天大学,022,智能制造工程,4,655,10191
2024,3246,南京航空航天大学,023,材料科学与工程,2,652,11727
2024,3246,南京航空航天大学,024,核工程类,5,650,12664
2024,3246,南京航空航天大学,025,新能源材料与器件,2,652,11433
2024,3246,南京航空航天大学,026,飞行器适航技术,2,655,9997
2024,3246,南京航空航天大学,027,交通运输（民航电子电气工程）,2,653,11003
2024,3246,南京航空航天大学,028,交通运输（民航运输管理）,2,651,12102
2024,3246,南京航空航天大学,029,智能建造,2,651,12182
2024,3246,南京航空航天大学,030,信息与计算科学,4,658,8975
2024,3246,南京航空航天大学,031,应用统计学,3,652,11455
2024,3246,南京航空航天大学,032,信息管理与信息系统,2,653,11322
2024,3246,南京航空航天大学,033,工业工程,2,652,11751
2024,3246,南京航空航天大学,034,大数据管理与应用,4,655,10102
2024,3246,南京航空航天大学,035,光电信息科学与工程,5,655,10156
2024,3246,南京航空航天大学,036,计算机科学与技术,2,662,7336
2024,3246,南京航空航天大学,037,人工智能,2,662,7496
2024,3246,南京航空航天大学,038,软件工程,4,660,8149
2024,3246,南京航空航天大学,039,物联网工程,3,658,8704
2024,3246,南京航空航天大学,040,信息安全,3,659,8347
2024,3246,南京航空航天大学,041,交通运输（民航机务工程）,2,649,12860
2024,3246,南京航空航天大学,042,无人驾驶航空器系统工程,3,656,9726
2024,3246,南京航空航天大学,043,应用物理学,4,652,11545
2024,3246,南京航空航天大学,044,交通运输(中外合作办学)（机场运行与管理）,2,640,18067
2024,3247,南京航空航天大学金城学院,001,机械电子工程,2,524,141261
2024,3247,南京航空航天大学金城学院,002,车辆工程,6,495,174278
2024,3247,南京航空航天大学金城学院,003,电气工程及其自动化,8,524,141440
2024,3247,南京航空航天大学金城学院,004,自动化,2,523,142618
2024,3247,南京航空航天大学金城学院,005,物联网工程,4,522,143479
2024,3247,南京航空航天大学金城学院,006,新能源汽车工程,2,533,131151
2024,3247,南京航空航天大学金城学院,007,机器人工程,2,514,153038
2024,3247,南京航空航天大学金城学院,008,信息工程,6,501,167776
2024,3247,南京航空航天大学金城学院,009,计算机科学与技术,6,528,136263
2024,3247,南京航空航天大学金城学院,010,软件工程,4,523,142328
2024,3247,南京航空航天大学金城学院,011,人工智能,4,521,144496
2024,3247,南京航空航天大学金城学院,012,网络工程,2,520,146442
2024,3247,南京航空航天大学金城学院,013,信息安全,2,519,146929
2024,3247,南京航空航天大学金城学院,014,交通运输,2,520,146205
2024,3247,南京航空航天大学金城学院,015,飞行器制造工程,2,521,144916
2024,3247,南京航空航天大学金城学院,016,飞行器控制与信息工程,3,519,147421
2024,3247,南京航空航天大学金城学院,017,无人驾驶航空器系统工程,2,511,156593
2024,3247,南京航空航天大学金城学院,018,土木工程,2,492,
2024,3247,南京航空航天大学金城学院,019,工程造价,2,525,140397
2024,3247,南京航空航天大学金城学院,020,智能建造,2,510,157356
2024,3247,南京航空航天大学金城学院,021,工商管理,7,560,99564
2024,3247,南京航空航天大学金城学院,022,物流管理,5,551,109734
2024,3247,南京航空航天大学金城学院,024,金融学,4,563,95619
2024,3247,南京航空航天大学金城学院,025,国际经济与贸易,6,559,100625
2024,3247,南京航空航天大学金城学院,026,市场营销,4,548,112736
2024,3247,南京航空航天大学金城学院,027,英语,7,557,103070
2024,3247,南京航空航天大学金城学院,028,翻译,6,552,108912
2024,3247,南京航空航天大学金城学院,029,会计学,25,567,90838
2024,3247,南京航空航天大学金城学院,030,财务管理,6,564,94839
2024,3247,南京航空航天大学金城学院,031,投资学,6,550,111473
2024,3247,南京航空航天大学金城学院,032,工业设计,5,503,165433
2024,3247,南京航空航天大学金城学院,040,广播电视编导,12,545,117345
2024,3247,南京航空航天大学金城学院,041,思想政治教育,8,566,91710
2024,3248,南京科技职业学院,502,热能动力工程技术,5,492,
2024,3248,南京科技职业学院,503,无人机应用技术,6,501,168406
2024,3248,南京科技职业学院,504,机电一体化技术,8,502,166687
2024,3248,南京科技职业学院,505,工业机器人技术,5,494,175647
2024,3248,南京科技职业学院,506,云计算技术应用,5,496,173375
2024,3248,南京科技职业学院,507,人工智能技术应用,8,492,
2024,3248,南京科技职业学院,508,电子商务,6,500,169404
2024,3248,南京科技职业学院,509,现代物流管理,5,493,176838
2024,3248,南京科技职业学院,510,数字媒体技术,6,493,176497
2024,3249,南京机电职业技术学院,501,机电一体化技术,7,492,
2024,3249,南京机电职业技术学院,502,供用电技术,2,495,174386
2024,3249,南京机电职业技术学院,504,机械制造及自动化,5,492,
2024,3249,南京机电职业技术学院,506,工业设计,2,507,161238
2024,3249,南京机电职业技术学院,512,无人机应用技术,3,492,
2024,3249,南京机电职业技术学院,516,云计算技术应用,2,492,
2024,3249,南京机电职业技术学院,517,卫星通信与导航技术,1,497,172796
2024,3249,南京机电职业技术学院,518,大数据与会计,1,496,173582
2024,3249,南京机电职业技术学院,519,数字媒体技术,3,496,173680
2024,3250,南京交通职业技术学院,501,汽车检测与维修技术,5,492,
2024,3250,南京交通职业技术学院,502,智能网联汽车技术,5,492,
2024,3250,南京交通职业技术学院,503,道路与桥梁工程技术,10,492,
2024,3250,南京交通职业技术学院,504,城市轨道交通工程技术,5,515,151500
2024,3250,南京交通职业技术学院,505,现代物流管理,5,500,169429
2024,3250,南京交通职业技术学院,506,软件技术,5,492,
2024,3250,南京交通职业技术学院,507,大数据技术,5,494,175805
2024,3250,南京交通职业技术学院,508,建筑工程技术,5,492,
2024,3251,南京理工大学,001,材料类,16,646,14783
2024,3251,南京理工大学,002,电子信息类,22,654,10699
2024,3251,南京理工大学,003,工商管理类,15,639,19088
2024,3251,南京理工大学,004,化工与制药类,18,644,16019
2024,3251,南京理工大学,005,环境科学与工程类,2,644,15767
2024,3251,南京理工大学,006,机械类,18,651,12333
2024,3251,南京理工大学,007,计算机类,14,657,9446
2024,3251,南京理工大学,008,经济学类,14,640,18030
2024,3251,南京理工大学,009,能源动力类,16,649,13247
2024,3251,南京理工大学,010,数学类,10,652,11756
2024,3251,南京理工大学,011,土木工程,12,634,22018
2024,3251,南京理工大学,012,自动化类,24,653,11151
2024,3251,南京理工大学,013,法学,2,655,10227
2024,3251,南京理工大学,014,语言学,5,648,13802
2024,3251,南京理工大学,015,英语,5,646,14859
2024,3251,南京理工大学,016,智能制造工程,10,652,11814
2024,3251,南京理工大学,017,数据科学与大数据技术,3,654,10470
2024,3251,南京理工大学,018,网络空间安全,3,654,10648
2024,3251,南京理工大学,020,微电子科学与工程,8,653,10923
2024,3251,南京理工大学,021,大数据管理与应用,8,652,11570
2024,3252,南京理工大学泰州科技学院,001,机械工程,5,499,169636
2024,3252,南京理工大学泰州科技学院,002,机械电子工程,5,495,173932
2024,3252,南京理工大学泰州科技学院,003,自动化,5,494,175289
2024,3252,南京理工大学泰州科技学院,004,机器人工程,5,492,
2024,3252,南京理工大学泰州科技学院,005,工业工程,5,525,140141
2024,3252,南京理工大学泰州科技学院,006,计算机科学与技术,10,504,164250
2024,3252,南京理工大学泰州科技学院,007,软件工程,10,492,
2024,3252,南京理工大学泰州科技学院,008,数据科学与大数据技术,5,497,171929
2024,3252,南京理工大学泰州科技学院,009,信息管理与信息系统,5,519,147042
2024,3252,南京理工大学泰州科技学院,010,电气工程及其自动化,5,514,153052
2024,3252,南京理工大学泰州科技学院,011,电气工程与智能控制,5,499,169619
2024,3252,南京理工大学泰州科技学院,012,电子信息工程,10,492,
2024,3252,南京理工大学泰州科技学院,014,工程管理,5,518,148658
2024,3252,南京理工大学泰州科技学院,015,化学工程与工艺,5,492,
2024,3252,南京理工大学泰州科技学院,018,经济与金融,5,555,105088
2024,3252,南京理工大学泰州科技学院,019,国际经济与贸易,5,555,105515
2024,3252,南京理工大学泰州科技学院,020,市场营销,5,549,112257
2024,3252,南京理工大学泰州科技学院,021,会计学,5,570,87359
2024,3252,南京理工大学泰州科技学院,022,财务管理,5,565,92741
2024,3252,南京理工大学泰州科技学院,023,人力资源管理,5,553,107425
2024,3252,南京理工大学泰州科技学院,024,审计学,5,564,94199
2024,3252,南京理工大学泰州科技学院,025,英语,5,556,104365
2024,3253,南京理工大学紫金学院,001,国际经济与贸易,2,566,91712
2024,3253,南京理工大学紫金学院,002,金融学,6,565,93182
2024,3253,南京理工大学紫金学院,003,会计学,16,571,85739
2024,3253,南京理工大学紫金学院,004,人力资源管理,4,564,94840
2024,3253,南京理工大学紫金学院,005,市场营销,2,562,96956
2024,3253,南京理工大学紫金学院,006,法学,10,576,80399
2024,3253,南京理工大学紫金学院,007,英语,4,562,96530
2024,3253,南京理工大学紫金学院,008,公共事业管理,7,558,101765
2024,3253,南京理工大学紫金学院,009,翻译,2,560,99591
2024,3253,南京理工大学紫金学院,010,网络与新媒体,2,564,94871
2024,3253,南京理工大学紫金学院,011,电气工程及其自动化,17,519,147325
2024,3253,南京理工大学紫金学院,012,电子科学与技术,2,526,138661
2024,3253,南京理工大学紫金学院,013,光电信息科学与工程,2,513,154078
2024,3253,南京理工大学紫金学院,014,通信工程,22,493,176031
2024,3253,南京理工大学紫金学院,015,计算机科学与技术,30,515,151509
2024,3253,南京理工大学紫金学院,016,人工智能,11,510,157707
2024,3253,南京理工大学紫金学院,017,软件工程,2,523,142042
2024,3253,南京理工大学紫金学院,018,数字媒体技术,4,519,147535
2024,3253,南京理工大学紫金学院,019,数据科学与大数据技术,8,505,162958
2024,3253,南京理工大学紫金学院,020,工业工程,3,533,131295
2024,3253,南京理工大学紫金学院,021,智能车辆工程,6,492,
2024,3253,南京理工大学紫金学院,022,智能感知工程,7,498,170768
2024,3253,南京理工大学紫金学院,023,智能建造,6,492,
2024,3253,南京理工大学紫金学院,024,智能制造工程,11,498,170675
2024,3253,南京理工大学紫金学院,025,机器人工程,7,502,166404
2024,3253,南京理工大学紫金学院,026,物联网工程,7,499,170641
2024,3253,南京理工大学紫金学院,027,智能装备与系统,6,492,
2024,3253,南京理工大学紫金学院,028,自动化,7,516,150652
2024,3253,南京理工大学紫金学院,029,大数据管理与应用,15,528,136448
2024,3253,南京理工大学紫金学院,030,金融科技,12,515,151841
2024,3254,南京林业大学,001,大数据管理与应用,2,619,34718
2024,3254,南京林业大学,002,林学类,4,612,41270
2024,3254,南京林业大学,003,生物技术,2,617,36163
2024,3254,南京林业大学,004,机械设计制造及其自动化,2,621,32329
2024,3254,南京林业大学,005,木材科学与工程,2,607,46278
2024,3254,南京林业大学,006,土木类,2,601,52957
2024,3254,南京林业大学,007,家具设计与工程,3,593,61243
2024,3254,南京林业大学,008,食品科学与工程类,2,615,37939
2024,3254,南京林业大学,009,轻化工程,2,607,45952
2024,3254,南京林业大学,010,智能车辆工程,2,621,32521
2024,3254,南京林业大学,011,环境工程,2,615,37855
2024,3254,南京林业大学,012,生态学,2,608,45091
2024,3254,南京林业大学,013,汉语言文学,2,638,19474
2024,3254,南京林业大学,014,新闻传播学类,2,638,19575
2024,3254,南京林业大学,015,风景园林,2,636,20685
2024,3254,南京林业大学,016,英语,2,627,27853
2024,3254,南京林业大学,017,日语,4,605,48568
2024,3254,南京林业大学,018,园林,2,636,21131
2024,3255,南京旅游职业学院,503,人工智能技术应用,1,519,147441
2024,3255,南京旅游职业学院,504,茶艺与茶文化,1,494,175620
2024,3255,南京旅游职业学院,505,旅游管理,2,513,154859
2024,3255,南京旅游职业学院,506,电子商务,2,505,163623
2024,3255,南京旅游职业学院,509,空中乘务,5,492,
2024,3255,南京旅游职业学院,510,会展策划与管理,2,493,176331
2024,3255,南京旅游职业学院,511,烹饪工艺与营养,4,513,154407
2024,3255,南京旅游职业学院,512,西式烹饪工艺,4,511,156238
2024,3255,南京旅游职业学院,513,中西面点工艺,4,514,153699
2024,3255,南京旅游职业学院,514,旅游英语,10,492,
2024,3255,南京旅游职业学院,515,旅游日语,3,506,162720
2024,3255,南京旅游职业学院,517,应用西班牙语,3,503,166214
2024,3256,南京农业大学,001,农学,10,636,21099
2024,3256,南京农业大学,002,种子科学与工程,4,633,23091
2024,3256,南京农业大学,003,智慧农业,3,635,21428
2024,3256,南京农业大学,004,植物保护,10,625,29165
2024,3256,南京农业大学,005,环境科学与工程类,10,626,28197
2024,3256,南京农业大学,006,风景园林,4,643,16637
2024,3256,南京农业大学,007,园艺,5,610,42693
2024,3256,南京农业大学,008,园林,4,606,46819
2024,3256,南京农业大学,009,国际经济与贸易,4,644,16071
2024,3256,南京农业大学,010,农林经济管理,2,652,11510
2024,3256,南京农业大学,011,工商管理类,2,647,14115
2024,3256,南京农业大学,012,数字经济,2,637,20258
2024,3256,南京农业大学,013,动物医学类,10,632,23470
2024,3256,南京农业大学,014,食品科学与工程类,17,632,23988
2024,3256,南京农业大学,015,公共管理类,14,643,16443
2024,3256,南京农业大学,016,人文地理与城乡规划,4,643,16229
2024,3256,南京农业大学,017,英语,5,644,16059
2024,3256,南京农业大学,018,社会学类,5,648,13746
2024,3256,南京农业大学,019,文化遗产,3,645,15478
2024,3256,南京农业大学,020,信息与计算科学,4,638,19250
2024,3256,南京农业大学,021,应用化学,2,632,23717
2024,3256,南京农业大学,022,统计学,4,642,16996
2024,3256,南京农业大学,023,生物科学类,12,632,23460
2024,3256,南京农业大学,024,生物科学（生物学基地班）,2,642,16790
2024,3256,南京农业大学,025,生物技术（生命科学与技术基地班）,6,639,18668
2024,3256,南京农业大学,026,金融学,4,648,13864
2024,3256,南京农业大学,027,会计学,2,651,12265
2024,3256,南京农业大学,028,投资学,5,643,16488
2024,3256,南京农业大学,029,金融科技,4,629,25654
2024,3256,南京农业大学,030,机械类,6,636,20852
2024,3256,南京农业大学,031,农业机械化及其自动化,2,635,21570
2024,3256,南京农业大学,032,农业智能装备工程,2,633,23058
2024,3256,南京农业大学,033,新能源科学与工程,2,639,18783
2024,3256,南京农业大学,034,电子信息类,8,640,18419
2024,3256,南京农业大学,035,人工智能,2,644,15596
2024,3256,南京农业大学,036,计算机科学与技术,2,645,15354
2024,3256,南京农业大学,037,数据科学与大数据技术,3,644,15960
2024,3256,南京农业大学,038,信息管理与信息系统,4,637,20248
2024,3256,南京农业大学,039,信息资源管理,3,631,24855
2024,3256,南京农业大学,040,工程管理,2,629,25846
2024,3257,南京审计大学,001,金融学,5,635,21640
2024,3257,南京审计大学,002,金融数学,5,604,49209
2024,3257,南京审计大学,003,法学（法务会计）,5,642,16798
2024,3257,南京审计大学,004,英语,4,611,42420
2024,3257,南京审计大学,005,计算机科学与技术,4,625,29272
2024,3257,南京审计大学,006,大数据管理与应用,4,618,35128
2024,3257,南京审计大学,007,金融审计,2,645,15531
2024,3257,南京审计大学,008,审计学,5,650,12783
2024,3257,南京审计大学,009,金融工程(中外合作办学),2,588,66165
2024,3257,南京审计大学,010,信息管理与信息系统(中外合作办学),2,600,53474
2024,3257,南京审计大学,011,工程管理(中外合作办学),2,587,67532
2024,3257,南京审计大学,012,审计学(中外合作办学),2,635,21351
2024,3257,南京审计大学,013,会计学,4,647,14340
2024,3257,南京审计大学,014,财务管理,4,640,18020
2024,3258,南京审计大学金审学院,001,审计学,5,585,70618
2024,3258,南京审计大学金审学院,002,会计学,3,583,72259
2024,3258,南京审计大学金审学院,003,财务管理,2,581,74637
2024,3258,南京审计大学金审学院,004,金融学,2,576,80013
2024,3258,南京审计大学金审学院,005,保险学,1,565,93371
2024,3258,南京审计大学金审学院,006,国际经济与贸易,2,572,85001
2024,3258,南京审计大学金审学院,007,税收学,2,576,79930
2024,3258,南京审计大学金审学院,008,工商管理,2,573,83647
2024,3258,南京审计大学金审学院,009,物流管理,2,565,92607
2024,3258,南京审计大学金审学院,010,行政管理,2,563,95337
2024,3258,南京审计大学金审学院,011,资产评估,1,567,91370
2024,3258,南京审计大学金审学院,012,信息管理与信息系统,2,542,120126
2024,3258,南京审计大学金审学院,013,计算机科学与技术,2,535,128436
2024,3258,南京审计大学金审学院,014,信息安全,2,498,171476
2024,3259,南京师范大学,001,小学教育(师范),5,654,10686
2024,3259,南京师范大学,002,学前教育(师范),3,643,16442
2024,3259,南京师范大学,003,应用心理学（创新实验班，含师范）,3,657,9484
2024,3259,南京师范大学,006,中国语言文学类,3,664,6842
2024,3259,南京师范大学,008,外国语言文学类（含师范）,4,655,10340
2024,3259,南京师范大学,009,新闻传播学类,2,654,10839
2024,3259,南京师范大学,010,广播电视编导,3,645,15542
2024,3259,南京师范大学,011,历史学类,3,661,7822
2024,3259,南京师范大学,012,社会学,3,654,10830
2024,3259,南京师范大学,013,数学类,2,660,8005
2024,3259,南京师范大学,014,统计学,4,648,13389
2024,3259,南京师范大学,015,物理学（含师范）,2,652,11686
2024,3259,南京师范大学,016,化学类,2,653,11152
2024,3259,南京师范大学,017,测绘工程,3,635,21289
2024,3259,南京师范大学,018,地理科学类,2,661,7771
2024,3259,南京师范大学,019,生物科学类,5,652,11520
2024,3259,南京师范大学,020,能源动力类,10,637,19977
2024,3259,南京师范大学,021,自动化,4,644,15619
2024,3259,南京师范大学,022,计算机科学与技术,3,651,12185
2024,3259,南京师范大学,023,环境科学与工程类,6,633,22751
2024,3259,南京师范大学,024,海洋资源与环境,4,632,23950
2024,3259,南京师范大学,025,食品科学与工程,4,636,21120
2024,3260,南京师范大学泰州学院,001,国际经济与贸易,9,553,107606
2024,3260,南京师范大学泰州学院,002,财务管理,9,564,94872
2024,3260,南京师范大学泰州学院,003,法学,8,570,87656
2024,3260,南京师范大学泰州学院,004,行政管理,8,553,107659
2024,3260,南京师范大学泰州学院,005,汉语言文学,9,572,85062
2024,3260,南京师范大学泰州学院,009,制药工程,8,492,
2024,3260,南京师范大学泰州学院,010,风景园林,9,548,113882
2024,3261,南京师范大学中北学院,001,汉语言文学,3,579,77002
2024,3261,南京师范大学中北学院,003,法学,2,584,71515
2024,3261,南京师范大学中北学院,004,电气工程及其自动化,4,500,169150
2024,3261,南京师范大学中北学院,009,眼视光学,3,509,158331
2024,3263,南京特殊教育师范学院,001,特殊教育(师范),3,609,44317
2024,3263,南京特殊教育师范学院,002,孤独症儿童教育(师范),2,592,62806
2024,3263,南京特殊教育师范学院,003,手语翻译,2,584,71773
2024,3263,南京特殊教育师范学院,004,教育康复学(师范),2,589,65718
2024,3263,南京特殊教育师范学院,005,学前教育(师范),5,577,78730
2024,3263,南京特殊教育师范学院,006,小学教育(师范),2,590,64127
2024,3263,南京特殊教育师范学院,007,公共事业管理,5,574,82859
2024,3263,南京特殊教育师范学院,008,汉语言文学(师范),4,591,63797
2024,3263,南京特殊教育师范学院,009,英语(师范),4,583,72521
2024,3263,南京特殊教育师范学院,010,康复治疗学,2,492,
2024,3263,南京特殊教育师范学院,011,听力与言语康复学,4,520,146587
2024,3263,南京特殊教育师范学院,012,无障碍管理,2,579,77174
2024,3263,南京特殊教育师范学院,013,数学与应用数学(师范),5,507,160612
2024,3263,南京特殊教育师范学院,014,计算机科学与技术,2,551,109280
2024,3263,南京特殊教育师范学院,015,软件工程,4,524,140837
2024,3263,南京特殊教育师范学院,016,数据科学与大数据技术,4,529,135058
2024,3264,南京体育学院,003,运动人体科学,5,538,125439
2024,3264,南京体育学院,004,运动康复,5,548,113010
2024,3264,南京体育学院,005,新闻学,10,579,77466
2024,3264,南京体育学院,006,体育经济与管理,10,571,86115
2024,3265,南京铁道职业技术学院,501,城市轨道交通运营管理,25,534,129613
2024,3265,南京铁道职业技术学院,502,铁道运输类,53,539,124320
2024,3265,南京铁道职业技术学院,503,城市轨道交通通信信号技术,15,527,137961
2024,3265,南京铁道职业技术学院,504,城市轨道车辆应用技术,10,523,143024
2024,3265,南京铁道职业技术学院,505,铁道车辆技术,5,538,124780
2024,3265,南京铁道职业技术学院,506,铁道机车运用与维护,20,553,107892
2024,3265,南京铁道职业技术学院,507,城市轨道交通车辆制造与维护,10,521,144442
2024,3265,南京铁道职业技术学院,508,城市轨道交通供配电技术,15,524,141065
2024,3265,南京铁道职业技术学院,509,城市轨道交通工程技术,4,536,127695
2024,3265,南京铁道职业技术学院,510,铁道工程技术,8,538,125343
2024,3265,南京铁道职业技术学院,511,高速铁路综合维修技术,15,538,125145
2024,3265,南京铁道职业技术学院,512,大数据与会计,20,507,160996
2024,3265,南京铁道职业技术学院,513,铁路物流管理,5,529,135104
2024,3265,南京铁道职业技术学院,514,跨境电子商务,5,494,175896
2024,3265,南京铁道职业技术学院,515,财税大数据应用,7,492,
2024,3265,南京铁道职业技术学院,519,风景园林设计,10,492,
2024,3265,南京铁道职业技术学院,520,建筑工程技术,8,492,
2024,3265,南京铁道职业技术学院,521,智能控制技术,10,517,149431
2024,3266,南京晓庄学院,001,日语,2,582,73963
2024,3266,南京晓庄学院,002,网络与新媒体,2,592,62600
2024,3266,南京晓庄学院,003,财务管理,2,596,57436
2024,3266,南京晓庄学院,006,英语(师范),2,595,59158
2024,3267,南京信息工程大学,001,大气科学类,29,635,21224
2024,3267,南京信息工程大学,002,应用气象学,3,635,21390
2024,3267,南京信息工程大学,003,气象技术与工程,2,634,22285
2024,3267,南京信息工程大学,004,海洋科学类,2,621,32381
2024,3267,南京信息工程大学,005,地理科学类,2,627,27634
2024,3267,南京信息工程大学,006,遥感科学与技术,3,630,25253
2024,3267,南京信息工程大学,007,地理空间信息工程,2,625,28884
2024,3267,南京信息工程大学,008,数学与应用数学,2,638,19258
2024,3267,南京信息工程大学,009,信息与计算科学,2,635,21685
2024,3267,南京信息工程大学,010,应用统计学,2,627,27285
2024,3267,南京信息工程大学,011,光电信息科学与工程,2,633,22934
2024,3267,南京信息工程大学,012,电子信息类,5,637,20042
2024,3267,南京信息工程大学,013,微电子科学与工程,3,637,20201
2024,3267,南京信息工程大学,014,计算机类,3,641,17435
2024,3267,南京信息工程大学,015,软件工程,4,638,19374
2024,3267,南京信息工程大学,016,网络工程,3,637,20023
2024,3267,南京信息工程大学,017,电气工程及其自动化,3,635,21225
2024,3267,南京信息工程大学,018,机器人工程,4,632,23391
2024,3267,南京信息工程大学,019,数据科学与大数据技术,3,637,19965
2024,3267,南京信息工程大学,020,自动化,3,634,21939
2024,3267,南京信息工程大学,021,机械电子工程,2,632,23652
2024,3267,南京信息工程大学,022,人工智能,3,636,20935
2024,3267,南京信息工程大学,023,信息工程,3,635,21783
2024,3267,南京信息工程大学,024,医学信息工程,3,625,29456
2024,3267,南京信息工程大学,025,人工智能（双学士学位培养项目）,2,641,17642
2024,3267,南京信息工程大学,026,信息管理与信息系统,2,630,25232
2024,3267,南京信息工程大学,027,金融工程,2,627,27793
2024,3267,南京信息工程大学,028,经济统计学,2,628,26515
2024,3267,南京信息工程大学,029,金融工程（双学士学位培养项目）,2,635,21607
2024,3267,南京信息工程大学,030,工商管理类,3,638,19869
2024,3267,南京信息工程大学,031,国际经济与贸易,4,633,22830
2024,3267,南京信息工程大学,032,法学,2,643,16296
2024,3267,南京信息工程大学,033,行政管理,2,632,23888
2024,3267,南京信息工程大学,034,汉语国际教育,2,632,23656
2024,3267,南京信息工程大学,035,汉语言文学,2,643,16533
2024,3267,南京信息工程大学,041,地理科学(师范),2,621,32397
2024,3267,南京信息工程大学,042,思想政治教育(师范),2,636,21071
2024,3267,南京信息工程大学,043,国际经济与贸易(中外合作办学),3,614,39642
2024,3267,南京信息工程大学,044,大气科学(中外合作办学),3,625,29081
2024,3267,南京信息工程大学,045,数学与应用数学(中外合作办学),2,606,47394
2024,3267,南京信息工程大学,046,地理信息科学(中外合作办学),2,614,39566
2024,3267,南京信息工程大学,047,数据科学与大数据技术(中外合作办学),4,615,37757
2024,3267,南京信息工程大学,048,物联网工程(中外合作办学),2,617,36002
2024,3267,南京信息工程大学,049,电气工程及其自动化(中外合作办学),2,623,31027
2024,3268,无锡学院,001,物联网工程,2,574,82314
2024,3268,无锡学院,002,计算机科学与技术,2,570,86788
2024,3268,无锡学院,003,网络工程,2,561,97903
2024,3268,无锡学院,004,电子信息工程,2,563,95182
2024,3268,无锡学院,005,人工智能,2,563,95584
2024,3268,无锡学院,006,微电子科学与工程,2,560,99408
2024,3268,无锡学院,007,自动化,2,563,95328
2024,3268,无锡学院,008,电气工程及其自动化,2,568,90074
2024,3268,无锡学院,009,机器人工程,2,556,103447
2024,3268,无锡学院,010,机械电子工程,2,560,99256
2024,3268,无锡学院,011,储能科学与工程,2,555,105043
2024,3268,无锡学院,012,轨道交通信号与控制,2,557,102161
2024,3268,无锡学院,013,交通运输,2,548,113656
2024,3268,无锡学院,014,大气科学,4,562,96667
2024,3268,无锡学院,015,遥感科学与技术,2,548,112901
2024,3268,无锡学院,016,测绘工程,2,544,117967
2024,3268,无锡学院,017,信息与计算科学,2,556,103506
2024,3268,无锡学院,018,金融工程,2,567,90435
2024,3268,无锡学院,019,应急管理,2,545,116543
2024,3268,无锡学院,020,会计学,1,594,59521
2024,3268,无锡学院,021,国际经济与贸易,1,587,67735
2024,3268,无锡学院,022,法学,2,593,60795
2024,3269,南京信息职业技术学院,501,光伏工程技术,5,495,174141
2024,3269,南京信息职业技术学院,502,工业机器人技术,3,500,168740
2024,3269,南京信息职业技术学院,503,电气自动化技术,3,538,124899
2024,3269,南京信息职业技术学院,504,工业互联网应用,2,513,154099
2024,3269,南京信息职业技术学院,505,新能源汽车技术,2,513,153735
2024,3269,南京信息职业技术学院,506,智能交通技术,2,508,159981
2024,3269,南京信息职业技术学院,507,城市轨道交通通信信号技术,3,509,159151
2024,3269,南京信息职业技术学院,508,电子信息工程技术,1,527,138281
2024,3269,南京信息职业技术学院,509,数字媒体技术,2,510,158090
2024,3269,南京信息职业技术学院,510,云计算技术应用,3,508,160340
2024,3269,南京信息职业技术学院,511,虚拟现实技术应用,2,493,176483
2024,3269,南京信息职业技术学院,512,嵌入式技术应用,3,492,
2024,3269,南京信息职业技术学院,513,现代通信技术,2,511,156048
2024,3269,南京信息职业技术学院,515,跨境电子商务,2,492,
2024,3269,南京信息职业技术学院,517,智能物流技术,4,499,170280
2024,3270,南京医科大学,001,临床医学（5+3一体化）,4,670,4814
2024,3270,南京医科大学,002,临床医学（5+3一体化，儿科学）,2,663,7065
2024,3270,南京医科大学,003,口腔医学（5+3一体化）,2,671,4510
2024,3270,南京医科大学,004,临床医学,7,661,7883
2024,3270,南京医科大学,005,医学影像学,2,653,11271
2024,3270,南京医科大学,006,儿科学,2,648,13473
2024,3270,南京医科大学,007,口腔医学,3,659,8373
2024,3270,南京医科大学,008,预防医学,3,639,18780
2024,3270,南京医科大学,009,基础医学,2,637,20534
2024,3270,南京医科大学,010,法医学,2,646,14456
2024,3270,南京医科大学,011,临床药学,4,634,22308
2024,3270,南京医科大学,012,医学检验技术,2,631,24344
2024,3270,南京医科大学,013,康复治疗学,2,614,38739
2024,3270,南京医科大学,014,卫生检验与检疫,2,615,37827
2024,3270,南京医科大学,015,生物统计学,2,622,31556
2024,3270,南京医科大学,016,药学,2,635,21405
2024,3270,南京医科大学,017,护理学,2,606,46995
2024,3271,南京医科大学康达学院,001,临床医学,4,551,109459
2024,3271,南京医科大学康达学院,002,预防医学,2,492,
2024,3271,南京医科大学康达学院,004,医学信息工程,2,492,
2024,3271,南京医科大学康达学院,005,公共事业管理（卫生事业管理）,3,555,105503
2024,3271,南京医科大学康达学院,006,医疗保险,3,551,109781
2024,3272,南京艺术学院,004,美术学,1,602,51572
2024,3272,南京艺术学院,010,艺术设计学,1,612,41540
2024,3272,南京艺术学院,013,智能交互设计,1,606,46936
2024,3272,南京艺术学院,024,戏剧影视文学,1,627,27581
2024,3272,南京艺术学院,029,广播电视编导,1,606,46650
2024,3272,南京艺术学院,030,影视摄影与制作,1,604,49522
2024,3272,南京艺术学院,034,艺术史论,1,596,57687
2024,3272,南京艺术学院,035,文化产业管理,1,602,51706
2024,3272,南京艺术学院,036,艺术管理,1,597,56545
2024,3273,南京邮电大学,001,通信工程,8,647,13940
2024,3273,南京邮电大学,002,电子信息工程,5,647,14026
2024,3273,南京邮电大学,003,电子科学与技术,6,647,13945
2024,3273,南京邮电大学,004,光电信息科学与工程,4,643,16497
2024,3273,南京邮电大学,005,柔性电子学,2,641,17379
2024,3273,南京邮电大学,006,微电子科学与工程,7,644,15644
2024,3273,南京邮电大学,007,集成电路设计与集成系统,2,647,14064
2024,3273,南京邮电大学,008,计算机科学与技术,4,648,13384
2024,3273,南京邮电大学,009,软件工程,6,645,15222
2024,3273,南京邮电大学,010,信息安全,6,645,15226
2024,3273,南京邮电大学,011,电气工程及其自动化,5,644,15968
2024,3273,南京邮电大学,012,智能电网信息工程,4,641,17388
2024,3273,南京邮电大学,013,人工智能,5,644,15945
2024,3273,南京邮电大学,014,自动化,7,641,17532
2024,3273,南京邮电大学,015,网络工程,5,643,16679
2024,3273,南京邮电大学,016,物联网工程,5,642,16747
2024,3273,南京邮电大学,017,大数据管理与应用,6,639,18670
2024,3273,南京邮电大学,018,经济统计学,6,629,26313
2024,3273,南京邮电大学,019,金融科技,4,633,22824
2024,3274,南京邮电大学通达学院,001,金融工程,4,529,135289
2024,3274,南京邮电大学通达学院,002,广告学,2,567,90808
2024,3274,南京邮电大学通达学院,003,电气工程及其自动化,3,520,145624
2024,3274,南京邮电大学通达学院,004,电子科学与技术,2,518,148167
2024,3274,南京邮电大学通达学院,005,通信工程,3,512,155541
2024,3274,南京邮电大学通达学院,006,集成电路设计与集成系统,2,509,158713
2024,3274,南京邮电大学通达学院,007,计算机科学与技术,3,526,138996
2024,3274,南京邮电大学通达学院,008,软件工程,2,521,144583
2024,3274,南京邮电大学通达学院,009,物联网工程,2,507,161017
2024,3274,南京邮电大学通达学院,010,数据科学与大数据技术,3,506,162204
2024,3274,南京邮电大学通达学院,011,财务管理,3,567,91256
2024,3274,南京邮电大学通达学院,012,信息工程,2,510,157174
2024,3275,南京中医药大学,001,中医学（拔尖创新人才培养模式改革5+3一体化）,5,652,11765
2024,3275,南京中医药大学,002,中医学,5,640,17959
2024,3275,南京中医药大学,003,临床医学,6,621,32486
2024,3275,南京中医药大学,004,护理学,10,580,75709
2024,3275,南京中医药大学,005,中药学类,11,608,44767
2024,3275,南京中医药大学,006,医学信息工程,5,611,42245
2024,3275,南京中医药大学,007,养老服务管理,5,624,30439
2024,3276,南通大学,001,思想政治教育(师范),2,627,27624
2024,3276,南通大学,002,国际经济与贸易,2,608,45063
2024,3276,南通大学,003,工商管理,2,608,45241
2024,3276,南通大学,004,小学教育(师范),2,625,29577
2024,3276,南通大学,005,学前教育(师范),2,608,44997
2024,3276,南通大学,006,应用心理学,2,611,42079
2024,3276,南通大学,007,化学(师范),2,578,77642
2024,3276,南通大学,008,高分子材料与工程,2,582,73104
2024,3276,南通大学,009,电子信息工程,2,605,47672
2024,3276,南通大学,010,数据科学与大数据技术,2,600,53197
2024,3276,南通大学,011,纺织工程,2,564,94000
2024,3276,南通大学,012,非织造材料与工程,2,574,82077
2024,3276,南通大学,013,服装设计与工程,4,568,89863
2024,3276,南通大学,015,康复治疗学,2,572,84464
2024,3276,南通大学,016,医学影像学,2,614,38873
2024,3276,南通大学,017,护理学,2,577,79453
2024,3276,南通大学,024,地理信息科学,3,605,48351
2024,3276,南通大学,025,环境科学,3,571,86027
2024,3276,南通大学,026,土木工程,3,563,95522
2024,3276,南通大学,027,工程管理,3,579,76793
2024,3276,南通大学,028,交通工程,3,578,77776
2024,3276,南通大学,030,交通设备与控制工程,2,579,76666
2024,3276,南通大学,031,药学,2,593,60708
2024,3276,南通大学,032,药物制剂,2,571,86006
2024,3276,南通大学,033,教育技术学(师范),3,593,60822
2024,3277,南通大学杏林学院,001,酒店管理,10,540,122969
2024,3277,南通大学杏林学院,002,行政管理,6,549,112093
2024,3277,南通大学杏林学院,003,城市管理,5,545,117281
2024,3277,南通大学杏林学院,004,物流管理,8,546,115323
2024,3277,南通大学杏林学院,006,海洋技术,8,492,
2024,3277,南通大学杏林学院,007,电子信息工程,5,492,
2024,3277,南通大学杏林学院,008,物联网工程,5,492,
2024,3277,南通大学杏林学院,009,工程管理,5,507,160777
2024,3279,南通职业大学,503,机电一体化技术,4,492,
2024,3279,南通职业大学,504,新能源汽车技术,3,495,174882
2024,3279,南通职业大学,505,药品生产技术,3,492,
2024,3279,南通职业大学,509,数字媒体技术,2,499,170283
2024,3279,南通职业大学,511,大数据与会计,6,492,
2024,3280,三江学院,001,跨境电子商务,5,542,120320
2024,3280,三江学院,002,英语,7,553,107803
2024,3280,三江学院,003,日语,2,546,115163
2024,3280,三江学院,004,网络与新媒体,3,553,107820
2024,3280,三江学院,005,新闻学,3,555,105099
2024,3280,三江学院,006,知识产权,2,565,92716
2024,3280,三江学院,007,会计学,3,557,102316
2024,3280,三江学院,008,市场营销,2,545,117028
2024,3280,三江学院,009,投资学,2,549,112427
2024,3280,三江学院,010,建筑学,2,543,119229
2024,3280,三江学院,011,风景园林,2,549,111604
2024,3280,三江学院,012,广告学,2,547,114013
2024,3280,三江学院,013,旅游管理,2,539,124494
2024,3280,三江学院,014,网络空间安全,2,497,171780
2024,3280,三江学院,017,智能制造工程,2,495,173911
2024,3280,三江学院,018,机械设计制造及其自动化,2,506,162579
2024,3280,三江学院,020,电子信息工程,2,494,175236
2024,3280,三江学院,021,通信工程,2,492,
2024,3280,三江学院,022,电子科学与技术,2,492,177234
2024,3281,苏州大学,001,汉语言文学(师范),1,663,7091
2024,3281,苏州大学,002,思想政治教育(师范),1,659,8456
2024,3281,苏州大学,003,法学,2,663,6978
2024,3281,苏州大学,004,数学类,1,658,8690
2024,3281,苏州大学,005,计算机科学与技术,1,659,8330
2024,3281,苏州大学,006,软件工程,1,660,8062
2024,3281,苏州大学,007,临床医学,1,663,6855
2024,3281,苏州大学,008,临床医学（5+3一体化）,2,668,5351
2024,3281,苏州大学,009,人工智能,1,659,8380
2024,3281,苏州大学,010,汉语国际教育,1,656,9880
2024,3281,苏州大学,011,网络与新媒体,1,658,9002
2024,3281,苏州大学,013,教育学(师范),1,659,8487
2024,3281,苏州大学,014,法语,1,653,11372
2024,3281,苏州大学,015,日语,1,652,11726
2024,3281,苏州大学,016,建筑学,2,650,12428
2024,3281,苏州大学,017,城乡规划,1,654,10794
2024,3281,苏州大学,018,风景园林,1,654,10454
2024,3281,苏州大学,019,统计学,1,656,9608
2024,3281,苏州大学,020,物理学,2,652,11789
2024,3281,苏州大学,021,物理学(师范),1,650,12753
2024,3281,苏州大学,022,智能测控工程,1,652,11503
2024,3281,苏州大学,023,化学,2,650,12405
2024,3281,苏州大学,024,纳米材料与技术,5,651,11903
2024,3281,苏州大学,025,通信工程,1,657,9373
2024,3281,苏州大学,026,智能制造工程,1,652,11454
2024,3281,苏州大学,027,电气工程及其自动化,1,659,8558
2024,3281,苏州大学,028,车辆工程,1,654,10742
2024,3281,苏州大学,029,电气工程与智能控制,1,658,9109
2024,3281,苏州大学,040,医学影像学,1,657,9337
2024,3281,苏州大学,041,放射医学,2,651,11965
2024,3281,苏州大学,042,机械电子工程,1,656,9882
2024,3281,苏州大学,043,生物制药(中外合作办学),1,642,16963
2024,3281,苏州大学,044,药学(中外合作办学),1,641,17454
2024,3281,苏州大学,045,药学,2,652,11749
2024,3282,苏州城市学院,001,国际经济与贸易,7,581,75126
2024,3282,苏州城市学院,002,日语,6,576,80714
2024,3282,苏州城市学院,003,应用心理学,7,585,70573
2024,3283,苏州大学应用技术学院,001,电气工程及其自动化,5,513,154676
2024,3283,苏州大学应用技术学院,002,电子信息工程,5,492,
2024,3283,苏州大学应用技术学院,003,机械工程,5,510,157332
2024,3283,苏州大学应用技术学院,004,软件工程,18,492,
2024,3283,苏州大学应用技术学院,005,电子商务,5,554,106570
2024,3283,苏州大学应用技术学院,006,国际经济与贸易,5,555,105233
2024,3283,苏州大学应用技术学院,007,投资学,5,551,109978
2024,3283,苏州大学应用技术学院,008,物流管理,5,550,110890
2024,3283,苏州大学应用技术学院,009,服装设计与工程(中外合作办学),5,535,128138
2024,3288,苏州科技大学,001,建筑学,2,615,38428
2024,3288,苏州科技大学,002,城乡规划,2,615,38483
2024,3288,苏州科技大学,003,风景园林,2,612,41286
2024,3288,苏州科技大学,004,给排水科学与工程,2,590,64233
2024,3288,苏州科技大学,005,建筑环境与能源应用工程,2,589,65201
2024,3288,苏州科技大学,006,环境生态工程,2,579,76845
2024,3288,苏州科技大学,007,工程力学,2,586,68494
2024,3288,苏州科技大学,008,智能建造,4,583,72147
2024,3288,苏州科技大学,009,计算机科学与技术,2,611,41953
2024,3288,苏州科技大学,010,通信工程,2,604,49477
2024,3288,苏州科技大学,011,区块链工程,2,598,55481
2024,3288,苏州科技大学,012,物流管理,2,604,49572
2024,3288,苏州科技大学,013,金融工程,2,591,63289
2024,3288,苏州科技大学,014,历史学(师范),2,618,35474
2024,3288,苏州科技大学,015,信息与计算科学,2,602,51299
2024,3288,苏州科技大学,016,生物技术,2,585,69730
2024,3288,苏州科技大学,017,化学(师范),2,563,95184
2024,3288,苏州科技大学,018,应用化学,2,590,63962
2024,3288,苏州科技大学,019,功能材料,2,584,70972
2024,3288,苏州科技大学,027,地理信息科学,2,614,38969
2024,3288,苏州科技大学,028,测绘工程,2,579,77255
2024,3288,苏州科技大学,029,土木工程(中外合作办学),4,548,112838
2024,3288,苏州科技大学,030,工程管理(中外合作办学),4,565,93109
2024,3288,苏州科技大学,031,物流管理(中外合作办学),4,587,68135
2024,3288,苏州科技大学,032,机械设计制造及其自动化(中外合作办学),2,580,75482
2024,3289,苏州农业职业技术学院,502,花卉生产与花艺,5,492,
2024,3289,苏州农业职业技术学院,503,园林技术,4,492,
2024,3289,苏州农业职业技术学院,504,建筑室内设计,2,507,161128
2024,3289,苏州农业职业技术学院,508,商务日语,5,492,
2024,3289,苏州农业职业技术学院,509,法律文秘,5,492,178036
2024,3291,苏州卫生职业技术学院,501,口腔医学技术,6,536,127512
2024,3291,苏州卫生职业技术学院,502,护理,6,528,136763
2024,3291,苏州卫生职业技术学院,503,药学,3,524,141093
2024,3291,苏州卫生职业技术学院,504,医学检验技术,3,531,133554
2024,3292,苏州职业大学,501,机电一体化技术,1,527,137547
2024,3292,苏州职业大学,502,电气自动化技术,5,493,176198
2024,3292,苏州职业大学,503,计算机应用技术,3,516,151006
2024,3292,苏州职业大学,504,软件技术,2,509,159065
2024,3292,苏州职业大学,505,国际经济与贸易,5,509,158978
2024,3292,苏州职业大学,506,市场营销,5,501,168000
2024,3292,苏州职业大学,507,电子商务,5,503,165422
2024,3292,苏州职业大学,508,跨境电子商务,5,498,171110
2024,3292,苏州职业大学,509,现代物流管理,5,498,171706
2024,3292,苏州职业大学,510,旅游管理,5,492,
2024,3292,苏州职业大学,511,网络新闻与传播,5,505,163693
2024,3292,苏州职业大学,512,商务英语,5,513,154523
2024,3292,苏州职业大学,513,应用英语,7,504,165024
2024,3292,苏州职业大学,514,商务日语,5,501,168108
2024,3292,苏州职业大学,515,法律事务,6,513,154491
2024,3292,苏州职业大学,516,现代文秘,6,503,165942
2024,3293,无锡城市职业技术学院,505,大数据与会计,16,492,
2024,3293,无锡城市职业技术学院,507,空中乘务,3,492,
2024,3296,无锡商业职业技术学院,505,大数据与会计,6,492,
2024,3297,西交利物浦大学,001,数学类(中外合作办学),20,606,46747
2024,3297,西交利物浦大学,002,电子信息类(中外合作办学),58,606,47139
2024,3297,西交利物浦大学,003,生物科学类(中外合作办学),17,604,48940
2024,3297,西交利物浦大学,004,工商管理类(中外合作办学),26,616,37527
2024,3297,西交利物浦大学,005,金融学类(中外合作办学),30,603,50548
2024,3297,西交利物浦大学,006,外国语言文学类(中外合作办学),9,615,38147
2024,3298,徐州工程学院,001,会计学,3,588,67269
2024,3298,徐州工程学院,002,朝鲜语,4,567,91128
2024,3298,徐州工程学院,003,汉语言文学,2,596,58002
2024,3298,徐州工程学院,004,国际经济与贸易,3,577,79661
2024,3298,徐州工程学院,005,市场营销,3,576,80693
2024,3298,徐州工程学院,006,旅游管理,2,572,85315
2024,3298,徐州工程学院,007,土木工程,4,521,144878
2024,3298,徐州工程学院,008,机械设计制造及其自动化,4,545,116429
2024,3298,徐州工程学院,009,电子信息工程,5,540,122933
2024,3298,徐州工程学院,010,物流工程,5,541,121580
2024,3298,徐州工程学院,011,电气工程及其自动化(中外合作办学),1,540,122729
2024,3298,徐州工程学院,012,机械电子工程(中外合作办学),2,530,133732
2024,3301,江苏师范大学,001,汉语言文学(师范),1,640,18458
2024,3301,江苏师范大学,002,汉语国际教育(师范),2,622,32146
2024,3301,江苏师范大学,004,历史学(师范),1,633,23074
2024,3301,江苏师范大学,005,英语(师范),1,627,27681
2024,3301,江苏师范大学,006,社会工作,2,608,44620
2024,3301,江苏师范大学,007,思想政治教育(师范),1,632,24073
2024,3301,江苏师范大学,008,数学与应用数学(师范),2,618,35016
2024,3301,江苏师范大学,009,光电信息科学与工程,1,590,64578
2024,3301,江苏师范大学,010,化学(师范),2,614,39268
2024,3301,江苏师范大学,011,生物科学(师范),2,604,49429
2024,3301,江苏师范大学,012,教育技术学(师范),1,597,56551
2024,3301,江苏师范大学,013,广播电视编导,2,606,46926
2024,3301,江苏师范大学,019,金融工程(中外合作办学),2,557,102317
2024,3301,江苏师范大学,020,机械设计制造及其自动化(中外合作办学),2,567,90917
2024,3301,江苏师范大学,021,工业设计(中外合作办学),2,554,105995
2024,3301,江苏师范大学,022,电子科学与技术(中外合作办学),2,564,94072
2024,3301,江苏师范大学,023,轨道交通信号与控制(中外合作办学),2,549,111595
2024,3301,江苏师范大学,024,电子信息工程(中外合作办学),2,562,96203
2024,3302,江苏师范大学科文学院,001,互联网金融,2,561,97522
2024,3302,江苏师范大学科文学院,002,金融科技,4,507,160995
2024,3302,江苏师范大学科文学院,003,汉语言文学,4,578,78186
2024,3302,江苏师范大学科文学院,004,英语,5,563,95780
2024,3302,江苏师范大学科文学院,005,财务管理,3,566,92274
2024,3302,江苏师范大学科文学院,006,电子商务及法律,5,556,104194
2024,3302,江苏师范大学科文学院,009,机器人工程,3,501,167627
2024,3302,江苏师范大学科文学院,010,软件工程,7,492,
2024,3302,江苏师范大学科文学院,011,数据科学与大数据技术,5,507,160516
2024,3303,徐州医科大学,001,麻醉学,6,626,28074
2024,3303,徐州医科大学,002,临床医学,7,628,26543
2024,3303,徐州医科大学,003,医学影像学,2,618,35484
2024,3303,徐州医科大学,004,护理学类,2,589,66023
2024,3303,徐州医科大学,005,智能医学工程,3,573,83222
2024,3303,徐州医科大学,006,预防医学,2,591,63305
2024,3304,盐城工学院,001,化学工程与工艺,4,510,157237
2024,3304,盐城工学院,002,应用化学,3,507,160642
2024,3304,盐城工学院,003,制药工程,3,533,130598
2024,3305,盐城师范学院,002,化学(师范),2,534,129437
2024,3305,盐城师范学院,003,电子商务,4,575,81289
2024,3306,扬州大学,001,广播电视学,2,620,33610
2024,3306,扬州大学,002,法语,2,626,28464
2024,3306,扬州大学,003,日语,1,617,36608
2024,3306,扬州大学,004,数学与应用数学(师范),1,627,27302
2024,3306,扬州大学,005,物理学（含师范）,1,616,37358
2024,3306,扬州大学,006,微电子科学与工程,1,619,34158
2024,3306,扬州大学,007,高分子材料与工程,1,624,30302
2024,3306,扬州大学,008,化学工程与工艺,1,602,51207
2024,3306,扬州大学,009,电子信息工程,2,623,30848
2024,3306,扬州大学,010,交通工程,2,596,57997
2024,3306,扬州大学,011,工程管理,2,599,54543
2024,3306,扬州大学,012,水文与水资源工程,2,597,56775
2024,3306,扬州大学,013,电气工程及其自动化,2,623,30924
2024,3306,扬州大学,014,环境工程,2,598,55798
2024,3306,扬州大学,015,给排水科学与工程,1,600,53623
2024,3306,扬州大学,016,动物医学,2,617,36168
2024,3306,扬州大学,017,生物科学(师范),2,492,
2024,3306,扬州大学,018,生物技术,1,611,41849
2024,3306,扬州大学,019,经济学,1,632,23436
2024,3306,扬州大学,020,汉语言文学(师范),1,644,16106
2024,3306,扬州大学,021,历史学(师范),1,642,16895
2024,3306,扬州大学,022,法学,2,638,19866
2024,3306,扬州大学,023,机械设计制造及其自动化,2,616,37121
2024,3306,扬州大学,024,车辆工程,2,611,41591
2024,3306,扬州大学,025,临床医学,2,632,23519
2024,3306,扬州大学,026,水利水电工程,2,610,42801
2024,3306,扬州大学,027,农业智能装备工程,1,601,52093
2024,3307,扬州大学广陵学院,001,汉语言文学,4,576,80567
2024,3307,扬州大学广陵学院,002,英语,4,562,97234
2024,3307,扬州大学广陵学院,003,广播电视学,4,560,98638
2024,3307,扬州大学广陵学院,004,市场营销,2,560,99369
2024,3307,扬州大学广陵学院,005,会计学,2,575,81933
2024,3307,扬州大学广陵学院,006,人力资源管理,2,567,91242
2024,3307,扬州大学广陵学院,007,国际经济与贸易,4,560,99300
2024,3307,扬州大学广陵学院,008,智能制造工程,2,504,164861
2024,3307,扬州大学广陵学院,009,通信工程,2,505,163691
2024,3307,扬州大学广陵学院,010,微电子科学与工程,2,511,156161
2024,3307,扬州大学广陵学院,011,电气工程及其自动化,2,527,137430
2024,3307,扬州大学广陵学院,012,化学工程与工艺,4,492,
2024,3307,扬州大学广陵学院,013,生物制药,4,502,166903
2024,3307,扬州大学广陵学院,014,工程管理,2,519,147317
2024,3308,扬州工业职业技术学院,512,大数据与财务管理,14,492,
2024,3310,扬州市职业大学,501,服装设计与工艺,2,492,
2024,3310,扬州市职业大学,503,电子商务,2,492,
2024,3310,扬州市职业大学,504,大数据与会计,2,521,145478
2024,3310,扬州市职业大学,505,商务英语,2,497,172792
2024,3310,扬州市职业大学,506,应用英语,2,492,
2024,3312,镇江市高等专科学校,501,电气自动化技术,3,510,158117
2024,3312,镇江市高等专科学校,502,分析检验技术,3,498,171224
2024,3312,镇江市高等专科学校,503,计算机应用技术,3,506,162706
2024,3312,镇江市高等专科学校,504,护理,10,518,148534
2024,3312,镇江市高等专科学校,505,医学检验技术,3,520,146316
2024,3312,镇江市高等专科学校,506,大数据与会计,4,509,158634
2024,3312,镇江市高等专科学校,507,法律事务,4,513,154531
2024,3313,正德职业技术学院,505,数字媒体技术,10,492,
2024,3314,南京传媒学院,013,广播电视编导,36,543,119529
2024,3314,南京传媒学院,014,新闻传播学类,8,563,95847
2024,3314,南京传媒学院,015,国际新闻与传播,7,549,112350
2024,3314,南京传媒学院,016,汉语国际教育,5,554,106640
2024,3314,南京传媒学院,017,时尚传播,10,542,120009
2024,3314,南京传媒学院,018,影视技术,6,549,112698
2024,3314,南京传媒学院,019,戏剧影视文学,8,544,117572
2024,3314,南京传媒学院,020,电影学,8,541,121521
2024,3314,南京传媒学院,021,财务管理,6,565,93492
2024,3314,南京传媒学院,022,文化产业管理,10,551,109856
2024,3314,南京传媒学院,023,广播电视编导(中外合作办学),20,532,132429
2024,3314,南京传媒学院,024,智能交互设计,5,500,168872
2024,3314,南京传媒学院,025,虚拟现实技术,5,502,166476
2024,3315,中国矿业大学,001,机器人工程,4,641,17562
2024,3315,中国矿业大学,002,人工智能,5,643,16393
2024,3315,中国矿业大学,003,电子信息类,10,642,16810
2024,3315,中国矿业大学,004,遥感科学与技术,2,638,19240
2024,3315,中国矿业大学,005,电气工程及其自动化,10,647,14231
2024,3315,中国矿业大学,006,大数据管理与应用,4,641,17540
2024,3315,中国矿业大学,007,计算机类,15,643,16166
2024,3315,中国矿业大学,008,新能源材料与器件,4,638,19230
2024,3315,中国矿业大学,009,安全科学与工程类,4,637,20139
2024,3315,中国矿业大学,010,土木类,2,627,27705
2024,3315,中国矿业大学,011,机械类,2,642,16833
2024,3315,中国矿业大学,012,集成电路设计与集成系统,2,642,17041
2024,3315,中国矿业大学,013,过程装备与控制工程,2,637,20303
2024,3315,中国矿业大学,014,经济与贸易类,8,642,17177
2024,3315,中国矿业大学,015,法学,2,650,12645
2024,3315,中国矿业大学,016,材料科学与工程,2,638,19287
2024,3315,中国矿业大学,017,工业设计,2,638,19378
2024,3315,中国矿业大学,018,物理学类,4,636,20785
2024,3315,中国矿业大学,019,数学类,12,639,18688
2024,3315,中国矿业大学,020,工商管理类,22,642,17078
2024,3315,中国矿业大学,021,行政管理,3,641,17772
2024,3315,中国矿业大学,022,汉语言文学,2,650,12504
2024,3315,中国矿业大学,023,网络与新媒体,4,642,17155
2024,3315,中国矿业大学,024,建筑类,3,626,28130
2024,3315,中国矿业大学,027,英语,8,640,18461
2024,3315,中国矿业大学,028,德语,2,638,19690
2024,3315,中国矿业大学,029,土木工程(中外合作办学),3,604,49407
2024,3315,中国矿业大学,030,建筑环境与能源应用工程(中外合作办学),3,601,52233
2024,3316,中国药科大学,001,药学（杰出药学家实验班）,1,663,6976
2024,3316,中国药科大学,002,药学（拔尖创新班）,3,658,8844
2024,3316,中国药科大学,003,药学类,30,641,17332
2024,3316,中国药科大学,004,中药学类,11,635,21234
2024,3316,中国药科大学,005,生物制药（拔尖创新班）,2,657,9201
2024,3316,中国药科大学,006,生物制药,5,651,12129
2024,3316,中国药科大学,007,生物技术,3,645,15383
2024,3316,中国药科大学,008,生物医药数据科学,2,644,15806
2024,3316,中国药科大学,009,化工与制药类,7,640,18262
2024,3316,中国药科大学,010,临床药学,3,649,12989
2024,3316,中国药科大学,011,临床药学(中外合作办学),6,632,23662
2024,3316,中国药科大学,012,药事管理,3,634,22014
2024,3317,钟山职业技术学院,502,药学,1,493,176639
2024,3318,南通理工学院,001,机器人工程,2,493,176005
2024,3318,南通理工学院,002,健康服务与管理,3,545,117021
2024,3318,南通理工学院,003,智能车辆工程,2,494,175358
2024,3318,南通理工学院,004,土木工程,3,492,
2024,3318,南通理工学院,005,人工智能,2,497,172698
2024,3318,南通理工学院,006,数据科学与大数据技术,2,509,158496
2024,3318,南通理工学院,007,电子商务,4,544,117979
2024,3318,南通理工学院,008,物流管理,3,542,120885
2024,3318,南通理工学院,009,酒店管理,4,538,124686
2024,3318,南通理工学院,010,市场营销,3,540,122715
2024,3318,南通理工学院,011,标准化工程,3,515,152325
2024,3318,南通理工学院,012,财务管理,4,553,108002
2024,3321,无锡工艺职业技术学院,505,眼视光技术,10,492,
2024,3322,苏州工业园区服务外包职业学院,503,采购与供应管理,10,492,
2024,3323,苏州科技大学天平学院,001,土木工程,3,492,
2024,3323,苏州科技大学天平学院,002,工程造价,2,533,130984
2024,3323,苏州科技大学天平学院,003,市场营销,3,559,100215
2024,3325,中国人民大学(苏州校区),002,国民经济管理(中外合作办学),3,662,7504
2024,3325,中国人民大学(苏州校区),003,金融学(中外合作办学),10,661,7649
2024,3325,中国人民大学(苏州校区),004,数学与应用数学(中外合作办学)（人大索邦数学拔尖实验班）,5,660,8091
2024,3325,中国人民大学(苏州校区),005,人力资源管理(中外合作办学),3,661,7910
2024,3325,中国人民大学(苏州校区),006,传播学(中外合作办学)（国际传播拔尖创新班）,3,662,7539
2024,3326,江苏科技大学苏州理工学院,001,船舶与海洋工程,2,531,132779
2024,3326,江苏科技大学苏州理工学院,002,机械设计制造及其自动化,2,522,143327
2024,3326,江苏科技大学苏州理工学院,003,焊接技术与工程,2,492,
2024,3326,江苏科技大学苏州理工学院,004,国际经济与贸易,2,559,100612
2024,3326,江苏科技大学苏州理工学院,005,英语,2,561,97520
2024,3336,常州工程职业技术学院,503,数字媒体技术,5,492,
2024,3337,徐州生物工程职业技术学院,501,护理,6,496,172972
2024,3337,徐州生物工程职业技术学院,506,动物医学,4,499,170568
2024,3339,江苏航空职业技术学院,501,无人机测绘技术,2,508,159419
2024,3339,江苏航空职业技术学院,503,智能控制技术,1,513,154403
2024,3339,江苏航空职业技术学院,504,智能机器人技术,1,500,169246
2024,3339,江苏航空职业技术学院,507,航空发动机制造技术,2,494,175653
2024,3339,江苏航空职业技术学院,508,飞机机载设备装配调试技术,2,492,177255
2024,3339,江苏航空职业技术学院,509,飞行器维修技术,2,494,175364
2024,3339,江苏航空职业技术学院,511,无人机应用技术,2,512,155208
2024,3339,江苏航空职业技术学院,513,民航运输服务,2,492,
2024,3339,江苏航空职业技术学院,515,空中乘务,2,507,160792
2024,3339,江苏航空职业技术学院,516,民航安全技术管理,1,502,167271
2024,3339,江苏航空职业技术学院,517,民航空中安全保卫,2,496,173080
2024,3339,江苏航空职业技术学院,518,机场运行服务与管理,3,519,147917
2024,3339,江苏航空职业技术学院,519,飞机机电设备维修,2,501,167790
2024,3339,江苏航空职业技术学院,520,飞机电子设备维修,2,493,176265
2024,3348,江苏护理职业学院,501,护理,28,509,159165
2024,3348,江苏护理职业学院,502,助产,4,500,168682
2024,3348,江苏护理职业学院,503,医学美容技术,5,510,157212
2024,3348,江苏护理职业学院,504,预防医学,6,501,167951
2024,3348,江苏护理职业学院,505,医学检验技术,4,510,157813
2024,3348,江苏护理职业学院,506,医学影像技术,4,510,157634
2024,3348,江苏护理职业学院,507,口腔医学技术,4,526,139237
2024,3348,江苏护理职业学院,508,卫生检验与检疫技术,2,505,163103
2024,3348,江苏护理职业学院,509,中医学,6,514,152928
2024,3348,江苏护理职业学院,510,药学,4,514,152804
2024,3348,江苏护理职业学院,511,中药学,3,511,156696
2024,3348,江苏护理职业学院,512,康复治疗技术,4,507,161524
2024,3348,江苏护理职业学院,513,中医康复技术,4,505,163760
2024,3348,江苏护理职业学院,514,健康管理,2,499,170449
2024,3350,江苏卫生健康职业学院,501,临床医学,16,492,
2024,3350,江苏卫生健康职业学院,502,护理,16,511,156215
2024,3350,江苏卫生健康职业学院,503,药学,8,514,152599
2024,3350,江苏卫生健康职业学院,504,中医学,8,517,149627
2024,3350,江苏卫生健康职业学院,505,医学检验技术,8,515,151887
2024,3350,江苏卫生健康职业学院,506,医学影像技术,8,521,144973
2024,3351,南京城市职业学院,504,传播与策划,5,492,
2024,3351,南京城市职业学院,505,大数据与会计,12,496,172926
2024,3351,南京城市职业学院,506,跨境电子商务,4,492,
2024,3351,南京城市职业学院,510,工程造价,3,492,
2024,3351,南京城市职业学院,511,智慧健康养老服务与管理,2,500,168531
2024,3351,南京城市职业学院,512,健康管理,2,492,
2024,3351,南京城市职业学院,513,计算机应用技术,12,492,
2024,3351,南京城市职业学院,514,计算机网络技术,5,492,
2024,3351,南京城市职业学院,517,智能控制技术,2,492,177624
2024,3353,连云港师范高等专科学校,501,早期教育(师范),6,492,
2024,3353,连云港师范高等专科学校,502,学前教育(师范),6,496,173254
2024,3353,连云港师范高等专科学校,503,小学教育(师范),15,512,155862
2024,3353,连云港师范高等专科学校,504,小学语文教育(师范),15,510,157779
2024,3353,连云港师范高等专科学校,505,小学数学教育(师范),16,502,167049
2024,3353,连云港师范高等专科学校,506,小学英语教育(师范),12,507,160691
2024,3355,苏州工业职业技术学院,502,工业工程技术,3,492,
2024,3355,苏州工业职业技术学院,504,物联网应用技术,5,492,
2024,3356,徐州幼儿师范高等专科学校,502,学前教育(师范),5,492,
2024,3356,徐州幼儿师范高等专科学校,503,小学英语教育(师范),10,494,175453
2024,3357,江苏医药职业学院,501,护理,4,511,156744
2024,3357,江苏医药职业学院,502,临床医学,5,492,
2024,3357,江苏医药职业学院,503,口腔医学,3,519,146789
2024,3357,江苏医药职业学院,504,针灸推拿,4,511,156360
2024,3358,宿迁学院,001,电子商务,1,579,77338
2024,3358,宿迁学院,002,物流管理,1,575,81693
2024,3358,宿迁学院,003,行政管理,1,575,81104
2024,3358,宿迁学院,004,财务管理,1,583,72654
2024,3358,宿迁学院,005,会计学,1,583,72788
2024,3358,宿迁学院,006,工程管理,1,540,122337
2024,3358,宿迁学院,007,城乡规划,1,572,84557
2024,3358,宿迁学院,008,测绘工程,1,527,138158
2024,3358,宿迁学院,009,土木工程,4,522,143626
2024,3358,宿迁学院,010,自动化,1,542,120155
2024,3358,宿迁学院,011,材料科学与工程,1,532,132123
2024,3358,宿迁学院,012,智能制造工程,1,537,125707
2024,3358,宿迁学院,013,机械电子工程,1,550,110357
2024,3358,宿迁学院,014,材料成型及控制工程,1,532,131550
2024,3358,宿迁学院,015,机械设计制造及其自动化,1,551,109621
2024,3358,宿迁学院,016,广告学,1,573,84126
2024,3358,宿迁学院,017,汉语言文学,1,589,66007
2024,3360,江苏第二师范学院,001,数学与应用数学(师范),5,539,123531
2024,3360,江苏第二师范学院,002,汉语言文学(师范),5,603,50763
2024,3361,南通师范高等专科学校,501,小学语文教育(师范),5,502,166537
2024,3361,南通师范高等专科学校,502,小学数学教育(师范),5,497,172063
2024,3361,南通师范高等专科学校,503,小学英语教育(师范),5,501,168399
2024,3361,南通师范高等专科学校,504,学前教育(师范),5,492,
2024,3362,盐城幼儿师范高等专科学校,504,小学教育(师范),5,492,
2024,3401,安徽财经大学,001,经济学类,2,605,47726
2024,3401,安徽财经大学,002,金融学类,4,602,51546
2024,3401,安徽财经大学,003,金融学,6,602,51256
2024,3401,安徽财经大学,004,经济与贸易类,6,596,57766
2024,3401,安徽财经大学,005,工商管理类,5,601,52759
2024,3401,安徽财经大学,006,供应链管理,3,593,61421
2024,3401,安徽财经大学,007,会计学,4,617,36673
2024,3402,蚌埠工商学院,001,金融学,3,551,110313
2024,3402,蚌埠工商学院,003,国际经济与贸易,3,547,114332
2024,3402,蚌埠工商学院,004,会计学,4,559,100352
2024,3402,蚌埠工商学院,005,财务管理,3,555,105371
2024,3402,蚌埠工商学院,006,人力资源管理,3,550,111001
2024,3402,蚌埠工商学院,007,审计学,2,560,99082
2024,3404,安徽大学,001,数学类,4,639,18604
2024,3404,安徽大学,002,计算机科学与技术,8,645,15249
2024,3404,安徽大学,003,互联网金融,3,634,22393
2024,3404,安徽大学,004,网络空间安全,6,642,16773
2024,3404,安徽大学,005,电子信息工程,5,643,16352
2024,3404,安徽大学,006,电气工程及其自动化,5,643,16350
2024,3404,安徽大学,007,机械设计制造及其自动化,4,640,18338
2024,3404,安徽大学,008,人工智能,8,642,16868
2024,3404,安徽大学,009,思想政治教育,3,646,14910
2024,3404,安徽大学,010,新闻传播学类,8,642,17206
2024,3404,安徽大学,011,经济学,4,644,16114
2024,3404,安徽大学,012,金融学,4,644,15984
2024,3404,安徽大学,013,工商管理类,8,642,17079
2024,3404,安徽大学,014,英语,3,640,18191
2024,3404,安徽大学,015,法学类,3,653,10983
2024,3404,安徽大学,020,应用物理学(中外合作办学),10,605,47745
2024,3404,安徽大学,021,应用统计学(中外合作办学),10,613,39746
2024,3404,安徽大学,022,数字媒体技术(中外合作办学),11,610,43534
2024,3406,安徽工程大学,001,机械设计制造及其自动化,2,566,91550
2024,3406,安徽工程大学,002,测控技术与仪器,15,549,111639
2024,3406,安徽工程大学,003,材料科学与工程,4,539,123644
2024,3406,安徽工程大学,004,材料成型及控制工程,14,539,124149
2024,3406,安徽工程大学,005,纺织工程,14,519,146806
2024,3406,安徽工程大学,006,非织造材料与工程,2,523,142186
2024,3406,安徽工程大学,007,计算机科学与技术,2,572,84671
2024,3406,安徽工程大学,008,软件工程,1,572,84503
2024,3406,安徽工程大学,009,数据科学与大数据技术,1,567,90419
2024,3406,安徽工程大学,010,物联网工程,1,565,93043
2024,3406,安徽工程大学,011,生物工程,9,492,
2024,3406,安徽工程大学,012,应用化学,5,492,
2024,3406,安徽工程大学,013,生物制药,8,492,
2024,3406,安徽工程大学,014,食品科学与工程,11,505,163000
2024,3406,安徽工程大学,015,土木工程,17,504,164342
2024,3406,安徽工程大学,016,环境工程,5,492,
2024,3406,安徽工程大学,017,化学工程与工艺,4,516,151154
2024,3406,安徽工程大学,018,给排水科学与工程,5,535,127986
2024,3406,安徽工程大学,019,服装设计与工程,5,578,78339
2024,3407,安徽信息工程学院,001,计算机科学与技术,4,492,
2024,3407,安徽信息工程学院,002,软件工程,4,492,
2024,3407,安徽信息工程学院,003,人工智能,4,492,
2024,3407,安徽信息工程学院,005,电气工程及其自动化,3,494,175227
2024,3407,安徽信息工程学院,006,机械设计制造及其自动化,5,492,
2024,3407,安徽信息工程学院,007,智能制造工程,5,492,
2024,3410,安徽工业大学,001,材料科学与工程,2,571,86280
2024,3410,安徽工业大学,002,电气工程及其自动化,2,595,58382
2024,3410,安徽工业大学,003,电子信息工程,2,588,66537
2024,3410,安徽工业大学,004,光电信息科学与工程,2,581,74283
2024,3410,安徽工业大学,005,化学生物学,2,523,142918
2024,3410,安徽工业大学,006,机械工程,2,580,75923
2024,3410,安徽工业大学,007,机械设计制造及其自动化,2,594,60186
2024,3410,安徽工业大学,008,计算机科学与技术,2,591,63053
2024,3410,安徽工业大学,009,氢能科学与工程,2,573,83280
2024,3410,安徽工业大学,010,人工智能,2,593,61449
2024,3410,安徽工业大学,011,软件工程,2,591,63190
2024,3410,安徽工业大学,012,数据科学与大数据技术,2,585,70115
2024,3410,安徽工业大学,013,土木工程,2,555,104572
2024,3410,安徽工业大学,014,英语,2,592,62813
2024,3410,安徽工业大学,015,自动化,2,593,61488
2024,3411,马鞍山学院,001,金融学,5,539,123471
2024,3411,马鞍山学院,002,国际经济与贸易,5,537,125731
2024,3411,马鞍山学院,003,英语,5,536,127750
2024,3411,马鞍山学院,004,财务管理,5,546,115900
2024,3416,安徽建筑大学,001,土木工程,2,546,115457
2024,3416,安徽建筑大学,002,城市地下空间工程,2,513,153801
2024,3416,安徽建筑大学,003,道路桥梁与渡河工程,2,509,158697
2024,3416,安徽建筑大学,004,地质工程,2,524,141300
2024,3416,安徽建筑大学,005,勘查技术与工程,2,529,135464
2024,3416,安徽建筑大学,006,交通工程,2,567,90792
2024,3416,安徽建筑大学,007,安全工程,2,526,138812
2024,3416,安徽建筑大学,008,建筑学,1,592,61995
2024,3416,安徽建筑大学,009,城乡规划,1,593,60593
2024,3416,安徽建筑大学,010,风景园林,1,575,81690
2024,3416,安徽建筑大学,011,地理信息科学,2,584,71559
2024,3416,安徽建筑大学,012,能源与动力工程,2,567,90718
2024,3416,安徽建筑大学,013,建筑环境与能源应用工程,2,539,123634
2024,3416,安徽建筑大学,014,给排水科学与工程,2,549,111815
2024,3416,安徽建筑大学,015,环境生态工程,2,530,134304
2024,3416,安徽建筑大学,016,经济学,2,594,60227
2024,3416,安徽建筑大学,017,金融工程,2,558,101224
2024,3416,安徽建筑大学,018,工程管理,2,561,97960
2024,3416,安徽建筑大学,019,房地产开发与管理,2,552,108094
2024,3416,安徽建筑大学,020,工程造价,2,567,90489
2024,3416,安徽建筑大学,021,会计学,2,605,48604
2024,3416,安徽建筑大学,022,财务管理,2,598,55349
2024,3416,安徽建筑大学,023,电子信息工程,2,577,79001
2024,3416,安徽建筑大学,024,通信工程,2,571,85859
2024,3416,安徽建筑大学,025,计算机科学与技术,2,579,76672
2024,3416,安徽建筑大学,026,网络工程,2,570,86911
2024,3416,安徽建筑大学,027,物联网工程,2,573,83351
2024,3416,安徽建筑大学,028,建筑电气与智能化,2,553,106839
2024,3416,安徽建筑大学,029,应用化学,2,492,
2024,3416,安徽建筑大学,030,金属材料工程,2,541,121284
2024,3416,安徽建筑大学,031,无机非金属材料工程,2,492,
2024,3416,安徽建筑大学,032,高分子材料与工程,2,539,123826
2024,3416,安徽建筑大学,033,应用物理学,2,541,121183
2024,3416,安徽建筑大学,034,声学,2,560,98931
2024,3416,安徽建筑大学,035,统计学,2,562,96389
2024,3416,安徽建筑大学,036,机械设计制造及其自动化,2,568,89392
2024,3416,安徽建筑大学,037,机械电子工程,2,570,87608
2024,3416,安徽建筑大学,038,工业设计,2,561,97986
2024,3416,安徽建筑大学,039,测控技术与仪器,2,566,92267
2024,3416,安徽建筑大学,040,电气工程及其自动化,2,579,76401
2024,3416,安徽建筑大学,041,自动化,2,573,83638
2024,3416,安徽建筑大学,042,法学,2,606,47234
2024,3416,安徽建筑大学,043,人力资源管理,2,588,66135
2024,3416,安徽建筑大学,044,土地资源管理,2,590,64711
2024,3417,合肥城市学院,002,建筑环境与能源应用工程,3,492,
2024,3417,合肥城市学院,003,智能建造,2,492,
2024,3417,合肥城市学院,004,城乡规划,2,509,158598
2024,3417,合肥城市学院,005,风景园林,2,552,108330
2024,3417,合肥城市学院,006,机械设计制造及其自动化,3,498,171035
2024,3417,合肥城市学院,007,机械电子工程,3,497,171838
2024,3417,合肥城市学院,009,无机非金属材料工程,3,492,
2024,3417,合肥城市学院,010,电气工程及其自动化,3,494,175142
2024,3417,合肥城市学院,012,资产评估,2,546,115873
2024,3419,安徽警官职业学院,501,法律事务,13,494,175873
2024,3419,安徽警官职业学院,502,心理咨询,5,492,177354
2024,3419,安徽警官职业学院,503,大数据与会计,2,510,157580
2024,3419,安徽警官职业学院,504,计算机网络技术,5,492,
2024,3420,安徽科技学院,001,城乡规划,2,578,78504
2024,3420,安徽科技学院,002,风景园林,2,576,80923
2024,3420,安徽科技学院,003,建筑学,2,576,80886
2024,3420,安徽科技学院,004,地理信息科学,2,582,73310
2024,3420,安徽科技学院,005,动物科学,4,510,157915
2024,3420,安徽科技学院,006,环境工程,3,523,142364
2024,3420,安徽科技学院,007,生物工程,3,499,169818
2024,3420,安徽科技学院,008,生物制药,3,529,134910
2024,3420,安徽科技学院,009,农业智能装备工程,1,526,138691
2024,3420,安徽科技学院,010,食品科学与工程,2,538,125207
2024,3420,安徽科技学院,011,食品质量与安全,2,492,
2024,3420,安徽科技学院,012,物流管理,3,519,146944
2024,3420,安徽科技学院,013,质量管理工程,3,546,115141
2024,3421,安徽理工大学,001,金融学,2,597,57269
2024,3421,安徽理工大学,002,英语,2,591,63390
2024,3421,安徽理工大学,003,机械设计制造及其自动化,4,581,74453
2024,3421,安徽理工大学,004,过程装备与控制工程,2,563,95030
2024,3421,安徽理工大学,005,车辆工程,4,567,90749
2024,3421,安徽理工大学,006,测控技术与仪器,2,566,91843
2024,3421,安徽理工大学,007,无机非金属材料工程,4,555,104779
2024,3421,安徽理工大学,008,高分子材料与工程,4,561,97830
2024,3421,安徽理工大学,009,新能源科学与工程,2,581,74678
2024,3421,安徽理工大学,010,电气工程及其自动化,2,597,56883
2024,3421,安徽理工大学,011,电子信息工程,2,585,69494
2024,3421,安徽理工大学,012,光电信息科学与工程,2,578,77544
2024,3421,安徽理工大学,013,集成电路设计与集成系统,2,584,71149
2024,3421,安徽理工大学,014,自动化,2,588,67126
2024,3421,安徽理工大学,015,信息安全,2,587,67495
2024,3421,安徽理工大学,016,数字媒体技术,2,579,76851
2024,3421,安徽理工大学,017,区块链工程,2,574,82422
2024,3421,安徽理工大学,018,土木工程,3,558,100916
2024,3421,安徽理工大学,019,测绘工程,4,540,122370
2024,3421,安徽理工大学,020,遥感科学与技术,2,570,86991
2024,3421,安徽理工大学,021,制药工程,2,567,90459
2024,3421,安徽理工大学,022,弹药工程与爆炸技术,2,581,74088
2024,3421,安徽理工大学,023,环境工程,2,547,113916
2024,3421,安徽理工大学,024,建筑学,4,549,112267
2024,3421,安徽理工大学,025,应急技术与管理,2,552,108260
2024,3421,安徽理工大学,026,职业卫生工程,2,547,114346
2024,3421,安徽理工大学,027,临床医学,2,596,57332
2024,3421,安徽理工大学,028,预防医学,4,492,
2024,3421,安徽理工大学,029,药学,2,559,99637
2024,3421,安徽理工大学,030,医学检验技术,2,561,97301
2024,3421,安徽理工大学,031,工程造价,4,558,101779
2024,3421,安徽理工大学,032,电子商务,2,559,100253
2024,3421,安徽理工大学,033,机械电子工程(中外合作办学),4,557,102195
2024,3422,安徽农业大学,001,农学,5,550,110728
2024,3422,安徽农业大学,002,生物育种科学,4,533,130575
2024,3422,安徽农业大学,003,植物保护,4,516,150588
2024,3422,安徽农业大学,004,智慧农业,2,553,107654
2024,3422,安徽农业大学,005,园艺,4,522,143288
2024,3422,安徽农业大学,006,木材科学与工程,2,527,137899
2024,3422,安徽农业大学,007,城乡规划,2,591,63594
2024,3422,安徽农业大学,008,林学,3,492,
2024,3422,安徽农业大学,009,园林,3,590,64339
2024,3422,安徽农业大学,010,动物科学,4,507,161223
2024,3422,安徽农业大学,011,食品科学与工程,4,541,121413
2024,3422,安徽农业大学,012,茶学,3,560,98613
2024,3422,安徽农业大学,013,食品卫生与营养学,4,513,153758
2024,3422,安徽农业大学,014,数据科学与大数据技术,2,576,80365
2024,3422,安徽农业大学,015,应用化学,2,566,91494
2024,3422,安徽农业大学,016,应用统计学,2,572,84561
2024,3422,安徽农业大学,017,生物科学类,5,515,151760
2024,3422,安徽农业大学,018,生物制药,3,569,87937
2024,3422,安徽农业大学,019,地理空间信息工程,3,533,130292
2024,3422,安徽农业大学,020,环境科学与工程类,4,502,167083
2024,3422,安徽农业大学,021,农业资源与环境,3,534,129428
2024,3422,安徽农业大学,022,机械设计制造及其自动化,2,577,79075
2024,3422,安徽农业大学,023,车辆工程,3,573,83246
2024,3422,安徽农业大学,024,电子信息类,2,578,78039
2024,3422,安徽农业大学,025,计算机科学与技术,2,585,69586
2024,3422,安徽农业大学,026,会计学,3,605,48555
2024,3422,安徽农业大学,027,经济学,3,597,57122
2024,3422,安徽农业大学,028,金融学,2,595,58623
2024,3422,安徽农业大学,029,农林经济管理,2,594,60008
2024,3422,安徽农业大学,030,法学,2,609,44250
2024,3422,安徽农业大学,031,社会工作,2,592,61872
2024,3422,安徽农业大学,032,汉语言文学,2,610,42837
2024,3422,安徽农业大学,033,日语,2,588,67181
2024,3424,安徽审计职业学院,504,大数据与会计,10,492,
2024,3425,安徽师范大学,001,汉语言文学(师范),2,634,22392
2024,3425,安徽师范大学,002,汉语国际教育,2,617,36171
2024,3425,安徽师范大学,003,思想政治教育(师范),2,629,26337
2024,3425,安徽师范大学,005,法学,2,625,29644
2024,3425,安徽师范大学,006,社会工作,3,595,59233
2024,3425,安徽师范大学,007,会计学,2,616,37192
2024,3425,安徽师范大学,008,俄语,2,594,60234
2024,3425,安徽师范大学,009,法语,2,592,62305
2024,3425,安徽师范大学,010,日语,2,601,52884
2024,3425,安徽师范大学,011,葡萄牙语,2,592,62213
2024,3425,安徽师范大学,012,化学(师范),2,578,77775
2024,3425,安徽师范大学,013,地理科学(师范),2,628,26862
2024,3425,安徽师范大学,014,旅游管理,2,596,58227
2024,3425,安徽师范大学,015,生物科学(师范),2,605,48043
2024,3425,安徽师范大学,016,生物技术,2,505,163299
2024,3425,安徽师范大学,017,食品科学与工程,2,531,132693
2024,3425,安徽师范大学,018,生物制药,2,545,116891
2024,3425,安徽师范大学,019,生态学,2,527,137629
2024,3425,安徽师范大学,020,环境工程,2,549,111697
2024,3425,安徽师范大学,021,环境科学,2,547,113905
2024,3426,芜湖学院,001,计算机类,5,510,157307
2024,3426,芜湖学院,002,电子信息类,5,505,163077
2024,3429,安徽医科大学,001,临床医学,7,634,22319
2024,3429,安徽医科大学,002,麻醉学,2,624,29976
2024,3429,安徽医科大学,003,预防医学,2,599,54001
2024,3429,安徽医科大学,004,药学,2,598,56070
2024,3429,安徽医科大学,005,临床药学,3,608,45297
2024,3429,安徽医科大学,006,护理学,2,581,74480
2024,3430,安徽医科大学临床医学院,001,临床医学,5,531,132968
2024,3430,安徽医科大学临床医学院,002,预防医学,5,492,
2024,3431,安徽医学高等专科学校,501,临床医学,30,492,
2024,3431,安徽医学高等专科学校,502,康复治疗技术,8,495,174548
2024,3431,安徽医学高等专科学校,503,医学影像技术,7,516,150809
2024,3431,安徽医学高等专科学校,504,口腔医学,6,525,140201
2024,3431,安徽医学高等专科学校,505,口腔医学技术,4,534,129981
2024,3431,安徽医学高等专科学校,507,医学检验技术,6,492,
2024,3431,安徽医学高等专科学校,508,眼视光技术,6,507,161091
2024,3431,安徽医学高等专科学校,510,护理,25,506,162554
2024,3431,安徽医学高等专科学校,511,护理（口腔护理）,10,503,165742
2024,3431,安徽医学高等专科学校,512,卫生信息管理,2,492,177068
2024,3431,安徽医学高等专科学校,513,老年保健与管理,2,493,176740
2024,3431,安徽医学高等专科学校,514,预防医学,3,502,167175
2024,3431,安徽医学高等专科学校,515,生物制药技术,6,495,174731
2024,3431,安徽医学高等专科学校,516,中药学,5,516,151414
2024,3431,安徽医学高等专科学校,517,药学,6,506,162319
2024,3434,安徽中医药大学,001,中医学,4,605,47689
2024,3434,安徽中医药大学,002,中医骨伤科学,2,587,67328
2024,3434,安徽中医药大学,003,药学,1,584,71217
2024,3434,安徽中医药大学,004,中药学,2,562,96322
2024,3434,安徽中医药大学,005,数据科学与大数据技术,3,564,94250
2024,3434,安徽中医药大学,006,国际经济与贸易,3,585,70408
2024,3434,安徽中医药大学,007,护理学,5,540,122801
2024,3435,安徽中医药高等专科学校,501,中医学,10,513,154817
2024,3435,安徽中医药高等专科学校,502,中医骨伤,4,514,153527
2024,3435,安徽中医药高等专科学校,504,药学,10,492,177158
2024,3435,安徽中医药高等专科学校,505,中药学,10,497,171960
2024,3435,安徽中医药高等专科学校,508,药品经营与管理,4,492,
2024,3435,安徽中医药高等专科学校,509,中药制药,10,492,
2024,3435,安徽中医药高等专科学校,510,针灸推拿,10,505,163741
2024,3435,安徽中医药高等专科学校,511,康复治疗技术,10,492,
2024,3435,安徽中医药高等专科学校,512,医学美容技术（中医美容方向）,8,492,177262
2024,3435,安徽中医药高等专科学校,513,中医康复技术,6,492,177952
2024,3435,安徽中医药高等专科学校,514,护理,10,502,166928
2024,3435,安徽中医药高等专科学校,515,口腔医学,2,555,104651
2024,3435,安徽中医药高等专科学校,516,口腔医学技术,8,508,159554
2024,3435,安徽中医药高等专科学校,517,临床医学,4,530,133736
2024,3435,安徽中医药高等专科学校,518,预防医学,4,493,176836
2024,3435,安徽中医药高等专科学校,519,医学检验技术,8,500,168774
2024,3435,安徽中医药高等专科学校,520,医学影像技术,8,507,160541
2024,3436,安庆师范大学,001,电子信息类,5,549,111794
2024,3436,安庆师范大学,002,信息与计算科学(中外合作办学),5,521,144854
2024,3437,蚌埠学院,001,电子信息工程,1,537,125843
2024,3437,蚌埠学院,002,软件工程,1,555,104886
2024,3437,蚌埠学院,003,无机非金属材料工程,1,499,169824
2024,3437,蚌埠学院,004,光电信息科学与工程,1,531,132699
2024,3437,蚌埠学院,005,汉语言文学,1,584,71024
2024,3438,蚌埠医科大学,001,医学影像学,5,587,67404
2024,3438,蚌埠医科大学,002,精神医学,10,556,103979
2024,3438,蚌埠医科大学,003,医学检验技术,5,520,145787
2024,3439,巢湖学院,001,电子商务,5,569,88596
2024,3439,巢湖学院,002,旅游管理,5,568,89233
2024,3439,巢湖学院,004,应用统计学,10,508,159960
2024,3439,巢湖学院,005,大数据管理与应用,5,545,116725
2024,3439,巢湖学院,006,无机非金属材料工程,5,513,154677
2024,3440,合肥职业技术学院,503,药学,15,492,
2024,3440,合肥职业技术学院,504,护理,15,492,177631
2024,3440,合肥职业技术学院,505,大数据与会计,15,492,
2024,3441,池州学院,001,汉语言文学(师范),3,589,65903
2024,3441,池州学院,002,广播电视编导,2,566,91927
2024,3441,池州学院,003,数学与应用数学(师范),2,529,135028
2024,3441,池州学院,004,计算机科学与技术,2,537,125754
2024,3441,池州学院,005,文化产业管理,2,569,88622
2024,3441,池州学院,006,旅游管理,2,573,83675
2024,3441,池州学院,007,酒店管理,2,568,90135
2024,3441,池州学院,008,高分子材料与工程,2,527,137777
2024,3441,池州学院,009,新能源材料与器件,4,520,145626
2024,3442,滁州学院,001,新闻学,1,582,73873
2024,3442,滁州学院,002,网络与新媒体,2,583,72488
2024,3442,滁州学院,003,旅游管理,2,571,86269
2024,3442,滁州学院,004,工商管理,2,579,77240
2024,3442,滁州学院,005,市场营销,2,571,86445
2024,3442,滁州学院,006,国际经济与贸易,2,575,81654
2024,3442,滁州学院,007,财务管理,1,585,70262
2024,3442,滁州学院,008,审计学,1,580,76061
2024,3442,滁州学院,009,英语,1,577,79714
2024,3442,滁州学院,010,商务英语,1,577,79769
2024,3443,阜阳师范大学,001,数学与应用数学(师范),5,541,121077
2024,3443,阜阳师范大学,002,电气工程及其自动化,5,542,119840
2024,3443,阜阳师范大学,003,软件工程,5,535,128464
2024,3443,阜阳师范大学,004,财务管理,5,581,74969
2024,3443,阜阳师范大学,005,金融工程,5,545,116445
2024,3443,阜阳师范大学,006,历史学(师范),5,589,66071
2024,3443,阜阳师范大学,007,地理信息科学,5,582,73106
2024,3443,阜阳师范大学,008,化学(师范),5,521,144753
2024,3444,阜阳理工学院,001,财务管理,10,550,111139
2024,3445,合肥工业大学,001,电气工程及其自动化,12,648,13587
2024,3445,合肥工业大学,002,自动化,12,646,14770
2024,3445,合肥工业大学,003,机器人工程,4,644,15654
2024,3445,合肥工业大学,004,电子科学与技术,5,648,13367
2024,3445,合肥工业大学,005,微电子科学与工程,8,646,14523
2024,3445,合肥工业大学,006,集成电路设计与集成系统,5,648,13751
2024,3445,合肥工业大学,007,应用物理学,6,640,18399
2024,3445,合肥工业大学,008,信息管理与信息系统,6,642,17181
2024,3445,合肥工业大学,009,大数据管理与应用,4,643,16233
2024,3445,合肥工业大学,010,会计学,6,631,24342
2024,3445,合肥工业大学,011,机械设计制造及其自动化,18,639,18689
2024,3445,合肥工业大学,012,飞行器制造工程,6,639,18857
2024,3445,合肥工业大学,013,智能制造工程,6,640,18165
2024,3445,合肥工业大学,014,工业工程,4,636,20650
2024,3445,合肥工业大学,015,计算机科学与技术,10,651,11869
2024,3445,合肥工业大学,016,电子信息工程,8,648,13528
2024,3445,合肥工业大学,017,通信工程,6,645,15149
2024,3445,合肥工业大学,018,信息安全,4,645,15059
2024,3445,合肥工业大学,019,建筑学,4,623,31155
2024,3445,合肥工业大学,021,数字经济,4,634,22249
2024,3445,合肥工业大学,022,车辆工程,4,642,17024
2024,3445,合肥工业大学,023,能源与动力工程,6,640,17954
2024,3445,合肥工业大学,024,新能源科学与工程,4,644,15582
2024,3445,合肥工业大学,025,软件工程,10,649,13156
2024,3445,合肥工业大学,026,信息与计算科学,6,642,16778
2024,3445,合肥工业大学,027,统计学,4,641,17342
2024,3445,合肥工业大学,028,英语,6,638,19821
2024,3445,合肥工业大学,029,法学,4,650,12812
2024,3445,合肥工业大学,030,测控技术与仪器,6,638,19358
2024,3445,合肥工业大学,031,光电信息科学与工程,6,643,16268
2024,3445,合肥工业大学,032,智能感知工程,4,639,18903
2024,3445,合肥工业大学,033,国际经济与贸易(中外合作办学),9,632,23820
2024,3445,合肥工业大学,034,集成电路设计与集成系统（创新实验班）,3,652,11525
2024,3445,合肥工业大学,035,电气工程及其自动化（创新实验班）,4,651,12228
2024,3445,合肥工业大学,036,智能车辆工程（创新实验班）,4,645,15134
2024,3446,合肥大学,001,机械电子工程,2,564,94051
2024,3446,合肥大学,002,电子信息工程,2,570,87147
2024,3446,合肥大学,003,通信工程,2,566,91676
2024,3446,合肥大学,004,数学与应用数学(师范),2,566,91635
2024,3446,合肥大学,005,计算机科学与技术,2,573,83944
2024,3446,合肥大学,006,智能科学与技术,2,560,98560
2024,3446,合肥大学,007,数据科学与大数据技术,2,569,88756
2024,3446,合肥大学,008,土木工程,2,549,111925
2024,3446,合肥大学,009,建筑学,2,583,72895
2024,3446,合肥大学,010,生物工程,2,552,108374
2024,3446,合肥大学,011,生物制药,2,555,104583
2024,3446,合肥大学,012,无机非金属材料工程,2,549,112085
2024,3446,合肥大学,013,化学工程与工艺,2,543,119131
2024,3446,合肥大学,014,能源化学工程,2,548,113631
2024,3446,合肥大学,015,工业设计,2,548,112813
2024,3446,合肥大学,016,经济工程,2,561,97408
2024,3446,合肥大学,017,金融学,2,589,65363
2024,3446,合肥大学,018,国际经济与贸易,2,585,69672
2024,3446,合肥大学,019,财务管理,2,592,61733
2024,3446,合肥大学,020,物流管理,2,585,70440
2024,3446,合肥大学,021,汉语言文学,2,597,57210
2024,3446,合肥大学,022,新闻学,2,587,68286
2024,3446,合肥大学,023,英语,2,587,67839
2024,3446,合肥大学,024,德语,2,577,79505
2024,3446,合肥大学,025,日语,2,581,74246
2024,3446,合肥大学,026,旅游管理,2,584,71492
2024,3446,合肥大学,027,会展经济与管理,2,582,73065
2024,3446,合肥大学,028,学前教育(师范),2,586,68884
2024,3446,合肥大学,029,物流管理(中外合作办学),2,571,86307
2024,3447,皖江工学院,001,水利水电工程,3,492,
2024,3447,皖江工学院,002,港口航道与海岸工程,2,508,159880
2024,3447,皖江工学院,003,地理空间信息工程,2,498,170753
2024,3447,皖江工学院,004,人工智能,2,492,177804
2024,3447,皖江工学院,005,国际经济与贸易,1,546,115539
2024,3448,淮北师范大学,001,特殊教育(师范),1,602,51856
2024,3448,淮北师范大学,002,经济学,1,602,51646
2024,3448,淮北师范大学,003,人力资源管理,1,586,69344
2024,3448,淮北师范大学,004,旅游管理,1,582,73762
2024,3448,淮北师范大学,005,英语(师范),1,617,36738
2024,3448,淮北师范大学,006,历史学(师范),1,615,38243
2024,3448,淮北师范大学,007,物流管理,1,548,112870
2024,3448,淮北师范大学,008,电子商务,2,492,
2024,3448,淮北师范大学,009,法学,1,612,41175
2024,3448,淮北师范大学,010,汉语言文学(师范),2,617,36682
2024,3448,淮北师范大学,011,新闻学,1,607,46499
2024,3448,淮北师范大学,012,统计学,1,562,96268
2024,3448,淮北师范大学,013,化学(师范),1,542,120323
2024,3448,淮北师范大学,014,应用化学,1,512,155349
2024,3448,淮北师范大学,015,生物科学(师范),1,574,82477
2024,3448,淮北师范大学,016,环境科学,1,543,119354
2024,3448,淮北师范大学,018,应用心理学(师范),1,553,107137
2024,3449,淮北职业技术学院,501,小学教育(师范),10,499,170249
2024,3449,淮北职业技术学院,502,护理,5,492,
2024,3450,淮南联合大学,506,小学英语教育(师范),5,492,
2024,3450,淮南联合大学,509,护理,8,492,
2024,3450,淮南联合大学,510,口腔医学技术,9,492,
2024,3450,淮南联合大学,511,医学美容技术,9,492,
2024,3450,淮南联合大学,513,药学,5,492,
2024,3451,淮南师范学院,001,数字经济,3,532,131749
2024,3451,淮南师范学院,002,金融工程,3,532,132491
2024,3451,淮南师范学院,003,社会工作,3,575,81593
2024,3451,淮南师范学院,004,学前教育(师范),2,578,78295
2024,3451,淮南师范学院,005,英语(师范),3,585,69910
2024,3451,淮南师范学院,006,商务英语,3,571,85989
2024,3451,淮南师范学院,007,数学与应用数学(师范),3,525,139750
2024,3451,淮南师范学院,008,生物科学(师范),3,517,149275
2024,3451,淮南师范学院,009,应用心理学(师范),3,581,74506
2024,3451,淮南师范学院,010,高分子材料与工程,3,529,135181
2024,3451,淮南师范学院,011,新能源材料与器件,3,525,140027
2024,3453,皖南医学院,001,临床医学,12,580,75513
2024,3453,皖南医学院,002,麻醉学,6,570,86896
2024,3453,皖南医学院,003,医学影像学,6,555,104547
2024,3453,皖南医学院,004,口腔医学,6,592,62820
2024,3453,皖南医学院,005,预防医学,2,530,133816
2024,3453,皖南医学院,006,药学,2,574,82586
2024,3453,皖南医学院,007,药物制剂,2,527,137638
2024,3453,皖南医学院,008,法医学,2,586,68608
2024,3453,皖南医学院,009,医学检验技术,2,538,125473
2024,3453,皖南医学院,010,卫生检验与检疫,2,506,161667
2024,3453,皖南医学院,011,护理学,2,534,129256
2024,3454,芜湖职业技术学院,501,机械设计与制造,4,492,
2024,3454,芜湖职业技术学院,502,机电一体化技术,3,500,169535
2024,3454,芜湖职业技术学院,503,关务与外贸服务,4,492,
2024,3454,芜湖职业技术学院,504,港口物流管理,4,492,
2024,3455,中国科学技术大学,001,理科试验班类,43,681,2221
2024,3455,中国科学技术大学,002,工科试验班,27,684,1724
2024,3456,黄山学院,001,日语,3,566,92182
2024,3456,黄山学院,002,环境科学,6,516,150547
2024,3456,黄山学院,003,酒店管理(中外合作办学),6,551,110260
2024,3457,合肥工业大学(宣城校区),001,新能源材料与器件,6,636,20671
2024,3457,合肥工业大学(宣城校区),002,电气工程与智能控制,6,643,16543
2024,3457,合肥工业大学(宣城校区),003,机械工程,8,636,21062
2024,3457,合肥工业大学(宣城校区),004,过程装备与控制工程,5,631,24315
2024,3457,合肥工业大学(宣城校区),005,计算机科学与技术,4,647,13890
2024,3457,合肥工业大学(宣城校区),006,智能科学与技术,8,642,16994
2024,3457,合肥工业大学(宣城校区),007,经济学,4,642,17249
2024,3457,合肥工业大学(宣城校区),008,英语,2,637,20202
2024,3457,合肥工业大学(宣城校区),009,网络与新媒体,4,640,18335
2024,3461,黄山职业技术学院,501,临床医学,10,492,
2024,3461,黄山职业技术学院,502,护理,45,492,
2024,3474,安徽交通职业技术学院,501,城市轨道交通机电技术,10,492,
2024,3474,安徽交通职业技术学院,502,城市轨道交通通信信号技术,10,492,
2024,3474,安徽交通职业技术学院,503,城市轨道交通运营管理,10,492,
2024,3475,合肥幼儿师范高等专科学校,501,学前教育(师范),5,492,
2024,3475,合肥幼儿师范高等专科学校,503,特殊教育(师范),2,505,162980
2024,3477,皖西卫生职业学院,502,临床医学,15,492,
2024,3478,铜陵职业技术学院,502,护理,2,492,178041
2024,3478,铜陵职业技术学院,504,医学检验技术,1,497,172432
2024,3478,铜陵职业技术学院,505,医学影像技术,1,498,171237
2024,3483,安徽卫生健康职业学院,501,临床医学,15,492,
2024,3483,安徽卫生健康职业学院,502,护理,10,492,
2024,3487,安徽新华学院,001,计算机科学与技术,5,494,175328
2024,3487,安徽新华学院,002,电气工程及其自动化,5,492,
2024,3501,福建电力职业技术学院,501,供用电技术,4,518,148535
2024,3501,福建电力职业技术学院,502,电力技术类,4,507,161019
2024,3503,福建理工大学,001,机械设计制造及其自动化,4,567,90785
2024,3503,福建理工大学,002,材料成型及控制工程,4,552,108812
2024,3503,福建理工大学,003,建筑电气与智能化,3,556,103406
2024,3503,福建理工大学,004,土木工程,3,544,117999
2024,3503,福建理工大学,005,城市地下空间工程,3,544,117820
2024,3503,福建理工大学,006,建筑学,3,584,71684
2024,3503,福建理工大学,007,城乡规划,3,586,69148
2024,3503,福建理工大学,008,风景园林,3,584,71444
2024,3503,福建理工大学,009,历史建筑保护工程,2,593,61249
2024,3503,福建理工大学,010,给排水科学与工程,6,537,125758
2024,3503,福建理工大学,011,建筑环境与能源应用工程,6,533,130508
2024,3503,福建理工大学,012,广告学,2,586,68635
2024,3503,福建理工大学,013,英语,2,586,69022
2024,3503,福建理工大学,014,翻译,2,584,71400
2024,3503,福建理工大学,015,法学,2,603,50519
2024,3503,福建理工大学,016,交通运输,3,557,102400
2024,3503,福建理工大学,017,智慧海洋技术,4,548,113551
2024,3503,福建理工大学,018,海洋机器人,2,554,106230
2024,3507,福建农林大学,001,种子科学与工程,3,557,102849
2024,3507,福建农林大学,002,农学,4,565,92688
2024,3507,福建农林大学,003,植物科学与技术,3,508,159910
2024,3507,福建农林大学,004,智慧林业,2,566,91445
2024,3507,福建农林大学,005,植物保护,7,492,
2024,3507,福建农林大学,006,生物制药,4,558,101488
2024,3507,福建农林大学,007,园艺,4,540,123060
2024,3507,福建农林大学,008,智慧农业,2,558,101072
2024,3507,福建农林大学,009,生物信息学,3,492,
2024,3507,福建农林大学,010,生物工程,4,544,117413
2024,3507,福建农林大学,011,水产养殖学,3,530,133852
2024,3507,福建农林大学,012,动物医学,7,579,77200
2024,3507,福建农林大学,013,动物科学,3,548,112926
2024,3507,福建农林大学,014,蜂学,3,520,145838
2024,3507,福建农林大学,015,食品质量与安全,3,558,101183
2024,3507,福建农林大学,016,食品科学与工程,4,572,85026
2024,3507,福建农林大学,017,木材科学与工程,4,492,
2024,3507,福建农林大学,018,海洋科学,6,492,
2024,3507,福建农林大学,019,海洋资源与环境,2,516,150709
2024,3507,福建农林大学,020,茶学,3,578,77716
2024,3507,福建农林大学,021,林学类,4,540,122470
2024,3507,福建农林大学,022,生物科学类,7,492,
2024,3507,福建农林大学,023,风景园林(中外合作办学),8,581,74266
2024,3507,福建农林大学,024,农林经济管理(中外合作办学),8,572,85209
2024,3511,福建师范大学,001,金融工程,3,587,67880
2024,3511,福建师范大学,002,法学,5,622,31462
2024,3511,福建师范大学,004,广播电视编导,4,601,52717
2024,3511,福建师范大学,005,新闻传播学类,5,610,42952
2024,3511,福建师范大学,006,公共管理类,4,606,47046
2024,3511,福建师范大学,009,教育技术学(师范),10,497,171991
2024,3511,福建师范大学,011,物理学(师范),3,586,68865
2024,3511,福建师范大学,015,数字媒体技术(中外合作办学)（中日合作）,5,572,84582
2024,3511,福建师范大学,016,网络工程(中外合作办学)（中日合作）,5,567,90446
2024,3511,福建师范大学,018,通信工程(中外合作办学)（中英合作）,7,564,94114
2024,3511,福建师范大学,019,学前教育(中外合作办学)（中美合作）(师范),7,588,66943
2024,3511,福建师范大学,020,电子信息工程(中外合作办学)（中英合作）,7,570,87484
2024,3511,福建师范大学,021,计算机科学与技术(中外合作办学)（中英合作）,7,571,86235
2024,3512,福建师范大学协和学院,001,汉语言文学,3,570,87537
2024,3512,福建师范大学协和学院,006,法学,4,569,88966
2024,3512,福建师范大学协和学院,007,金融工程,4,512,155243
2024,3512,福建师范大学协和学院,008,投资学,5,545,117087
2024,3512,福建师范大学协和学院,009,工商管理,4,557,102576
2024,3512,福建师范大学协和学院,010,人力资源管理,4,550,110930
2024,3512,福建师范大学协和学院,011,物流管理,4,547,114997
2024,3512,福建师范大学协和学院,012,国际经济与贸易,5,548,113623
2024,3512,福建师范大学协和学院,013,英语,5,556,104197
2024,3512,福建师范大学协和学院,014,财务管理（国际会计实验班）,5,544,117509
2024,3512,福建师范大学协和学院,015,金融学（国际金融实验班）,5,541,121733
2024,3515,福建医科大学,001,临床医学,5,637,20243
2024,3515,福建医科大学,002,麻醉学,2,614,38801
2024,3515,福建医科大学,003,放射医学,1,601,52232
2024,3515,福建医科大学,004,预防医学,2,552,108525
2024,3515,福建医科大学,005,口腔医学,2,648,13718
2024,3515,福建医科大学,006,药学,2,596,57656
2024,3515,福建医科大学,007,卫生检验与检疫,2,555,104673
2024,3515,福建医科大学,008,医学影像技术,2,547,114412
2024,3515,福建医科大学,009,智能医学工程,2,576,80285
2024,3516,福建中医药大学,001,中医学,2,616,37640
2024,3516,福建中医药大学,002,中西医临床医学,1,622,31731
2024,3516,福建中医药大学,003,针灸推拿学,1,606,46921
2024,3516,福建中医药大学,004,药学,1,604,49018
2024,3516,福建中医药大学,005,中药学,1,589,65261
2024,3516,福建中医药大学,006,药物制剂,1,550,110421
2024,3516,福建中医药大学,007,信息管理与信息系统,1,585,70000
2024,3516,福建中医药大学,008,公共事业管理,1,606,47074
2024,3516,福建中医药大学,009,康复物理治疗,1,570,87399
2024,3516,福建中医药大学,010,护理学(中外合作办学),2,585,70311
2024,3517,福州大学,001,电气工程及其自动化,4,651,12143
2024,3517,福州大学,002,智能电网信息工程,4,644,15702
2024,3517,福州大学,003,车辆工程,4,638,19359
2024,3517,福州大学,004,数学类,4,645,15552
2024,3517,福州大学,005,化学工程与工艺,4,633,22944
2024,3517,福州大学,006,土木工程,4,618,35338
2024,3517,福州大学,007,智能建造,4,636,20904
2024,3517,福州大学,008,人文地理与城乡规划,4,644,15980
2024,3517,福州大学,009,金融学,5,646,14543
2024,3517,福州大学,010,会计学,4,651,12077
2024,3517,福州大学,011,公共事业管理,4,643,16515
2024,3517,福州大学,012,生物医学工程,5,635,21513
2024,3517,福州大学,013,德语,4,638,19898
2024,3517,福州大学,014,日语,4,637,20309
2024,3517,福州大学,015,人工智能,4,646,14412
2024,3517,福州大学,016,软件工程,5,645,14967
2024,3517,福州大学,017,电子信息类,4,648,13451
2024,3517,福州大学,018,数字媒体技术,4,644,15796
2024,3517,福州大学,019,集成电路设计与集成系统,4,643,16416
2024,3517,福州大学,020,化学,4,636,20868
2024,3517,福州大学,021,制药工程,4,629,25824
2024,3517,福州大学,022,建筑学,4,618,35037
2024,3517,福州大学,023,材料科学与工程,4,630,25109
2024,3517,福州大学,024,法学,4,654,10905
2024,3517,福州大学,025,自动化(中外合作办学),4,632,23948
2024,3517,福州大学,026,软件工程(中外合作办学),4,633,22978
2024,3517,福州大学,027,数字媒体技术(中外合作办学),3,629,25915
2024,3517,福州大学,028,电子信息工程(中外合作办学),3,634,22152
2024,3518,阳光学院,003,数字媒体技术,2,493,176135
2024,3518,阳光学院,006,法学,3,560,99593
2024,3518,阳光学院,007,会计学,3,552,109062
2024,3518,阳光学院,008,电子商务,3,492,
2024,3518,阳光学院,009,跨境电子商务,6,533,130843
2024,3518,阳光学院,010,应用心理学,2,548,113496
2024,3518,阳光学院,013,市场营销,3,531,133621
2024,3518,阳光学院,017,建筑电气与智能化,2,492,
2024,3518,阳光学院,018,网络与新媒体,2,543,119509
2024,3518,阳光学院,019,工程造价,2,492,
2024,3518,阳光学院,020,供应链管理,3,532,132243
2024,3519,福州大学至诚学院,001,材料成型及控制工程,4,492,
2024,3519,福州大学至诚学院,002,财务管理,4,566,92177
2024,3519,福州大学至诚学院,004,电气工程及其自动化,5,510,157757
2024,3519,福州大学至诚学院,005,电子信息工程,3,492,
2024,3519,福州大学至诚学院,006,汉语言文学,4,573,83558
2024,3519,福州大学至诚学院,008,环境工程,5,492,
2024,3519,福州大学至诚学院,009,机械设计制造及其自动化,5,492,
2024,3519,福州大学至诚学院,010,计算机科学与技术,5,494,174954
2024,3519,福州大学至诚学院,011,建筑学,3,553,107297
2024,3519,福州大学至诚学院,012,软件工程,5,492,
2024,3519,福州大学至诚学院,014,数字媒体技术,2,514,152748
2024,3519,福州大学至诚学院,015,通信工程,4,492,
2024,3519,福州大学至诚学院,016,土木工程,5,492,
2024,3519,福州大学至诚学院,017,网络与新媒体,4,562,96878
2024,3519,福州大学至诚学院,018,信息与计算科学,6,492,
2024,3519,福州大学至诚学院,021,英语,2,556,103823
2024,3520,福州理工学院,001,网络与新媒体,5,544,117588
2024,3520,福州理工学院,002,财务管理,10,543,119435
2024,3520,福州理工学院,003,物流管理,5,538,124868
2024,3520,福州理工学院,004,电子商务,5,536,127460
2024,3520,福州理工学院,005,商务英语,5,536,127863
2024,3520,福州理工学院,006,经济学,5,540,123046
2024,3520,福州理工学院,007,护理学,5,529,135406
2024,3521,福州外语外贸学院,001,英语,2,544,118172
2024,3521,福州外语外贸学院,002,翻译,2,537,126723
2024,3521,福州外语外贸学院,003,法语,2,537,126384
2024,3521,福州外语外贸学院,004,日语,3,535,128440
2024,3521,福州外语外贸学院,005,西班牙语,2,543,119303
2024,3521,福州外语外贸学院,006,国际经济与贸易,2,542,120675
2024,3521,福州外语外贸学院,007,国际商务,2,537,126506
2024,3521,福州外语外贸学院,008,物流管理,2,537,126326
2024,3521,福州外语外贸学院,009,市场营销,2,538,125080
2024,3521,福州外语外贸学院,010,供应链管理,2,537,126677
2024,3521,福州外语外贸学院,011,会计学,2,558,101065
2024,3521,福州外语外贸学院,012,财务管理,2,552,108758
2024,3521,福州外语外贸学院,013,审计学,2,554,106690
2024,3521,福州外语外贸学院,014,资产评估,2,537,126460
2024,3521,福州外语外贸学院,015,数字经济,2,504,164275
2024,3521,福州外语外贸学院,016,金融学,2,541,121256
2024,3521,福州外语外贸学院,017,金融工程,2,502,166893
2024,3521,福州外语外贸学院,018,经济统计学,4,492,
2024,3521,福州外语外贸学院,019,投资学,2,538,124984
2024,3521,福州外语外贸学院,021,电子商务,4,492,
2024,3521,福州外语外贸学院,022,网络与新媒体,2,546,115352
2024,3521,福州外语外贸学院,023,广播电视编导,2,534,130094
2024,3521,福州外语外贸学院,030,艺术教育,2,536,127827
2024,3521,福州外语外贸学院,031,小学教育,3,560,99078
2024,3521,福州外语外贸学院,032,学前教育,2,552,108231
2024,3522,福州职业技术学院,511,大数据与会计,2,492,178008
2024,3522,福州职业技术学院,512,广告艺术设计,2,492,
2024,3523,华侨大学,001,哲学（含中西人文综合试验班、中华文化学试验班）,3,612,41311
2024,3523,华侨大学,002,国际事务与国际关系,2,612,41317
2024,3523,华侨大学,003,汉语国际教育,3,612,41550
2024,3523,华侨大学,004,新闻学,2,621,32927
2024,3523,华侨大学,005,广播电视学（含新媒体视听传播、数字营销方向）,2,614,39143
2024,3523,华侨大学,006,数字出版,2,604,48937
2024,3523,华侨大学,007,机械工程,2,600,53607
2024,3523,华侨大学,008,工业设计,4,595,59019
2024,3523,华侨大学,009,车辆工程,2,591,63520
2024,3523,华侨大学,010,智能制造工程,5,593,60646
2024,3523,华侨大学,011,材料科学与工程,2,587,67472
2024,3523,华侨大学,012,高分子材料与工程,2,593,60689
2024,3523,华侨大学,013,应用物理学（拔尖人才试点班）,2,594,59851
2024,3523,华侨大学,014,电气工程及其自动化,5,607,45757
2024,3523,华侨大学,015,电子科学与技术,3,604,49379
2024,3523,华侨大学,016,通信工程,2,603,50515
2024,3523,华侨大学,017,集成电路设计与集成系统,2,600,53347
2024,3523,华侨大学,018,计算机科学与技术,4,615,37947
2024,3523,华侨大学,019,软件工程,5,610,43102
2024,3523,华侨大学,020,信息安全,3,605,47637
2024,3523,华侨大学,021,人工智能,3,608,44747
2024,3523,华侨大学,022,土木工程（智能结构与城市更新方向）,5,560,98807
2024,3523,华侨大学,023,城市地下空间工程（智慧建造与城市运维方向）,3,563,95255
2024,3523,华侨大学,024,工程管理,3,559,99608
2024,3523,华侨大学,025,化学工程与工艺（含碳核算方向）,5,576,80219
2024,3523,华侨大学,026,制药工程,2,581,74419
2024,3523,华侨大学,027,生物工程,2,549,111782
2024,3523,华侨大学,028,建筑学,6,600,53850
2024,3523,华侨大学,029,城乡规划,2,612,40946
2024,3523,华侨大学,030,风景园林,2,607,46210
2024,3523,华侨大学,031,经济学,2,607,46362
2024,3523,华侨大学,032,国际经济与贸易,2,606,47531
2024,3523,华侨大学,033,电子商务,2,603,50274
2024,3523,华侨大学,034,金融学,4,610,43345
2024,3523,华侨大学,035,法学,6,632,23487
2024,3523,华侨大学,036,汉语言文学,3,623,31391
2024,3523,华侨大学,037,英语,3,608,44658
2024,3523,华侨大学,038,翻译,2,607,46500
2024,3523,华侨大学,039,数学与应用数学（金融统计方向和数据分析方向）,6,588,66332
2024,3523,华侨大学,040,光电信息科学与工程,3,597,56644
2024,3523,华侨大学,041,物联网工程,2,601,52113
2024,3523,华侨大学,042,数据科学与大数据技术,3,597,56637
2024,3523,华侨大学,043,药学（生物与医药方向）,3,549,112012
2024,3523,华侨大学,044,信息管理与信息系统,5,589,65115
2024,3523,华侨大学,045,财务管理,4,618,35204
2024,3523,华侨大学,046,工商管理,2,606,47343
2024,3523,华侨大学,047,市场营销,2,601,52419
2024,3523,华侨大学,048,人力资源管理,2,606,47567
2024,3523,华侨大学,049,行政管理（数字政府治理、社会福利、公共危机管理方向）,5,601,52582
2024,3523,华侨大学,050,旅游管理（数智文旅与管理方向、旅游规划与设计方向）,2,598,55342
2024,3523,华侨大学,051,会展经济与管理（数智会展与策划管理方向）,4,597,57230
2024,3523,华侨大学,052,经济学类（中美121双学位班，可接轨CFA金融分析师）,6,601,52791
2024,3523,华侨大学,053,工商管理类（中美121双学位班，可接轨ACCA国际注会）,5,604,49695
2024,3523,华侨大学,054,国际商务（全英文教学）,4,597,56927
2024,3524,集美大学,001,交通运输,3,589,65539
2024,3524,集美大学,003,智慧交通,2,586,68567
2024,3524,集美大学,005,轮机工程（陆上方向）,2,574,82506
2024,3524,集美大学,007,船舶与海洋工程,2,586,68921
2024,3524,集美大学,008,水产养殖学,3,495,174324
2024,3524,集美大学,009,海洋渔业科学与技术,2,549,111661
2024,3524,集美大学,010,水生动物医学,2,557,102425
2024,3524,集美大学,011,数字经济,3,586,68719
2024,3524,集美大学,012,国际经济与贸易,2,609,44463
2024,3524,集美大学,013,工商管理,2,611,42277
2024,3524,集美大学,017,数学与应用数学,2,590,63956
2024,3524,集美大学,018,英语,2,612,41091
2024,3524,集美大学,019,日语,3,605,48419
2024,3524,集美大学,020,法学,2,627,27759
2024,3524,集美大学,021,港口航道与海岸工程,3,576,80180
2024,3526,集美大学诚毅学院,001,财政学,2,567,90843
2024,3526,集美大学诚毅学院,002,金融学,4,567,90603
2024,3526,集美大学诚毅学院,003,金融工程,4,520,146349
2024,3526,集美大学诚毅学院,004,国际经济与贸易,4,564,94697
2024,3526,集美大学诚毅学院,005,法学,2,579,76817
2024,3526,集美大学诚毅学院,007,汉语言文学,5,576,80083
2024,3526,集美大学诚毅学院,008,英语,4,566,92582
2024,3526,集美大学诚毅学院,009,机械工程,3,504,164065
2024,3526,集美大学诚毅学院,010,智能制造工程,4,501,167553
2024,3526,集美大学诚毅学院,011,电子信息工程,4,513,154471
2024,3526,集美大学诚毅学院,012,通信工程,2,500,169252
2024,3526,集美大学诚毅学院,013,自动化,2,511,156114
2024,3526,集美大学诚毅学院,014,计算机科学与技术,4,516,150674
2024,3526,集美大学诚毅学院,015,软件工程,4,512,155081
2024,3526,集美大学诚毅学院,016,网络工程,2,495,174059
2024,3526,集美大学诚毅学院,017,数字媒体技术,2,523,142705
2024,3526,集美大学诚毅学院,018,数据科学与大数据技术,2,503,165277
2024,3526,集美大学诚毅学院,020,工程管理,2,516,150666
2024,3526,集美大学诚毅学院,021,工商管理,4,561,98217
2024,3526,集美大学诚毅学院,022,会计学,4,572,84816
2024,3526,集美大学诚毅学院,023,供应链管理,6,554,106137
2024,3526,集美大学诚毅学院,024,电子商务,6,554,106470
2024,3528,龙岩学院,001,国际经济与贸易,4,571,86360
2024,3528,龙岩学院,002,旅游管理,4,568,89772
2024,3528,龙岩学院,003,运动康复,2,571,85813
2024,3528,龙岩学院,004,广播电视学,2,575,81510
2024,3529,闽江学院,001,工商管理,2,580,75242
2024,3529,闽江学院,002,电子商务,2,578,77646
2024,3529,闽江学院,003,物流工程,1,565,92829
2024,3529,闽江学院,004,汉语国际教育,1,584,71301
2024,3529,闽江学院,005,广告学,1,590,64959
2024,3529,闽江学院,006,计算机科学与技术,3,564,94571
2024,3529,闽江学院,007,信息安全,2,559,100704
2024,3529,闽江学院,008,人工智能,2,548,113040
2024,3529,闽江学院,009,电气工程及其自动化,1,565,92635
2024,3530,闽南理工学院,001,机械设计制造及其自动化,1,516,150454
2024,3530,闽南理工学院,002,电气工程及其自动化,1,514,153289
2024,3530,闽南理工学院,003,经济学,1,543,119751
2024,3530,闽南理工学院,004,人力资源管理,1,548,113722
2024,3530,闽南理工学院,005,财务管理,1,552,108298
2024,3530,闽南理工学院,006,审计学,1,551,109465
2024,3532,宁德职业技术学院,503,园林技术,2,492,
2024,3532,宁德职业技术学院,506,机械制造及自动化,3,492,
2024,3532,宁德职业技术学院,507,机电一体化技术,2,492,
2024,3532,宁德职业技术学院,508,新能源汽车技术,3,492,
2024,3532,宁德职业技术学院,510,计算机应用技术,1,494,175280
2024,3532,宁德职业技术学院,511,计算机网络技术,2,492,
2024,3532,宁德职业技术学院,516,小学教育(师范),5,511,157018
2024,3536,泉州职业技术大学,001,油气储运工程,12,492,
2024,3536,泉州职业技术大学,002,建筑设计,10,527,137682
2024,3536,泉州职业技术大学,003,智能网联汽车工程技术,10,492,
2024,3536,泉州职业技术大学,004,现代分析测试技术,10,492,
2024,3536,泉州职业技术大学,005,物联网工程技术,15,492,
2024,3536,泉州职业技术大学,006,计算机应用工程,5,493,175945
2024,3536,泉州职业技术大学,007,大数据与财务管理,15,536,127328
2024,3536,泉州职业技术大学,008,大数据与会计,10,541,121728
2024,3536,泉州职业技术大学,009,电子商务,10,532,132457
2024,3536,泉州职业技术大学,010,现代物流管理,5,532,132303
2024,3536,泉州职业技术大学,011,酒店管理,15,526,139469
2024,3537,泉州师范学院,001,学前教育(师范),3,578,78630
2024,3537,泉州师范学院,002,小学教育(师范),3,592,62824
2024,3537,泉州师范学院,003,特殊教育(师范),5,578,78568
2024,3537,泉州师范学院,004,汉语言文学(师范),2,599,54858
2024,3537,泉州师范学院,005,汉语国际教育(师范),3,588,66823
2024,3537,泉州师范学院,006,历史学(师范),2,599,54712
2024,3537,泉州师范学院,007,数学与应用数学(师范),2,543,119191
2024,3537,泉州师范学院,008,物理学(师范),5,492,
2024,3537,泉州师范学院,009,化学(师范),2,502,166413
2024,3537,泉州师范学院,010,地理科学(师范),3,595,58792
2024,3537,泉州师范学院,011,生物科学(师范),3,501,167616
2024,3537,泉州师范学院,012,金融工程,2,544,117576
2024,3537,泉州师范学院,013,国际经济与贸易,2,580,76172
2024,3537,泉州师范学院,014,英语,2,584,71553
2024,3537,泉州师范学院,015,广告学,4,577,79039
2024,3537,泉州师范学院,016,人文地理与城乡规划,3,579,77313
2024,3537,泉州师范学院,017,机械设计制造及其自动化,2,534,129513
2024,3537,泉州师范学院,018,智能车辆工程,2,532,131844
2024,3537,泉州师范学院,019,高分子材料与工程,2,535,128085
2024,3537,泉州师范学院,020,电气工程与智能控制,2,539,123367
2024,3537,泉州师范学院,021,通信工程,2,546,116255
2024,3537,泉州师范学院,022,电子信息科学与技术,2,545,116279
2024,3537,泉州师范学院,023,计算机科学与技术,1,563,95317
2024,3537,泉州师范学院,024,数字媒体技术,2,548,113558
2024,3537,泉州师范学院,025,化学工程与工艺,3,492,
2024,3537,泉州师范学院,026,制药工程,2,526,138734
2024,3537,泉州师范学院,028,服装设计与工程,2,571,86071
2024,3537,泉州师范学院,029,环境科学,3,492,
2024,3537,泉州师范学院,030,食品科学与工程,4,506,162055
2024,3537,泉州师范学院,031,体育经济与管理,2,572,84911
2024,3537,泉州师范学院,032,软件工程,10,529,135261
2024,3538,泉州信息工程学院,001,电子信息工程,3,492,
2024,3538,泉州信息工程学院,003,微电子科学与工程,3,492,
2024,3538,泉州信息工程学院,004,机械设计制造及其自动化,3,500,168551
2024,3538,泉州信息工程学院,005,电气工程及其自动化,3,494,174893
2024,3538,泉州信息工程学院,006,物联网工程,3,492,
2024,3538,泉州信息工程学院,008,网络空间安全,5,492,
2024,3538,泉州信息工程学院,009,土木工程,10,492,
2024,3538,泉州信息工程学院,010,工程造价,12,492,
2024,3538,泉州信息工程学院,011,金融工程,20,492,
2024,3538,泉州信息工程学院,012,国际经济与贸易,15,532,132141
2024,3538,泉州信息工程学院,013,财务管理,16,540,122862
2024,3538,泉州信息工程学院,014,国际商务,15,529,135569
2024,3538,泉州信息工程学院,015,审计学,16,541,121844
2024,3538,泉州信息工程学院,016,物流管理,20,529,135568
2024,3538,泉州信息工程学院,017,电子商务,30,492,
2024,3538,泉州信息工程学院,022,软件工程(中外合作办学),20,492,
2024,3538,泉州信息工程学院,026,财务管理（中美人才合作项目）,10,529,135063
2024,3538,泉州信息工程学院,027,国际商务（中美人才合作项目）,10,522,143966
2024,3540,三明学院,001,财务管理,2,578,78515
2024,3540,三明学院,002,旅游管理与服务教育,2,570,87138
2024,3540,三明学院,003,数字经济,2,544,117574
2024,3540,三明学院,004,供应链管理,3,535,128153
2024,3540,三明学院,005,数字媒体技术,2,532,131789
2024,3540,三明学院,006,人工智能,3,530,134571
2024,3540,三明学院,007,电子信息工程,4,530,134481
2024,3540,三明学院,008,机械设计制造及其自动化,2,531,132928
2024,3540,三明学院,009,土木工程,4,514,152790
2024,3540,三明学院,010,智能建造与智慧交通,2,530,134070
2024,3540,三明学院,011,商务英语,4,569,88718
2024,3541,武夷学院,001,茶学,2,502,166886
2024,3541,武夷学院,003,旅游管理,1,572,85334
2024,3541,武夷学院,004,酒店管理,1,570,87243
2024,3541,武夷学院,005,文化产业管理,1,577,79558
2024,3541,武夷学院,012,机械设计制造及其自动化,2,529,134982
2024,3541,武夷学院,013,电气工程及其自动化,1,554,106620
2024,3541,武夷学院,014,环境工程,2,492,
2024,3541,武夷学院,015,土木工程,3,511,156070
2024,3541,武夷学院,016,建筑学,2,571,85846
2024,3541,武夷学院,017,通信工程,1,532,131725
2024,3541,武夷学院,018,人工智能,1,532,131818
2024,3541,武夷学院,019,汉语言文学,1,593,61469
2024,3541,武夷学院,020,网络与新媒体,1,574,83150
2024,3541,武夷学院,021,广播电视编导,6,565,93652
2024,3541,武夷学院,022,国际经济与贸易,1,575,81212
2024,3541,武夷学院,023,物流管理,1,577,79625
2024,3541,武夷学院,024,供应链管理,1,576,80210
2024,3542,厦门城市职业学院,501,大数据与会计,5,494,175398
2024,3542,厦门城市职业学院,511,旅游管理,4,492,
2024,3542,厦门城市职业学院,512,学前教育(师范),8,498,171739
2024,3543,厦门大学,001,人文科学试验班,4,668,5273
2024,3543,厦门大学,002,新闻传播学类,2,668,5472
2024,3543,厦门大学,003,外国语言文学类,5,664,6701
2024,3543,厦门大学,004,外国语言文学类（加会计或财务）,3,666,5966
2024,3543,厦门大学,005,法学类,4,673,3908
2024,3543,厦门大学,006,公共管理类,4,665,6141
2024,3543,厦门大学,007,金融工程,2,663,6851
2024,3543,厦门大学,008,经济学类,13,667,5746
2024,3543,厦门大学,009,统计学类,3,670,4759
2024,3543,厦门大学,010,数据科学与大数据技术,2,671,4434
2024,3543,厦门大学,011,会计学（含会计、财务、审计）,8,669,5127
2024,3543,厦门大学,012,工商管理类,3,665,6301
2024,3543,厦门大学,013,管理科学与工程类,2,662,7261
2024,3543,厦门大学,014,数学类,3,667,5645
2024,3543,厦门大学,015,物理学类,3,663,6845
2024,3543,厦门大学,016,化学类,2,663,7018
2024,3543,厦门大学,017,工科试验班（化工与材料类）,2,663,7048
2024,3543,厦门大学,018,能源动力类,2,665,6410
2024,3543,厦门大学,019,计算机类,13,666,6085
2024,3543,厦门大学,020,工科试验班（航空航天）,8,663,7043
2024,3543,厦门大学,021,理科试验班（海洋与生态环境类）,3,662,7338
2024,3543,厦门大学,022,理科试验班（生命科学与药学类）,3,663,6962
2024,3543,厦门大学,023,理科试验班（应用医学类）,8,661,7711
2024,3544,厦门大学嘉庚学院,001,财政学,3,573,83667
2024,3544,厦门大学嘉庚学院,002,税收学,4,570,87741
2024,3544,厦门大学嘉庚学院,003,金融学,5,571,86229
2024,3544,厦门大学嘉庚学院,004,国际经济与贸易,6,565,93640
2024,3544,厦门大学嘉庚学院,005,法学,4,585,70150
2024,3544,厦门大学嘉庚学院,006,汉语言文学,4,582,72976
2024,3544,厦门大学嘉庚学院,007,英语,5,568,89988
2024,3544,厦门大学嘉庚学院,008,日语,6,555,105240
2024,3544,厦门大学嘉庚学院,009,新闻学,4,573,83858
2024,3544,厦门大学嘉庚学院,010,广播电视学,4,564,94791
2024,3544,厦门大学嘉庚学院,011,广告学,5,567,90618
2024,3544,厦门大学嘉庚学院,012,机械设计制造及其自动化,4,523,142289
2024,3544,厦门大学嘉庚学院,013,机械电子工程,4,520,146308
2024,3544,厦门大学嘉庚学院,014,车辆工程,3,508,159398
2024,3544,厦门大学嘉庚学院,015,电气工程及其自动化,4,525,140008
2024,3544,厦门大学嘉庚学院,016,电子信息工程,3,522,143361
2024,3544,厦门大学嘉庚学院,017,通信工程,4,522,143279
2024,3544,厦门大学嘉庚学院,018,光电信息科学与工程,3,515,151954
2024,3544,厦门大学嘉庚学院,019,自动化,3,524,141234
2024,3544,厦门大学嘉庚学院,020,机器人工程,3,526,139233
2024,3544,厦门大学嘉庚学院,021,计算机科学与技术,4,530,134031
2024,3544,厦门大学嘉庚学院,022,软件工程,4,532,132306
2024,3544,厦门大学嘉庚学院,023,物联网工程,3,523,142096
2024,3544,厦门大学嘉庚学院,024,智能科学与技术,3,523,142686
2024,3544,厦门大学嘉庚学院,025,数据科学与大数据技术,3,526,138500
2024,3544,厦门大学嘉庚学院,026,给排水科学与工程,3,492,
2024,3544,厦门大学嘉庚学院,027,环境科学与工程,5,492,
2024,3544,厦门大学嘉庚学院,028,资源环境科学,3,498,170896
2024,3544,厦门大学嘉庚学院,029,建筑学,5,526,138834
2024,3544,厦门大学嘉庚学院,030,城乡规划,5,492,
2024,3544,厦门大学嘉庚学院,031,风景园林,4,492,
2024,3544,厦门大学嘉庚学院,032,信息管理与信息系统,4,533,131227
2024,3544,厦门大学嘉庚学院,033,工程管理,3,526,138640
2024,3544,厦门大学嘉庚学院,034,工程造价,4,525,140826
2024,3544,厦门大学嘉庚学院,035,大数据管理与应用,4,541,121148
2024,3544,厦门大学嘉庚学院,036,工商管理,6,564,94841
2024,3544,厦门大学嘉庚学院,037,市场营销,5,558,101661
2024,3544,厦门大学嘉庚学院,038,会计学,6,577,79658
2024,3544,厦门大学嘉庚学院,039,财务管理,3,576,80354
2024,3544,厦门大学嘉庚学院,040,国际商务,4,557,102531
2024,3544,厦门大学嘉庚学院,041,文化产业管理,4,565,93751
2024,3544,厦门大学嘉庚学院,042,行政管理,5,560,99426
2024,3544,厦门大学嘉庚学院,043,物流管理,5,555,105348
2024,3544,厦门大学嘉庚学院,044,电子商务,7,560,99264
2024,3545,厦门海洋职业技术学院,503,工业机器人技术,2,492,
2024,3547,厦门华厦学院,001,机械设计制造及其自动化,3,492,
2024,3547,厦门华厦学院,002,通信工程,2,505,163081
2024,3547,厦门华厦学院,003,物联网工程,3,492,
2024,3547,厦门华厦学院,006,食品质量与安全,3,492,
2024,3547,厦门华厦学院,007,物流工程,6,492,
2024,3547,厦门华厦学院,008,金融学,6,543,119672
2024,3547,厦门华厦学院,009,会计学,1,555,105119
2024,3547,厦门华厦学院,010,财务管理,1,563,96022
2024,3547,厦门华厦学院,011,供应链管理,2,541,120993
2024,3547,厦门华厦学院,012,会展经济与管理,2,545,116642
2024,3547,厦门华厦学院,013,商务英语,2,542,120276
2024,3547,厦门华厦学院,014,网络与新媒体,1,556,103667
2024,3548,厦门理工学院,001,车辆工程,3,571,86282
2024,3548,厦门理工学院,002,人工智能,3,577,79062
2024,3548,厦门理工学院,003,计算机科学与技术,3,584,71297
2024,3548,厦门理工学院,005,电子商务,3,592,62559
2024,3548,厦门理工学院,006,电子信息工程(中外合作办学),3,561,97385
2024,3553,闽南师范大学,001,英语(师范),2,607,45725
2024,3553,闽南师范大学,002,商务英语,3,568,90086
2024,3553,闽南师范大学,003,社会工作,2,586,68829
2024,3553,闽南师范大学,004,广播电视编导,3,580,76290
2024,3553,闽南师范大学,005,广告学,3,588,66967
2024,3553,闽南师范大学,006,经济学,3,582,73878
2024,3553,闽南师范大学,007,国际商务,3,583,72549
2024,3553,闽南师范大学,008,经济与金融,3,586,69358
2024,3553,闽南师范大学,009,科学教育(师范),2,564,94470
2024,3553,闽南师范大学,010,光电信息科学与工程,3,553,107790
2024,3553,闽南师范大学,011,环境科学与工程,2,529,135405
2024,3553,闽南师范大学,012,软件工程,3,564,94068
2024,3561,泉州轻工职业学院,506,影视动画,5,492,
2024,3563,厦门大学(马来西亚分校招生专业),001,新闻学（厦门大学马来西亚分校招生专业）,4,646,14915
2024,3563,厦门大学(马来西亚分校招生专业),002,金融学（厦门大学马来西亚分校招生专业）,2,649,13123
2024,3563,厦门大学(马来西亚分校招生专业),003,会计学（厦门大学马来西亚分校招生专业）,5,651,12354
2024,3563,厦门大学(马来西亚分校招生专业),004,海洋技术（厦门大学马来西亚分校招生专业）,2,637,20254
2024,3563,厦门大学(马来西亚分校招生专业),005,新能源科学与工程（厦门大学马来西亚分校招生专业）,2,642,16985
2024,3563,厦门大学(马来西亚分校招生专业),006,计算机科学与技术（厦门大学马来西亚分校招生专业）,3,643,16478
2024,3563,厦门大学(马来西亚分校招生专业),007,软件工程（厦门大学马来西亚分校招生专业）,4,639,18878
2024,3563,厦门大学(马来西亚分校招生专业),008,电子信息工程（厦门大学马来西亚分校招生专业）,2,641,17294
2024,3563,厦门大学(马来西亚分校招生专业),009,数学与应用数学（厦门大学马来西亚分校招生专业）,2,639,18712
2024,3563,厦门大学(马来西亚分校招生专业),010,广告学（厦门大学马来西亚分校招生专业）,2,648,13809
2024,3563,厦门大学(马来西亚分校招生专业),011,海洋科学（厦门大学马来西亚分校招生专业）,2,637,20066
2024,3563,厦门大学(马来西亚分校招生专业),012,人工智能（厦门大学马来西亚分校招生专业）,4,641,17745
2024,3563,厦门大学(马来西亚分校招生专业),013,电子商务（厦门大学马来西亚分校招生专业）,2,637,20382
2024,3563,厦门大学(马来西亚分校招生专业),014,数据科学与大数据技术（厦门大学马来西亚分校招生专业）,3,639,19095
2024,3563,厦门大学(马来西亚分校招生专业),015,网络空间安全（厦门大学马来西亚分校招生专业）,3,638,19461
2024,3564,仰恩大学,001,网络与新媒体,5,549,112149
2024,3601,东华理工大学,001,旅游地学与规划工程,3,533,130515
2024,3601,东华理工大学,002,地球信息科学与技术,3,560,99232
2024,3601,东华理工大学,003,城乡规划,3,587,68383
2024,3601,东华理工大学,004,资源勘查工程,3,535,128556
2024,3601,东华理工大学,005,勘查技术与工程,3,517,149322
2024,3601,东华理工大学,006,地下水科学与工程,3,541,121081
2024,3601,东华理工大学,007,土地资源管理,4,585,70364
2024,3601,东华理工大学,008,化学工程与工艺,3,492,
2024,3601,东华理工大学,009,数学与应用数学（含金融、软件设计方向）,6,548,113434
2024,3601,东华理工大学,010,物理学,4,525,140372
2024,3601,东华理工大学,011,工程管理,4,559,100527
2024,3601,东华理工大学,012,土木类,5,532,131895
2024,3601,东华理工大学,013,会计学,3,588,67209
2024,3601,东华理工大学,014,英语（外贸方向）,4,586,69467
2024,3601,东华理工大学,015,生物技术,3,532,131771
2024,3601,东华理工大学,016,机械工程(中外合作办学),3,550,111328
2024,3601,东华理工大学,017,软件工程(中外合作办学),4,553,106897
2024,3602,赣东学院,003,测绘工程,2,516,150475
2024,3602,赣东学院,004,土木工程,3,519,146783
2024,3602,赣东学院,005,计算机科学与技术,3,535,128183
2024,3602,赣东学院,006,软件工程,3,525,139641
2024,3602,赣东学院,007,网络工程,2,526,138557
2024,3602,赣东学院,008,通信工程,2,529,135393
2024,3602,赣东学院,009,机械工程,2,527,137783
2024,3602,赣东学院,010,自动化,3,530,134476
2024,3602,赣东学院,011,电子信息工程,2,526,138897
2024,3602,赣东学院,012,智能制造工程,2,529,135110
2024,3602,赣东学院,013,会计学,3,579,77033
2024,3602,赣东学院,014,国际经济与贸易,2,573,84077
2024,3602,赣东学院,015,财务管理,3,578,77864
2024,3602,赣东学院,016,数字经济,2,531,132754
2024,3602,赣东学院,017,汉语国际教育,2,575,81703
2024,3602,赣东学院,018,英语,2,574,82871
2024,3602,赣东学院,019,法学,2,582,73875
2024,3602,赣东学院,020,网络与新媒体,2,576,80001
2024,3603,赣南师范大学,001,思想政治教育(师范),4,605,47852
2024,3603,赣南师范大学,002,历史学(师范),4,612,41549
2024,3603,赣南师范大学,003,汉语言文学(师范),5,616,37318
2024,3603,赣南师范大学,004,汉语国际教育(师范),2,591,62992
2024,3603,赣南师范大学,005,英语(师范),2,608,44954
2024,3603,赣南师范大学,006,学前教育(师范),3,586,69257
2024,3603,赣南师范大学,007,小学教育(师范),2,611,42475
2024,3603,赣南师范大学,008,应用心理学(师范),2,597,57146
2024,3603,赣南师范大学,009,教育技术学(师范),2,505,163373
2024,3603,赣南师范大学,010,法学,4,600,53086
2024,3603,赣南师范大学,011,社会工作,2,582,73001
2024,3603,赣南师范大学,012,商务英语,2,577,79689
2024,3603,赣南师范大学,013,新闻学,2,586,69172
2024,3603,赣南师范大学,014,地理科学(师范),4,608,45319
2024,3603,赣南师范大学,015,地理信息科学,2,595,59145
2024,3603,赣南师范大学,016,旅游管理,2,579,77041
2024,3603,赣南师范大学,017,国际经济与贸易,4,581,74757
2024,3603,赣南师范大学,018,会计学,4,589,65739
2024,3603,赣南师范大学,019,金融学,4,582,72904
2024,3603,赣南师范大学,020,人力资源管理,2,586,69047
2024,3603,赣南师范大学,021,数学与应用数学(师范),2,566,91427
2024,3603,赣南师范大学,022,物理学(师范),2,492,
2024,3603,赣南师范大学,023,化学(师范),2,492,
2024,3603,赣南师范大学,025,应用统计学,2,535,128749
2024,3603,赣南师范大学,026,区块链工程,2,547,114177
2024,3603,赣南师范大学,027,应用化学,1,538,125267
2024,3603,赣南师范大学,028,材料化学,3,492,
2024,3603,赣南师范大学,031,广播电视编导,4,569,88827
2024,3604,赣南医科大学,001,临床医学,4,584,71208
2024,3604,赣南医科大学,002,麻醉学,2,575,81034
2024,3604,赣南医科大学,003,口腔医学,2,592,62204
2024,3604,赣南医科大学,004,预防医学,2,526,139010
2024,3604,赣南医科大学,005,法医学,2,564,93986
2024,3604,赣南医科大学,006,生物技术,3,504,164097
2024,3604,赣南医科大学,007,应用心理学,2,584,71758
2024,3604,赣南医科大学,008,法学,2,590,64928
2024,3604,赣南医科大学,009,药学,2,524,141624
2024,3604,赣南医科大学,010,制药工程,2,556,103702
2024,3604,赣南医科大学,011,护理学,2,584,71363
2024,3604,赣南医科大学,012,医学影像技术,2,558,101593
2024,3604,赣南医科大学,013,物联网工程,2,540,122322
2024,3604,赣南医科大学,014,康复物理治疗,2,538,124969
2024,3604,赣南医科大学,015,食品卫生与营养学,2,526,138898
2024,3604,赣南医科大学,016,生物医学工程（医学电子方向）,2,540,122129
2024,3604,赣南医科大学,017,生物医学科学,1,523,142175
2024,3604,赣南医科大学,018,精神医学,2,567,90395
2024,3604,赣南医科大学,019,儿科学,2,560,98881
2024,3604,赣南医科大学,020,助产学,2,583,72755
2024,3604,赣南医科大学,021,生物信息学,2,492,
2024,3604,赣南医科大学,022,假肢矫形工程,2,533,130926
2024,3604,赣南医科大学,023,健康服务与管理,2,578,78194
2024,3604,赣南医科大学,024,公共事业管理,2,581,75000
2024,3604,赣南医科大学,025,智能医学工程,2,536,127021
2024,3605,华东交通大学,001,土木工程,2,583,71816
2024,3605,华东交通大学,002,建筑环境与能源应用工程,2,572,84982
2024,3605,华东交通大学,003,建筑学,2,604,49605
2024,3605,华东交通大学,004,工程管理(中外合作办学),3,554,105875
2024,3605,华东交通大学,005,机械设计制造及其自动化,2,601,52149
2024,3605,华东交通大学,006,机械电子工程,2,599,54016
2024,3605,华东交通大学,007,新能源汽车工程,2,592,61769
2024,3605,华东交通大学,008,电气工程及其自动化,2,620,33415
2024,3605,华东交通大学,009,自动化,2,604,48882
2024,3605,华东交通大学,010,轨道交通信号与控制,2,594,59485
2024,3605,华东交通大学,011,交通运输,2,606,47134
2024,3605,华东交通大学,012,铁道工程,2,589,65566
2024,3605,华东交通大学,013,会计学,2,617,36354
2024,3605,华东交通大学,014,人力资源管理,2,604,49651
2024,3605,华东交通大学,015,通信工程,2,595,58604
2024,3605,华东交通大学,016,物联网工程,2,592,62497
2024,3605,华东交通大学,017,数据科学与大数据技术,2,589,65006
2024,3605,华东交通大学,018,软件工程,1,594,60080
2024,3605,华东交通大学,019,软件工程（道铁工程）,1,585,69533
2024,3605,华东交通大学,020,软件工程（桥梁工程）,1,580,75353
2024,3605,华东交通大学,021,软件工程（轨道信号）,1,587,67777
2024,3605,华东交通大学,022,软件工程（铁道运输工程）,1,582,73099
2024,3605,华东交通大学,023,高分子材料与工程,2,559,99774
2024,3605,华东交通大学,024,会计学（国际会计）,1,612,41441
2024,3605,华东交通大学,026,会计学,5,612,41544
2024,3605,华东交通大学,027,计算机科学与技术,5,576,80281
2024,3605,华东交通大学,501,铁道工程技术,6,511,156285
2024,3605,华东交通大学,502,铁道机车运用与维护,4,518,147968
2024,3605,华东交通大学,503,铁道车辆技术,6,509,158799
2024,3605,华东交通大学,504,道路与桥梁工程技术,2,519,147117
2024,3605,华东交通大学,505,铁道交通运营管理,2,574,82128
2024,3606,南昌交通学院,001,电气工程及其自动化,3,516,150463
2024,3606,南昌交通学院,002,交通工程,3,498,170954
2024,3606,南昌交通学院,003,物流管理,2,544,118032
2024,3606,南昌交通学院,005,建筑学,3,549,111895
2024,3606,南昌交通学院,006,工程造价,2,518,148220
2024,3606,南昌交通学院,007,计算机科学与技术,2,492,
2024,3606,南昌交通学院,008,软件工程,2,492,177315
2024,3606,南昌交通学院,009,物联网工程,2,504,164301
2024,3606,南昌交通学院,010,机械设计制造及其自动化,3,496,173477
2024,3606,南昌交通学院,011,机械电子工程,2,495,174302
2024,3606,南昌交通学院,013,金融学,2,545,116560
2024,3606,南昌交通学院,014,国际经济与贸易,3,544,117621
2024,3606,南昌交通学院,015,市场营销,3,540,122262
2024,3606,南昌交通学院,016,会计学,2,560,99025
2024,3606,南昌交通学院,017,人力资源管理,2,542,120333
2024,3606,南昌交通学院,018,公共事业管理,2,541,121290
2024,3606,南昌交通学院,019,旅游管理与服务教育,2,540,122915
2024,3606,南昌交通学院,020,电子商务,2,544,118236
2024,3606,南昌交通学院,021,法学,2,563,96070
2024,3606,南昌交通学院,022,英语,2,549,112401
2024,3606,南昌交通学院,023,自动化,3,497,172553
2024,3606,南昌交通学院,026,广播电视编导,2,536,127522
2024,3606,南昌交通学院,502,机械制造及自动化,7,492,
2024,3606,南昌交通学院,503,城市轨道交通运营管理,7,492,
2024,3607,江西财经大学,006,会计学（国际会计）,4,636,21139
2024,3607,江西财经大学,007,金融学（国际投资与金融）,4,626,28596
2024,3607,江西财经大学,008,金融学（CFA方向）,5,632,24079
2024,3607,江西财经大学,009,国际经济与贸易（BA方向）,2,621,32713
2024,3607,江西财经大学,010,工商管理（智能商务）,1,629,26281
2024,3607,江西财经大学,011,人力资源管理（数智人力）,1,621,32443
2024,3607,江西财经大学,012,市场营销（数字营销）,1,623,31353
2024,3607,江西财经大学,013,物流管理（智慧供应链）,1,610,43183
2024,3607,江西财经大学,014,市场营销（国际营销）,2,609,43978
2024,3607,江西财经大学,015,旅游管理（数字文旅）,1,607,46529
2024,3607,江西财经大学,016,财政学,1,639,19180
2024,3607,江西财经大学,017,财政学（智慧财税）,1,638,19678
2024,3607,江西财经大学,018,税收学,2,635,21895
2024,3607,江西财经大学,019,劳动与社会保障（康养金融）,1,615,38520
2024,3607,江西财经大学,020,行政管理（数字政务）,1,631,24599
2024,3607,江西财经大学,021,土地资源管理（评估与规划）,1,621,33076
2024,3607,江西财经大学,022,会计学,2,643,16704
2024,3607,江西财经大学,023,财务管理,1,638,19792
2024,3607,江西财经大学,024,会计学（注册会计师）,2,647,14319
2024,3607,江西财经大学,025,会计学（智能会计）,1,641,17750
2024,3607,江西财经大学,026,会计学（CIMA方向）,3,638,19722
2024,3607,江西财经大学,027,会计学（ACCA方向）,3,646,14951
2024,3607,江西财经大学,028,国际经济与贸易,1,625,29607
2024,3607,江西财经大学,029,国际商务,1,624,30175
2024,3607,江西财经大学,030,电子商务,1,615,38167
2024,3607,江西财经大学,031,经济学（数理经济）,2,635,21515
2024,3607,江西财经大学,032,国民经济管理（数字化治理和投资管理）,1,624,30390
2024,3607,江西财经大学,033,金融学,2,634,22017
2024,3607,江西财经大学,034,保险学（精算方向）,1,631,24765
2024,3607,江西财经大学,035,金融工程,1,618,35313
2024,3607,江西财经大学,036,金融科技,1,606,46644
2024,3607,江西财经大学,037,金融学（FRM方向）,4,627,27417
2024,3607,江西财经大学,038,经济统计学,2,621,32701
2024,3607,江西财经大学,039,精算学,1,623,30687
2024,3607,江西财经大学,040,应用统计学,2,630,25345
2024,3607,江西财经大学,041,计算机科学与技术,2,612,41160
2024,3607,江西财经大学,042,数据科学与大数据技术,2,611,42221
2024,3607,江西财经大学,043,信息与计算科学,2,597,56362
2024,3607,江西财经大学,044,信息管理与信息系统（金融智能）,1,606,47228
2024,3607,江西财经大学,045,网络空间安全,1,593,61256
2024,3607,江西财经大学,046,数据科学,1,598,55317
2024,3607,江西财经大学,047,法学,2,640,18089
2024,3607,江西财经大学,048,法学（法务会计）,1,642,17255
2024,3607,江西财经大学,049,法学（数据法学）,1,639,19086
2024,3607,江西财经大学,050,法学（涉外法治）,2,637,20409
2024,3607,江西财经大学,051,物联网工程,2,607,45781
2024,3607,江西财经大学,052,软件工程,13,569,88132
2024,3607,江西财经大学,053,商务英语,1,611,42423
2024,3607,江西财经大学,054,国际经济发展合作,1,620,33627
2024,3607,江西财经大学,055,社会工作,1,611,42457
2024,3607,江西财经大学,056,新闻学,1,610,43189
2024,3607,江西财经大学,057,汉语国际教育,1,612,41139
2024,3607,江西财经大学,058,虚拟现实技术,2,587,68263
2024,3607,江西财经大学,059,软件工程（VR软件开发）,7,553,107069
2024,3607,江西财经大学,060,数字经济,1,609,43698
2024,3607,江西财经大学,061,软件工程(中外合作办学),1,577,79093
2024,3607,江西财经大学,062,数字经济(中外合作办学),2,576,79945
2024,3608,江西财经大学现代经济管理学院,001,会计学,2,565,92828
2024,3608,江西财经大学现代经济管理学院,002,财务管理,3,563,95690
2024,3608,江西财经大学现代经济管理学院,003,会计学（注册会计师）,4,564,94765
2024,3608,江西财经大学现代经济管理学院,004,会计学（智能会计方向）,2,564,94826
2024,3608,江西财经大学现代经济管理学院,005,金融学,4,552,108913
2024,3608,江西财经大学现代经济管理学院,006,保险学,2,549,112092
2024,3608,江西财经大学现代经济管理学院,007,电子商务,3,549,112131
2024,3608,江西财经大学现代经济管理学院,008,国际经济与贸易,2,551,109939
2024,3608,江西财经大学现代经济管理学院,009,金融科技,6,492,
2024,3608,江西财经大学现代经济管理学院,010,经济统计学,4,520,145570
2024,3608,江西财经大学现代经济管理学院,011,资产评估,3,550,110776
2024,3608,江西财经大学现代经济管理学院,012,市场营销（数字营销）,2,551,110109
2024,3608,江西财经大学现代经济管理学院,013,人力资源管理（数字人力）,3,550,110974
2024,3608,江西财经大学现代经济管理学院,014,物流管理（智慧供应链）,3,547,114640
2024,3608,江西财经大学现代经济管理学院,015,新闻学（新媒体方向）,2,552,109014
2024,3608,江西财经大学现代经济管理学院,016,商务英语,2,556,104117
2024,3608,江西财经大学现代经济管理学院,017,翻译,2,547,115103
2024,3608,江西财经大学现代经济管理学院,018,大数据管理与应用,4,517,149559
2024,3608,江西财经大学现代经济管理学院,019,计算机科学与技术（数智化方向）,4,499,170040
2024,3608,江西财经大学现代经济管理学院,020,数字经济,2,531,133472
2024,3608,江西财经大学现代经济管理学院,021,工程造价,3,507,160593
2024,3608,江西财经大学现代经济管理学院,022,工程管理,2,510,157535
2024,3608,江西财经大学现代经济管理学院,023,工程审计,2,507,160502
2024,3608,江西财经大学现代经济管理学院,024,法学,2,570,87715
2024,3608,江西财经大学现代经济管理学院,025,知识产权,2,562,96731
2024,3608,江西财经大学现代经济管理学院,026,法学（数据法学方向）,2,567,90567
2024,3609,江西财经职业学院,501,大数据与会计,36,492,
2024,3610,江西应用科技学院,001,电子信息工程,4,492,
2024,3610,江西应用科技学院,002,智能科学与技术,3,492,
2024,3610,江西应用科技学院,003,工程造价,3,504,164529
2024,3610,江西应用科技学院,004,商务英语,6,532,132274
2024,3610,江西应用科技学院,005,国际经济与贸易,6,536,127351
2024,3610,江西应用科技学院,006,电子商务,6,533,130591
2024,3610,江西应用科技学院,007,金融工程,6,492,
2024,3610,江西应用科技学院,008,财务管理,4,545,117325
2024,3610,江西应用科技学院,009,会计学,6,545,116306
2024,3610,江西应用科技学院,010,物流管理,4,535,128803
2024,3610,江西应用科技学院,011,市场营销,3,533,130817
2024,3610,江西应用科技学院,012,酒店管理,4,530,134693
2024,3610,江西应用科技学院,013,健康服务与管理,6,536,127504
2024,3610,江西应用科技学院,014,旅游管理与服务教育,4,530,134061
2024,3610,江西应用科技学院,015,学前教育,30,528,136386
2024,3610,江西应用科技学院,016,小学教育,25,539,123710
2024,3610,江西应用科技学院,017,商务英语（跨境电商方向）,4,527,137792
2024,3610,江西应用科技学院,505,机电一体化技术,14,492,
2024,3610,江西应用科技学院,519,动漫制作技术,14,492,
2024,3611,南昌职业大学,001,网络工程技术,3,492,177664
2024,3611,南昌职业大学,002,现代物流管理,2,527,137985
2024,3611,南昌职业大学,509,现代物流管理,10,492,
2024,3612,江西电力职业技术学院,501,发电厂及电力系统,5,509,158304
2024,3612,江西电力职业技术学院,502,电力系统自动化技术,5,500,168828
2024,3612,江西电力职业技术学院,503,输配电工程技术,3,496,173133
2024,3612,江西电力职业技术学院,504,供用电技术,3,518,148970
2024,3612,江西电力职业技术学院,505,热能动力工程技术,5,492,
2024,3612,江西电力职业技术学院,506,电气自动化技术(中外合作办学),4,494,175363
2024,3613,江西服装学院,009,网络与新媒体,3,537,126710
2024,3613,江西服装学院,010,商务英语,2,532,132444
2024,3614,南昌工学院,001,金融工程,4,492,177028
2024,3614,南昌工学院,002,国际经济与贸易,3,539,123581
2024,3614,南昌工学院,003,大数据管理与应用,6,492,
2024,3614,南昌工学院,004,会计学,5,547,114572
2024,3614,南昌工学院,005,财务管理,4,544,118252
2024,3614,南昌工学院,006,审计学,2,549,112718
2024,3614,南昌工学院,007,电子商务,5,538,125459
2024,3614,南昌工学院,008,学前教育,2,547,114544
2024,3614,南昌工学院,009,小学教育,1,557,102897
2024,3614,南昌工学院,010,秘书学,1,555,105335
2024,3614,南昌工学院,011,英语,1,555,105130
2024,3614,南昌工学院,012,商务英语,4,536,127297
2024,3614,南昌工学院,013,数学与应用数学,1,514,152600
2024,3614,南昌工学院,014,机械设计制造及其自动化,3,495,174030
2024,3614,南昌工学院,015,材料成型及控制工程,1,504,164699
2024,3614,南昌工学院,016,机械电子工程,4,492,
2024,3614,南昌工学院,017,车辆工程,6,492,
2024,3614,南昌工学院,018,智能制造工程,4,492,
2024,3614,南昌工学院,019,机器人工程,4,492,
2024,3614,南昌工学院,020,护理学,8,551,109783
2024,3614,南昌工学院,021,智能建造,3,492,177275
2024,3614,南昌工学院,022,水利水电工程,2,497,171983
2024,3614,南昌工学院,023,城乡规划,4,535,128074
2024,3614,南昌工学院,024,工程造价,1,516,151153
2024,3614,南昌工学院,025,工程管理,2,497,172094
2024,3614,南昌工学院,026,电气工程及其自动化,6,492,
2024,3614,南昌工学院,027,电子信息工程,3,492,
2024,3614,南昌工学院,028,软件工程,5,492,
2024,3614,南昌工学院,032,智能科学与技术,2,492,177115
2024,3614,南昌工学院,034,广播电视编导,2,532,131678
2024,3614,南昌工学院,513,法律事务,3,495,174864
2024,3618,江西交通职业技术学院,508,城市轨道交通供配电技术,10,492,
2024,3619,江西科技师范大学,001,财务管理,2,594,59805
2024,3619,江西科技师范大学,002,国际经济与贸易,2,584,71161
2024,3619,江西科技师范大学,003,法学,2,605,48061
2024,3619,江西科技师范大学,008,电子信息工程,2,562,96419
2024,3619,江西科技师范大学,009,人工智能,2,557,102645
2024,3619,江西科技师范大学,011,建筑环境与能源应用工程,2,531,132959
2024,3619,江西科技师范大学,012,制药工程,2,492,
2024,3619,江西科技师范大学,013,药学,3,529,135740
2024,3619,江西科技师范大学,014,材料化学,3,492,
2024,3619,江西科技师范大学,015,智能感知工程,2,527,137520
2024,3619,江西科技师范大学,016,数字经济,2,558,101406
2024,3619,江西科技师范大学,017,生物制药,2,532,131420
2024,3619,江西科技师范大学,018,新能源材料与器件,2,535,128026
2024,3619,江西科技师范大学,019,数据计算及应用,2,543,118964
2024,3619,江西科技师范大学,020,智能建造,2,529,135221
2024,3619,江西科技师范大学,021,汉语言文学(师范),2,609,43932
2024,3619,江西科技师范大学,022,历史学(师范),2,603,50326
2024,3619,江西科技师范大学,023,英语(师范),5,599,55002
2024,3619,江西科技师范大学,024,会计学（国际会计）,2,594,60212
2024,3619,江西科技师范大学,025,教育技术学(师范),3,492,
2024,3619,江西科技师范大学,026,学前教育(师范),3,587,68411
2024,3619,江西科技师范大学,027,思想政治教育(师范),2,604,49041
2024,3619,江西科技师范大学,031,数学与应用数学(师范),2,579,76907
2024,3619,江西科技师范大学,032,化学(师范),2,535,127985
2024,3619,江西科技师范大学,033,应用化学（职教师范）,2,492,
2024,3619,江西科技师范大学,035,计算机科学与技术（泰豪）,2,567,90202
2024,3619,江西科技师范大学,036,虚拟现实技术（泰豪）,2,528,136129
2024,3619,江西科技师范大学,040,小学教育(师范),3,600,53186
2024,3620,南昌应用技术师范学院,002,思想政治教育,1,556,104154
2024,3620,南昌应用技术师范学院,003,汉语言文学,2,570,87327
2024,3620,南昌应用技术师范学院,004,英语,2,547,114105
2024,3620,南昌应用技术师范学院,005,数学与应用数学,2,515,151425
2024,3620,南昌应用技术师范学院,006,电气工程及其自动化,2,507,160865
2024,3620,南昌应用技术师范学院,007,电子信息工程,2,492,
2024,3620,南昌应用技术师范学院,008,计算机科学与技术,2,512,155339
2024,3620,南昌应用技术师范学院,009,软件工程,2,492,
2024,3620,南昌应用技术师范学院,011,数字媒体技术,2,505,163381
2024,3620,南昌应用技术师范学院,504,商务英语,1,521,145448
2024,3620,南昌应用技术师范学院,506,大数据技术,1,529,135389
2024,3620,南昌应用技术师范学院,509,大数据与会计,2,510,157313
2024,3621,江西科技学院,009,数据科学与大数据技术,2,492,177390
2024,3621,江西科技学院,010,人工智能,2,492,
2024,3621,江西科技学院,011,计算机科学与技术,3,492,
2024,3621,江西科技学院,012,软件工程,2,492,
2024,3621,江西科技学院,013,虚拟现实技术,2,501,168341
2024,3621,江西科技学院,014,工程造价,2,492,
2024,3621,江西科技学院,015,智能建造,2,494,175537
2024,3621,江西科技学院,016,人力资源管理,5,537,126079
2024,3621,江西科技学院,017,工商管理,4,541,121448
2024,3621,江西科技学院,018,电子商务,2,539,123786
2024,3621,江西科技学院,019,会计学,8,549,112605
2024,3621,江西科技学院,020,财务管理,3,551,109593
2024,3621,江西科技学院,022,国际经济与贸易,2,542,120473
2024,3621,江西科技学院,023,英语,2,536,127934
2024,3621,江西科技学院,024,商务英语,10,529,135067
2024,3621,江西科技学院,025,护理学,5,492,
2024,3621,江西科技学院,026,新闻学,3,543,119537
2024,3621,江西科技学院,027,网络与新媒体,3,548,113432
2024,3621,江西科技学院,028,广播电视编导,10,526,139448
2024,3621,江西科技学院,029,戏剧影视文学,2,526,139358
2024,3621,江西科技学院,030,汉语言文学,6,558,101907
2024,3621,江西科技学院,031,学前教育,5,541,121500
2024,3621,江西科技学院,032,小学教育,5,555,105186
2024,3621,江西科技学院,033,教育学,5,542,120745
2024,3621,江西科技学院,035,新能源汽车工程,2,501,167755
2024,3621,江西科技学院,036,药学,2,499,170047
2024,3621,江西科技学院,511,虚拟现实技术应用,4,492,
2024,3621,江西科技学院,516,工商企业管理,5,492,
2024,3621,江西科技学院,523,人力资源管理,5,492,
2024,3621,江西科技学院,524,法律事务,5,492,
2024,3621,江西科技学院,531,护理,36,492,
2024,3622,江西理工大学,002,材料科学与工程,3,559,99647
2024,3622,江西理工大学,003,金属材料工程,2,550,110384
2024,3622,江西理工大学,004,电气工程及其自动化,2,586,68481
2024,3622,江西理工大学,005,电子科学与技术,2,581,74390
2024,3622,江西理工大学,006,电子科学与技术(中外合作办学),2,548,112754
2024,3622,江西理工大学,007,自动化,2,582,73492
2024,3622,江西理工大学,008,化学工程与工艺,2,547,113983
2024,3622,江西理工大学,009,机械电子工程,2,573,83540
2024,3622,江西理工大学,010,机械工程,2,578,77768
2024,3622,江西理工大学,011,智能制造工程,2,577,79262
2024,3622,江西理工大学,012,城乡规划,3,588,66446
2024,3622,江西理工大学,013,工程造价,3,558,101356
2024,3622,江西理工大学,014,工商管理,2,594,60420
2024,3622,江西理工大学,015,会计学,2,605,48276
2024,3622,江西理工大学,016,信息与计算科学,2,570,87190
2024,3622,江西理工大学,017,材料成型及控制工程,2,566,91574
2024,3622,江西理工大学,018,机器人工程,2,583,71995
2024,3622,江西理工大学,019,虚拟现实技术,2,571,85821
2024,3622,江西理工大学,020,智能建造,2,564,94117
2024,3622,江西理工大学,021,财务管理,2,599,54614
2024,3622,江西理工大学,022,人力资源管理,3,587,67934
2024,3622,江西理工大学,023,数字经济,2,572,84979
2024,3622,江西理工大学,025,测绘工程,2,554,105899
2024,3622,江西理工大学,026,地理信息科学,3,600,53584
2024,3622,江西理工大学,027,建筑环境与能源应用工程,2,556,103837
2024,3622,江西理工大学,028,土木工程,2,528,136134
2024,3622,江西理工大学,029,汉语国际教育,2,590,64304
2024,3622,江西理工大学,030,英语,3,583,72202
2024,3622,江西理工大学,031,日语,3,577,79698
2024,3622,江西理工大学,032,电子信息工程,2,580,75509
2024,3622,江西理工大学,033,信息安全,2,587,67482
2024,3622,江西理工大学,034,冶金工程,2,564,93954
2024,3622,江西理工大学,035,新能源科学与工程,2,582,73819
2024,3622,江西理工大学,036,安全工程,2,546,115381
2024,3622,江西理工大学,037,应急管理,2,554,105908
2024,3622,江西理工大学,038,行政管理,2,596,57552
2024,3622,江西理工大学,039,环境工程,3,492,
2024,3622,江西理工大学,040,生物工程,2,550,111327
2024,3623,赣南科技学院,001,英语,2,571,86680
2024,3623,赣南科技学院,003,电子信息工程,2,529,135353
2024,3623,赣南科技学院,004,计算机科学与技术,2,535,128633
2024,3623,赣南科技学院,005,数据科学与大数据技术,2,525,139651
2024,3623,赣南科技学院,006,金融学,2,574,82149
2024,3623,赣南科技学院,007,国际经济与贸易,1,572,84495
2024,3623,赣南科技学院,008,工商管理,2,574,82611
2024,3623,赣南科技学院,009,会计学,2,580,75959
2024,3623,赣南科技学院,010,电子商务,2,572,85169
2024,3623,赣南科技学院,011,数字经济,2,533,130901
2024,3623,赣南科技学院,012,冶金工程,2,492,177080
2024,3623,赣南科技学院,013,机械电子工程,2,527,137770
2024,3623,赣南科技学院,014,电气工程及其自动化,2,541,121534
2024,3623,赣南科技学院,015,机器人工程,2,529,135297
2024,3623,赣南科技学院,016,土木工程,2,510,157632
2024,3623,赣南科技学院,017,测绘工程,2,515,151554
2024,3623,赣南科技学院,019,工程造价,2,540,122351
2024,3625,江西农业大学,001,农学（惟义实验班）,2,546,115546
2024,3625,江西农业大学,002,农学,2,554,106785
2024,3625,江西农业大学,003,园艺,4,524,141307
2024,3625,江西农业大学,004,植物保护,3,492,
2024,3625,江西农业大学,005,动植物检疫,4,532,131498
2024,3625,江西农业大学,006,茶学,3,494,175169
2024,3625,江西农业大学,007,智慧农业,2,549,111740
2024,3625,江西农业大学,008,林学（惟义实验班）,2,547,114322
2024,3625,江西农业大学,009,林学,2,540,122363
2024,3625,江西农业大学,010,智慧林业,2,529,135372
2024,3625,江西农业大学,012,城乡规划,3,583,72795
2024,3625,江西农业大学,013,动物药学,2,535,128354
2024,3625,江西农业大学,014,水产养殖学,3,492,
2024,3625,江西农业大学,015,农业机械化及其自动化（惟义实验班）,2,563,95165
2024,3625,江西农业大学,016,农业机械化及其自动化,2,551,109337
2024,3625,江西农业大学,017,机械设计制造及其自动化,1,566,91466
2024,3625,江西农业大学,018,农业水利工程,1,544,118068
2024,3625,江西农业大学,019,农林经济管理（惟义实验班）,3,586,69468
2024,3625,江西农业大学,020,农林经济管理,5,585,70511
2024,3625,江西农业大学,021,国际经济与贸易,2,588,66886
2024,3625,江西农业大学,022,会计学,1,604,49319
2024,3625,江西农业大学,023,会计学,1,602,51624
2024,3625,江西农业大学,024,金融学,2,592,62241
2024,3625,江西农业大学,025,环境科学与工程,2,539,124196
2024,3625,江西农业大学,026,环境科学与工程,1,525,139845
2024,3625,江西农业大学,027,土地资源管理,2,584,70723
2024,3625,江西农业大学,028,土地资源管理（土地整治方向）,1,584,71052
2024,3625,江西农业大学,029,旅游管理,2,581,75042
2024,3625,江西农业大学,030,电子商务,2,517,149538
2024,3625,江西农业大学,031,数据科学与大数据技术,2,570,87150
2024,3625,江西农业大学,032,应用化学,6,542,120548
2024,3625,江西农业大学,033,材料化学,4,542,120120
2024,3625,江西农业大学,034,生物工程,2,546,115332
2024,3625,江西农业大学,035,制药工程,4,546,115176
2024,3625,江西农业大学,036,生物技术（食用菌）,1,559,99932
2024,3625,江西农业大学,037,生物技术,1,551,109727
2024,3625,江西农业大学,038,食品质量与安全,4,545,116916
2024,3625,江西农业大学,039,食品科学与工程,2,538,125264
2024,3625,江西农业大学,040,日语,3,576,80448
2024,3625,江西农业大学,041,英语（商务方向）,2,589,65979
2024,3625,江西农业大学,042,教育技术学,5,529,135713
2024,3625,江西农业大学,043,物联网工程,2,564,94557
2024,3625,江西农业大学,044,软件工程（软件开发与项目管理方向）,2,563,94947
2024,3625,江西农业大学,045,软件工程（英语方向）,2,563,95297
2024,3625,江西农业大学,046,软件工程（会计方向）,2,549,112534
2024,3626,江西农业大学南昌商学院,001,数字经济,2,521,144831
2024,3626,江西农业大学南昌商学院,002,国际经济与贸易,3,549,112121
2024,3626,江西农业大学南昌商学院,003,日语,2,544,118220
2024,3626,江西农业大学南昌商学院,004,商务英语,2,548,113142
2024,3626,江西农业大学南昌商学院,005,新闻学,2,560,99223
2024,3626,江西农业大学南昌商学院,006,广告学,2,557,103010
2024,3626,江西农业大学南昌商学院,007,电子信息工程,1,521,145296
2024,3626,江西农业大学南昌商学院,008,物联网工程,2,495,174207
2024,3626,江西农业大学南昌商学院,009,风景园林,2,557,103141
2024,3626,江西农业大学南昌商学院,010,工程管理,3,511,156378
2024,3626,江西农业大学南昌商学院,011,大数据管理与应用,2,515,151665
2024,3626,江西农业大学南昌商学院,012,工商管理,3,556,103933
2024,3626,江西农业大学南昌商学院,013,信用风险管理与法律防控,3,548,113122
2024,3626,江西农业大学南昌商学院,014,财务管理,2,560,99400
2024,3626,江西农业大学南昌商学院,015,人力资源管理,2,560,99299
2024,3626,江西农业大学南昌商学院,016,审计学,2,561,97736
2024,3626,江西农业大学南昌商学院,017,供应链管理,2,546,115575
2024,3626,江西农业大学南昌商学院,018,电子商务,2,551,109656
2024,3626,江西农业大学南昌商学院,019,旅游管理,3,549,112662
2024,3626,江西农业大学南昌商学院,020,园林,3,548,113463
2024,3627,江西师范大学,003,广播电视编导,3,592,62290
2024,3627,江西师范大学,013,会计学,2,615,38296
2024,3627,江西师范大学,014,金融学,3,607,46385
2024,3627,江西师范大学,015,经济学,1,612,40991
2024,3627,江西师范大学,016,工程管理,2,571,86091
2024,3627,江西师范大学,017,地理科学类,5,622,31963
2024,3627,江西师范大学,018,朝鲜语（朝英双语）,1,591,63205
2024,3627,江西师范大学,019,化学工程与工艺（智能化工）,1,550,111004
2024,3627,江西师范大学,020,化学类,3,546,115696
2024,3627,江西师范大学,021,计算机科学与技术,3,592,61724
2024,3627,江西师范大学,022,计算机科学与技术(师范),2,588,66726
2024,3627,江西师范大学,023,人工智能,1,596,57702
2024,3627,江西师范大学,024,数据科学与大数据技术,1,592,61912
2024,3627,江西师范大学,025,生物制药,1,540,122822
2024,3627,江西师范大学,026,公共事业管理(师范),1,600,53000
2024,3627,江西师范大学,027,小学教育(师范),4,625,29248
2024,3627,江西师范大学,028,历史学类,3,624,30273
2024,3627,江西师范大学,029,文化产业管理（文化策划与管理）,1,621,33068
2024,3627,江西师范大学,030,思想政治教育(师范),4,627,27682
2024,3627,江西师范大学,031,大数据管理与应用,1,600,53298
2024,3627,江西师范大学,032,国际经济与贸易（数字贸易）,1,613,40407
2024,3627,江西师范大学,033,生物工程,1,573,84063
2024,3627,江西师范大学,034,生物科学(师范),16,492,
2024,3627,江西师范大学,035,数学与应用数学(师范),6,593,60669
2024,3627,江西师范大学,036,统计学,2,584,71172
2024,3627,江西师范大学,037,俄语（俄英双语）,1,596,57439
2024,3627,江西师范大学,038,英语(师范),4,622,32030
2024,3627,江西师范大学,039,汉语国际教育(师范),1,621,32782
2024,3627,江西师范大学,040,汉语言文学(师范),15,630,25155
2024,3627,江西师范大学,041,电子信息类,3,592,61808
2024,3627,江西师范大学,042,物理学(师范),5,576,80010
2024,3627,江西师范大学,043,心理学类,2,617,36182
2024,3627,江西师范大学,044,新闻传播学类,6,598,55416
2024,3627,江西师范大学,045,法学,6,622,31994
2024,3628,江西师范大学科学技术学院,001,数字经济,8,492,
2024,3628,江西师范大学科学技术学院,002,电子商务,3,550,110526
2024,3628,江西师范大学科学技术学院,003,财务管理,3,563,96058
2024,3628,江西师范大学科学技术学院,004,广告学,3,554,105877
2024,3628,江西师范大学科学技术学院,005,小学教育,3,569,88072
2024,3628,江西师范大学科学技术学院,006,物理学,2,494,174899
2024,3628,江西师范大学科学技术学院,007,人工智能,4,515,152032
2024,3629,江西司法警官职业学院,501,司法信息技术,7,492,177873
2024,3629,江西司法警官职业学院,502,司法鉴定技术,7,496,173661
2024,3629,江西司法警官职业学院,503,社区矫正,7,492,
2024,3629,江西司法警官职业学院,506,信息安全技术应用,7,492,
2024,3629,江西司法警官职业学院,508,法律事务,7,501,168340
2024,3629,江西司法警官职业学院,509,行政管理,7,492,
2024,3629,江西司法警官职业学院,510,社区管理与服务,7,492,
2024,3637,江西中医药大学,003,中医养生学,1,571,85703
2024,3637,江西中医药大学,004,中西医临床医学,4,592,61710
2024,3637,江西中医药大学,005,中医骨伤科学,4,570,86955
2024,3637,江西中医药大学,006,医学检验技术,1,573,83666
2024,3637,江西中医药大学,007,针灸推拿学,3,584,71621
2024,3637,江西中医药大学,008,康复治疗学,1,553,106794
2024,3637,江西中医药大学,009,中药学,2,558,101090
2024,3637,江西中医药大学,010,药物制剂,1,555,104892
2024,3637,江西中医药大学,011,中药制药,2,561,97764
2024,3637,江西中医药大学,012,英语,1,589,65940
2024,3637,江西中医药大学,013,应用心理学,2,594,59557
2024,3637,江西中医药大学,015,医学影像技术,1,577,79377
2024,3637,江西中医药大学,016,护理学,6,587,67756
2024,3637,江西中医药大学,017,健康服务与管理,1,587,68091
2024,3637,江西中医药大学,018,保险学,2,582,73888
2024,3637,江西中医药大学,019,中医学,4,589,65199
2024,3638,南昌医学院,001,保险学（健康保险方向）,3,569,88638
2024,3638,南昌医学院,002,市场营销（医药营销方向）,3,570,87708
2024,3638,南昌医学院,003,护理学,11,579,77207
2024,3638,南昌医学院,004,助产学,8,573,84235
2024,3638,南昌医学院,005,养老服务管理,3,589,65418
2024,3638,南昌医学院,006,康复治疗学,7,492,
2024,3638,南昌医学院,007,口腔医学技术,6,541,121491
2024,3638,南昌医学院,008,药学,6,492,
2024,3638,南昌医学院,009,中药学,6,529,135220
2024,3638,南昌医学院,010,医学检验技术,8,492,
2024,3638,南昌医学院,011,医学影像技术,8,504,164344
2024,3638,南昌医学院,012,智能影像工程,3,506,161728
2024,3638,南昌医学院,013,临床医学,4,565,93438
2024,3638,南昌医学院,014,口腔医学,4,575,81102
2024,3638,南昌医学院,015,预防医学,3,545,116978
2024,3638,南昌医学院,016,中医学,6,550,110381
2024,3638,南昌医学院,017,针灸推拿学,6,541,121722
2024,3638,南昌医学院,018,中西医临床医学,6,554,105699
2024,3639,江西中医药高等专科学校,501,中医学,20,505,163731
2024,3639,江西中医药高等专科学校,502,针灸推拿,15,498,170683
2024,3639,江西中医药高等专科学校,503,医学检验技术,10,497,172424
2024,3639,江西中医药高等专科学校,504,护理,15,501,167840
2024,3639,江西中医药高等专科学校,505,药学,10,502,167323
2024,3639,江西中医药高等专科学校,506,中药学,10,493,176790
2024,3640,井冈山大学,007,护理学,20,492,
2024,3640,井冈山大学,008,临床医学,6,560,99060
2024,3640,井冈山大学,010,应用心理学,10,578,78435
2024,3640,井冈山大学,011,小学教育(师范),12,587,67752
2024,3640,井冈山大学,012,计算机科学与技术,6,557,102322
2024,3640,井冈山大学,014,会计学,2,590,64839
2024,3640,井冈山大学,015,西班牙语,2,575,81832
2024,3640,井冈山大学,016,日语,2,577,79463
2024,3640,井冈山大学,017,德语,4,570,87702
2024,3640,井冈山大学,018,历史学(师范),2,593,61402
2024,3640,井冈山大学,019,新闻学,2,582,73227
2024,3640,井冈山大学,020,汉语国际教育,2,585,70095
2024,3640,井冈山大学,021,汉语言文学(师范),8,594,60272
2024,3640,井冈山大学,022,思想政治教育(师范),2,593,60992
2024,3641,景德镇学院,005,汉语言文学(师范),3,590,64452
2024,3641,景德镇学院,006,物流管理,2,572,84976
2024,3641,景德镇学院,007,财务管理,2,580,76014
2024,3641,景德镇学院,008,网络工程,3,526,138530
2024,3641,景德镇学院,009,小学教育(师范),3,585,70211
2024,3642,景德镇陶瓷大学,001,材料物理,1,536,127048
2024,3642,景德镇陶瓷大学,002,材料化学,2,536,126976
2024,3642,景德镇陶瓷大学,003,无机非金属材料工程,1,554,105962
2024,3642,景德镇陶瓷大学,004,粉体材料科学与工程,1,534,130249
2024,3642,景德镇陶瓷大学,005,新能源材料与器件,1,548,112873
2024,3642,景德镇陶瓷大学,006,能源与动力工程,1,557,102452
2024,3642,景德镇陶瓷大学,007,环境工程,1,500,168790
2024,3642,景德镇陶瓷大学,008,储能科学与工程,1,543,119133
2024,3642,景德镇陶瓷大学,023,机械设计制造及其自动化,1,571,85853
2024,3642,景德镇陶瓷大学,024,材料成型及控制工程,1,548,113545
2024,3642,景德镇陶瓷大学,025,机器人工程,2,541,121363
2024,3642,景德镇陶瓷大学,026,电子科学与技术,1,556,104006
2024,3642,景德镇陶瓷大学,027,智能制造工程,2,540,122632
2024,3642,景德镇陶瓷大学,028,国际经济与贸易,1,588,66668
2024,3642,景德镇陶瓷大学,029,工商管理,1,580,75683
2024,3642,景德镇陶瓷大学,030,应用统计学,1,547,114059
2024,3642,景德镇陶瓷大学,031,计算机科学与技术,1,563,95493
2024,3642,景德镇陶瓷大学,032,人工智能,1,553,107234
2024,3642,景德镇陶瓷大学,033,英语,1,581,75123
2024,3642,景德镇陶瓷大学,034,日语,1,576,80824
2024,3642,景德镇陶瓷大学,035,考古学,1,606,47204
2024,3642,景德镇陶瓷大学,036,文物保护技术,1,589,65252
2024,3642,景德镇陶瓷大学,037,文化遗产,1,601,52350
2024,3642,景德镇陶瓷大学,038,文物与博物馆学,1,599,54716
2024,3642,景德镇陶瓷大学,039,法学,1,598,55828
2024,3642,景德镇陶瓷大学,040,知识产权,1,595,59150
2024,3642,景德镇陶瓷大学,041,艺术教育,1,576,79985
2024,3643,景德镇艺术职业大学,001,日语,2,539,124316
2024,3643,景德镇艺术职业大学,004,生态环境工程技术,2,506,161954
2024,3643,景德镇艺术职业大学,005,机械设计制造及自动化,2,514,153456
2024,3643,景德镇艺术职业大学,006,计算机应用工程,2,514,152644
2024,3643,景德镇艺术职业大学,007,大数据与财务管理,2,547,114550
2024,3643,景德镇艺术职业大学,008,国际经济与贸易,2,538,124884
2024,3643,景德镇艺术职业大学,009,市场营销,2,539,123539
2024,3643,景德镇艺术职业大学,010,电子商务,2,540,122768
2024,3643,景德镇艺术职业大学,017,法律,2,549,111887
2024,3643,景德镇艺术职业大学,501,建筑室内设计,4,492,
2024,3643,景德镇艺术职业大学,503,数字媒体技术,4,492,
2024,3643,景德镇艺术职业大学,506,大数据与财务管理,3,492,
2024,3644,九江学院,006,国际经济与贸易,3,571,86031
2024,3644,九江学院,008,汉语国际教育,3,577,79651
2024,3644,九江学院,009,电子信息工程,3,528,136458
2024,3644,九江学院,010,物联网工程,4,524,141071
2024,3644,九江学院,011,护理学,3,558,100947
2024,3644,九江学院,012,药学,3,492,
2024,3644,九江学院,013,食品质量与安全,3,521,144520
2024,3644,九江学院,014,会计学,3,582,73891
2024,3644,九江学院,015,审计学,3,580,75527
2024,3644,九江学院,016,工商管理,3,574,82824
2024,3644,九江学院,017,临床医学,4,551,109420
2024,3644,九江学院,018,口腔医学,4,579,76901
2024,3645,江西职业技术大学,501,机电一体化技术,2,492,
2024,3645,江西职业技术大学,503,电气自动化技术,4,492,
2024,3645,江西职业技术大学,508,新能源汽车技术,2,500,168569
2024,3645,江西职业技术大学,511,物联网应用技术,4,492,
2024,3645,江西职业技术大学,512,软件技术,6,492,
2024,3645,江西职业技术大学,515,建筑室内设计,4,492,
2024,3645,江西职业技术大学,517,大数据与会计,6,492,
2024,3646,南昌大学,005,汉语言文学,2,651,12258
2024,3646,南昌大学,006,汉语国际教育,3,645,15527
2024,3646,南昌大学,007,哲学,3,640,18371
2024,3646,南昌大学,008,广播电视学,2,645,15461
2024,3646,南昌大学,009,广告学,2,638,19749
2024,3646,南昌大学,010,英语,3,640,18233
2024,3646,南昌大学,011,英语（英西）,3,641,17844
2024,3646,南昌大学,012,日语,4,634,22426
2024,3646,南昌大学,013,法语,2,636,20676
2024,3646,南昌大学,014,俄语,2,635,21701
2024,3646,南昌大学,015,知识产权,2,651,12237
2024,3646,南昌大学,016,应用心理学,3,641,17894
2024,3646,南昌大学,017,信息管理与信息系统,4,630,24992
2024,3646,南昌大学,018,经济学,4,644,15786
2024,3646,南昌大学,019,金融学,3,644,15874
2024,3646,南昌大学,020,工商管理,2,644,16013
2024,3646,南昌大学,021,工业工程,2,631,24132
2024,3646,南昌大学,022,工商管理（中法实验班）,3,639,19056
2024,3646,南昌大学,024,数学与应用数学,2,640,18006
2024,3646,南昌大学,025,计算机科学与技术,4,643,16322
2024,3646,南昌大学,026,数据科学与大数据技术,2,641,17335
2024,3646,南昌大学,027,物理学,3,631,24208
2024,3646,南昌大学,028,应用物理学,4,632,23841
2024,3646,南昌大学,029,材料科学与工程,6,629,26244
2024,3646,南昌大学,030,高分子材料与工程,3,626,28313
2024,3646,南昌大学,031,化学,4,628,27177
2024,3646,南昌大学,032,制药工程,3,630,25150
2024,3646,南昌大学,033,生物科学,4,629,26315
2024,3646,南昌大学,034,水产养殖学,3,600,53037
2024,3646,南昌大学,035,食品科学与工程,2,627,27734
2024,3646,南昌大学,036,食品质量与安全,2,625,29191
2024,3646,南昌大学,037,生物工程,3,628,26418
2024,3646,南昌大学,038,环境工程,3,621,32500
2024,3646,南昌大学,039,给排水科学与工程,3,617,36077
2024,3646,南昌大学,040,测控技术与仪器,4,633,22734
2024,3646,南昌大学,041,机械设计制造及其自动化,3,635,21443
2024,3646,南昌大学,042,材料成型及控制工程,3,628,26575
2024,3646,南昌大学,043,建筑学,6,635,21765
2024,3646,南昌大学,044,城乡规划,2,637,20091
2024,3646,南昌大学,045,土木工程,4,615,37959
2024,3646,南昌大学,046,建筑环境与能源应用工程,2,614,38862
2024,3646,南昌大学,047,水利水电工程,4,626,28082
2024,3646,南昌大学,048,电子信息工程,5,640,17984
2024,3646,南昌大学,049,通信工程,3,639,18630
2024,3646,南昌大学,050,电气工程及其自动化,3,644,15716
2024,3646,南昌大学,051,自动化,4,639,18746
2024,3646,南昌大学,052,基础医学,2,629,26042
2024,3646,南昌大学,053,临床医学,8,641,17323
2024,3646,南昌大学,054,临床医学(中外合作办学)（中英双学位合作）,9,630,25334
2024,3646,南昌大学,055,医学影像学,4,637,19973
2024,3646,南昌大学,056,眼视光医学,4,642,16976
2024,3646,南昌大学,057,预防医学,4,608,44776
2024,3646,南昌大学,058,药学,3,627,27613
2024,3646,南昌大学,059,护理学,6,627,27873
2024,3647,南昌大学科学技术学院,001,汉语言文学,1,570,86917
2024,3647,南昌大学科学技术学院,002,德语,7,541,122019
2024,3647,南昌大学科学技术学院,003,国际经济与贸易,3,551,109739
2024,3647,南昌大学科学技术学院,004,会计学,1,568,89817
2024,3647,南昌大学科学技术学院,005,旅游管理,5,544,117950
2024,3647,南昌大学科学技术学院,006,财务管理,2,563,95915
2024,3647,南昌大学科学技术学院,007,金融学,3,561,98445
2024,3647,南昌大学科学技术学院,009,土木工程,7,492,
2024,3647,南昌大学科学技术学院,010,建筑学,5,544,118592
2024,3647,南昌大学科学技术学院,011,电气工程及其自动化,1,515,151732
2024,3647,南昌大学科学技术学院,012,电子信息工程,1,517,149262
2024,3647,南昌大学科学技术学院,013,计算机科学与技术,1,506,162401
2024,3648,南昌工程学院,002,水利水电工程,4,552,108192
2024,3648,南昌工程学院,003,水文与水资源工程,2,536,127649
2024,3648,南昌工程学院,005,水土保持与荒漠化防治,2,505,163270
2024,3648,南昌工程学院,006,园林,2,528,136121
2024,3648,南昌工程学院,007,土木工程,4,527,137396
2024,3648,南昌工程学院,008,机械设计制造及其自动化,2,556,103533
2024,3648,南昌工程学院,009,电气工程及其自动化,2,561,97344
2024,3648,南昌工程学院,010,自动化,2,548,113072
2024,3648,南昌工程学院,011,智能电网信息工程,2,548,113153
2024,3648,南昌工程学院,012,通信工程,2,553,107095
2024,3648,南昌工程学院,013,电子信息工程,2,559,100063
2024,3648,南昌工程学院,014,计算机科学与技术,2,564,94617
2024,3648,南昌工程学院,015,应用统计学,2,553,106828
2024,3648,南昌工程学院,016,香料香精技术与工程,2,531,132747
2024,3648,南昌工程学院,017,市场营销,2,575,81146
2024,3648,南昌工程学院,018,供应链管理,2,579,77204
2024,3648,南昌工程学院,019,人力资源管理,2,582,73918
2024,3648,南昌工程学院,020,应急管理,2,541,121114
2024,3648,南昌工程学院,021,国际经济与贸易,2,579,77498
2024,3648,南昌工程学院,022,审计学,2,587,67778
2024,3648,南昌工程学院,023,投资学,2,576,80069
2024,3648,南昌工程学院,024,英语,2,578,78344
2024,3648,南昌工程学院,025,翻译,2,572,85151
2024,3648,南昌工程学院,026,法语,2,571,86337
2024,3648,南昌工程学院,027,土木工程(中外合作办学),2,509,158894
2024,3648,南昌工程学院,028,电气工程及其自动化(中外合作办学),2,546,115882
2024,3649,南昌航空大学,001,复合材料与工程,2,562,96838
2024,3649,南昌航空大学,002,高分子材料与工程,2,563,95353
2024,3649,南昌航空大学,003,新能源科学与工程,2,569,88250
2024,3649,南昌航空大学,008,应用化学,2,557,102236
2024,3649,南昌航空大学,009,给排水科学与工程,2,559,99666
2024,3649,南昌航空大学,010,环境工程,2,547,114171
2024,3649,南昌航空大学,011,机械设计制造及其自动化,2,588,67157
2024,3649,南昌航空大学,012,材料成型及控制工程,2,567,90421
2024,3649,南昌航空大学,013,电子封装技术,2,579,76904
2024,3649,南昌航空大学,014,智能制造工程,2,585,70479
2024,3649,南昌航空大学,015,增材制造工程,2,558,100986
2024,3649,南昌航空大学,016,通信工程,2,585,70133
2024,3649,南昌航空大学,017,电气工程及其自动化,2,602,51362
2024,3649,南昌航空大学,018,计算机科学与技术,3,591,63229
2024,3649,南昌航空大学,019,网络工程,2,582,72959
2024,3649,南昌航空大学,020,德语,2,584,71129
2024,3649,南昌航空大学,021,英语,2,589,66026
2024,3649,南昌航空大学,022,飞行器设计与工程,2,596,57425
2024,3649,南昌航空大学,023,数学与应用数学,2,580,75894
2024,3649,南昌航空大学,024,测控技术与仪器,2,583,72522
2024,3649,南昌航空大学,025,电子科学与技术,2,586,68701
2024,3649,南昌航空大学,026,光电信息科学与工程,2,582,73117
2024,3649,南昌航空大学,027,电子商务,2,593,61426
2024,3649,南昌航空大学,028,工商管理,2,593,61528
2024,3649,南昌航空大学,029,工业工程,2,574,82593
2024,3649,南昌航空大学,030,经济学,2,598,55872
2024,3649,南昌航空大学,031,工程管理,2,563,96016
2024,3649,南昌航空大学,032,智慧建筑与建造,2,568,89290
2024,3649,南昌航空大学,033,公共事业管理,2,589,65537
2024,3649,南昌航空大学,034,新闻学,2,599,54978
2024,3649,南昌航空大学,035,飞行器制造工程（航空维修工程与技术）,2,593,61241
2024,3649,南昌航空大学,036,物联网工程,2,584,70776
2024,3649,南昌航空大学,037,能源与动力工程,2,582,73842
2024,3649,南昌航空大学,038,无人驾驶航空器系统工程,2,590,64937
2024,3649,南昌航空大学,039,生物医学工程,2,570,87432
2024,3650,南昌航空大学科技学院,001,飞行器制造工程,2,514,153091
2024,3650,南昌航空大学科技学院,002,机械设计制造及其自动化,2,510,157803
2024,3650,南昌航空大学科技学院,003,材料成型及控制工程,2,495,174265
2024,3650,南昌航空大学科技学院,004,金属材料工程,2,498,170943
2024,3650,南昌航空大学科技学院,005,测控技术与仪器,3,492,
2024,3650,南昌航空大学科技学院,006,计算机科学与技术,3,501,167536
2024,3650,南昌航空大学科技学院,007,软件工程,3,512,155064
2024,3650,南昌航空大学科技学院,008,网络空间安全,2,492,
2024,3650,南昌航空大学科技学院,009,电子商务,2,554,106519
2024,3650,南昌航空大学科技学院,010,工商管理,3,554,106107
2024,3650,南昌航空大学科技学院,011,市场营销（数字营销）,4,546,115933
2024,3650,南昌航空大学科技学院,012,英语,3,557,103045
2024,3650,南昌航空大学科技学院,015,广播电视编导,2,550,111476
2024,3651,南昌理工学院,002,法学,5,558,101523
2024,3651,南昌理工学院,003,学前教育,6,543,118917
2024,3651,南昌理工学院,004,小学教育,4,555,105539
2024,3651,南昌理工学院,005,汉语言文学,5,557,102386
2024,3651,南昌理工学院,006,英语,8,534,129200
2024,3651,南昌理工学院,007,日语,4,534,129438
2024,3651,南昌理工学院,008,电气工程及其自动化,2,507,160690
2024,3651,南昌理工学院,009,计算机科学与技术,2,500,168780
2024,3651,南昌理工学院,010,护理学,9,502,167058
2024,3651,南昌理工学院,011,大数据管理与应用,8,507,160973
2024,3651,南昌理工学院,012,工商管理,9,538,125312
2024,3651,南昌理工学院,013,会计学,8,551,109448
2024,3651,南昌理工学院,014,财务管理,7,548,113588
2024,3651,南昌理工学院,015,人力资源管理,8,540,122790
2024,3651,南昌理工学院,016,电子商务,8,535,128730
2024,3651,南昌理工学院,024,数字经济,2,504,164848
2024,3651,南昌理工学院,503,工程造价,4,492,
2024,3651,南昌理工学院,505,机电一体化技术,3,492,
2024,3651,南昌理工学院,507,电气自动化技术,4,492,
2024,3651,南昌理工学院,512,电子信息工程技术,4,492,
2024,3651,南昌理工学院,514,计算机应用技术,4,492,
2024,3651,南昌理工学院,515,计算机网络技术,5,496,173703
2024,3651,南昌理工学院,516,软件技术,5,492,
2024,3651,南昌理工学院,517,动漫制作技术,4,492,
2024,3651,南昌理工学院,518,护理,12,492,
2024,3651,南昌理工学院,523,市场营销,6,492,
2024,3651,南昌理工学院,530,影视编导,3,492,
2024,3651,南昌理工学院,531,学前教育,8,492,
2024,3651,南昌理工学院,532,商务英语,9,492,
2024,3651,南昌理工学院,533,法律事务,5,505,163835
2024,3652,豫章师范学院,001,学前教育(师范),2,573,83563
2024,3652,豫章师范学院,002,特殊教育(师范),2,582,73102
2024,3652,豫章师范学院,004,汉语言文学(师范),2,593,61525
2024,3652,豫章师范学院,005,英语(师范),2,582,73377
2024,3652,豫章师范学院,006,商务英语,2,569,88177
2024,3652,豫章师范学院,007,数据科学与大数据技术,2,526,138744
2024,3652,豫章师范学院,008,环境工程,2,511,156225
2024,3652,豫章师范学院,012,人力资源管理,2,576,80620
2024,3653,萍乡学院,005,英语(师范),2,580,76262
2024,3653,萍乡学院,006,电子商务,2,569,88302
2024,3653,萍乡学院,007,知识产权（法学方向）,2,581,74526
2024,3653,萍乡学院,008,电子信息工程,2,527,137414
2024,3653,萍乡学院,009,数学与应用数学(师范),2,526,138466
2024,3653,萍乡学院,010,无机非金属材料工程,2,507,160674
2024,3653,萍乡学院,011,应用化学,2,513,153901
2024,3653,萍乡学院,012,复合材料与工程,2,528,136725
2024,3653,萍乡学院,013,数据科学与大数据技术,2,529,134962
2024,3653,萍乡学院,014,广播电视编导,2,559,99920
2024,3653,萍乡学院,015,小学教育(师范),4,583,72516
2024,3653,萍乡学院,016,财务管理,1,577,79605
2024,3653,萍乡学院,017,汉语言文学(师范),3,589,65751
2024,3653,萍乡学院,018,学前教育(师范),5,574,83087
2024,3653,萍乡学院,501,学前教育(师范),10,519,147675
2024,3654,上饶师范学院,004,数据科学与大数据技术,5,523,142053
2024,3654,上饶师范学院,005,物理学(师范),4,492,
2024,3654,上饶师范学院,006,英语(师范),4,582,73046
2024,3654,上饶师范学院,007,学前教育(师范),4,576,80406
2024,3654,上饶师范学院,008,小学教育(师范),4,586,69434
2024,3654,上饶师范学院,009,生物科学(师范),5,492,
2024,3654,上饶师范学院,010,历史学(师范),5,586,69400
2024,3654,上饶师范学院,011,思想政治教育(师范),6,587,67364
2024,3654,上饶师范学院,012,数学与应用数学(师范),4,492,
2024,3654,上饶师范学院,013,数据计算及应用,4,512,155000
2024,3654,上饶师范学院,016,汉语言文学(师范),4,590,64527
2024,3656,新余学院,003,新能源材料与器件,1,535,128120
2024,3656,新余学院,004,新能源科学与工程,1,540,122902
2024,3656,新余学院,005,材料科学与工程,1,538,124762
2024,3656,新余学院,006,机械设计制造及其自动化,1,541,121547
2024,3656,新余学院,007,材料成型及控制工程,1,531,132644
2024,3656,新余学院,008,电气工程及其自动化,1,544,117748
2024,3656,新余学院,009,计算机科学与技术（软件开发方向）,1,533,130639
2024,3656,新余学院,010,数据科学与大数据技术,1,528,136119
2024,3656,新余学院,011,数学与应用数学(师范),1,538,124588
2024,3656,新余学院,012,工程造价,1,543,118832
2024,3656,新余学院,013,智能建造,1,518,148332
2024,3656,新余学院,014,电子信息工程,1,530,133806
2024,3656,新余学院,015,物联网工程,1,524,140952
2024,3656,新余学院,016,通信工程,1,540,122689
2024,3656,新余学院,017,网络与新媒体,1,580,76166
2024,3656,新余学院,018,英语(师范),1,581,75112
2024,3656,新余学院,019,商务英语,1,569,88606
2024,3656,新余学院,020,财务管理,1,580,76135
2024,3656,新余学院,021,护理学,2,578,78678
2024,3656,新余学院,022,康复治疗学,1,504,164431
2024,3656,新余学院,023,经济统计学,1,547,114594
2024,3657,宜春学院,001,网络与新媒体,1,586,69424
2024,3657,宜春学院,002,法学,2,588,66252
2024,3657,宜春学院,003,知识产权,2,583,72588
2024,3657,宜春学院,004,城市管理,1,572,84502
2024,3657,宜春学院,005,数字经济,2,543,119061
2024,3657,宜春学院,006,市场营销,2,574,83093
2024,3657,宜春学院,007,财务管理,2,580,75909
2024,3657,宜春学院,008,英语(师范),2,578,78590
2024,3657,宜春学院,009,法语,2,570,87704
2024,3657,宜春学院,010,翻译,2,566,91929
2024,3657,宜春学院,011,学前教育(师范),3,576,80746
2024,3657,宜春学院,023,机械设计制造及其自动化,2,528,136359
2024,3657,宜春学院,024,电子信息工程,2,541,121075
2024,3657,宜春学院,025,自动化,2,541,121696
2024,3657,宜春学院,026,土木工程,4,510,157599
2024,3657,宜春学院,027,化学(师范),2,509,159218
2024,3657,宜春学院,029,生物制药,2,514,152669
2024,3657,宜春学院,030,药学,2,528,136405
2024,3657,宜春学院,031,环境科学,1,531,132869
2024,3657,宜春学院,033,动物科学,3,500,168864
2024,3657,宜春学院,034,动物医学,2,553,106823
2024,3657,宜春学院,035,园林,3,570,87737
2024,3657,宜春学院,036,临床医学,7,527,137327
2024,3657,宜春学院,037,麻醉学,3,536,127122
2024,3657,宜春学院,038,预防医学,4,492,
2024,3657,宜春学院,039,护理学,7,576,80166
2024,3657,宜春学院,040,临床医学,6,492,
2024,3657,宜春学院,042,思想政治教育(师范),2,584,71437
2024,3657,宜春学院,043,数学与应用数学(师范),2,521,144411
2024,3657,宜春学院,044,数据科学与大数据技术,2,524,141774
2024,3657,宜春学院,045,计算机科学与技术,2,537,126006
2024,3657,宜春学院,046,软件工程,2,528,136637
2024,3659,江西青年职业学院,508,学前教育(师范),14,492,
2024,3660,江西工程学院,001,新能源科学与工程,2,504,164239
2024,3660,江西工程学院,002,电气工程及其自动化,1,497,171861
2024,3660,江西工程学院,003,汉语言文学,2,551,109967
2024,3663,江西应用技术职业学院,501,国土资源调查与管理,2,499,170099
2024,3663,江西应用技术职业学院,502,水文与工程地质,2,492,
2024,3663,江西应用技术职业学院,508,城市轨道交通工程技术,2,492,
2024,3663,江西应用技术职业学院,510,测绘地理信息技术,2,492,
2024,3663,江西应用技术职业学院,515,数字媒体技术,2,492,
2024,3666,九江职业大学,501,小学语文教育(师范),4,524,141915
2024,3666,九江职业大学,502,小学英语教育(师范),2,501,168036
2024,3666,九江职业大学,503,学前教育(师范),4,502,167360
2024,3666,九江职业大学,507,软件技术,4,492,
2024,3666,九江职业大学,508,护理,4,507,161259
2024,3669,江西医学高等专科学校,503,临床医学,4,492,
2024,3669,江西医学高等专科学校,504,临床医学（全科医学方向）,4,492,
2024,3669,江西医学高等专科学校,505,临床医学（医学影像方向）,8,492,
2024,3669,江西医学高等专科学校,508,口腔医学,1,539,123466
2024,3669,江西医学高等专科学校,509,护理,8,503,166056
2024,3669,江西医学高等专科学校,510,助产,4,492,
2024,3669,江西医学高等专科学校,512,中医学,3,492,
2024,3669,江西医学高等专科学校,517,医学影像技术,2,492,
2024,3669,江西医学高等专科学校,521,卫生信息管理,3,492,177152
2024,3669,江西医学高等专科学校,523,眼视光技术,5,492,
2024,3679,江西水利职业学院,501,工程测量技术,5,492,
2024,3682,赣州师范高等专科学校,501,小学语文教育(师范),2,531,133561
2024,3682,赣州师范高等专科学校,502,小学数学教育(师范),4,523,142444
2024,3682,赣州师范高等专科学校,503,小学英语教育(师范),2,545,116608
2024,3682,赣州师范高等专科学校,506,应用日语,2,498,171638
2024,3682,赣州师范高等专科学校,508,智慧健康养老服务与管理,2,505,163959
2024,3683,宜春幼儿师范高等专科学校,506,小学语文教育(师范),6,512,155723
2024,3683,宜春幼儿师范高等专科学校,507,小学数学教育(师范),3,494,175522
2024,3683,宜春幼儿师范高等专科学校,508,小学英语教育(师范),5,503,165767
2024,3683,宜春幼儿师范高等专科学校,513,小学道德与法治教育(师范),8,492,
2024,3685,江西师范高等专科学校,501,小学数学教育(师范),10,510,158023
2024,3685,江西师范高等专科学校,502,小学英语教育(师范),5,518,148889
2024,3685,江西师范高等专科学校,503,小学教育(师范),10,518,148663
2024,3685,江西师范高等专科学校,504,小学语文教育(师范),5,517,149325
2024,3687,萍乡卫生职业学院,501,护理,7,492,
2024,3687,萍乡卫生职业学院,505,临床医学,15,495,174113
2024,3687,萍乡卫生职业学院,506,口腔医学技术,2,498,170998
2024,3687,萍乡卫生职业学院,507,中医学,4,497,172847
2024,3687,萍乡卫生职业学院,509,口腔卫生保健,2,494,175301
2024,3687,萍乡卫生职业学院,516,医学检验技术,4,492,
2024,3687,萍乡卫生职业学院,518,医学影像技术,4,507,161296
2024,3690,南昌师范学院,003,数据科学与大数据技术,2,564,94540
2024,3695,景德镇陶瓷职业技术学院,503,文物修复与保护,2,492,
2024,3699,江西生物科技职业学院,502,宠物医疗技术,1,527,137744
2024,3699,江西生物科技职业学院,503,动物医学,1,520,146579
2024,3701,山东航空学院,001,财务管理,5,575,81612
2024,3701,山东航空学院,002,应用化学,3,494,175019
2024,3701,山东航空学院,003,化学工程与工艺,5,492,
2024,3701,山东航空学院,004,机械设计制造及其自动化,4,529,135483
2024,3701,山东航空学院,005,航空航天工程,4,543,118913
2024,3701,山东航空学院,006,光电信息科学与工程,4,526,138782
2024,3701,山东航空学院,007,交通运输（民航机务工程方向）,5,525,140163
2024,3702,滨州医学院,001,信息资源管理,2,559,100393
2024,3702,滨州医学院,002,临床医学,6,569,88469
2024,3702,滨州医学院,003,中医学,7,541,121538
2024,3703,德州学院,001,法学,10,578,77964
2024,3703,德州学院,002,制药工程,5,492,
2024,3703,德州学院,003,电子信息工程,5,525,140190
2024,3705,济南大学,001,汉语言文学(师范),6,617,36503
2024,3705,济南大学,002,历史学(师范),4,616,37144
2024,3705,济南大学,003,新闻传播学类,6,603,50285
2024,3705,济南大学,004,金融数学,4,570,86754
2024,3705,济南大学,005,数据科学与大数据技术,4,593,61562
2024,3705,济南大学,006,金融学,4,603,50078
2024,3705,济南大学,007,会计学,4,608,45122
2024,3705,济南大学,008,英语（含师范）,3,614,39610
2024,3705,济南大学,009,法学,6,616,37728
2024,3705,济南大学,010,社会工作,3,601,52783
2024,3705,济南大学,011,材料类,3,563,95398
2024,3705,济南大学,012,化学类,3,574,82979
2024,3705,济南大学,013,化工与制药类,3,571,85709
2024,3705,济南大学,014,机械工程,3,589,65771
2024,3705,济南大学,015,土木类,4,552,108520
2024,3705,济南大学,016,集成电路设计与集成系统,4,592,61722
2024,3705,济南大学,017,计算机科学与技术（图灵班）,3,607,45722
2024,3705,济南大学,018,人工智能,4,595,58549
2024,3705,济南大学,019,地理科学（含师范）,3,592,62499
2024,3705,济南大学,023,工业设计,2,583,72254
2024,3705,济南大学,024,应用心理学(师范),6,602,51431
2024,3705,济南大学,025,特殊教育(师范),2,592,62509
2024,3705,济南大学,026,应急管理,2,570,87636
2024,3706,烟台科技学院,001,经济学,3,544,118371
2024,3706,烟台科技学院,002,汉语言文学,2,561,97874
2024,3706,烟台科技学院,003,商务英语,9,530,134431
2024,3706,烟台科技学院,004,海洋信息工程,3,492,
2024,3706,烟台科技学院,005,会计学,3,547,114414
2024,3708,山东职业学院,501,铁道机车运用与维护,10,492,
2024,3708,山东职业学院,504,铁道工程技术(中外合作办学)（与俄罗斯乌拉尔国立交通大学合作办学）,10,492,
2024,3708,山东职业学院,505,城市轨道车辆应用技术,15,492,
2024,3708,山东职业学院,507,城市轨道交通运营管理,15,492,
2024,3709,济宁医学院,001,临床医学,2,576,80024
2024,3709,济宁医学院,002,医学影像学,1,586,69388
2024,3709,济宁医学院,003,精神医学,1,565,92668
2024,3709,济宁医学院,004,口腔医学,1,591,63024
2024,3709,济宁医学院,005,预防医学,3,492,
2024,3709,济宁医学院,006,中西医临床医学,2,567,90758
2024,3709,济宁医学院,007,医学检验技术,3,492,
2024,3709,济宁医学院,008,康复治疗学,3,492,
2024,3709,济宁医学院,009,护理学,14,502,166642
2024,3710,聊城大学,001,经济学,3,551,109804
2024,3710,聊城大学,002,法学,3,599,54802
2024,3710,聊城大学,003,思想政治教育(师范),3,599,54908
2024,3710,聊城大学,005,数学与应用数学(师范),2,550,110511
2024,3710,聊城大学,006,生物科学(师范),2,492,
2024,3710,聊城大学,007,高分子材料与工程,4,537,125992
2024,3710,聊城大学,008,计算机科学与技术,3,568,89696
2024,3710,聊城大学,009,生物工程,3,532,132501
2024,3710,聊城大学,010,行政管理,3,580,76069
2024,3711,临沂大学,001,生物科学(师范),5,492,
2024,3711,临沂大学,002,历史学(师范),3,595,59037
2024,3711,临沂大学,003,法学,2,603,50788
2024,3711,临沂大学,004,环境工程,5,492,
2024,3711,临沂大学,005,广播电视编导,5,578,78384
2024,3711,临沂大学,007,土木工程,3,531,132778
2024,3711,临沂大学,008,汉语言文学(师范),5,600,53860
2024,3711,临沂大学,009,数据科学与大数据技术,6,550,110589
2024,3711,临沂大学,010,新能源材料与器件,5,545,116971
2024,3711,临沂大学,011,医学影像技术,5,518,148103
2024,3711,临沂大学,012,卫生检验与检疫,5,506,161722
2024,3711,临沂大学,015,文物与博物馆学,3,595,59102
2024,3711,临沂大学,016,家庭教育,4,575,81983
2024,3711,临沂大学,017,化学测量学与技术,3,517,149160
2024,3711,临沂大学,018,储能科学与工程,5,536,126832
2024,3711,临沂大学,019,农业智能装备工程,3,534,129340
2024,3712,鲁东大学,003,机械设计制造及其自动化(中外合作办学)（与韩国蔚山大学合作办学）,4,509,158251
2024,3712,鲁东大学,004,电气工程及其自动化(中外合作办学)（与韩国蔚山大学合作办学）,4,519,147100
2024,3712,鲁东大学,005,船舶与海洋工程(中外合作办学)（与韩国蔚山大学合作办学）,7,492,
2024,3713,青岛滨海学院,001,国际经济与贸易,4,532,132484
2024,3713,青岛滨海学院,002,融合教育,3,528,136803
2024,3713,青岛滨海学院,003,汉语国际教育,3,539,123780
2024,3713,青岛滨海学院,004,英语,4,530,134544
2024,3713,青岛滨海学院,005,俄语,3,526,139056
2024,3713,青岛滨海学院,006,日语,3,530,134758
2024,3713,青岛滨海学院,007,朝鲜语,3,524,141962
2024,3713,青岛滨海学院,008,翻译,4,529,136041
2024,3713,青岛滨海学院,009,广播电视学,4,533,131399
2024,3713,青岛滨海学院,010,广告学,3,536,127440
2024,3713,青岛滨海学院,011,建筑学,3,532,131719
2024,3713,青岛滨海学院,012,财务管理,3,541,121874
2024,3713,青岛滨海学院,013,物流管理,3,533,131272
2024,3713,青岛滨海学院,014,酒店管理,3,526,138624
2024,3713,青岛滨海学院,015,数字经济,4,492,
2024,3713,青岛滨海学院,017,物联网工程,4,492,
2024,3713,青岛滨海学院,019,食品营养与健康,4,492,
2024,3713,青岛滨海学院,020,护理学,4,550,110440
2024,3714,青岛大学,001,环境科学与工程,5,572,85068
2024,3714,青岛大学,002,金融学,2,582,73081
2024,3714,青岛大学,003,法学,2,626,28705
2024,3714,青岛大学,004,英语,2,608,45316
2024,3714,青岛大学,005,德语,2,596,57647
2024,3714,青岛大学,006,法语,2,599,54774
2024,3714,青岛大学,007,西班牙语,3,601,52686
2024,3714,青岛大学,008,电气工程及其自动化,5,604,49316
2024,3714,青岛大学,009,应用化学,4,577,78811
2024,3714,青岛大学,010,化学工程与工艺,4,569,87955
2024,3714,青岛大学,011,临床医学,3,628,26505
2024,3714,青岛大学,012,药学,4,553,107028
2024,3714,青岛大学,013,工商管理,8,601,52813
2024,3714,青岛大学,014,会计学,7,612,41048
2024,3714,青岛大学,015,材料类,12,564,94186
2024,3714,青岛大学,016,自动化,6,598,55505
2024,3714,青岛大学,017,生物技术,3,571,85735
2024,3714,青岛大学,018,纺织工程,9,554,105631
2024,3714,青岛大学,019,微电子科学与工程（微纳英才班）,3,600,53005
2024,3714,青岛大学,020,信息管理与信息系统,3,590,64914
2024,3714,青岛大学,021,应用物理学,3,589,65581
2024,3714,青岛大学,022,光电信息科学与工程,3,593,60645
2024,3714,青岛大学,023,测控技术与仪器,2,593,61286
2024,3714,青岛大学,024,机械工程,7,590,64205
2024,3714,青岛大学,025,食品科学与工程,4,578,77930
2024,3714,青岛大学,026,数学与应用数学,5,586,68890
2024,3714,青岛大学,027,应用统计学,2,585,69538
2024,3717,青岛恒星科技学院,005,土木工程,2,492,
2024,3717,青岛恒星科技学院,006,国际商务,2,526,138888
2024,3717,青岛恒星科技学院,007,酒店管理,2,526,138901
2024,3717,青岛恒星科技学院,008,汉语言文学,2,549,112514
2024,3717,青岛恒星科技学院,009,汉语国际教育,2,535,128038
2024,3717,青岛恒星科技学院,010,英语,2,528,136826
2024,3717,青岛恒星科技学院,011,护理学,2,547,114543
2024,3717,青岛恒星科技学院,012,中国语言与文化,2,536,127576
2024,3717,青岛恒星科技学院,014,数字人文,2,527,137725
2024,3717,青岛恒星科技学院,015,工程管理,2,496,172886
2024,3717,青岛恒星科技学院,511,工程造价,13,492,
2024,3718,青岛酒店管理职业技术学院,501,烹饪工艺与营养,3,492,
2024,3719,青岛科技大学,001,海洋科学,6,503,165168
2024,3719,青岛科技大学,002,机械工程,2,586,68524
2024,3719,青岛科技大学,003,测控技术与仪器,2,575,81521
2024,3719,青岛科技大学,004,高分子材料与工程（橡胶工程方向）,10,550,111294
2024,3719,青岛科技大学,005,人工智能,2,588,66169
2024,3719,青岛科技大学,006,制药工程,2,569,87998
2024,3719,青岛科技大学,007,环境科学,5,547,113914
2024,3719,青岛科技大学,008,合成生物学,2,541,121481
2024,3719,青岛科技大学,009,物流管理（供应链方向）,2,593,61660
2024,3720,青岛理工大学,001,会计学,1,618,35758
2024,3720,青岛理工大学,002,财务管理,1,609,44326
2024,3720,青岛理工大学,003,市场营销,1,595,58826
2024,3720,青岛理工大学,004,国际经济与贸易,1,596,57777
2024,3720,青岛理工大学,005,日语,1,590,64856
2024,3720,青岛理工大学,006,英语,2,595,59398
2024,3720,青岛理工大学,007,社会工作,1,593,60973
2024,3720,青岛理工大学,008,建筑学,1,602,51439
2024,3720,青岛理工大学,009,城乡规划,1,606,47447
2024,3720,青岛理工大学,010,风景园林,1,600,53528
2024,3720,青岛理工大学,011,土木工程,3,552,108046
2024,3720,青岛理工大学,012,材料科学与工程,2,569,88125
2024,3720,青岛理工大学,013,机械设计制造及其自动化,3,586,68607
2024,3720,青岛理工大学,014,测控技术与仪器,1,575,81437
2024,3720,青岛理工大学,015,材料成型及控制工程,2,569,88011
2024,3720,青岛理工大学,016,给排水科学与工程,2,572,84701
2024,3720,青岛理工大学,017,建筑环境与能源应用工程,1,568,89615
2024,3720,青岛理工大学,018,环境工程,2,492,
2024,3720,青岛理工大学,020,车辆工程,1,580,75277
2024,3720,青岛理工大学,021,安全工程,2,550,110446
2024,3720,青岛理工大学,022,交通工程,2,569,88096
2024,3720,青岛理工大学,023,计算机科学与技术,1,612,40684
2024,3720,青岛理工大学,024,软件工程,2,592,61811
2024,3720,青岛理工大学,025,电子信息工程,1,599,53976
2024,3720,青岛理工大学,026,通信工程,2,591,62972
2024,3720,青岛理工大学,027,自动化,2,593,60949
2024,3720,青岛理工大学,028,工程管理,1,564,94171
2024,3720,青岛理工大学,029,工程造价,1,569,87997
2024,3720,青岛理工大学,030,工业工程,1,577,78875
2024,3720,青岛理工大学,031,信息管理与信息系统,2,584,70997
2024,3720,青岛理工大学,032,应用物理学,2,573,83876
2024,3720,青岛理工大学,033,数学与应用数学,1,592,61823
2024,3720,青岛理工大学,034,经济学,1,606,46894
2024,3720,青岛理工大学,035,统计学,1,581,74112
2024,3720,青岛理工大学,037,智能建造,1,587,68127
2024,3720,青岛理工大学,038,网络与新媒体,1,604,48847
2024,3720,青岛理工大学,039,网络空间安全,1,586,68473
2024,3720,青岛理工大学,040,环保设备工程,2,541,121221
2024,3721,青岛农业大学,001,生物育种科学,2,533,130319
2024,3721,青岛农业大学,002,土木工程,2,549,111733
2024,3721,青岛农业大学,003,林学,2,545,116439
2024,3721,青岛农业大学,004,马业科学,2,525,139788
2024,3721,青岛农业大学,005,水产养殖学,6,492,
2024,3721,青岛农业大学,006,水族科学与技术,2,533,130455
2024,3721,青岛农业大学,007,智能科学与技术,2,560,99173
2024,3721,青岛农业大学,008,农学(中外合作办学)（英国皇家农业大学）,2,530,133912
2024,3722,青岛农业大学海都学院,001,财务管理,4,544,118594
2024,3722,青岛农业大学海都学院,002,电气工程及其自动化,1,499,169616
2024,3722,青岛农业大学海都学院,003,工程造价,1,528,136179
2024,3722,青岛农业大学海都学院,004,动物医学,5,498,171078
2024,3722,青岛农业大学海都学院,005,国际经济与贸易,1,548,113591
2024,3722,青岛农业大学海都学院,006,机械设计制造及其自动化,1,493,175959
2024,3722,青岛农业大学海都学院,007,集成电路设计与集成系统,1,507,160844
2024,3722,青岛农业大学海都学院,010,食品质量与安全,1,504,164396
2024,3722,青岛农业大学海都学院,011,园林,1,527,138054
2024,3722,青岛农业大学海都学院,013,智能制造工程,1,502,166387
2024,3722,青岛农业大学海都学院,501,畜牧兽医,1,516,151405
2024,3722,青岛农业大学海都学院,502,大数据技术,2,500,169091
2024,3722,青岛农业大学海都学院,503,大数据与财务管理,2,492,177272
2024,3722,青岛农业大学海都学院,505,工程造价,1,492,177164
2024,3722,青岛农业大学海都学院,508,软件技术,2,492,
2024,3722,青岛农业大学海都学院,510,园林技术,1,509,158714
2024,3722,青岛农业大学海都学院,511,中小企业创业与经营,1,498,171614
2024,3725,曲阜师范大学,005,教育技术学(师范),2,570,87512
2024,3725,曲阜师范大学,006,英语,3,594,60251
2024,3725,曲阜师范大学,007,物流管理,4,581,74688
2024,3725,曲阜师范大学,008,财务管理,3,599,55071
2024,3725,曲阜师范大学,009,历史学(师范),2,620,33977
2024,3725,曲阜师范大学,010,汉语言文学(师范),2,622,32098
2024,3725,曲阜师范大学,011,物理学(师范),2,492,
2024,3726,齐鲁理工学院,003,护理学,2,550,111188
2024,3726,齐鲁理工学院,004,医学影像技术,2,492,
2024,3726,齐鲁理工学院,005,医学检验技术,2,499,169664
2024,3726,齐鲁理工学院,006,中药学,2,492,
2024,3726,齐鲁理工学院,008,金融学,2,538,125331
2024,3726,齐鲁理工学院,009,汉语言文学,2,551,109336
2024,3726,齐鲁理工学院,010,英语,2,532,131887
2024,3726,齐鲁理工学院,501,护理,3,492,
2024,3726,齐鲁理工学院,502,医学影像技术,3,500,168819
2024,3726,齐鲁理工学院,503,医学检验技术,3,492,
2024,3726,齐鲁理工学院,504,药学,2,513,154442
2024,3727,日照职业技术学院,502,软件技术,1,517,149561
2024,3727,日照职业技术学院,503,信息安全技术应用,2,492,
2024,3727,日照职业技术学院,505,环境工程技术,1,532,132377
2024,3727,日照职业技术学院,510,大数据与会计,2,492,
2024,3727,日照职业技术学院,511,电气自动化技术,2,503,165947
2024,3727,日照职业技术学院,512,工业机器人技术,1,504,164949
2024,3727,日照职业技术学院,519,无人机应用技术,1,496,173648
2024,3728,山东财经大学,001,经济学类,2,611,42028
2024,3728,山东财经大学,002,税收学,2,615,38536
2024,3728,山东财经大学,003,金融学,4,612,41537
2024,3728,山东财经大学,004,精算学,2,565,92589
2024,3728,山东财经大学,005,经济与贸易类,2,609,44375
2024,3728,山东财经大学,006,财务管理,2,618,35561
2024,3728,山东财经大学,007,会计学,2,623,31013
2024,3728,山东财经大学,008,法学,2,620,33347
2024,3728,山东财经大学,009,外国语言文学类,6,594,60368
2024,3728,山东财经大学,010,经济统计学,5,576,80223
2024,3728,山东财经大学,011,计算机科学与技术,4,588,66352
2024,3728,山东财经大学,012,数字媒体技术,3,584,70710
2024,3728,山东财经大学,013,国际经济发展合作,2,596,57753
2024,3728,山东财经大学,014,跨境电子商务,6,593,61231
2024,3728,山东财经大学,015,大数据管理与应用,2,587,67393
2024,3728,山东财经大学,016,工商管理类,5,605,48154
2024,3729,山东财经大学东方学院,001,会计学,5,554,105771
2024,3729,山东财经大学东方学院,002,国际商务,5,539,124483
2024,3729,山东财经大学东方学院,003,商务英语,5,536,127377
2024,3729,山东财经大学东方学院,004,电子商务,5,539,124133
2024,3729,山东财经大学东方学院,005,数据科学与大数据技术,5,492,
2024,3729,山东财经大学东方学院,006,统计学,5,492,
2024,3731,山东大学,001,经济学类,4,662,7425
2024,3731,山东大学,002,中国语言文学类,2,665,6230
2024,3731,山东大学,003,外国语言文学类,4,658,8813
2024,3731,山东大学,004,历史学类,2,663,7115
2024,3731,山东大学,005,工商管理类,6,661,7887
2024,3731,山东大学,006,新闻传播学类,2,662,7551
2024,3731,山东大学,007,数学类,6,667,5509
2024,3731,山东大学,008,物理学类,6,658,8800
2024,3731,山东大学,009,化学类,2,657,9385
2024,3731,山东大学,010,管理科学与工程类,2,655,10331
2024,3731,山东大学,011,材料类,4,654,10608
2024,3731,山东大学,012,机械类,8,658,8841
2024,3731,山东大学,013,自动化类,8,659,8316
2024,3731,山东大学,014,智能医学工程,2,659,8515
2024,3731,山东大学,015,能源动力类,10,658,9018
2024,3731,山东大学,016,电气工程及其自动化,6,662,7290
2024,3731,山东大学,017,工程软件,2,659,8535
2024,3731,山东大学,018,智能建造与智慧交通,4,657,9471
2024,3731,山东大学,019,计算机类（软件数媒与大数据方向）,10,660,7988
2024,3731,山东大学,020,电子信息类（微电子与电路集成方向）,8,660,8139
2024,3731,山东大学,021,人工智能,2,662,7195
2024,3731,山东大学,022,预防医学,2,652,11698
2024,3731,山东大学,023,生物医药数据科学,2,657,9302
2024,3731,山东大学,024,临床医学,4,663,7033
2024,3731,山东大学,025,临床医学（齐鲁医学堂创新实验班）,2,675,3550
2024,3731,山东大学,026,临床医学（5+3一体化，儿科方向）,2,658,8942
2024,3731,山东大学,027,口腔医学,2,668,5226
2024,3731,山东大学,028,药学类,4,654,10565
2024,3731,山东大学,029,政治学类,3,660,8296
2024,3731,山东大学,030,法学类,2,664,6643
2024,3731,山东大学,031,生物科学类,4,657,9322
2024,3731,山东大学,032,电子信息类（通信电子与光电方向）,10,660,8293
2024,3731,山东大学,033,计算机科学与技术,6,662,7264
2024,3731,山东大学,034,环境科学与工程类,3,653,11088
2024,3731,山东大学,035,网络空间安全,6,660,8105
2024,3732,山东大学威海分校,001,经济学类,6,656,9923
2024,3732,山东大学威海分校,002,工商管理类,9,655,10297
2024,3732,山东大学威海分校,003,法学类,5,659,8679
2024,3732,山东大学威海分校,004,汉语言文学,6,659,8664
2024,3732,山东大学威海分校,005,外国语言文学类,6,654,10911
2024,3732,山东大学威海分校,006,海洋资源开发技术,2,650,12549
2024,3732,山东大学威海分校,007,智能制造工程,4,656,9603
2024,3732,山东大学威海分校,008,自动化类,4,658,8930
2024,3732,山东大学威海分校,009,电子信息类,5,658,8874
2024,3732,山东大学威海分校,010,物理学,3,655,10110
2024,3732,山东大学威海分校,011,数学类,5,660,7961
2024,3734,山东工商学院,001,统计学,1,553,106963
2024,3734,山东工商学院,002,英语,1,576,80039
2024,3734,山东工商学院,003,信息与计算科学,1,506,162031
2024,3734,山东工商学院,004,经济学,4,578,77996
2024,3734,山东工商学院,005,国际经济与贸易,2,575,81695
2024,3734,山东工商学院,006,法学,1,598,55969
2024,3734,山东工商学院,007,广告学,2,577,79121
2024,3734,山东工商学院,008,会计学,2,592,62338
2024,3734,山东工商学院,009,财务管理,1,586,69262
2024,3734,山东工商学院,010,审计学,1,587,67484
2024,3734,山东工商学院,011,社会工作,1,569,88877
2024,3734,山东工商学院,012,编辑出版学,2,577,79028
2024,3734,山东工商学院,013,朝鲜语,2,564,94303
2024,3734,山东工商学院,014,商务英语,1,567,91222
2024,3734,山东工商学院,015,翻译,2,566,92116
2024,3734,山东工商学院,016,能源经济,1,573,83473
2024,3734,山东工商学院,018,自动化,1,568,89035
2024,3734,山东工商学院,019,电气工程及其自动化,1,546,115970
2024,3734,山东工商学院,020,电子信息工程,1,537,126257
2024,3734,山东工商学院,021,通信工程,1,536,126776
2024,3734,山东工商学院,022,软件工程,1,563,95098
2024,3734,山东工商学院,023,信息管理与信息系统,1,568,89602
2024,3734,山东工商学院,024,安全工程,1,528,136100
2024,3734,山东工商学院,025,工程管理,2,535,128087
2024,3734,山东工商学院,026,应急技术与管理,1,507,161242
2024,3734,山东工商学院,027,工商管理,2,579,76773
2024,3734,山东工商学院,028,市场营销,1,570,86975
2024,3734,山东工商学院,029,人力资源管理,2,574,83146
2024,3734,山东工商学院,030,资产评估,1,579,76639
2024,3734,山东工商学院,031,行政管理,2,574,82902
2024,3734,山东工商学院,032,劳动与社会保障,1,572,84998
2024,3734,山东工商学院,033,城市管理,1,579,77126
2024,3734,山东工商学院,034,电子商务,1,571,86194
2024,3734,山东工商学院,035,慈善管理,1,569,88985
2024,3734,山东工商学院,036,数据科学与大数据技术,1,562,96455
2024,3734,山东工商学院,037,电子科学与技术,1,528,136146
2024,3734,山东工商学院,038,金融学(中外合作办学)（与美国莫瑞州立大学合作办学）,2,553,107656
2024,3734,山东工商学院,039,国际经济与贸易(中外合作办学)（与美国莫瑞州立大学合作办学）,2,553,107797
2024,3734,山东工商学院,040,会计学(中外合作办学)（与美国莫瑞州立大学合作办学）,4,562,96471
2024,3734,山东工商学院,041,财务管理(中外合作办学)（与美国莫瑞州立大学合作办学）,2,561,98301
2024,3735,山东工艺美术学院,013,文化产业管理,3,565,93164
2024,3735,山东工艺美术学院,014,工业设计,6,506,161918
2024,3735,山东工艺美术学院,015,服装设计与工程,3,564,94905
2024,3735,山东工艺美术学院,016,风景园林,3,563,95689
2024,3735,山东工艺美术学院,017,建筑学,5,529,135160
2024,3735,山东工艺美术学院,018,数字媒体技术,5,517,149809
2024,3737,山东建筑大学,001,英语,3,580,76303
2024,3737,山东建筑大学,002,信息与计算科学,2,559,100029
2024,3737,山东建筑大学,003,机械工程,3,554,105905
2024,3737,山东建筑大学,004,机械电子工程,2,563,95153
2024,3737,山东建筑大学,005,智能制造工程,3,555,104570
2024,3737,山东建筑大学,006,能源与动力工程,2,564,93828
2024,3737,山东建筑大学,007,电气工程及其自动化,2,572,84948
2024,3737,山东建筑大学,008,计算机科学与技术,2,566,91410
2024,3737,山东建筑大学,009,软件工程,2,565,93120
2024,3737,山东建筑大学,010,建筑环境与能源应用工程,3,533,130617
2024,3737,山东建筑大学,011,给排水科学与工程,2,531,133216
2024,3737,山东建筑大学,012,建筑电气与智能化,2,557,102378
2024,3737,山东建筑大学,013,道路桥梁与渡河工程,2,521,145165
2024,3737,山东建筑大学,014,工程管理,3,553,106855
2024,3737,山东建筑大学,015,建筑学(中外合作办学),4,576,80837
2024,3737,山东建筑大学,016,土木工程(中外合作办学),3,507,160606
2024,3738,山东交通学院,001,机械类（车辆）,2,534,129482
2024,3738,山东交通学院,002,交通运输,2,537,125996
2024,3738,山东交通学院,003,土木工程,4,505,163120
2024,3738,山东交通学院,004,机械工程,2,536,127146
2024,3738,山东交通学院,005,机械设计制造及其自动化,2,538,124536
2024,3738,山东交通学院,006,智能制造工程,2,550,110972
2024,3738,山东交通学院,007,人工智能,2,528,136282
2024,3738,山东交通学院,008,计算机科学与技术,2,544,117552
2024,3738,山东交通学院,009,测控技术与仪器,2,529,135123
2024,3738,山东交通学院,010,飞行器制造工程,2,541,121371
2024,3738,山东交通学院,011,轨道交通电气与控制,2,543,119595
2024,3738,山东交通学院,012,轨道交通信号与控制,2,547,114031
2024,3738,山东交通学院,013,交通运输（轨道交通运营与管理方向）,2,543,118622
2024,3738,山东交通学院,014,应用物理学,2,507,160643
2024,3738,山东交通学院,015,数据计算及应用,2,510,157170
2024,3738,山东交通学院,016,数字经济,2,541,121424
2024,3738,山东交通学院,017,人力资源管理,2,574,83031
2024,3738,山东交通学院,018,金融学,2,571,85692
2024,3738,山东交通学院,019,英语,2,575,82069
2024,3738,山东交通学院,020,日语,2,567,91030
2024,3738,山东交通学院,022,金融工程,2,539,123493
2024,3738,山东交通学院,023,交通管理,2,578,78077
2024,3738,山东交通学院,024,电子商务,2,571,86180
2024,3742,山东科技大学,001,日语,2,589,65157
2024,3742,山东科技大学,002,海洋技术,6,492,
2024,3742,山东科技大学,003,智能制造工程,2,593,60861
2024,3742,山东科技大学,004,新能源材料与器件,2,590,64546
2024,3742,山东科技大学,005,物联网工程,2,593,60758
2024,3742,山东科技大学,006,土木工程,2,557,103003
2024,3742,山东科技大学,007,建筑环境与能源应用工程,2,559,99677
2024,3742,山东科技大学,008,城市地下空间工程,2,555,105160
2024,3742,山东科技大学,009,测绘工程,4,573,83326
2024,3742,山东科技大学,010,智慧交通,2,575,81332
2024,3742,山东科技大学,011,船舶与海洋工程,4,535,128271
2024,3742,山东科技大学,012,电气工程及其自动化(中外合作办学),5,565,93084
2024,3742,山东科技大学,013,通信工程(中外合作办学),5,556,103721
2024,3742,山东科技大学,014,软件工程(中外合作办学),5,558,101411
2024,3742,山东科技大学,015,自动化(中外合作办学),5,563,95740
2024,3743,山东理工大学,001,农业机械化及其自动化,2,557,102564
2024,3743,山东理工大学,002,食品科学与工程,4,534,129312
2024,3743,山东理工大学,003,自动化,2,586,68432
2024,3743,山东理工大学,004,电气工程及其自动化,4,588,66616
2024,3743,山东理工大学,005,化学工程与工艺,4,529,134929
2024,3743,山东理工大学,006,化学,2,556,103509
2024,3743,山东理工大学,007,应用化学,4,528,136123
2024,3743,山东理工大学,009,采矿工程,2,492,
2024,3743,山东理工大学,010,矿物加工工程,2,492,
2024,3743,山东理工大学,011,资源勘查工程,5,529,135056
2024,3743,山东理工大学,012,高分子材料与工程,4,555,104664
2024,3743,山东理工大学,013,生物科学,2,492,
2024,3743,山东理工大学,014,统计学,2,574,82098
2024,3743,山东理工大学,015,光电信息科学与工程,2,576,80681
2024,3743,山东理工大学,016,经济学,6,589,65538
2024,3743,山东理工大学,017,工商管理,8,586,69222
2024,3743,山东理工大学,018,工业工程,6,566,92438
2024,3743,山东理工大学,019,英语,1,591,63187
2024,3743,山东理工大学,020,法学,4,603,50250
2024,3743,山东理工大学,021,交通工程,2,544,117670
2024,3743,山东理工大学,022,车辆工程,2,570,87062
2024,3743,山东理工大学,023,大数据管理与应用,2,576,80009
2024,3743,山东理工大学,024,网络与新媒体,2,588,66948
2024,3743,山东理工大学,025,新能源材料与器件,6,550,110727
2024,3743,山东理工大学,026,土木工程（交通基础设施工程方向）,2,529,135445
2024,3743,山东理工大学,027,国际经济与贸易（国际投融资方向）,2,586,69431
2024,3743,山东理工大学,028,土木工程（建筑工程方向）,2,547,114904
2024,3744,山东力明科技职业学院,504,针灸推拿,8,492,
2024,3744,山东力明科技职业学院,509,口腔医学,2,511,156412
2024,3745,山东农业大学,001,植物科学与技术,2,492,
2024,3745,山东农业大学,002,植物保护,2,564,94104
2024,3745,山东农业大学,003,烟草,4,546,115414
2024,3745,山东农业大学,004,地理信息科学,4,598,55159
2024,3745,山东农业大学,006,环境科学与工程类,5,492,
2024,3745,山东农业大学,007,农业资源与环境,2,492,
2024,3745,山东农业大学,008,林学（新农科实验班）,2,563,95014
2024,3745,山东农业大学,009,园林,6,583,72282
2024,3745,山东农业大学,010,生态学,3,492,
2024,3745,山东农业大学,011,植物生产类,10,492,
2024,3745,山东农业大学,012,动物科学,8,492,
2024,3745,山东农业大学,013,动物医学类,6,567,90735
2024,3745,山东农业大学,014,电气工程及其自动化,2,572,84597
2024,3745,山东农业大学,015,机械电子工程,4,556,103176
2024,3745,山东农业大学,016,车辆工程,4,547,114354
2024,3745,山东农业大学,017,金融学,4,593,61667
2024,3745,山东农业大学,018,数字经济,5,558,101126
2024,3745,山东农业大学,019,食品科学与工程,7,492,
2024,3745,山东农业大学,020,应用生物科学,2,539,123878
2024,3745,山东农业大学,021,英语,3,589,65887
2024,3745,山东农业大学,022,行政管理,3,585,70401
2024,3745,山东农业大学,023,网络与新媒体,3,588,67049
2024,3745,山东农业大学,024,建筑学,2,565,93517
2024,3745,山东农业大学,025,应用化学,4,508,159551
2024,3745,山东农业大学,026,马克思主义理论,2,589,65640
2024,3746,齐鲁工业大学,002,轻工类,10,492,
2024,3746,齐鲁工业大学,003,机械设计制造及其自动化,5,566,91741
2024,3746,齐鲁工业大学,004,通信工程,3,573,83341
2024,3746,齐鲁工业大学,005,生物工程,5,507,160604
2024,3746,齐鲁工业大学,006,酿酒工程,5,492,
2024,3746,齐鲁工业大学,007,食品科学与工程类,10,492,
2024,3746,齐鲁工业大学,008,环境科学与工程类,10,506,161845
2024,3746,齐鲁工业大学,009,化工与制药类,10,492,
2024,3746,齐鲁工业大学,010,材料类,10,542,120610
2024,3746,齐鲁工业大学,011,能源与动力工程,5,564,93846
2024,3746,齐鲁工业大学,012,海洋信息工程,5,545,116748
2024,3746,齐鲁工业大学,013,海洋技术,5,492,
2024,3746,齐鲁工业大学,014,测控技术与仪器（海洋测控方向）,10,532,131764
2024,3746,齐鲁工业大学,015,国际经济与贸易,5,579,77376
2024,3746,齐鲁工业大学,016,金融科技,5,543,119022
2024,3746,齐鲁工业大学,017,英语,5,580,75236
2024,3747,山东商业职业技术学院,501,网络营销与直播电商,5,492,
2024,3747,山东商业职业技术学院,502,软件技术,5,492,
2024,3747,山东商业职业技术学院,503,大数据与会计,5,492,
2024,3748,山东师范大学,001,金融学类,5,601,52312
2024,3748,山东师范大学,002,法学,2,625,29616
2024,3748,山东师范大学,003,学前教育(师范),1,600,53539
2024,3748,山东师范大学,004,小学教育(师范),2,629,26220
2024,3748,山东师范大学,006,中国语言文学类,2,644,15985
2024,3748,山东师范大学,007,汉语国际教育(师范),1,626,28647
2024,3748,山东师范大学,008,日语(师范),1,590,64698
2024,3748,山东师范大学,010,广播电视编导,2,592,62412
2024,3748,山东师范大学,011,新闻传播学类,2,608,45296
2024,3748,山东师范大学,012,历史学(师范),2,627,27920
2024,3748,山东师范大学,013,统计学,2,591,62988
2024,3748,山东师范大学,014,物理学(师范),3,592,62223
2024,3748,山东师范大学,015,电子信息类,3,589,65380
2024,3748,山东师范大学,016,化学(师范),4,492,
2024,3748,山东师范大学,017,化学工程与工艺,1,563,95164
2024,3748,山东师范大学,018,食品科学与工程,2,512,155137
2024,3748,山东师范大学,019,生物科学类,2,492,
2024,3748,山东师范大学,020,地理科学类,3,625,29373
2024,3748,山东师范大学,021,心理学类,1,595,58390
2024,3748,山东师范大学,022,通信工程,2,593,60802
2024,3748,山东师范大学,023,人工智能,1,594,59606
2024,3748,山东师范大学,024,计算机类,4,592,61760
2024,3748,山东师范大学,026,旅游管理,2,589,65373
2024,3748,山东师范大学,027,信息管理与信息系统,2,588,66788
2024,3748,山东师范大学,028,工商管理类,3,606,47212
2024,3748,山东师范大学,029,公共管理类,3,596,58033
2024,3750,齐鲁医药学院,002,生物制药,1,502,166277
2024,3750,齐鲁医药学院,003,临床医学,5,526,138561
2024,3750,齐鲁医药学院,004,医学影像学,4,525,140047
2024,3750,齐鲁医药学院,005,口腔医学,3,570,86919
2024,3750,齐鲁医药学院,006,预防医学,1,510,157440
2024,3750,齐鲁医药学院,012,护理学,3,492,
2024,3750,齐鲁医药学院,013,助产学,1,496,173274
2024,3750,齐鲁医药学院,014,健康服务与管理,1,570,87771
2024,3750,齐鲁医药学院,015,医疗保险,1,553,107810
2024,3750,齐鲁医药学院,016,养老服务管理,1,559,100337
2024,3751,山东现代学院,003,药学,2,492,
2024,3751,山东现代学院,005,学前教育,3,534,129883
2024,3751,山东现代学院,006,财务管理,2,544,118286
2024,3751,山东现代学院,007,计算机科学与技术,3,498,170833
2024,3751,山东现代学院,501,临床医学,5,492,
2024,3751,山东现代学院,502,口腔医学,5,506,162060
2024,3751,山东现代学院,503,中药学,5,492,
2024,3751,山东现代学院,504,护理,5,492,
2024,3752,山东协和学院,001,护理学,17,548,113370
2024,3752,山东协和学院,002,助产学,1,558,101149
2024,3752,山东协和学院,004,学前教育,3,540,122864
2024,3752,山东协和学院,005,英语,1,552,109134
2024,3752,山东协和学院,006,会计学,2,553,107657
2024,3752,山东协和学院,007,财务管理,1,556,104092
2024,3752,山东协和学院,008,电子商务,1,541,121853
2024,3752,山东协和学院,009,审计学,1,555,105070
2024,3752,山东协和学院,010,康复治疗学,7,492,
2024,3752,山东协和学院,011,医学影像技术,6,492,
2024,3752,山东协和学院,012,医学检验技术,6,492,
2024,3752,山东协和学院,014,口腔医学,4,548,113009
2024,3754,山东畜牧兽医职业学院,501,畜牧兽医,5,492,
2024,3754,山东畜牧兽医职业学院,503,动物医学,5,502,167072
2024,3755,山东医学高等专科学校,501,临床医学,1,556,104141
2024,3755,山东医学高等专科学校,502,口腔医学,1,568,89765
2024,3755,山东医学高等专科学校,503,药学,1,558,101216
2024,3755,山东医学高等专科学校,504,医学检验技术,1,546,115513
2024,3755,山东医学高等专科学校,505,预防医学,1,536,127376
2024,3755,山东医学高等专科学校,506,口腔医学,1,563,95753
2024,3755,山东医学高等专科学校,507,医学影像技术,3,534,130151
2024,3755,山东医学高等专科学校,508,康复治疗技术,1,541,121607
2024,3756,山东英才学院,001,网络与新媒体,10,526,138904
2024,3756,山东英才学院,002,工商管理,10,525,140119
2024,3756,山东英才学院,003,财务管理,13,530,133844
2024,3756,山东英才学院,004,审计学,12,533,130783
2024,3756,山东英才学院,005,市场营销,10,523,142453
2024,3756,山东英才学院,008,电子商务,10,524,141173
2024,3756,山东英才学院,009,商务英语,15,522,143908
2024,3756,山东英才学院,501,现代物流管理,10,492,
2024,3757,泰山学院,002,汉语言文学（含师范）,4,582,73953
2024,3757,泰山学院,003,历史学类,3,581,74872
2024,3757,泰山学院,004,英语(师范),4,576,80901
2024,3757,泰山学院,005,工商管理类,4,573,84014
2024,3758,潍坊学院,001,数学与应用数学(师范),12,492,
2024,3758,潍坊学院,002,供应链管理,12,564,94239
2024,3758,潍坊学院,003,法学,12,581,75146
2024,3758,潍坊学院,004,旅游管理,12,564,94739
2024,3758,潍坊学院,005,汉语言文学(师范),12,582,73529
2024,3759,山东第二医科大学,001,临床医学,2,591,63066
2024,3759,山东第二医科大学,002,麻醉学,2,591,63519
2024,3759,山东第二医科大学,003,口腔医学,2,615,38301
2024,3759,山东第二医科大学,004,预防医学,2,525,139747
2024,3759,山东第二医科大学,005,医学影像学,2,592,61975
2024,3759,山东第二医科大学,006,法医学,2,552,108630
2024,3759,山东第二医科大学,007,医学检验技术,2,555,104795
2024,3759,山东第二医科大学,008,药学,2,532,131438
2024,3759,山东第二医科大学,009,医学影像技术,2,517,149204
2024,3759,山东第二医科大学,010,生物医学工程,2,544,117410
2024,3759,山东第二医科大学,012,智能医学工程,4,531,132659
2024,3759,山东第二医科大学,013,护理学,2,556,104179
2024,3759,山东第二医科大学,014,大数据管理与应用,2,544,118056
2024,3760,烟台大学,001,新闻学,2,599,54828
2024,3760,烟台大学,002,汉语国际教育,2,595,58668
2024,3760,烟台大学,003,法学,2,636,20998
2024,3760,烟台大学,004,知识产权,2,623,31252
2024,3760,烟台大学,005,英语,2,595,58932
2024,3760,烟台大学,006,日语,2,592,62763
2024,3760,烟台大学,007,国际经济与贸易,2,597,56387
2024,3760,烟台大学,008,统计学,2,568,89281
2024,3760,烟台大学,009,自动化,2,574,82092
2024,3760,烟台大学,010,土木工程,3,550,110536
2024,3760,烟台大学,011,给排水科学与工程,4,495,174603
2024,3760,烟台大学,012,工程管理,4,532,131421
2024,3760,烟台大学,013,应用化学,5,492,
2024,3760,烟台大学,014,化学工程与工艺,5,514,152854
2024,3760,烟台大学,015,食品质量与安全,2,551,109663
2024,3760,烟台大学,017,材料科学与工程,5,535,128210
2024,3760,烟台大学,018,金属材料工程,2,492,
2024,3761,烟台南山学院,001,材料成型及控制工程,5,492,177293
2024,3761,烟台南山学院,002,测控技术与仪器,5,492,
2024,3761,烟台南山学院,005,工商管理,4,538,125502
2024,3761,烟台南山学院,006,汉语国际教育,5,541,121865
2024,3761,烟台南山学院,007,机械设计制造及其自动化,5,492,177469
2024,3761,烟台南山学院,009,金属材料工程,5,499,169942
2024,3761,烟台南山学院,010,康复治疗学,5,492,
2024,3761,烟台南山学院,011,旅游管理,4,537,126601
2024,3761,烟台南山学院,012,市场营销,4,535,129100
2024,3761,烟台南山学院,013,物流管理,4,537,126181
2024,3761,烟台南山学院,014,英语,4,536,127742
2024,3761,烟台南山学院,015,自动化,5,492,
2024,3761,烟台南山学院,503,机电一体化技术,4,492,
2024,3761,烟台南山学院,504,智慧健康养老服务与管理,3,498,171649
2024,3762,枣庄学院,001,网络空间安全,5,515,151450
2024,3763,中国海洋大学,001,海洋科学,2,652,11778
2024,3763,中国海洋大学,002,大气科学,4,647,14125
2024,3763,中国海洋大学,003,海洋科学(中外合作办学),2,640,18272
2024,3763,中国海洋大学,004,电子信息类,6,654,10702
2024,3763,中国海洋大学,005,计算机类,4,657,9147
2024,3763,中国海洋大学,006,计算机科学与技术(中外合作办学),3,645,15089
2024,3763,中国海洋大学,007,光电信息科学与工程,2,652,11396
2024,3763,中国海洋大学,008,海洋技术,4,646,14417
2024,3763,中国海洋大学,009,物理学,2,651,11900
2024,3763,中国海洋大学,010,声学,2,649,13039
2024,3763,中国海洋大学,011,化学,3,650,12738
2024,3763,中国海洋大学,012,生物科学类,2,654,10474
2024,3763,中国海洋大学,013,海洋渔业科学与技术,2,645,15358
2024,3763,中国海洋大学,014,海洋资源与环境,2,651,12152
2024,3763,中国海洋大学,015,水产养殖学,2,647,13995
2024,3763,中国海洋大学,016,食品科学与工程类,3,647,13979
2024,3763,中国海洋大学,017,海洋资源开发技术,2,647,14054
2024,3763,中国海洋大学,018,药学,2,650,12391
2024,3763,中国海洋大学,019,船舶与海洋工程,2,647,13942
2024,3763,中国海洋大学,020,港口航道与海岸工程,2,647,14294
2024,3763,中国海洋大学,021,工业设计,2,648,13881
2024,3763,中国海洋大学,022,机械设计制造及其自动化,2,653,11049
2024,3763,中国海洋大学,023,自动化,2,654,10429
2024,3763,中国海洋大学,024,环境工程,2,647,13921
2024,3763,中国海洋大学,025,工商管理（数字化创新管理）,2,657,9516
2024,3763,中国海洋大学,026,国际经济与贸易,3,655,10338
2024,3763,中国海洋大学,027,英语,1,653,11150
2024,3763,中国海洋大学,028,新闻传播学类,2,656,9963
2024,3763,中国海洋大学,029,法学,2,658,9084
2024,3763,中国海洋大学,030,数学类,3,653,10937
2024,3763,中国海洋大学,031,材料类,5,649,12979
2024,3763,中国海洋大学,032,数学与应用数学(中外合作办学),4,643,16148
2024,3763,中国海洋大学,033,生物技术(中外合作办学),4,639,18698
2024,3763,中国海洋大学,034,食品科学与工程(中外合作办学),2,639,19126
2024,3764,青岛工学院,001,工业设计,4,492,
2024,3764,青岛工学院,003,食品科学与工程,7,492,
2024,3764,青岛工学院,005,食品质量与安全,6,492,
2024,3764,青岛工学院,006,化学工程与工业生物工程,6,492,
2024,3764,青岛工学院,007,英语,3,534,129753
2024,3764,青岛工学院,008,日语,3,532,132488
2024,3764,青岛工学院,009,德语,4,528,136540
2024,3764,青岛工学院,010,电子商务,4,533,130659
2024,3764,青岛工学院,011,物流管理,4,533,131393
2024,3764,青岛工学院,012,国际商务,4,532,131701
2024,3764,青岛工学院,013,金融工程,4,492,
2024,3764,青岛工学院,014,工商管理,2,537,126086
2024,3764,青岛工学院,015,市场营销,2,535,128344
2024,3764,青岛工学院,016,人力资源管理,2,541,121828
2024,3764,青岛工学院,017,审计学,2,545,116790
2024,3764,青岛工学院,018,汉语言文学,6,552,108646
2024,3764,青岛工学院,019,知识产权,6,546,115832
2024,3764,青岛工学院,020,财务管理,6,541,121400
2024,3764,青岛工学院,021,俄语,3,530,134098
2024,3765,中国石油大学(华东),001,地球物理学,3,624,30053
2024,3765,中国石油大学(华东),002,海洋油气工程,2,628,26659
2024,3765,中国石油大学(华东),003,石油工程（双学士学位项目）,2,641,17791
2024,3765,中国石油大学(华东),004,碳储科学与工程,2,636,20913
2024,3765,中国石油大学(华东),005,化学,2,630,25248
2024,3765,中国石油大学(华东),006,工程力学,2,635,21398
2024,3765,中国石油大学(华东),007,建筑学,4,638,19836
2024,3765,中国石油大学(华东),008,油气储运工程,2,634,22067
2024,3765,中国石油大学(华东),009,材料类,5,631,24497
2024,3765,中国石油大学(华东),010,电气工程及其自动化,2,645,14981
2024,3765,中国石油大学(华东),011,地理信息科学,4,631,24453
2024,3765,中国石油大学(华东),012,通信工程,2,640,18054
2024,3765,中国石油大学(华东),013,智能感知工程,2,636,20781
2024,3765,中国石油大学(华东),014,自动化,2,642,16972
2024,3765,中国石油大学(华东),015,计算机科学与技术,2,645,15261
2024,3765,中国石油大学(华东),016,软件工程,5,641,17490
2024,3765,中国石油大学(华东),017,智能科学与技术,2,640,17937
2024,3765,中国石油大学(华东),018,数据科学与大数据技术,2,640,18271
2024,3765,中国石油大学(华东),019,数学类,4,635,21243
2024,3765,中国石油大学(华东),020,管理科学与工程类,5,630,25187
2024,3765,中国石油大学(华东),021,英语,2,639,18919
2024,3766,山东石油化工学院,001,资源勘查工程,2,508,159996
2024,3766,山东石油化工学院,002,石油工程,5,513,154390
2024,3766,山东石油化工学院,003,环境工程,3,498,171033
2024,3766,山东石油化工学院,004,机械设计制造及其自动化,3,524,140842
2024,3766,山东石油化工学院,005,自动化,3,522,143205
2024,3766,山东石油化工学院,006,法学,2,579,76647
2024,3766,山东石油化工学院,007,汉语言文学,3,581,74812
2024,3766,山东石油化工学院,008,财务管理,2,578,78465
2024,3766,山东石油化工学院,009,学前教育(师范),2,569,88179
2024,3766,山东石油化工学院,010,物联网工程,3,526,138667
2024,3766,山东石油化工学院,011,数据科学与大数据技术,2,522,143370
2024,3767,山东艺术学院,007,戏剧影视文学,1,568,89111
2024,3767,山东艺术学院,008,戏剧学,1,565,93098
2024,3768,青岛城市学院,003,工程造价,1,505,163346
2024,3768,青岛城市学院,004,工程管理,2,492,
2024,3768,青岛城市学院,005,机械设计制造及其自动化,1,509,158729
2024,3768,青岛城市学院,006,电气工程及其自动化,1,505,163011
2024,3768,青岛城市学院,008,建筑学,1,560,98771
2024,3768,青岛城市学院,009,城乡规划,1,548,113576
2024,3768,青岛城市学院,010,软件工程,1,510,157321
2024,3768,青岛城市学院,011,数据科学与大数据技术,1,508,159791
2024,3768,青岛城市学院,012,国际经济与贸易,1,537,126660
2024,3768,青岛城市学院,013,市场营销,1,540,122723
2024,3768,青岛城市学院,014,跨境电子商务,1,534,129887
2024,3768,青岛城市学院,015,外国语言文学类,1,536,127417
2024,3768,青岛城市学院,016,财务管理,1,546,115467
2024,3768,青岛城市学院,017,审计学,1,564,94801
2024,3768,青岛城市学院,018,互联网金融,1,542,120866
2024,3769,山东工程职业技术大学,001,建筑设计,3,525,139827
2024,3769,山东工程职业技术大学,002,汽车工程技术,2,497,172019
2024,3769,山东工程职业技术大学,003,大数据工程技术,2,494,175472
2024,3769,山东工程职业技术大学,004,市场营销,3,527,138108
2024,3770,山东中医药大学,001,中医学,2,607,45727
2024,3770,山东中医药大学,002,中西医临床医学,2,612,40747
2024,3770,山东中医药大学,003,中药学,1,588,66848
2024,3770,山东中医药大学,004,药学,1,587,67763
2024,3770,山东中医药大学,005,制药工程,1,583,71951
2024,3770,山东中医药大学,006,针灸推拿学,2,590,63954
2024,3770,山东中医药大学,007,护理学,1,579,77019
2024,3770,山东中医药大学,008,康复治疗学,2,492,
2024,3770,山东中医药大学,009,眼视光学,1,581,74864
2024,3770,山东中医药大学,010,眼视光医学,2,611,41663
2024,3771,青岛电影学院,011,戏剧影视文学,2,523,142826
2024,3771,青岛电影学院,012,广播电视编导,2,526,139549
2024,3771,青岛电影学院,013,新闻学,3,530,133875
2024,3771,青岛电影学院,014,影视技术,2,519,147679
2024,3771,青岛电影学院,015,广告学,3,528,137089
2024,3771,青岛电影学院,018,电影学,3,520,146689
2024,3771,青岛电影学院,019,网络与新媒体,2,530,134766
2024,3771,青岛电影学院,020,知识产权,2,540,122690
2024,3771,青岛电影学院,021,文化产业管理,3,523,142257
2024,3773,青岛黄海学院,001,经济统计学,2,492,
2024,3773,青岛黄海学院,002,日语,2,528,137088
2024,3773,青岛黄海学院,003,商务英语,1,530,133860
2024,3773,青岛黄海学院,004,机械设计制造及其自动化,3,492,
2024,3773,青岛黄海学院,007,电气工程及其自动化,2,496,173027
2024,3773,青岛黄海学院,009,数据科学与大数据技术,1,501,167737
2024,3773,青岛黄海学院,013,康复治疗学,2,492,
2024,3773,青岛黄海学院,014,护理学,4,548,113713
2024,3773,青岛黄海学院,016,财务管理,2,540,122782
2024,3773,青岛黄海学院,017,物流管理,2,534,129793
2024,3773,青岛黄海学院,505,口腔医学,10,512,155324
2024,3773,青岛黄海学院,506,护理,10,492,
2024,3775,山东第一医科大学,001,临床医学,2,616,37339
2024,3775,山东第一医科大学,002,口腔医学,1,618,35360
2024,3775,山东第一医科大学,003,医学实验技术（医学实验动物方向）,2,536,127207
2024,3775,山东第一医科大学,004,医学影像学,1,613,39744
2024,3775,山东第一医科大学,005,护理学,4,546,115384
2024,3775,山东第一医科大学,006,英语,5,574,82560
2024,3775,山东第一医科大学,007,药学,1,583,72431
2024,3775,山东第一医科大学,008,公共事业管理,4,581,74111
2024,3778,北京交通大学(威海校区),001,信息管理与信息系统(中外合作办学),4,633,23114
2024,3778,北京交通大学(威海校区),002,通信工程(中外合作办学),3,640,18093
2024,3778,北京交通大学(威海校区),003,计算机科学与技术(中外合作办学),3,642,16882
2024,3778,北京交通大学(威海校区),004,环境工程(中外合作办学),5,622,31617
2024,3778,北京交通大学(威海校区),005,工商管理(中外合作办学),3,638,19675
2024,3781,山东电力高等专科学校,501,供用电技术,50,592,62632
2024,3784,泰山科技学院,001,计算机科学与技术,3,492,
2024,3784,泰山科技学院,002,信息管理与信息系统,3,493,176133
2024,3784,泰山科技学院,003,虚拟现实技术,3,496,173563
2024,3784,泰山科技学院,005,工程造价,3,492,
2024,3784,泰山科技学院,007,人工智能,3,492,
2024,3784,泰山科技学院,008,会计学,3,534,129641
2024,3784,泰山科技学院,009,人力资源管理,3,525,140233
2024,3784,泰山科技学院,010,市场营销,3,526,139305
2024,3784,泰山科技学院,011,法学,3,545,117355
2024,3784,泰山科技学院,012,电子商务及法律,3,524,141505
2024,3784,泰山科技学院,013,网络与新媒体,3,528,136299
2024,3784,泰山科技学院,502,虚拟现实技术应用,6,492,
2024,3784,泰山科技学院,509,建设工程管理,6,492,
2024,3784,泰山科技学院,515,国际经济与贸易,7,492,
2024,3784,泰山科技学院,517,电子商务,8,492,
2024,3802,赣南卫生健康职业学院,501,护理,6,492,
2024,3802,赣南卫生健康职业学院,502,口腔医学,5,504,165134
2024,3802,赣南卫生健康职业学院,503,临床医学,5,492,
2024,3807,宜春职业技术学院,501,护理,10,492,
2024,3807,宜春职业技术学院,502,临床医学,5,492,
2024,3807,宜春职业技术学院,503,口腔医学,5,518,148777
2024,3809,上饶卫生健康职业学院,501,护理,10,492,
2024,4001,长江大学,001,新闻传播学类,3,609,43869
2024,4001,长江大学,002,历史学(师范),1,618,35542
2024,4001,长江大学,003,外国语言文学类(师范),2,615,38643
2024,4001,长江大学,004,日语,1,598,55469
2024,4001,长江大学,005,经济学类（含荆楚卓越人才协同育人计划）,2,610,42692
2024,4001,长江大学,006,工商管理类（含荆楚卓越协同育人计划）,2,604,49311
2024,4001,长江大学,007,资源环境大数据工程,1,552,108161
2024,4001,长江大学,008,数学类(师范),1,578,77524
2024,4001,长江大学,009,机械类,1,594,59645
2024,4001,长江大学,010,计算机类,1,602,51102
2024,4001,长江大学,011,建筑类,3,597,56900
2024,4001,长江大学,012,地球化学（资源、环境）,1,545,117302
2024,4001,长江大学,013,资源勘查工程（石油勘探、新能源、油气测录工程）,1,591,63581
2024,4001,长江大学,014,地质学,1,537,125788
2024,4001,长江大学,015,植物生产类（含教育部卓越农林、省支柱产业人才计划）,1,581,75028
2024,4001,长江大学,016,农业资源与环境（含教育部卓越农林人才计划）,2,556,103769
2024,4001,长江大学,017,园林,2,596,57666
2024,4001,长江大学,018,园艺（现代园艺）,1,548,112966
2024,4001,长江大学,019,风景园林,1,602,51562
2024,4001,长江大学,020,智慧农业,2,562,96781
2024,4001,长江大学,021,动物医学类（含教育部卓越农林人才教育培养计划）,2,561,97275
2024,4001,长江大学,022,临床医学（含教育部卓越医生、省荆楚卓越人才计划）,1,616,37138
2024,4001,长江大学,023,中西医临床医学,1,587,67849
2024,4001,长江大学,024,电子信息工程（含教育部卓越工程师教育培养计划）,1,602,51185
2024,4001,长江大学,025,高分子材料与工程,1,568,89331
2024,4001,长江大学,026,土木工程(中外合作办学),5,509,158432
2024,4006,鄂州职业大学,504,小学教育(师范),30,492,
2024,4007,恩施职业技术学院,507,小学教育(师范),20,492,
2024,4011,湖北大学,001,工商管理类,2,609,44458
2024,4011,湖北大学,002,旅游管理,2,598,55390
2024,4011,湖北大学,003,国际事务与国际关系(中外合作办学),8,590,64807
2024,4011,湖北大学,005,文物与博物馆学,2,614,39250
2024,4011,湖北大学,006,档案学,2,610,43142
2024,4011,湖北大学,007,环境工程(中外合作办学),8,525,140404
2024,4011,湖北大学,008,新闻传播学类,2,614,39547
2024,4011,湖北大学,009,信息安全,2,590,64166
2024,4011,湖北大学,011,考古学,2,613,40530
2024,4012,湖北大学知行学院,001,汉语言文学（教育、对外教学、写作方向）,2,568,90079
2024,4012,湖北大学知行学院,002,新闻传播学类,2,556,104346
2024,4012,湖北大学知行学院,003,旅游管理（会展商务旅游、涉外饭店管理方向）,2,545,117182
2024,4012,湖北大学知行学院,004,法学,1,577,79511
2024,4012,湖北大学知行学院,005,广播电视编导,3,550,111535
2024,4012,湖北大学知行学院,008,风景园林,2,556,103474
2024,4012,湖北大学知行学院,009,金融学（银行经营、投资理财方向）,1,552,108756
2024,4012,湖北大学知行学院,010,工程管理,1,511,156385
2024,4012,湖北大学知行学院,011,会计学,2,561,97369
2024,4012,湖北大学知行学院,012,审计学（财务审计、工程项目审计方向）,1,562,96750
2024,4012,湖北大学知行学院,015,应用化学（新能源材料方向）,2,492,
2024,4012,湖北大学知行学院,016,英语（教育、翻译方向）,4,556,103638
2024,4012,湖北大学知行学院,017,商务英语,2,552,109129
2024,4012,湖北大学知行学院,018,法语,2,550,111248
2024,4012,湖北大学知行学院,019,计算机类,1,492,177330
2024,4012,湖北大学知行学院,020,电子信息类,2,492,
2024,4012,湖北大学知行学院,021,机械设计制造及其自动化,2,503,165170
2024,4012,湖北大学知行学院,022,机械电子工程,1,503,165430
2024,4012,湖北大学知行学院,023,机器人工程,1,497,172141
2024,4012,湖北大学知行学院,025,国际经济与贸易（国际贸易实务、跨境电商方向）,1,550,111191
2024,4012,湖北大学知行学院,026,财务管理（公司财务、智能财务方向）,2,559,100388
2024,4013,湖北第二师范学院,001,汉语言文学(师范),3,594,60333
2024,4013,湖北第二师范学院,002,日语,2,574,82944
2024,4013,湖北第二师范学院,003,英语(师范),3,584,71629
2024,4013,湖北第二师范学院,004,生物科学(师范),3,524,140843
2024,4013,湖北第二师范学院,005,会计学,3,584,71340
2024,4013,湖北第二师范学院,006,国际经济与贸易,2,578,78625
2024,4013,湖北第二师范学院,007,学前教育(中外合作办学)(师范),5,557,102121
2024,4013,湖北第二师范学院,008,计算机科学与技术(中外合作办学),4,515,152442
2024,4014,湖北工业大学,001,机械设计制造及其自动化,3,601,52044
2024,4014,湖北工业大学,002,电气工程及其自动化,2,623,30610
2024,4014,湖北工业大学,003,计算机科学与技术,3,607,45787
2024,4014,湖北工业大学,006,会计学,3,621,32911
2024,4015,湖北工业大学工程技术学院,001,机械电子工程,2,512,155068
2024,4015,湖北工业大学工程技术学院,002,新能源汽车工程,3,512,155673
2024,4015,湖北工业大学工程技术学院,003,电气工程及其自动化,2,516,150668
2024,4015,湖北工业大学工程技术学院,004,物联网工程,2,492,177431
2024,4015,湖北工业大学工程技术学院,005,计算机科学与技术,2,496,172997
2024,4015,湖北工业大学工程技术学院,007,生物工程,2,492,
2024,4015,湖北工业大学工程技术学院,008,工程管理,3,492,
2024,4015,湖北工业大学工程技术学院,009,智能建造,6,494,175015
2024,4015,湖北工业大学工程技术学院,010,金融学,3,545,117334
2024,4015,湖北工业大学工程技术学院,011,国际经济与贸易,3,544,117769
2024,4015,湖北工业大学工程技术学院,014,财务管理,3,551,110240
2024,4015,湖北工业大学工程技术学院,015,物流管理,3,542,120291
2024,4015,湖北工业大学工程技术学院,016,电子商务,3,540,122579
2024,4015,湖北工业大学工程技术学院,017,英语,3,543,119353
2024,4015,湖北工业大学工程技术学院,018,商务英语,2,544,118394
2024,4016,湖北商贸学院,001,金融学,2,542,120628
2024,4016,湖北商贸学院,002,会计学,2,550,111059
2024,4016,湖北商贸学院,003,电子信息工程,2,504,164604
2024,4016,湖北商贸学院,004,工程造价,2,502,166780
2024,4019,湖北经济学院,001,金融工程,2,547,114487
2024,4019,湖北经济学院,002,财务管理,3,587,68304
2024,4019,湖北经济学院,003,物联网工程,2,551,109797
2024,4019,湖北经济学院,004,金融学,2,584,71611
2024,4019,湖北经济学院,005,经济学,2,583,72648
2024,4019,湖北经济学院,006,工商管理,2,583,72797
2024,4019,湖北经济学院,007,统计学,2,492,
2024,4019,湖北经济学院,008,新闻学,2,581,75163
2024,4019,湖北经济学院,009,网络与新媒体,2,585,70506
2024,4019,湖北经济学院,010,市场营销,2,582,72956
2024,4019,湖北经济学院,011,财政学,2,587,68347
2024,4020,湖北经济学院法商学院,001,金融学,12,539,124125
2024,4020,湖北经济学院法商学院,002,金融学（AFP资格创新班）,8,535,128653
2024,4020,湖北经济学院法商学院,003,会计学（注册会计师）,14,548,113302
2024,4020,湖北经济学院法商学院,004,审计学,15,545,117096
2024,4020,湖北经济学院法商学院,005,跨境电子商务,5,538,125589
2024,4020,湖北经济学院法商学院,006,法学（经济法）,8,556,104061
2024,4020,湖北经济学院法商学院,007,英语（经贸英语）,8,537,126644
2024,4021,湖北美术学院,024,艺术史论,1,573,84387
2024,4021,湖北美术学院,025,艺术管理,1,572,85225
2024,4022,湖北民族大学,001,汉语言文学,2,592,62758
2024,4022,湖北民族大学,002,思想政治教育,4,584,71269
2024,4022,湖北民族大学,003,新闻学,2,582,73609
2024,4022,湖北民族大学,004,计算机科学与技术,1,551,109616
2024,4022,湖北民族大学,005,生物工程,2,492,
2024,4022,湖北民族大学,006,社会学,2,577,79282
2024,4022,湖北民族大学,007,英语,1,574,83062
2024,4022,湖北民族大学,008,日语,1,569,89007
2024,4022,湖北民族大学,009,商务英语,2,571,86695
2024,4022,湖北民族大学,010,会计学（ACCA方向）,2,583,72567
2024,4022,湖北民族大学,012,光电信息科学与工程,1,536,127046
2024,4022,湖北民族大学,013,临床医学,2,558,101413
2024,4022,湖北民族大学,014,旅游管理（含旅游规划、旅游企业管理方向）,2,573,83824
2024,4022,湖北民族大学,015,会计学（含智能会计、智能财务、大数据审计方向）,2,583,72442
2024,4023,湖北汽车工业学院,001,软件工程,3,526,138910
2024,4023,湖北汽车工业学院,002,人工智能（智能驾驶）,3,529,135073
2024,4023,湖北汽车工业学院,003,机器人工程,3,525,139704
2024,4023,湖北汽车工业学院,004,物联网工程,3,528,136550
2024,4023,湖北汽车工业学院,005,车辆工程,3,539,123756
2024,4023,湖北汽车工业学院,006,车辆工程(中外合作办学)（中英合作）,4,525,139737
2024,4023,湖北汽车工业学院,007,新能源汽车工程,4,530,133979
2024,4023,湖北汽车工业学院,008,智能车辆工程（智能驾驶）,3,528,136107
2024,4023,湖北汽车工业学院,009,数字经济,4,532,131962
2024,4025,湖北轻工职业技术学院,501,机电一体化技术,4,492,
2024,4026,湖北三峡职业技术学院,508,临床医学,6,509,158788
2024,4026,湖北三峡职业技术学院,509,口腔医学,8,526,138806
2024,4026,湖北三峡职业技术学院,510,护理,4,492,
2024,4026,湖北三峡职业技术学院,512,药学,2,499,170493
2024,4026,湖北三峡职业技术学院,513,医学美容技术,2,495,174377
2024,4028,湖北生物科技职业学院,501,动物医学,5,514,153674
2024,4028,湖北生物科技职业学院,504,生物制药技术,10,492,
2024,4029,湖北师范大学,003,经济学,2,590,64178
2024,4029,湖北师范大学,004,法学,2,609,44349
2024,4029,湖北师范大学,005,教育学类(师范),2,609,44115
2024,4029,湖北师范大学,006,旅游管理与服务教育,2,582,73939
2024,4029,湖北师范大学,007,汉语言文学(师范),2,609,44075
2024,4029,湖北师范大学,008,网络与新媒体,2,597,56597
2024,4029,湖北师范大学,009,数学与应用数学(师范),3,584,70761
2024,4029,湖北师范大学,010,电子信息工程(中外合作办学),8,529,134904
2024,4029,湖北师范大学,011,化学(师范),2,561,98192
2024,4029,湖北师范大学,012,应用化学,2,532,132419
2024,4029,湖北师范大学,014,食品科学与工程,2,523,142064
2024,4029,湖北师范大学,015,材料科学与工程,2,542,119879
2024,4031,湖北职业技术学院,502,机电一体化技术,6,492,
2024,4031,湖北职业技术学院,504,临床医学,20,492,
2024,4031,湖北职业技术学院,505,医学影像技术,10,492,
2024,4031,湖北职业技术学院,508,护理,10,492,
2024,4031,湖北职业技术学院,511,口腔医学,30,516,150910
2024,4031,湖北职业技术学院,512,康复治疗技术,5,492,
2024,4032,湖北中医药大学,001,中医学（5+3一体化）,5,632,23526
2024,4032,湖北中医药大学,002,中医学（5+3一体化，中西医结合方向）,5,624,30210
2024,4032,湖北中医药大学,003,中医学（5+3一体化，针灸推拿方向）,5,622,31793
2024,4032,湖北中医药大学,004,中医学,6,599,54569
2024,4032,湖北中医药大学,005,中医学（美容与康复方向）,2,581,74084
2024,4032,湖北中医药大学,006,中西医临床医学,4,587,67803
2024,4032,湖北中医药大学,007,中西医临床医学（全科医学方向）,2,605,47990
2024,4032,湖北中医药大学,008,针灸推拿学,4,582,73078
2024,4032,湖北中医药大学,009,针灸推拿学（针刀方向）,2,584,70690
2024,4032,湖北中医药大学,010,中医骨伤科学,3,583,71909
2024,4032,湖北中医药大学,011,康复治疗学,1,565,92699
2024,4032,湖北中医药大学,012,医学影像技术,2,530,133947
2024,4032,湖北中医药大学,013,医学实验技术,1,534,129116
2024,4032,湖北中医药大学,014,中药学,4,555,104747
2024,4032,湖北中医药大学,015,药学,4,553,107270
2024,4032,湖北中医药大学,016,制药工程,2,569,87944
2024,4032,湖北中医药大学,017,药物制剂,1,564,93927
2024,4032,湖北中医药大学,018,中药资源与开发,2,543,119437
2024,4032,湖北中医药大学,019,中药制药,1,577,78900
2024,4032,湖北中医药大学,020,医学检验技术,2,576,79881
2024,4032,湖北中医药大学,021,卫生检验与检疫,1,553,106859
2024,4032,湖北中医药大学,022,生物技术,2,546,115187
2024,4032,湖北中医药大学,023,食品质量与安全,1,562,96342
2024,4032,湖北中医药大学,024,护理学,2,554,106046
2024,4032,湖北中医药大学,025,助产学,1,557,102428
2024,4032,湖北中医药大学,026,市场营销,3,576,80244
2024,4032,湖北中医药大学,027,物流管理,1,585,69650
2024,4032,湖北中医药大学,028,国际商务,1,589,66027
2024,4032,湖北中医药大学,029,公共事业管理,1,598,55372
2024,4032,湖北中医药大学,030,保险学,1,585,69669
2024,4032,湖北中医药大学,031,信息管理与信息系统,3,562,97063
2024,4032,湖北中医药大学,032,医学信息工程,2,556,104174
2024,4032,湖北中医药大学,033,物联网工程,1,569,87953
2024,4032,湖北中医药大学,034,应用心理学,2,606,46729
2024,4032,湖北中医药大学,035,药事管理,1,576,80286
2024,4032,湖北中医药大学,036,英语,1,607,45692
2024,4032,湖北中医药大学,037,运动康复,2,591,63458
2024,4033,湖北中医药高等专科学校,501,药品质量与安全,3,500,168534
2024,4033,湖北中医药高等专科学校,502,智能医疗装备技术,3,492,
2024,4033,湖北中医药高等专科学校,503,临床医学,9,523,142769
2024,4033,湖北中医药高等专科学校,504,口腔医学,6,514,152990
2024,4033,湖北中医药高等专科学校,505,护理,8,512,155800
2024,4033,湖北中医药高等专科学校,506,助产,3,500,168874
2024,4033,湖北中医药高等专科学校,507,药学,5,514,153698
2024,4033,湖北中医药高等专科学校,508,中医学,8,521,144394
2024,4033,湖北中医药高等专科学校,509,中医骨伤,3,515,152327
2024,4033,湖北中医药高等专科学校,510,针灸推拿,5,512,155195
2024,4033,湖北中医药高等专科学校,511,中药学,4,516,151222
2024,4033,湖北中医药高等专科学校,512,中医养生保健,3,501,167995
2024,4033,湖北中医药高等专科学校,513,医学检验技术,5,504,164775
2024,4033,湖北中医药高等专科学校,514,医学美容技术,3,507,160855
2024,4033,湖北中医药高等专科学校,515,康复治疗技术,5,495,174470
2024,4033,湖北中医药高等专科学校,516,智慧健康养老服务与管理,2,503,165903
2024,4034,华中科技大学,001,数学类,5,669,4920
2024,4034,华中科技大学,002,物理学类,6,667,5546
2024,4034,华中科技大学,003,化学类,3,663,7061
2024,4034,华中科技大学,004,机械类,14,668,5469
2024,4034,华中科技大学,005,材料类,5,665,6378
2024,4034,华中科技大学,006,能源动力类,11,666,6008
2024,4034,华中科技大学,007,计算机类（网安学院）,8,674,3781
2024,4034,华中科技大学,008,电气工程及其自动化,16,673,3961
2024,4034,华中科技大学,009,电气工程及其自动化（启明实验班）,2,684,1764
2024,4034,华中科技大学,010,生物科学类,5,663,6995
2024,4034,华中科技大学,011,生物医学工程类,6,668,5464
2024,4034,华中科技大学,012,生物科学（创新实验班）,3,666,5946
2024,4034,华中科技大学,013,电子信息类（电信学院）,13,670,4664
2024,4034,华中科技大学,014,电子信息工程（创新实验班）,2,677,3062
2024,4034,华中科技大学,015,光电信息科学与工程,11,675,3399
2024,4034,华中科技大学,016,自动化类,13,671,4451
2024,4034,华中科技大学,017,航空航天类,5,668,5320
2024,4034,华中科技大学,018,电子信息类（集成电路学院）,15,672,4311
2024,4034,华中科技大学,019,计算机类（计算机学院）,13,678,2768
2024,4034,华中科技大学,020,环境科学与工程类,3,662,7287
2024,4034,华中科技大学,021,管理科学与工程类,5,663,6987
2024,4034,华中科技大学,022,工商管理类,4,664,6534
2024,4034,华中科技大学,023,数字经济（AI双学位）,4,665,6150
2024,4034,华中科技大学,024,新闻传播学类,4,664,6766
2024,4034,华中科技大学,025,传播学（计算机辅修学位）,4,661,7586
2024,4034,华中科技大学,026,临床医学（八年制）,4,689,1074
2024,4034,华中科技大学,027,临床医学,16,670,4628
2024,4034,华中科技大学,028,口腔医学,3,668,5426
2024,4034,华中科技大学,029,预防医学（启明实验班）,2,666,6005
2024,4034,华中科技大学,030,药学（启明实验班）,2,663,6945
2024,4034,华中科技大学,031,光电信息科学与工程（未来技术实验班）,2,681,2276
2024,4034,华中科技大学,032,机械设计制造及其自动化（未来技术实验班）,2,678,2866
2024,4034,华中科技大学,033,生物科学(中外合作办学),10,653,11205
2024,4034,华中科技大学,034,金融工程,5,662,7419
2024,4035,文华学院,001,计算机科学与技术,2,518,148352
2024,4035,文华学院,002,软件工程,2,492,
2024,4035,文华学院,004,电子信息工程,2,493,176532
2024,4035,文华学院,006,物联网工程,2,492,
2024,4035,文华学院,007,机械设计制造及其自动化,2,492,
2024,4035,文华学院,008,电气工程及其自动化,2,503,165622
2024,4035,文华学院,010,智能制造工程,2,492,
2024,4035,文华学院,011,增材制造工程,2,492,
2024,4035,文华学院,015,建筑学,2,544,118393
2024,4035,文华学院,016,城乡规划,2,541,121515
2024,4035,文华学院,017,给排水科学与工程,2,492,
2024,4035,文华学院,019,工程管理,2,503,165862
2024,4035,文华学院,025,金融学,2,544,117434
2024,4035,文华学院,026,工商管理,2,549,112259
2024,4035,文华学院,027,电子商务,2,544,118456
2024,4035,文华学院,028,会计学,2,558,101527
2024,4035,文华学院,029,财务管理,2,553,107862
2024,4035,文华学院,030,国际经济与贸易,2,546,116121
2024,4035,文华学院,031,新闻学,2,550,111168
2024,4035,文华学院,032,广告学,2,550,111041
2024,4035,文华学院,033,网络与新媒体,2,559,99694
2024,4035,文华学院,034,法学,2,560,98963
2024,4035,文华学院,035,英语,3,550,110865
2024,4035,文华学院,036,日语,2,538,125622
2024,4035,文华学院,505,工程造价,6,492,
2024,4035,文华学院,506,大数据与财务管理,6,492,
2024,4035,文华学院,507,市场营销,7,492,
2024,4035,文华学院,508,应用英语,6,492,
2024,4036,武昌首义学院,001,计算机科学与技术,2,523,142753
2024,4036,武昌首义学院,002,计算机科学与技术（华为云特色班）,2,525,140001
2024,4036,武昌首义学院,003,软件工程,2,501,167491
2024,4036,武昌首义学院,004,软件工程（华为云特色班）,2,523,142164
2024,4036,武昌首义学院,005,电子信息工程,2,498,170746
2024,4036,武昌首义学院,006,人工智能,2,492,
2024,4036,武昌首义学院,007,数据科学与大数据技术（腾讯云精英班）,2,496,172859
2024,4036,武昌首义学院,008,电气工程及其自动化,2,517,149138
2024,4036,武昌首义学院,010,机器人工程,2,507,160669
2024,4036,武昌首义学院,012,给排水科学与工程,2,492,
2024,4036,武昌首义学院,013,工程造价,2,508,160094
2024,4036,武昌首义学院,015,外国语言文学类,3,551,110020
2024,4036,武昌首义学院,016,金融学,2,550,110597
2024,4036,武昌首义学院,017,财务管理（大数据财务方向）,2,561,97471
2024,4036,武昌首义学院,018,会计学,2,566,91948
2024,4036,武昌首义学院,019,国际经济与贸易,2,545,116854
2024,4036,武昌首义学院,020,市场营销（数字化营销方向）,2,543,119410
2024,4036,武昌首义学院,021,金融科技,2,492,
2024,4036,武昌首义学院,022,会计学（英国皇家特许管理会计师方向）,2,559,100747
2024,4036,武昌首义学院,023,法学,2,567,90776
2024,4036,武昌首义学院,024,广播电视学（视听新媒体方向）,2,556,104108
2024,4036,武昌首义学院,025,汉语言文学,2,567,90927
2024,4036,武昌首义学院,026,网络与新媒体,2,558,101785
2024,4036,武昌首义学院,027,广播电视编导,2,535,128690
2024,4036,武昌首义学院,501,计算机应用技术（华为云特色班）,4,511,157021
2024,4036,武昌首义学院,502,计算机应用技术（腾讯云特色班）,4,499,169676
2024,4036,武昌首义学院,505,机械制造及自动化,2,496,173780
2024,4036,武昌首义学院,506,机电一体化技术（工业机器人方向）,2,493,176617
2024,4036,武昌首义学院,510,应用英语,2,492,
2024,4036,武昌首义学院,511,大数据与财务管理（腾讯云特色班）,5,501,168451
2024,4036,武昌首义学院,512,市场营销（腾讯云特色班）,4,496,173623
2024,4036,武昌首义学院,517,网络规划与优化技术,5,492,
2024,4037,华中农业大学,001,生物科学类,18,632,23459
2024,4037,华中农业大学,002,生物工程,10,629,25794
2024,4037,华中农业大学,003,植物生产类,13,617,36276
2024,4037,华中农业大学,004,智慧农业,10,629,26205
2024,4037,华中农业大学,005,动物科学,10,618,35439
2024,4037,华中农业大学,006,动物医学,7,638,19528
2024,4037,华中农业大学,007,环境科学与工程类,5,624,30041
2024,4037,华中农业大学,008,园艺,3,628,26723
2024,4037,华中农业大学,009,设施农业科学与工程,7,623,31425
2024,4037,华中农业大学,010,茶学,4,621,32487
2024,4037,华中农业大学,011,林学,3,623,31000
2024,4037,华中农业大学,012,园林,4,601,52085
2024,4037,华中农业大学,013,风景园林,3,642,17150
2024,4037,华中农业大学,014,水产类,14,592,62449
2024,4037,华中农业大学,015,农业工程类,17,620,33280
2024,4037,华中农业大学,016,机械类,19,627,27263
2024,4037,华中农业大学,017,计算机类,4,639,18707
2024,4037,华中农业大学,018,社会学类,8,641,17557
2024,4037,华中农业大学,019,法学,4,651,12147
2024,4037,华中农业大学,020,广告学,4,640,18390
2024,4037,华中农业大学,021,经济学类,4,645,15487
2024,4037,华中农业大学,022,大数据管理与应用,1,643,16592
2024,4037,华中农业大学,023,经济统计学,4,631,24640
2024,4037,华中农业大学,024,工商管理类,2,645,15375
2024,4037,华中农业大学,025,外国语言文学类,4,641,17775
2024,4037,华中农业大学,026,公共管理类,2,643,16579
2024,4037,华中农业大学,027,管理科学与工程类,10,625,29106
2024,4037,华中农业大学,030,农林经济管理(中外合作办学),15,627,27580
2024,4037,华中农业大学,031,园艺(中外合作办学),10,569,88776
2024,4037,华中农业大学,032,生态学(中外合作办学),10,570,86965
2024,4038,武汉设计工程学院,012,商务英语,2,539,124087
2024,4039,华中师范大学,001,教育学类,4,653,11320
2024,4039,华中师范大学,002,心理学类,3,654,10548
2024,4039,华中师范大学,003,法学类,6,656,9863
2024,4039,华中师范大学,005,马克思主义理论类,2,661,7655
2024,4039,华中师范大学,007,中国语言文学类,6,662,7527
2024,4039,华中师范大学,008,外国语言文学类,1,658,8698
2024,4039,华中师范大学,009,外国语言文学类,7,645,15539
2024,4039,华中师范大学,010,历史学类,1,662,7562
2024,4039,华中师范大学,012,数学类,1,660,7980
2024,4039,华中师范大学,013,统计学,3,651,11879
2024,4039,华中师范大学,015,物理学(师范),2,657,9254
2024,4039,华中师范大学,016,物理学（理科人才基地班）,2,656,9772
2024,4039,华中师范大学,017,电子信息类,4,646,14551
2024,4039,华中师范大学,019,化学类,8,646,14699
2024,4039,华中师范大学,021,生物科学类,5,645,15022
2024,4039,华中师范大学,022,新闻传播学类,2,652,11593
2024,4039,华中师范大学,023,计算机类,8,647,13970
2024,4039,华中师范大学,025,计算机类,2,648,13680
2024,4039,华中师范大学,026,数字媒体技术,2,650,12762
2024,4039,华中师范大学,027,电子商务,3,642,17153
2024,4039,华中师范大学,028,管理科学与工程类,3,640,18050
2024,4039,华中师范大学,029,经济学类,1,653,11076
2024,4039,华中师范大学,030,金融学类,9,631,24486
2024,4039,华中师范大学,031,社会学类,2,653,11324
2024,4039,华中师范大学,032,公共管理类,3,650,12803
2024,4039,华中师范大学,033,政治学类,3,657,9296
2024,4040,汉口学院,001,法学,8,556,103955
2024,4040,汉口学院,002,英语,5,537,126671
2024,4040,汉口学院,003,网络与新媒体,5,547,114350
2024,4042,黄冈职业技术学院,507,临床医学,7,507,160787
2024,4042,黄冈职业技术学院,508,口腔医学,10,520,146336
2024,4042,黄冈职业技术学院,509,药学,5,492,
2024,4042,黄冈职业技术学院,510,医学检验技术,5,492,
2024,4042,黄冈职业技术学院,512,针灸推拿,5,492,177974
2024,4043,湖北理工学院,001,新能源材料与器件,2,523,142712
2024,4043,湖北理工学院,002,环境工程,2,530,133856
2024,4043,湖北理工学院,003,能源与环境系统工程,2,520,145698
2024,4043,湖北理工学院,004,英语,2,570,87335
2024,4043,湖北理工学院,005,服装设计与工程,2,567,91173
2024,4045,荆楚理工学院,001,应用物理学(师范),3,500,168595
2024,4045,荆楚理工学院,002,化学工程与工艺,3,521,144765
2024,4045,荆楚理工学院,004,广播电视编导,4,554,106404
2024,4045,荆楚理工学院,005,数字媒体技术(中外合作办学),5,492,
2024,4047,荆州职业技术学院,507,口腔医学技术,10,492,
2024,4048,三峡大学,001,水利水电工程,2,612,41062
2024,4048,三峡大学,002,工程管理（含造价方向）,2,596,57317
2024,4048,三峡大学,003,土木工程（智慧土木方向）,2,599,54095
2024,4048,三峡大学,004,新能源材料与器件（光电低碳材料与器件、储能材料方向）,2,599,54491
2024,4048,三峡大学,005,电气工程及其自动化,6,636,20767
2024,4048,三峡大学,006,电气工程及其自动化（输电线路工程方向）,4,632,23968
2024,4048,三峡大学,007,智能电网信息工程,2,625,29131
2024,4048,三峡大学,008,投资学,2,598,56011
2024,4048,三峡大学,009,数学与应用数学（教师教育、大数据与科学计算方向）,3,592,61931
2024,4048,三峡大学,010,核工程与核技术,2,612,40761
2024,4048,三峡大学,011,电气工程及其自动化(中外合作办学),3,626,28478
2024,4049,三峡大学科技学院,001,国际经济与贸易,2,547,114963
2024,4049,三峡大学科技学院,002,英语,2,550,111396
2024,4049,三峡大学科技学院,003,财务管理,2,556,104005
2024,4049,三峡大学科技学院,004,机械设计制造及其自动化,2,508,160251
2024,4049,三峡大学科技学院,005,智能制造工程,2,492,
2024,4049,三峡大学科技学院,006,新能源材料与器件,2,500,168861
2024,4049,三峡大学科技学院,007,电气工程及其自动化（含电力系统、输电线路工程方向）,3,528,136230
2024,4049,三峡大学科技学院,008,光电信息科学与工程,2,492,
2024,4049,三峡大学科技学院,009,计算机科学与技术（移动互联网方向、大数据方向）,2,505,163099
2024,4049,三峡大学科技学院,010,水利水电工程,2,514,152682
2024,4049,三峡大学科技学院,011,临床医学,7,517,149715
2024,4049,三峡大学科技学院,501,发电厂及电力系统,4,501,167741
2024,4049,三峡大学科技学院,502,水利水电建筑工程,4,492,178039
2024,4049,三峡大学科技学院,503,智能机电技术,3,492,
2024,4049,三峡大学科技学院,504,计算机应用技术,3,497,171930
2024,4049,三峡大学科技学院,505,大数据与会计,4,492,
2024,4050,三峡电力职业学院,502,道路与桥梁工程技术,6,492,
2024,4050,三峡电力职业学院,504,电力系统继电保护技术,10,492,
2024,4050,三峡电力职业学院,505,电力系统自动化技术,10,492,
2024,4051,荆州理工职业学院,512,小学教育(师范),5,492,
2024,4051,荆州理工职业学院,517,体育教育(师范),5,492,
2024,4054,武汉船舶职业技术学院,505,船舶动力工程技术,2,492,
2024,4054,武汉船舶职业技术学院,506,船舶工程技术,6,492,
2024,4054,武汉船舶职业技术学院,529,大数据与会计,2,492,
2024,4055,武汉大学,001,中国语言文学类,3,671,4568
2024,4055,武汉大学,002,历史学类,2,670,4669
2024,4055,武汉大学,003,外国语言文学类,3,668,5476
2024,4055,武汉大学,004,经济学（数智经济与管理试验班）,2,675,3501
2024,4055,武汉大学,005,经济学类,9,669,5052
2024,4055,武汉大学,006,公共管理类,6,667,5673
2024,4055,武汉大学,008,数学类,6,671,4388
2024,4055,武汉大学,009,物理学类,6,668,5288
2024,4055,武汉大学,010,化学类,4,666,6048
2024,4055,武汉大学,011,生物科学类,3,666,5884
2024,4055,武汉大学,012,建筑学(中外合作办学),2,654,10916
2024,4055,武汉大学,013,计算机类（国家网络安全学院）,6,672,4205
2024,4055,武汉大学,014,理科试验班（弘毅学堂）,3,678,2836
2024,4055,武汉大学,015,哲学类,2,668,5415
2024,4055,武汉大学,016,生物科学（精英班）,2,669,5115
2024,4055,武汉大学,017,新闻传播学类（含卓越新闻传播人才教育培养计划）,2,668,5221
2024,4055,武汉大学,018,金融学类（弘毅学堂）,3,677,2994
2024,4055,武汉大学,019,法学,4,681,2130
2024,4055,武汉大学,020,临床医学,2,684,1658
2024,4055,武汉大学,021,口腔医学,2,683,1955
2024,4055,武汉大学,022,口腔医学（5+3一体化）,2,682,2001
2024,4055,武汉大学,023,网络空间安全（拔尖试验班）,2,678,2767
2024,4055,武汉大学,024,临床医学（5+3一体化）,8,676,3168
2024,4055,武汉大学,025,计算机科学与技术（雷军班）,1,691,861
2024,4055,武汉大学,026,计算机类（计算机学院）,20,673,3914
2024,4055,武汉大学,027,工科试验班（数智土木类试验班）,2,664,6833
2024,4055,武汉大学,028,环境工程（卓越国际试验班）,2,663,7011
2024,4055,武汉大学,029,工科试验班（电气类）,3,672,4182
2024,4055,武汉大学,030,工科试验班（智能机器人试验班）,2,674,3699
2024,4055,武汉大学,031,工科试验班（智慧能源与智能制造类）,5,670,4649
2024,4055,武汉大学,032,电子信息类,24,668,5212
2024,4055,武汉大学,033,遥感科学与技术,8,669,4978
2024,4055,武汉大学,034,文科试验班类（弘毅学堂）,5,677,3113
2024,4055,武汉大学,035,工科试验班（碳中和试验班）,2,672,4161
2024,4055,武汉大学,036,导航工程（智能导航试验班）,2,671,4404
2024,4056,武汉晴川学院,001,机械电子工程,2,492,
2024,4056,武汉晴川学院,003,物联网工程,4,492,
2024,4056,武汉晴川学院,004,计算机科学与技术,2,493,176138
2024,4056,武汉晴川学院,006,商务英语,4,531,132985
2024,4056,武汉晴川学院,007,国际经济与贸易,4,537,126576
2024,4056,武汉晴川学院,008,电子商务,2,540,122975
2024,4056,武汉晴川学院,009,市场营销,3,534,130127
2024,4056,武汉晴川学院,010,物流管理,2,538,125212
2024,4056,武汉晴川学院,012,会计学,2,553,107528
2024,4056,武汉晴川学院,013,财务管理,4,546,115885
2024,4056,武汉晴川学院,014,工程管理（工程概预算）,4,492,
2024,4056,武汉晴川学院,501,电子商务,9,492,
2024,4056,武汉晴川学院,502,金融服务与管理,8,492,
2024,4058,武汉工程大学,001,化学工程与工艺（AI绿色化工、精细化学品，含创新、卓越班）,4,594,60152
2024,4058,武汉工程大学,002,制药工程（含卓越计划班）,4,593,61620
2024,4058,武汉工程大学,003,药物制剂（靶向药物、纳米制剂）,4,588,66306
2024,4058,武汉工程大学,004,机器人工程（机器人化智能制造方向）,3,602,51669
2024,4058,武汉工程大学,005,电气工程及其自动化,2,613,39674
2024,4058,武汉工程大学,006,电子信息工程（含集成电路设计、模式识别与智能系统方向）,2,604,49558
2024,4058,武汉工程大学,007,通信工程（5G移动互联网方向）,4,600,53072
2024,4058,武汉工程大学,008,信息工程（含智能信息处理方向、智能信息系统方向）,4,598,55383
2024,4058,武汉工程大学,009,自动化（含智能机器人方向、智能控制与技术方向）,4,603,49915
2024,4058,武汉工程大学,010,材料物理（半导体芯片制造方向）,3,597,56588
2024,4058,武汉工程大学,011,会计学（ACCA方向）,3,610,42731
2024,4058,武汉工程大学,012,计算机类,5,604,49405
2024,4058,武汉工程大学,013,人工智能（深度学习、机器人、智能金融方向）,3,602,51487
2024,4058,武汉工程大学,014,法学类,3,623,31411
2024,4058,武汉工程大学,015,经济学（CFA国际特许金融分析师方向）,4,607,46533
2024,4058,武汉工程大学,016,信息与计算科学（含智能计算、信息与数据安全方向）,4,596,57542
2024,4058,武汉工程大学,017,数据科学与大数据技术,3,601,52023
2024,4058,武汉工程大学,018,光电信息科学与工程（含光电芯片、先进光学方向）,5,599,54134
2024,4058,武汉工程大学,019,能源与动力工程（含智能人工环境、新能源与储能科学方向）,5,600,53251
2024,4059,武汉工程大学邮电与信息工程学院,001,国际经济与贸易（跨境电商方向）,2,539,123869
2024,4059,武汉工程大学邮电与信息工程学院,002,国际经济与贸易（金融方向）,2,539,124420
2024,4059,武汉工程大学邮电与信息工程学院,003,法学,13,558,101709
2024,4059,武汉工程大学邮电与信息工程学院,004,英语,10,536,127920
2024,4059,武汉工程大学邮电与信息工程学院,005,过程装备与控制工程（数字化制造方向）,2,492,
2024,4059,武汉工程大学邮电与信息工程学院,010,计算机科学与技术,2,503,165158
2024,4059,武汉工程大学邮电与信息工程学院,011,计算机科学与技术（AI方向）,2,501,167728
2024,4059,武汉工程大学邮电与信息工程学院,012,软件工程（大数据与云计算方向）,4,492,
2024,4060,武汉工程职业技术学院,501,机械设计与制造,5,492,
2024,4061,武汉轻工大学,001,食品科学与工程类,4,557,102363
2024,4061,武汉轻工大学,002,生物工程（绿色生物制造方向）,3,539,124193
2024,4061,武汉轻工大学,003,功能材料,2,552,108681
2024,4061,武汉轻工大学,004,化学工程与工艺,2,566,92526
2024,4061,武汉轻工大学,005,机械类,4,572,85319
2024,4061,武汉轻工大学,006,动物药学,2,492,
2024,4061,武汉轻工大学,007,水产养殖学,2,527,137976
2024,4061,武汉轻工大学,008,电子信息类,3,584,70957
2024,4061,武汉轻工大学,009,计算机类,3,589,65985
2024,4061,武汉轻工大学,010,建筑学,2,596,57988
2024,4061,武汉轻工大学,011,工商管理类,3,596,58285
2024,4061,武汉轻工大学,012,金融学,2,600,53572
2024,4061,武汉轻工大学,014,外国语言文学类,2,590,64537
2024,4061,武汉轻工大学,015,食品科学与工程(中外合作办学)（未来食品方向）,3,516,150637
2024,4061,武汉轻工大学,016,工程管理(中外合作办学),3,540,122570
2024,4061,武汉轻工大学,017,广告学(中外合作办学),5,576,80345
2024,4062,武昌工学院,001,投资学（数字金融方向）,3,534,129447
2024,4062,武昌工学院,002,学前教育,8,534,129705
2024,4062,武昌工学院,003,英语（教育方向）,3,539,124318
2024,4062,武昌工学院,004,智能制造工程,5,492,
2024,4062,武昌工学院,005,通信工程（5G移动通信技术方向）,5,492,
2024,4062,武昌工学院,007,工商管理（数字化运营方向）,5,537,126696
2024,4062,武昌工学院,008,财务管理（大数据财务分析与决策方向）,6,545,117266
2024,4062,武昌工学院,009,人力资源管理,3,534,129923
2024,4062,武昌工学院,010,电子商务,4,533,130904
2024,4062,武昌工学院,011,机械设计制造及其自动化（高端智能制造装备技术方向）,5,492,
2024,4065,武汉交通职业学院,512,高速铁路客运服务,6,492,
2024,4066,武汉警官职业学院,501,司法鉴定技术,3,517,150061
2024,4066,武汉警官职业学院,502,行政执行,3,512,155062
2024,4066,武汉警官职业学院,503,区块链技术应用,2,507,161038
2024,4066,武汉警官职业学院,504,法律事务,3,514,153275
2024,4066,武汉警官职业学院,505,法律文秘,2,514,153602
2024,4066,武汉警官职业学院,506,司法警务,4,515,151811
2024,4066,武汉警官职业学院,507,计算机应用技术,2,503,165373
2024,4066,武汉警官职业学院,508,信息安全技术应用,2,502,167142
2024,4066,武汉警官职业学院,509,刑事侦查技术,6,510,157783
2024,4066,武汉警官职业学院,510,刑事执行,6,508,160085
2024,4066,武汉警官职业学院,511,司法信息安全,2,516,151404
2024,4067,武汉科技大学,001,机械类,11,601,52838
2024,4067,武汉科技大学,002,计算机类,7,610,43010
2024,4067,武汉科技大学,003,自动化类,5,605,47837
2024,4067,武汉科技大学,004,建筑类,5,568,89204
2024,4067,武汉科技大学,005,土木类,5,571,85775
2024,4067,武汉科技大学,006,管理科学与工程类,5,587,68114
2024,4067,武汉科技大学,007,工程力学,4,594,59769
2024,4067,武汉科技大学,008,信息与计算科学,7,597,57053
2024,4067,武汉科技大学,009,机械类（汽车）,6,596,57449
2024,4067,武汉科技大学,010,工业设计,3,590,63932
2024,4067,武汉科技大学,011,应用化学,4,589,65429
2024,4067,武汉科技大学,012,工商管理类,10,605,48436
2024,4067,武汉科技大学,013,法学类,6,623,31094
2024,4067,武汉科技大学,016,光电信息科学与工程,2,603,50212
2024,4067,武汉科技大学,017,电气工程及其自动化,6,605,47627
2024,4067,武汉科技大学,018,化学工程与工艺,4,585,69889
2024,4067,武汉科技大学,019,生物工程（制药方向）,5,579,76482
2024,4067,武汉科技大学,020,自动化类（电子信息）,7,604,48916
2024,4068,武汉城市学院,001,工商管理,3,542,120350
2024,4068,武汉城市学院,002,物流管理,3,541,121341
2024,4068,武汉城市学院,003,人力资源管理,2,547,114928
2024,4068,武汉城市学院,004,市场营销,2,537,126226
2024,4068,武汉城市学院,005,财务管理,3,553,107566
2024,4068,武汉城市学院,006,会计学,3,559,100782
2024,4068,武汉城市学院,007,国际经济与贸易,3,546,115553
2024,4068,武汉城市学院,009,工程管理,1,514,152973
2024,4068,武汉城市学院,010,建筑学,2,559,100549
2024,4068,武汉城市学院,013,城乡规划,3,556,103734
2024,4068,武汉城市学院,014,工程造价,2,505,163239
2024,4068,武汉城市学院,015,计算机科学与技术,4,493,176140
2024,4068,武汉城市学院,018,信息管理与信息系统,2,517,149520
2024,4068,武汉城市学院,019,电子商务,2,542,120173
2024,4068,武汉城市学院,020,机械设计制造及其自动化,3,505,163119
2024,4068,武汉城市学院,021,电气工程及其自动化,3,501,167906
2024,4068,武汉城市学院,022,自动化,1,519,147353
2024,4068,武汉城市学院,023,机械电子工程,1,493,176027
2024,4068,武汉城市学院,024,英语,4,539,123378
2024,4068,武汉城市学院,025,日语,4,537,126681
2024,4068,武汉城市学院,027,药物制剂,1,492,177491
2024,4068,武汉城市学院,032,智能车辆工程,1,508,159941
2024,4068,武汉城市学院,033,机器人工程,1,526,138617
2024,4069,武昌理工学院,001,投资学（金融方向）,3,534,129345
2024,4069,武昌理工学院,002,汉语言文学,2,557,102167
2024,4069,武昌理工学院,003,机器人工程,2,492,
2024,4069,武昌理工学院,004,计算机科学与技术,2,492,
2024,4069,武昌理工学院,007,生物制药,3,495,174532
2024,4069,武昌理工学院,008,工程造价,2,510,157698
2024,4069,武昌理工学院,009,工商管理（精英班）,18,530,134715
2024,4069,武昌理工学院,010,电子商务（腾讯云精英班）,5,535,129088
2024,4069,武昌理工学院,506,生物制药技术,3,503,166183
2024,4069,武昌理工学院,509,计算机网络技术（腾讯云特色班）,5,500,169540
2024,4069,武昌理工学院,510,护理,4,492,
2024,4069,武昌理工学院,513,旅游管理,2,492,
2024,4070,武汉纺织大学,005,材料类,8,534,129621
2024,4070,武汉纺织大学,006,纺织类,9,524,141194
2024,4070,武汉纺织大学,007,信息管理与信息系统,6,566,91955
2024,4070,武汉纺织大学,008,化学类,3,546,115859
2024,4070,武汉纺织大学,009,环境科学与工程类,8,493,176521
2024,4070,武汉纺织大学,010,会计学（ACCA方向）,6,596,57739
2024,4070,武汉纺织大学,011,会计学（注册会计师）,8,599,54044
2024,4070,武汉纺织大学,012,工程造价,6,552,108071
2024,4070,武汉纺织大学,013,国际经济与贸易,5,592,62556
2024,4070,武汉纺织大学,014,人工智能,6,567,90325
2024,4070,武汉纺织大学,015,自动化类,4,568,89163
2024,4070,武汉纺织大学,016,大数据管理与应用,4,566,92579
2024,4070,武汉纺织大学,017,轻化工程,2,559,100267
2024,4070,武汉纺织大学,018,金融学,3,594,60248
2024,4071,武汉纺织大学外经贸学院,001,国际经济与贸易,2,536,127219
2024,4071,武汉纺织大学外经贸学院,002,英语,1,539,123993
2024,4071,武汉纺织大学外经贸学院,003,机械设计制造及其自动化,1,507,160621
2024,4071,武汉纺织大学外经贸学院,004,机械电子工程,2,492,
2024,4071,武汉纺织大学外经贸学院,005,电气工程及其自动化,1,503,165312
2024,4071,武汉纺织大学外经贸学院,007,计算机科学与技术,1,515,151523
2024,4071,武汉纺织大学外经贸学院,009,网络工程,2,492,
2024,4071,武汉纺织大学外经贸学院,011,数据科学与大数据技术,3,492,
2024,4071,武汉纺织大学外经贸学院,012,大数据管理与应用,3,498,171257
2024,4071,武汉纺织大学外经贸学院,013,工商管理,2,538,124944
2024,4071,武汉纺织大学外经贸学院,014,市场营销,2,534,129811
2024,4071,武汉纺织大学外经贸学院,015,财务管理,2,544,117720
2024,4071,武汉纺织大学外经贸学院,016,工业工程,2,493,176541
2024,4071,武汉纺织大学外经贸学院,017,跨境电子商务,3,531,133109
2024,4071,武汉纺织大学外经贸学院,024,日语,1,535,129003
2024,4071,武汉纺织大学外经贸学院,501,机电一体化技术,4,492,
2024,4071,武汉纺织大学外经贸学院,502,计算机应用技术,4,492,
2024,4071,武汉纺织大学外经贸学院,505,国际经济与贸易,2,492,
2024,4071,武汉纺织大学外经贸学院,508,现代物流管理,2,492,
2024,4072,武汉理工大学,001,材料类,18,643,16259
2024,4072,武汉理工大学,002,电子信息类（微电子卓越实验班）,2,655,10372
2024,4072,武汉理工大学,003,交通运输类,10,641,17470
2024,4072,武汉理工大学,004,物流管理与工程类,7,635,21629
2024,4072,武汉理工大学,005,机械设计制造及其自动化,13,645,15130
2024,4072,武汉理工大学,006,海洋工程类,7,634,22433
2024,4072,武汉理工大学,008,机械类（车辆）,18,642,16772
2024,4072,武汉理工大学,009,机械类（智能制造）,12,645,15166
2024,4072,武汉理工大学,010,土木类,10,628,26782
2024,4072,武汉理工大学,011,建筑类,3,633,22776
2024,4072,武汉理工大学,012,地理信息科学,5,641,17868
2024,4072,武汉理工大学,013,环境科学与工程类,8,633,22911
2024,4072,武汉理工大学,014,电子信息类（通信卓越实验班）,4,653,11223
2024,4072,武汉理工大学,015,电子信息类,13,651,11981
2024,4072,武汉理工大学,016,计算机类,12,652,11763
2024,4072,武汉理工大学,017,自动化类,12,650,12663
2024,4072,武汉理工大学,018,导航工程,5,642,16748
2024,4072,武汉理工大学,020,海事管理,5,633,22657
2024,4072,武汉理工大学,021,数学类,13,647,14155
2024,4072,武汉理工大学,022,化工与制药类（含生物方向）,22,634,22227
2024,4072,武汉理工大学,023,工商管理类,12,647,14221
2024,4072,武汉理工大学,024,经济学类,20,646,14885
2024,4072,武汉理工大学,027,外国语言文学类,8,641,17687
2024,4072,武汉理工大学,028,思想政治教育,2,649,13199
2024,4072,武汉理工大学,029,法学类,2,652,11805
2024,4072,武汉理工大学,030,管理科学与工程类（大数据管理与安全科学）,5,642,16953
2024,4072,武汉理工大学,031,车辆工程(中外合作办学),4,638,19736
2024,4072,武汉理工大学,032,金融学(中外合作办学),4,642,17037
2024,4072,武汉理工大学,033,生物科学类(中外合作办学),11,618,35780
2024,4073,武汉华夏理工学院,001,机械设计制造及其自动化,3,503,165407
2024,4073,武汉华夏理工学院,002,材料成型及控制工程,2,492,
2024,4073,武汉华夏理工学院,003,智能制造工程,3,492,
2024,4073,武汉华夏理工学院,004,软件工程,3,492,
2024,4073,武汉华夏理工学院,005,自动化（智能控制方向）,3,494,175037
2024,4073,武汉华夏理工学院,007,人工智能,3,494,175080
2024,4073,武汉华夏理工学院,009,医学检验技术,4,492,
2024,4073,武汉华夏理工学院,010,土木工程,4,492,
2024,4073,武汉华夏理工学院,011,工程造价,5,492,
2024,4073,武汉华夏理工学院,012,城乡规划,5,541,121275
2024,4073,武汉华夏理工学院,013,商务英语,4,535,128866
2024,4073,武汉华夏理工学院,014,英语（英语教育方向）,3,541,121593
2024,4073,武汉华夏理工学院,015,英语（英日双语方向）,4,535,129028
2024,4073,武汉华夏理工学院,016,会计学（智能财务方向）,3,552,108868
2024,4073,武汉华夏理工学院,017,工商管理（新媒体运营方向）,3,539,123862
2024,4073,武汉华夏理工学院,018,工商管理（智慧供应链方向）,4,534,129892
2024,4073,武汉华夏理工学院,019,大数据管理与应用,4,512,155072
2024,4073,武汉华夏理工学院,020,电子商务,3,536,127688
2024,4073,武汉华夏理工学院,021,国际经济与贸易（数字贸易方向）,4,538,125289
2024,4073,武汉华夏理工学院,022,经济与金融（数智金融方向）,3,539,123874
2024,4073,武汉华夏理工学院,023,广告学,2,545,117212
2024,4073,武汉华夏理工学院,029,经济与金融,3,536,127155
2024,4074,武汉民政职业学院,501,护理,4,499,170636
2024,4074,武汉民政职业学院,505,数字媒体艺术设计,3,492,
2024,4074,武汉民政职业学院,507,社会工作,1,501,168366
2024,4074,武汉民政职业学院,508,民政服务与管理,2,492,
2024,4074,武汉民政职业学院,509,现代殡葬技术与管理,5,528,137121
2024,4075,武汉软件工程职业学院,501,软件技术,3,511,156252
2024,4075,武汉软件工程职业学院,502,人工智能技术应用,1,523,143074
2024,4075,武汉软件工程职业学院,503,数字媒体技术,1,498,170849
2024,4075,武汉软件工程职业学院,504,计算机网络技术,2,502,166419
2024,4075,武汉软件工程职业学院,505,物联网应用技术,1,504,164866
2024,4075,武汉软件工程职业学院,509,智能机器人技术,1,495,173925
2024,4075,武汉软件工程职业学院,511,集成电路技术,1,506,162610
2024,4075,武汉软件工程职业学院,512,机电一体化技术,1,497,172451
2024,4075,武汉软件工程职业学院,515,现代物流管理,1,508,160195
2024,4077,武汉商学院,501,酒店管理与数字化运营,5,516,151288
2024,4077,武汉商学院,502,西式烹饪工艺,5,517,149790
2024,4077,武汉商学院,503,烹饪工艺与营养,5,517,149690
2024,4078,武汉生物工程学院,002,市场营销,2,549,112074
2024,4078,武汉生物工程学院,003,财务管理,2,545,116382
2024,4078,武汉生物工程学院,004,汉语言文学,12,554,106128
2024,4078,武汉生物工程学院,005,网络与新媒体,2,544,117986
2024,4078,武汉生物工程学院,006,英语,5,541,121296
2024,4078,武汉生物工程学院,007,商务英语,2,537,126452
2024,4078,武汉生物工程学院,008,生物技术,5,492,
2024,4078,武汉生物工程学院,009,生物工程,5,492,
2024,4078,武汉生物工程学院,010,生物制药,5,492,
2024,4078,武汉生物工程学院,011,医学检验技术,10,492,
2024,4078,武汉生物工程学院,012,制药工程,5,492,
2024,4078,武汉生物工程学院,013,药学,6,492,
2024,4078,武汉生物工程学院,014,中药学,5,492,
2024,4078,武汉生物工程学院,015,康复治疗学,3,492,
2024,4078,武汉生物工程学院,016,护理学,5,527,138085
2024,4078,武汉生物工程学院,017,应用化学,5,492,
2024,4078,武汉生物工程学院,020,园林,5,542,120765
2024,4078,武汉生物工程学院,021,园艺,3,492,
2024,4078,武汉生物工程学院,022,机械设计制造及其自动化,2,505,162913
2024,4078,武汉生物工程学院,023,计算机科学与技术,2,494,174936
2024,4078,武汉生物工程学院,024,软件工程,2,492,
2024,4078,武汉生物工程学院,025,物联网工程,2,498,171189
2024,4078,武汉生物工程学院,026,数字媒体技术,2,492,
2024,4078,武汉生物工程学院,027,大数据管理与应用,2,517,149430
2024,4078,武汉生物工程学院,029,工程造价,2,509,158530
2024,4078,武汉生物工程学院,501,环境工程技术,5,492,
2024,4078,武汉生物工程学院,503,药品经营与管理,5,492,
2024,4078,武汉生物工程学院,504,药品生产技术,5,494,175444
2024,4078,武汉生物工程学院,505,药品生物技术,10,492,
2024,4078,武汉生物工程学院,506,园林技术,5,492,
2024,4078,武汉生物工程学院,510,计算机网络技术,5,492,
2024,4078,武汉生物工程学院,512,大数据与财务管理,5,492,
2024,4078,武汉生物工程学院,515,商务英语,5,492,
2024,4078,武汉生物工程学院,516,机电一体化技术,5,492,
2024,4079,武汉体育学院,007,广播电视编导,4,571,86271
2024,4079,武汉体育学院,010,教育技术学,2,543,119025
2024,4079,武汉体育学院,011,运动康复,2,600,53684
2024,4079,武汉体育学院,012,应用心理学,2,577,78740
2024,4079,武汉体育学院,013,信息管理与信息系统,2,552,108174
2024,4079,武汉体育学院,014,公共事业管理,2,573,84401
2024,4079,武汉体育学院,015,英语,2,578,78639
2024,4079,武汉体育学院,016,新闻学,2,583,72564
2024,4079,武汉体育学院,017,中医骨伤科学,2,540,122922
2024,4080,武汉铁路职业技术学院,501,铁道交通运营管理,3,536,126893
2024,4080,武汉铁路职业技术学院,502,城市轨道交通运营管理,3,524,141460
2024,4080,武汉铁路职业技术学院,503,现代物流管理,3,494,175864
2024,4080,武汉铁路职业技术学院,504,铁路物流管理,3,511,157115
2024,4080,武汉铁路职业技术学院,505,铁道机车运用与维护,2,530,133898
2024,4080,武汉铁路职业技术学院,506,铁道车辆技术,3,522,143757
2024,4080,武汉铁路职业技术学院,507,城市轨道车辆应用技术,3,515,152060
2024,4080,武汉铁路职业技术学院,508,机电设备技术,3,500,168545
2024,4080,武汉铁路职业技术学院,509,铁道信号自动控制,3,517,149605
2024,4080,武汉铁路职业技术学院,510,铁道通信与信息化技术,4,525,140264
2024,4080,武汉铁路职业技术学院,511,城市轨道交通通信信号技术,3,515,152533
2024,4080,武汉铁路职业技术学院,512,现代通信技术,3,492,
2024,4080,武汉铁路职业技术学院,513,轨道交通通信信号设备制造与维护,3,502,167217
2024,4080,武汉铁路职业技术学院,514,铁道供电技术,2,518,148790
2024,4080,武汉铁路职业技术学院,515,城市轨道交通供配电技术,2,509,158324
2024,4080,武汉铁路职业技术学院,516,高速铁路综合维修技术,2,515,151847
2024,4080,武汉铁路职业技术学院,517,高速铁路施工与维护,3,514,153539
2024,4080,武汉铁路职业技术学院,518,铁道工程技术,5,523,142624
2024,4080,武汉铁路职业技术学院,519,城市轨道交通工程技术,3,506,162439
2024,4080,武汉铁路职业技术学院,520,测绘工程技术,3,492,
2024,4080,武汉铁路职业技术学院,522,电子信息工程技术,3,493,176851
2024,4080,武汉铁路职业技术学院,523,集成电路技术,3,492,
2024,4080,武汉铁路职业技术学院,526,物联网应用技术,1,495,174841
2024,4080,武汉铁路职业技术学院,528,电气自动化技术,3,513,154307
2024,4080,武汉铁路职业技术学院,529,智能控制技术,3,512,155124
2024,4080,武汉铁路职业技术学院,530,工业互联网应用,2,492,
2024,4080,武汉铁路职业技术学院,532,城市轨道交通机电技术,2,514,153664
2024,4081,武汉外语外事职业学院,505,高速铁路客运服务,2,492,
2024,4084,武汉职业技术学院,502,软件技术,8,496,172905
2024,4084,武汉职业技术学院,503,计算机应用技术,5,492,
2024,4084,武汉职业技术学院,504,工业软件开发技术,6,492,
2024,4084,武汉职业技术学院,505,金融服务与管理,4,492,
2024,4084,武汉职业技术学院,506,商务英语,12,492,
2024,4084,武汉职业技术学院,507,全媒体广告策划与营销,5,492,
2024,4084,武汉职业技术学院,508,服装设计与工艺,5,492,
2024,4084,武汉职业技术学院,509,生物制药技术,6,492,
2024,4084,武汉职业技术学院,510,电子信息类,10,492,
2024,4084,武汉职业技术学院,511,机械设计制造类,5,492,
2024,4084,武汉职业技术学院,512,自动化类,5,502,167364
2024,4084,武汉职业技术学院,513,建设工程管理类,7,492,
2024,4085,仙桃职业学院,501,临床医学,16,492,
2024,4086,湖北科技学院,001,智慧林业,2,492,177265
2024,4086,湖北科技学院,002,汉语言文学,2,582,73668
2024,4086,湖北科技学院,003,外国语言文学类,2,575,81748
2024,4086,湖北科技学院,004,电子信息类,1,554,106124
2024,4086,湖北科技学院,006,核工程与核技术,2,529,135325
2024,4086,湖北科技学院,007,生物医学工程,2,502,166293
2024,4086,湖北科技学院,008,眼视光医学,2,558,101008
2024,4086,湖北科技学院,009,口腔医学,2,583,72384
2024,4086,湖北科技学院,010,护理学,2,554,106157
2024,4086,湖北科技学院,011,数据科学与大数据技术(中外合作办学),2,500,168706
2024,4087,咸宁职业技术学院,511,小学教育(师范),4,497,172162
2024,4087,咸宁职业技术学院,512,小学语文教育(师范),10,492,
2024,4088,湖北文理学院,001,汉语言文学,3,584,71222
2024,4088,湖北文理学院,002,电子信息类,3,530,133834
2024,4088,湖北文理学院,003,交通设备与控制工程（智能交通方向）,3,523,142338
2024,4088,湖北文理学院,004,机械类,3,528,136072
2024,4088,湖北文理学院,005,财务管理（ACCA方向）,4,576,80525
2024,4088,湖北文理学院,006,软件工程,4,526,138623
2024,4088,湖北文理学院,007,食品科学与工程,2,509,158981
2024,4089,襄阳职业技术学院,501,口腔医学,9,522,144079
2024,4089,襄阳职业技术学院,502,临床医学,9,504,164833
2024,4089,襄阳职业技术学院,503,中医学,3,497,172023
2024,4089,襄阳职业技术学院,505,医学检验技术,3,492,
2024,4089,襄阳职业技术学院,506,医学影像技术,6,499,170388
2024,4089,襄阳职业技术学院,507,康复治疗技术,2,492,
2024,4089,襄阳职业技术学院,508,护理,3,493,176597
2024,4089,襄阳职业技术学院,509,小学教育(师范),6,502,166554
2024,4089,襄阳职业技术学院,510,特殊教育(师范),5,492,
2024,4089,襄阳职业技术学院,513,小学语文教育(师范),5,498,171267
2024,4089,襄阳职业技术学院,514,小学英语教育(师范),3,492,
2024,4090,湖北工程学院,001,英语,2,571,86080
2024,4090,湖北工程学院,002,经济学,2,573,83503
2024,4090,湖北工程学院,003,金融工程,1,524,141021
2024,4090,湖北工程学院,004,电子商务,2,567,90573
2024,4090,湖北工程学院,005,数据科学与大数据技术,1,551,109326
2024,4090,湖北工程学院,006,光电信息科学与工程,1,532,131542
2024,4090,湖北工程学院,007,电子信息科学与技术,1,543,119115
2024,4090,湖北工程学院,008,机械设计制造及其自动化,2,532,131425
2024,4090,湖北工程学院,009,自动化,1,548,112938
2024,4090,湖北工程学院,010,计算机科学与技术,2,553,107005
2024,4091,汉江师范学院,001,化学(师范),1,536,127391
2024,4091,汉江师范学院,501,学前教育(师范),3,524,141982
2024,4091,汉江师范学院,502,小学教育(师范),3,549,112196
2024,4091,汉江师范学院,503,小学语文教育(师范),3,544,118392
2024,4091,汉江师范学院,504,小学英语教育(师范),2,536,127587
2024,4091,汉江师范学院,505,商务英语,2,518,148314
2024,4091,汉江师范学院,506,旅游管理,2,518,148740
2024,4091,汉江师范学院,507,大数据与会计,2,529,135736
2024,4091,汉江师范学院,508,电子商务,2,525,140532
2024,4091,汉江师范学院,509,小学数学教育(师范),2,545,116873
2024,4091,汉江师范学院,510,计算机应用技术,2,524,141916
2024,4091,汉江师范学院,511,大数据技术,2,505,162988
2024,4092,湖北医药学院,001,临床医学,2,586,68455
2024,4092,湖北医药学院,002,麻醉学,1,590,64007
2024,4092,湖北医药学院,003,医学影像学,2,575,81050
2024,4092,湖北医药学院,004,精神医学,1,576,79972
2024,4092,湖北医药学院,005,儿科学,1,562,96869
2024,4092,湖北医药学院,006,医学检验技术,1,557,102830
2024,4093,中国地质大学(武汉),001,地质学类（国家理科基地班）,3,642,17016
2024,4093,中国地质大学(武汉),002,地质学类,2,637,20386
2024,4093,中国地质大学(武汉),003,地质类（资源能源）,5,629,25737
2024,4093,中国地质大学(武汉),004,石油工程,2,634,21972
2024,4093,中国地质大学(武汉),005,资源环境大数据工程,2,634,22049
2024,4093,中国地质大学(武汉),006,应用化学,2,640,18559
2024,4093,中国地质大学(武汉),007,材料类,2,633,22919
2024,4093,中国地质大学(武汉),008,地下水科学与工程(中外合作办学),5,600,53447
2024,4093,中国地质大学(武汉),009,环境科学与工程类（环境地球科学类）,3,627,27260
2024,4093,中国地质大学(武汉),010,土木类,3,624,29685
2024,4093,中国地质大学(武汉),011,地质类,3,631,24281
2024,4093,中国地质大学(武汉),012,安全科学与工程类,2,628,26908
2024,4093,中国地质大学(武汉),013,地球物理学,2,642,16765
2024,4093,中国地质大学(武汉),014,海洋科学类,7,622,32225
2024,4093,中国地质大学(武汉),015,机械类,3,641,17785
2024,4093,中国地质大学(武汉),016,电子信息类,5,645,15342
2024,4093,中国地质大学(武汉),017,自动化类,2,643,16421
2024,4093,中国地质大学(武汉),018,经济学类,3,646,14808
2024,4093,中国地质大学(武汉),019,工商管理类,3,647,14350
2024,4093,中国地质大学(武汉),020,英语,2,643,16374
2024,4093,中国地质大学(武汉),021,地理科学类,3,637,20065
2024,4093,中国地质大学(武汉),022,测绘类（测绘与信息类）,3,635,21861
2024,4093,中国地质大学(武汉),023,数学类,2,644,16025
2024,4093,中国地质大学(武汉),024,宝石及材料工艺学,6,618,35223
2024,4093,中国地质大学(武汉),026,行政管理,5,643,16665
2024,4093,中国地质大学(武汉),027,计算机类,6,646,14418
2024,4093,中国地质大学(武汉),028,计算机科学与技术(中外合作办学)（大数据方向）,4,635,21347
2024,4093,中国地质大学(武汉),031,思想政治教育,3,649,13264
2024,4093,中国地质大学(武汉),032,地质学类（菁英班）,3,637,19986
2024,4093,中国地质大学(武汉),034,电子信息类,3,644,15810
2024,4094,武汉工程科技学院,002,机械设计制造及其自动化,2,494,175171
2024,4094,武汉工程科技学院,003,计算机科学与技术,2,496,173451
2024,4094,武汉工程科技学院,004,人工智能,2,494,174977
2024,4094,武汉工程科技学院,005,会计学,2,548,113563
2024,4094,武汉工程科技学院,006,金融学,2,539,124384
2024,4094,武汉工程科技学院,007,财务管理,2,545,117341
2024,4094,武汉工程科技学院,008,网络与新媒体,2,541,121265
2024,4094,武汉工程科技学院,009,汉语言文学,4,552,108574
2024,4094,武汉工程科技学院,010,小学教育,4,552,108718
2024,4094,武汉工程科技学院,011,英语,4,534,129643
2024,4094,武汉工程科技学院,507,大数据与会计,20,492,
2024,4094,武汉工程科技学院,508,电子商务,5,492,
2024,4095,中南财经政法大学,001,国际政治,3,653,11334
2024,4095,中南财经政法大学,002,经济学,1,659,8649
2024,4095,中南财经政法大学,003,数字经济,1,646,14596
2024,4095,中南财经政法大学,004,国际商务,1,654,10904
2024,4095,中南财经政法大学,005,财政学类,5,656,9765
2024,4095,中南财经政法大学,006,财政学（数字财税卓越人才实验班）,1,658,9055
2024,4095,中南财经政法大学,007,金融学类,6,654,10656
2024,4095,中南财经政法大学,008,金融工程,2,647,14025
2024,4095,中南财经政法大学,009,管理科学与工程类,3,640,18099
2024,4095,中南财经政法大学,010,金融学（数字金融实验班）,2,657,9253
2024,4095,中南财经政法大学,011,经济管理试验班,4,656,9665
2024,4095,中南财经政法大学,012,法学类,12,663,7175
2024,4095,中南财经政法大学,013,法学（拔尖人才实验班）,1,665,6316
2024,4095,中南财经政法大学,015,知识产权,2,662,7368
2024,4095,中南财经政法大学,016,工商管理类,12,651,12125
2024,4095,中南财经政法大学,017,工商管理（卓越创新人才实验班）,1,656,9797
2024,4095,中南财经政法大学,018,经济与贸易类,2,655,10403
2024,4095,中南财经政法大学,019,国际经济与贸易（融通创新人才实验班）,2,654,10795
2024,4095,中南财经政法大学,020,工商管理类（会计学）,10,657,9481
2024,4095,中南财经政法大学,021,公共管理类,12,650,12830
2024,4095,中南财经政法大学,022,外国语言文学类,13,647,14326
2024,4095,中南财经政法大学,023,法语,2,650,12540
2024,4095,中南财经政法大学,024,新闻传播学类,3,651,11949
2024,4095,中南财经政法大学,025,汉语言文学,3,655,10201
2024,4095,中南财经政法大学,026,统计学类,2,646,14667
2024,4095,中南财经政法大学,027,经济统计学,2,653,11106
2024,4095,中南财经政法大学,028,管理科学与工程类（大数据方向）,4,642,16881
2024,4095,中南财经政法大学,029,计算机类,2,646,14394
2024,4095,中南财经政法大学,030,环境工程,1,640,17969
2024,4095,中南财经政法大学,031,计算机科学与技术（卓越工程师实验班）,2,646,14438
2024,4095,中南财经政法大学,032,保险学,2,625,29579
2024,4095,中南财经政法大学,033,精算学,1,651,12294
2024,4095,中南财经政法大学,034,数字经济（拔尖人才实验班）,2,640,18409
2024,4095,中南财经政法大学,036,电影学(中外合作办学),6,617,36757
2024,4096,中南民族大学,001,数字经济,5,561,97335
2024,4096,中南民族大学,002,经济学类,2,606,47263
2024,4096,中南民族大学,003,外国语言文学类,2,603,50644
2024,4096,中南民族大学,004,翻译（汉英日）,3,601,52414
2024,4096,中南民族大学,005,工商管理类,3,606,47453
2024,4096,中南民族大学,006,教育学,2,606,46812
2024,4096,中南民族大学,007,数学类,7,578,78140
2024,4096,中南民族大学,008,电子信息类,6,582,73068
2024,4096,中南民族大学,009,计算机类,6,584,71319
2024,4096,中南民族大学,010,管理科学与工程类,4,572,84867
2024,4096,中南民族大学,011,材料类,5,535,128009
2024,4096,中南民族大学,012,环境科学与工程类,6,537,126231
2024,4096,中南民族大学,013,药学类,7,521,145199
2024,4097,武汉工商学院,001,工商管理（智能商务与创新管理精英班）,5,538,125578
2024,4097,武汉工商学院,002,国际商务,2,532,132262
2024,4097,武汉工商学院,003,人力资源管理（智能人力精英班）,2,541,121968
2024,4097,武汉工商学院,004,金融学（智能投资与理财、科技金融与大数据）,3,545,116913
2024,4097,武汉工商学院,005,英语（AI翻译与跨境电商、跨文化与英语学科教学）,2,548,113754
2024,4097,武汉工商学院,006,新闻学,2,548,113633
2024,4097,武汉工商学院,007,广告学,2,553,107643
2024,4097,武汉工商学院,008,网络与新媒体,2,547,114581
2024,4097,武汉工商学院,009,物流管理（智慧物流）,2,535,128897
2024,4097,武汉工商学院,012,通信工程（华为ICT实验班）,2,516,150323
2024,4097,武汉工商学院,015,机器人工程（卓越智能实验班）,3,492,
2024,4097,武汉工商学院,016,数字经济（数字媒体运营、商务大数据分析）,4,496,173570
2024,4097,武汉工商学院,017,大数据管理与应用,4,498,171322
2024,4097,武汉工商学院,018,人工智能,3,492,
2024,4097,武汉工商学院,501,财富管理,2,492,
2024,4097,武汉工商学院,502,市场营销,6,492,
2024,4097,武汉工商学院,504,计算机应用技术（新媒体技术）,29,492,
2024,4099,江汉大学,007,金融学,2,598,56071
2024,4099,江汉大学,008,会计学,3,605,48696
2024,4099,江汉大学,009,机械设计制造及其自动化,5,583,72242
2024,4110,湖北医药学院药护学院,001,临床医学,3,530,134405
2024,4110,湖北医药学院药护学院,002,麻醉学,3,528,136526
2024,4111,武汉城市职业学院,502,教育类(师范),10,492,
2024,4111,武汉城市职业学院,503,空中乘务,1,507,161410
2024,4111,武汉城市职业学院,507,大数据技术,3,492,
2024,4112,武汉传媒学院,001,网络与新媒体,3,555,105459
2024,4112,武汉传媒学院,002,软件工程（智能媒体技术）,2,492,
2024,4112,武汉传媒学院,006,戏剧影视文学,2,533,131144
2024,4112,武汉传媒学院,007,广播电视编导,2,536,127730
2024,4114,长江大学文理学院,001,外国语言文学类,2,548,113871
2024,4114,长江大学文理学院,002,新闻传播学类,2,554,106679
2024,4116,湖北铁道运输职业学院,502,城市轨道车辆应用技术,10,492,
2024,4116,湖北铁道运输职业学院,504,城市轨道交通运营管理,10,492,
2024,4117,武汉东湖学院,501,机械制造及自动化,3,492,
2024,4117,武汉东湖学院,506,大数据与会计,2,492,
2024,4117,武汉东湖学院,507,金融服务与管理,2,492,
2024,4117,武汉东湖学院,508,学前教育,3,492,
2024,4117,武汉东湖学院,509,新闻采编与制作,3,492,
2024,4120,武汉铁路桥梁职业学院,501,铁道桥梁隧道工程技术,3,492,177057
2024,4120,武汉铁路桥梁职业学院,503,道路工程检测技术,1,507,160709
2024,4201,安阳工学院,001,化学工程与工艺,3,517,149230
2024,4201,安阳工学院,002,建筑学,2,517,149179
2024,4201,安阳工学院,003,安全工程,2,518,148982
2024,4201,安阳工学院,004,土木工程(中外合作办学),2,507,161169
2024,4201,安阳工学院,005,电气工程及其自动化(中外合作办学),2,523,142300
2024,4201,安阳工学院,006,交通运输(中外合作办学),2,515,151566
2024,4202,安阳师范学院,001,汉语言文学(师范),4,587,67730
2024,4202,安阳师范学院,002,历史学(师范),4,585,69604
2024,4202,安阳师范学院,003,人工智能,3,516,150507
2024,4202,安阳师范学院,004,化学(师范),6,492,
2024,4202,安阳师范学院,005,电子信息工程,4,507,160431
2024,4202,安阳师范学院,006,法学,6,583,72609
2024,4202,安阳师范学院,007,社会工作,3,568,89979
2024,4203,河南财经政法大学,001,经济与贸易类,2,601,52651
2024,4203,河南财经政法大学,002,工商管理类,2,601,52049
2024,4203,河南财经政法大学,003,金融学类,4,597,57012
2024,4203,河南财经政法大学,004,软件工程（金融信息化方向）,10,513,154631
2024,4203,河南财经政法大学,005,法学,6,619,34492
2024,4203,河南财经政法大学,006,会计学,2,613,40315
2024,4203,河南财经政法大学,007,经济学,2,603,50554
2024,4203,河南财经政法大学,008,数学类,2,528,136099
2024,4204,郑州商学院,001,工商管理,2,558,101305
2024,4204,郑州商学院,002,财务管理,2,560,99482
2024,4204,郑州商学院,003,市场营销,2,550,111387
2024,4204,郑州商学院,004,国际商务,2,548,113866
2024,4204,郑州商学院,005,会计学,2,561,97884
2024,4204,郑州商学院,006,国际经济与贸易,2,547,114141
2024,4204,郑州商学院,007,计算机科学与技术,3,508,159651
2024,4204,郑州商学院,008,工程造价,2,511,156534
2024,4206,河南大学,001,中国语言文学类(师范),3,638,19815
2024,4206,河南大学,002,日语,2,607,46507
2024,4206,河南大学,003,法语,2,609,43872
2024,4206,河南大学,004,历史学类,5,628,27218
2024,4206,河南大学,005,旅游管理类,5,603,50430
2024,4206,河南大学,006,公共管理类,3,613,40234
2024,4206,河南大学,007,经济学类,4,620,33443
2024,4206,河南大学,008,经济统计学,3,609,43821
2024,4206,河南大学,009,会计学,5,622,32003
2024,4206,河南大学,010,工商管理,4,613,40537
2024,4206,河南大学,011,法学,2,637,20019
2024,4206,河南大学,012,化学工程与工艺,5,588,66277
2024,4206,河南大学,013,生物科学(师范),5,583,72669
2024,4206,河南大学,014,生物工程,3,594,60428
2024,4206,河南大学,015,地理科学类,2,640,18532
2024,4206,河南大学,016,密码科学与技术,2,602,50872
2024,4206,河南大学,017,自动化,2,611,42019
2024,4206,河南大学,018,土木工程,4,580,75536
2024,4206,河南大学,019,药学,5,581,74245
2024,4206,河南大学,020,网络工程,10,597,56780
2024,4206,河南大学,021,网络工程（智能网络方向）,10,588,66385
2024,4206,河南大学,022,网络工程（网络安全方向）,10,588,66459
2024,4206,河南大学,023,软件工程,15,601,52015
2024,4207,河南开封科技传媒学院,001,广播电视编导,3,527,137384
2024,4207,河南开封科技传媒学院,002,审计学,4,552,108851
2024,4207,河南开封科技传媒学院,003,护理学,10,500,169413
2024,4208,河南工业大学,001,材料科学与工程,2,547,114033
2024,4208,河南工业大学,002,道路桥梁与渡河工程,2,537,125995
2024,4208,河南工业大学,003,电气工程及其自动化,2,587,67288
2024,4208,河南工业大学,004,电子商务,2,591,62852
2024,4208,河南工业大学,005,法学,1,614,39346
2024,4208,河南工业大学,006,工程管理,2,559,100607
2024,4208,河南工业大学,007,工商管理,2,593,61386
2024,4208,河南工业大学,008,国际经济与贸易,1,589,65551
2024,4208,河南工业大学,009,化学,4,519,147418
2024,4208,河南工业大学,010,化学工程与工艺,4,527,137684
2024,4208,河南工业大学,011,环境工程,4,535,128772
2024,4208,河南工业大学,012,会计学,2,599,54594
2024,4208,河南工业大学,013,机械设计制造及其自动化,3,567,91043
2024,4208,河南工业大学,014,金融学,1,605,48544
2024,4208,河南工业大学,015,经济学,1,596,58070
2024,4208,河南工业大学,016,空间信息与数字技术,4,566,91926
2024,4208,河南工业大学,018,生物工程,4,522,143454
2024,4208,河南工业大学,019,生物技术,2,557,102401
2024,4208,河南工业大学,020,生物技术(中外合作办学),4,494,175353
2024,4208,河南工业大学,021,食品科学与工程(中外合作办学),5,524,141003
2024,4208,河南工业大学,022,数学与应用数学,1,577,78699
2024,4208,河南工业大学,023,通信工程,4,562,96197
2024,4208,河南工业大学,024,土木工程,4,544,117390
2024,4208,河南工业大学,025,网络与新媒体,1,600,53813
2024,4208,河南工业大学,026,物联网工程(中外合作办学),4,549,112043
2024,4208,河南工业大学,027,物流管理,3,589,65541
2024,4208,河南工业大学,028,英语,1,593,61480
2024,4208,河南工业大学,029,应用化学,4,508,159497
2024,4208,河南工业大学,030,应用物理学,1,574,82097
2024,4208,河南工业大学,031,制药工程,4,492,
2024,4208,河南工业大学,032,食品科学与工程类,4,552,108555
2024,4208,河南工业大学,033,机器人工程,4,571,85974
2024,4208,河南工业大学,034,饲料工程,4,531,133114
2024,4208,河南工业大学,035,智能建造,2,536,127014
2024,4208,河南工业大学,036,食品科学与工程（智慧储运）,1,582,73000
2024,4208,河南工业大学,037,食品科学与工程（油脂科学与技术）,2,544,117990
2024,4208,河南工业大学,038,工业设计,1,552,108148
2024,4208,河南工业大学,039,过程装备与控制工程,1,552,108352
2024,4208,河南工业大学,040,材料成型及控制工程,1,550,110474
2024,4208,河南工业大学,041,车辆工程,1,573,83434
2024,4208,河南工业大学,042,水质科学与技术,2,544,117750
2024,4210,河南检察职业学院,501,法律事务,10,496,173562
2024,4211,河南科技大学,001,经济学,3,597,56700
2024,4211,河南科技大学,002,法学,4,605,47924
2024,4211,河南科技大学,003,英语,2,587,67826
2024,4211,河南科技大学,004,日语,3,578,78320
2024,4211,河南科技大学,005,机械类,6,568,89526
2024,4211,河南科技大学,006,材料成型及控制工程,6,554,105685
2024,4211,河南科技大学,007,数学与应用数学,3,559,99745
2024,4211,河南科技大学,008,车辆工程,5,563,95352
2024,4211,河南科技大学,009,能源与动力工程,3,568,89298
2024,4211,河南科技大学,010,电子信息类,2,586,68471
2024,4211,河南科技大学,011,电子科学与技术,2,579,77188
2024,4211,河南科技大学,012,自动化,2,581,74311
2024,4211,河南科技大学,013,计算机科学与技术,2,592,62350
2024,4211,河南科技大学,014,物联网工程,2,575,80960
2024,4211,河南科技大学,015,土木工程,4,519,146839
2024,4211,河南科技大学,016,建筑环境与能源应用工程,4,547,114388
2024,4211,河南科技大学,017,化学工程与工艺,4,552,108200
2024,4211,河南科技大学,018,制药工程,4,503,165166
2024,4211,河南科技大学,019,生物医学工程,6,538,125587
2024,4211,河南科技大学,020,建筑类,6,492,
2024,4211,河南科技大学,021,信息与计算科学,3,561,98053
2024,4211,河南科技大学,022,临床医学,4,586,68801
2024,4211,河南科技大学,023,工商管理,3,585,69710
2024,4211,河南科技大学,024,法医学,4,561,97548
2024,4211,河南科技大学,025,医学检验技术,4,492,
2024,4211,河南科技大学,026,电子商务,3,582,73967
2024,4211,河南科技大学,027,旅游管理,2,580,75711
2024,4211,河南科技大学,028,会计学,4,600,53500
2024,4212,河南理工大学,001,自动化,4,578,77729
2024,4212,河南理工大学,002,工程管理,3,549,111919
2024,4212,河南理工大学,003,水文与水资源工程（智慧水文方向）,3,540,122387
2024,4212,河南理工大学,004,遥感科学与技术,3,555,104757
2024,4212,河南理工大学,005,地理信息科学,2,578,78026
2024,4212,河南理工大学,006,交通工程,3,559,99862
2024,4212,河南理工大学,007,安全工程（卓越计划班）,3,535,129062
2024,4212,河南理工大学,008,消防工程,3,536,127070
2024,4212,河南理工大学,009,材料科学与工程,3,492,
2024,4212,河南理工大学,010,应用化学,3,538,125065
2024,4212,河南理工大学,011,化学工程与工艺,2,536,127795
2024,4212,河南理工大学,012,数学类,2,566,91402
2024,4212,河南理工大学,013,工商管理类,2,591,63232
2024,4212,河南理工大学,014,财务管理,2,594,60361
2024,4212,河南理工大学,015,数字经济,2,561,97970
2024,4212,河南理工大学,016,金融学,1,596,58024
2024,4212,河南理工大学,017,英语,2,582,72954
2024,4212,河南理工大学,018,建筑类,2,580,75720
2024,4212,河南理工大学,020,电气工程及其自动化(中外合作办学),2,561,98068
2024,4212,河南理工大学,021,电子信息工程(中外合作办学),2,559,100270
2024,4212,河南理工大学,022,自动化(中外合作办学),3,559,100463
2024,4212,河南理工大学,023,计算机科学与技术(中外合作办学),3,571,86263
2024,4213,郑州工商学院,001,机械设计制造及其自动化,5,493,176756
2024,4213,郑州工商学院,002,计算机科学与技术,5,492,
2024,4213,郑州工商学院,003,会计学,2,558,101675
2024,4213,郑州工商学院,004,法学,5,556,103893
2024,4213,郑州工商学院,005,英语,3,547,114856
2024,4214,河南农业大学,001,旅游管理,2,585,70323
2024,4214,河南农业大学,002,建筑类,2,506,162065
2024,4214,河南农业大学,003,轻工类（烟工类）,5,550,110484
2024,4214,河南农业大学,004,烟草,4,579,76638
2024,4214,河南农业大学,005,管理科学,4,552,108479
2024,4214,河南农业大学,006,环境生态工程,2,551,109719
2024,4214,河南农业大学,007,土地资源管理,2,587,68014
2024,4214,河南农业大学,008,法学,3,606,47288
2024,4214,河南农业大学,009,英语,4,585,70524
2024,4214,河南农业大学,010,翻译,5,573,83672
2024,4214,河南农业大学,011,环境科学(中外合作办学),5,503,165368
2024,4214,河南农业大学,012,动物科学(中外合作办学),5,502,166659
2024,4216,河南师范大学,001,电子信息工程,10,549,111583
2024,4216,河南师范大学,002,工商管理,10,579,77352
2024,4216,河南师范大学,003,汉语言文学(师范),10,618,35865
2024,4216,河南师范大学,004,法学类,10,606,46875
2024,4216,河南师范大学,005,水产类,7,492,
2024,4216,河南师范大学,006,旅游管理,10,572,85435
2024,4217,河南中医药大学,001,中医学,5,595,59084
2024,4217,河南中医药大学,002,护理学,6,583,72006
2024,4217,河南中医药大学,003,康复治疗学,4,543,119113
2024,4218,华北水利水电大学,001,水利水电工程,4,578,77660
2024,4218,华北水利水电大学,002,港口航道与海岸工程,6,541,120956
2024,4218,华北水利水电大学,003,农业水利工程,8,555,105012
2024,4218,华北水利水电大学,004,城市地下空间工程,8,530,134101
2024,4218,华北水利水电大学,005,资源循环科学与工程,5,538,125259
2024,4218,华北水利水电大学,006,土木工程,7,509,158415
2024,4218,华北水利水电大学,007,能源与动力工程（水动）,8,555,104516
2024,4218,华北水利水电大学,008,核工程与核技术,7,552,108535
2024,4218,华北水利水电大学,009,环境工程,10,510,157409
2024,4218,华北水利水电大学,010,计算机科学与技术,3,570,86963
2024,4219,黄河科技学院,001,英语,6,537,126552
2024,4219,黄河科技学院,002,生物信息学,6,492,
2024,4219,黄河科技学院,003,智能科学与技术,6,497,171786
2024,4219,黄河科技学院,004,农业工程,6,492,
2024,4219,黄河科技学院,005,医学检验技术,6,492,
2024,4220,黄河水利职业技术学院,501,水利水电建筑工程,5,516,150453
2024,4220,黄河水利职业技术学院,502,测绘工程技术,5,512,155542
2024,4220,黄河水利职业技术学院,503,大数据与会计（注册会计师）,5,506,162594
2024,4221,黄淮学院,001,新能源科学与工程,5,522,143415
2024,4221,黄淮学院,002,智能制造工程,5,524,141239
2024,4221,黄淮学院,003,食品质量与安全,10,494,175152
2024,4221,黄淮学院,004,商务经济学,5,563,95034
2024,4221,黄淮学院,005,智能建造,10,520,145940
2024,4222,焦作大学,501,大数据技术,5,498,171745
2024,4222,焦作大学,502,中文,5,502,167267
2024,4223,焦作师范高等专科学校,501,小学语文教育(师范),5,492,177993
2024,4224,开封大学,501,建筑工程技术,5,519,147838
2024,4224,开封大学,502,金融科技应用,5,509,158317
2024,4225,洛阳理工学院,001,机械类,4,526,138464
2024,4225,洛阳理工学院,002,机械设计制造及其自动化,6,526,138566
2024,4225,洛阳理工学院,003,机械设计制造及其自动化(中外合作办学),4,515,151642
2024,4225,洛阳理工学院,004,电气工程及其自动化,4,542,120192
2024,4225,洛阳理工学院,005,工业智能,4,515,151707
2024,4225,洛阳理工学院,006,计算机科学与技术,4,533,130654
2024,4225,洛阳理工学院,007,通信工程,4,523,142756
2024,4225,洛阳理工学院,008,物联网工程,4,520,145774
2024,4225,洛阳理工学院,009,土木工程,4,514,152633
2024,4225,洛阳理工学院,010,工商管理,6,568,89845
2024,4225,洛阳理工学院,011,国际经济与贸易,4,567,91088
2024,4225,洛阳理工学院,012,数字经济,4,530,134597
2024,4225,洛阳理工学院,013,财务管理,4,575,81610
2024,4225,洛阳理工学院,014,会计学,6,579,77138
2024,4225,洛阳理工学院,015,学前教育(师范),6,568,89408
2024,4225,洛阳理工学院,016,英语,4,568,89735
2024,4225,洛阳理工学院,017,汉语言文学,4,583,72827
2024,4225,洛阳理工学院,018,新闻学,4,574,82988
2024,4226,洛阳师范学院,001,社会工作,6,567,91253
2024,4226,洛阳师范学院,002,数学与应用数学(师范),6,492,
2024,4226,洛阳师范学院,003,应用心理学(师范),6,575,81519
2024,4226,洛阳师范学院,004,生物科学(师范),6,492,
2024,4226,洛阳师范学院,005,国际经济与贸易,6,569,88386
2024,4226,洛阳师范学院,006,旅游管理,6,565,93460
2024,4227,漯河医学高等专科学校,501,临床医学,20,494,175678
2024,4227,漯河医学高等专科学校,502,口腔医学,16,522,143856
2024,4228,南阳理工学院,001,机械设计制造及其自动化,6,524,141067
2024,4228,南阳理工学院,002,电气工程及其自动化,5,532,132352
2024,4228,南阳理工学院,003,自动化,5,524,140882
2024,4228,南阳理工学院,004,物联网工程,3,519,147134
2024,4228,南阳理工学院,005,人工智能,4,524,141144
2024,4228,南阳理工学院,006,计算机科学与技术,2,539,123624
2024,4228,南阳理工学院,007,网络空间安全,4,530,134354
2024,4228,南阳理工学院,008,虚拟现实技术,4,528,136541
2024,4228,南阳理工学院,009,历史建筑保护工程,2,575,81998
2024,4228,南阳理工学院,010,土木工程（建筑工程方向）,7,500,168614
2024,4228,南阳理工学院,011,工程管理,6,532,132129
2024,4228,南阳理工学院,012,数学与应用数学（经济数学方向）,5,516,150370
2024,4228,南阳理工学院,013,应用统计学,4,517,149073
2024,4228,南阳理工学院,014,国际经济与贸易（数字商务方向）,2,564,94928
2024,4228,南阳理工学院,015,工商管理（数字化运营管理方向）,2,564,94668
2024,4228,南阳理工学院,016,电子商务（新媒体运营方向）,2,563,95225
2024,4228,南阳理工学院,017,学前教育(师范),6,568,89650
2024,4228,南阳理工学院,018,英语,3,566,91717
2024,4228,南阳理工学院,019,广播电视编导,10,557,102276
2024,4229,南阳师范学院,009,广播电视编导,2,559,99921
2024,4229,南阳师范学院,010,测绘工程,2,507,160928
2024,4229,南阳师范学院,011,地理科学类,6,578,78149
2024,4229,南阳师范学院,012,法学,3,589,65790
2024,4229,南阳师范学院,013,制药工程,3,492,
2024,4229,南阳师范学院,014,机械电子工程,4,517,149880
2024,4229,南阳师范学院,015,自动化,2,521,144938
2024,4229,南阳师范学院,016,软件工程（软件开发方向）,8,511,156366
2024,4229,南阳师范学院,017,计算机类,5,522,143458
2024,4229,南阳师范学院,018,应用心理学(师范),3,574,83048
2024,4229,南阳师范学院,019,金融工程,2,529,135143
2024,4229,南阳师范学院,020,国际经济与贸易,3,569,88922
2024,4229,南阳师范学院,021,土木工程,4,496,173548
2024,4229,南阳师范学院,022,建筑学,4,568,89870
2024,4229,南阳师范学院,023,电子信息类,3,521,144514
2024,4230,河南城建学院,001,交通工程,5,521,145374
2024,4230,河南城建学院,002,生物制药,5,521,144450
2024,4230,河南城建学院,003,风景园林,5,563,95891
2024,4230,河南城建学院,004,环境工程,5,492,
2024,4230,河南城建学院,005,化学工程与工艺,5,501,167774
2024,4230,河南城建学院,006,水文与水资源工程,5,492,
2024,4230,河南城建学院,007,物联网工程,5,515,151580
2024,4230,河南城建学院,008,计算机科学与技术,5,522,144022
2024,4230,河南城建学院,009,自动化,5,522,143321
2024,4230,河南城建学院,010,电子信息工程,5,521,145051
2024,4230,河南城建学院,011,新能源科学与工程,5,517,149566
2024,4230,河南城建学院,012,高分子材料与工程,5,505,162819
2024,4230,河南城建学院,013,数学与应用数学,5,512,154897
2024,4230,河南城建学院,014,金融数学,5,525,139786
2024,4230,河南城建学院,015,数据科学与大数据技术,5,521,144720
2024,4230,河南城建学院,016,土木工程,5,503,165496
2024,4230,河南城建学院,017,智能建造,5,519,146883
2024,4230,河南城建学院,018,无机非金属材料工程,5,520,146190
2024,4230,河南城建学院,019,数字媒体技术,5,518,148127
2024,4230,河南城建学院,020,智能电网信息工程,5,522,143876
2024,4230,河南城建学院,021,电气工程及其自动化（智能输配电方向）,5,527,137427
2024,4232,新乡学院,001,中国语言文学类(师范),4,575,81844
2024,4232,新乡学院,002,外国语言文学类,4,564,94398
2024,4232,新乡学院,003,数学类,4,502,166280
2024,4232,新乡学院,004,化学(师范),6,494,175281
2024,4232,新乡学院,006,心理学(师范),4,572,85361
2024,4232,新乡学院,007,机械类,5,521,144469
2024,4232,新乡学院,008,增材制造工程,8,512,155183
2024,4232,新乡学院,009,材料类,6,492,
2024,4232,新乡学院,010,电子信息类,4,524,141556
2024,4232,新乡学院,011,计算机类,6,523,142114
2024,4232,新乡学院,012,土木类,5,501,167485
2024,4232,新乡学院,013,化学工程与工艺,6,492,
2024,4232,新乡学院,014,康复工程,5,492,
2024,4232,新乡学院,015,物业管理（物业智能化管理方向）,4,563,96051
2024,4232,新乡学院,016,健康服务与管理（智慧健康管理方向）,4,564,94491
2024,4232,新乡学院,017,电子商务,4,566,92323
2024,4233,新乡医学院,001,临床医学,10,579,76623
2024,4233,新乡医学院,002,精神医学,6,539,124114
2024,4234,信阳师范大学,001,生物技术(中外合作办学),5,492,
2024,4234,信阳师范大学,002,经济学(中外合作办学),5,562,97174
2024,4235,许昌学院,001,小学教育(师范),8,577,79247
2024,4235,许昌学院,002,风景园林,5,564,94587
2024,4235,许昌学院,003,统计学,7,492,
2024,4235,许昌学院,004,应用化学,10,492,
2024,4235,许昌学院,005,机械设计制造及其自动化,10,508,159407
2024,4235,许昌学院,006,新能源材料与器件,10,502,166550
2024,4235,许昌学院,007,旅游管理,5,559,99902
2024,4236,郑州大学,001,工商管理类,8,643,16667
2024,4236,郑州大学,002,公共管理类,8,639,19058
2024,4236,郑州大学,003,中国语言文学类,14,646,14660
2024,4236,郑州大学,004,英语,4,640,18319
2024,4236,郑州大学,005,马克思主义理论类,5,643,16669
2024,4236,郑州大学,006,哲学,10,637,20289
2024,4236,郑州大学,007,数学类,22,633,22649
2024,4236,郑州大学,008,化学类,10,628,26939
2024,4236,郑州大学,009,物理学类,8,633,23220
2024,4236,郑州大学,010,自动化类,10,638,19254
2024,4236,郑州大学,011,电子信息类,12,639,18925
2024,4236,郑州大学,012,材料类,8,628,26622
2024,4236,郑州大学,013,机械类,9,632,23509
2024,4236,郑州大学,014,土木类,8,613,40394
2024,4236,郑州大学,015,信息安全,9,638,19586
2024,4236,郑州大学,016,计算机类,12,641,17295
2024,4236,郑州大学,017,临床医学,12,645,15143
2024,4237,郑州航空工业管理学院,001,工商管理类,4,500,168593
2024,4237,郑州航空工业管理学院,002,工业工程类,3,539,124139
2024,4237,郑州航空工业管理学院,003,经济学类,2,555,105083
2024,4237,郑州航空工业管理学院,004,飞行器动力工程,2,531,132748
2024,4237,郑州航空工业管理学院,005,计算机类,2,540,122140
2024,4237,郑州航空工业管理学院,006,人工智能,2,528,136829
2024,4237,郑州航空工业管理学院,007,电气工程及其自动化,2,538,124598
2024,4237,郑州航空工业管理学院,008,材料类,3,525,139793
2024,4240,河南牧业经济学院,001,审计学,2,574,82340
2024,4240,河南牧业经济学院,002,网络与新媒体,2,564,94060
2024,4240,河南牧业经济学院,003,物流管理,2,565,93226
2024,4240,河南牧业经济学院,004,市场营销,2,566,91520
2024,4240,河南牧业经济学院,005,工商管理,2,567,91309
2024,4241,郑州轻工业大学,001,电气工程及其自动化,5,570,86929
2024,4241,郑州轻工业大学,002,自动化,2,565,93294
2024,4241,郑州轻工业大学,003,轨道交通信号与控制,1,560,99220
2024,4241,郑州轻工业大学,004,机器人工程,1,564,93851
2024,4241,郑州轻工业大学,005,机械设计制造及其自动化,4,558,101310
2024,4241,郑州轻工业大学,006,测控技术与仪器,2,540,122094
2024,4241,郑州轻工业大学,007,食品科学与工程,3,537,126200
2024,4241,郑州轻工业大学,008,烟草,2,582,73306
2024,4241,郑州轻工业大学,009,香料香精技术与工程,2,539,123626
2024,4241,郑州轻工业大学,010,高分子材料与工程,4,538,124791
2024,4241,郑州轻工业大学,011,应用化学,3,492,
2024,4241,郑州轻工业大学,012,环境工程,3,498,171360
2024,4241,郑州轻工业大学,013,化妆品技术与工程,2,545,116337
2024,4241,郑州轻工业大学,014,计算机科学与技术,2,579,76982
2024,4241,郑州轻工业大学,015,人工智能,3,560,98538
2024,4241,郑州轻工业大学,016,软件工程,2,577,78959
2024,4241,郑州轻工业大学,017,数字媒体技术,2,565,93769
2024,4241,郑州轻工业大学,018,智能科学与技术,2,550,111044
2024,4241,郑州轻工业大学,020,信息与计算科学,1,556,103712
2024,4241,郑州轻工业大学,021,数学与应用数学,2,552,108458
2024,4241,郑州轻工业大学,022,电子科学与技术,5,556,103607
2024,4241,郑州轻工业大学,023,微电子科学与工程,4,555,105009
2024,4241,郑州轻工业大学,024,能源与动力工程,3,563,95741
2024,4241,郑州轻工业大学,025,建筑电气与智能化,4,543,119140
2024,4241,郑州轻工业大学,026,建筑环境与能源应用工程,5,500,168659
2024,4241,郑州轻工业大学,027,物流管理,4,579,77334
2024,4241,郑州轻工业大学,028,财务管理,2,590,63974
2024,4241,郑州轻工业大学,029,英语,2,581,74754
2024,4244,中原工学院,001,数据科学与大数据技术,6,527,137440
2024,4244,中原工学院,002,工业工程,5,539,124027
2024,4244,中原工学院,003,建筑环境与能源应用工程,3,517,149139
2024,4244,中原工学院,004,能源与动力工程,3,529,135529
2024,4244,中原工学院,005,环境工程,7,494,175508
2024,4244,中原工学院,006,纺织工程,10,500,168763
2024,4244,中原工学院,007,轻化工程,4,517,149514
2024,4244,中原工学院,008,土木类,8,508,159374
2024,4244,中原工学院,009,建筑学,5,564,93821
2024,4244,中原工学院,010,市场营销,3,568,89507
2024,4244,中原工学院,011,会计学,3,578,78332
2024,4244,中原工学院,012,国际经济与贸易,3,565,92866
2024,4244,中原工学院,013,工程造价,12,521,144582
2024,4244,中原工学院,014,日语,3,565,93600
2024,4245,郑州经贸学院,003,互联网金融,5,538,125140
2024,4245,郑州经贸学院,004,国际经济与贸易,10,538,125547
2024,4245,郑州经贸学院,005,商务英语,15,535,129104
2024,4245,郑州经贸学院,006,广播电视编导,5,533,130925
2024,4246,郑州工程技术学院,001,化学工程与工艺,2,503,165507
2024,4246,郑州工程技术学院,002,物流管理,2,568,90006
2024,4246,郑州工程技术学院,003,食品质量与安全,6,496,172898
2024,4246,郑州工程技术学院,004,国际经济与贸易,4,566,92080
2024,4246,郑州工程技术学院,005,物流工程,2,527,137288
2024,4246,郑州工程技术学院,006,广告学,4,567,90875
2024,4247,周口师范学院,001,电气工程及其自动化,5,525,139958
2024,4247,周口师范学院,002,电子信息工程,4,520,145604
2024,4247,周口师范学院,003,化学(师范),3,492,
2024,4247,周口师范学院,004,机械电子工程,4,522,143545
2024,4247,周口师范学院,005,机械设计制造及其自动化,4,522,143701
2024,4247,周口师范学院,006,计算机科学与技术(师范),4,517,149206
2024,4247,周口师范学院,007,生物工程,4,492,
2024,4247,周口师范学院,008,数学与应用数学(师范),6,492,
2024,4247,周口师范学院,009,网络工程,4,516,150777
2024,4247,周口师范学院,010,信息与计算科学,4,514,152887
2024,4247,周口师范学院,012,自动化,4,520,145600
2024,4247,周口师范学院,013,思想政治教育(师范),4,580,76333
2024,4247,周口师范学院,014,网络与新媒体,3,571,86590
2024,4247,周口师范学院,015,财务管理,3,573,83230
2024,4247,周口师范学院,016,法学,3,580,75985
2024,4247,周口师范学院,017,国际经济与贸易,3,567,90270
2024,4247,周口师范学院,018,人力资源管理,4,567,91209
2024,4247,周口师范学院,019,心理学(师范),3,571,86558
2024,4247,周口师范学院,020,英语(师范),6,572,84760
2024,4248,郑州工业应用技术学院,001,经济学,4,539,124181
2024,4248,郑州工业应用技术学院,002,市场营销,4,535,128051
2024,4248,郑州工业应用技术学院,502,市场营销,2,492,
2024,4249,商丘师范学院,001,文化产业管理,1,567,91338
2024,4249,商丘师范学院,003,统计学,1,518,148364
2024,4249,商丘师范学院,004,汽车服务工程,2,506,162050
2024,4249,商丘师范学院,005,电气工程及其自动化,1,534,129872
2024,4249,商丘师范学院,006,新能源科学与工程,2,517,149254
2024,4249,商丘师范学院,009,翻译,1,568,89908
2024,4249,商丘师范学院,010,日语(师范),1,567,91351
2024,4249,商丘师范学院,011,法学,1,588,67037
2024,4249,商丘师范学院,012,社会工作,2,566,91917
2024,4249,商丘师范学院,014,电子商务,1,511,156246
2024,4249,商丘师范学院,015,物联网工程,2,512,155092
2024,4249,商丘师范学院,016,学前教育(师范),2,569,88259
2024,4249,商丘师范学院,017,教育学(师范),2,573,83635
2024,4249,商丘师范学院,018,园林,1,566,92201
2024,4249,商丘师范学院,019,测绘工程,2,492,
2024,4249,商丘师范学院,020,广播电视学,1,567,91208
2024,4249,商丘师范学院,021,网络与新媒体,1,577,78949
2024,4249,商丘师范学院,022,物流管理,2,569,88813
2024,4249,商丘师范学院,023,经济学,1,571,85649
2024,4249,商丘师范学院,024,财务管理,2,576,80718
2024,4249,商丘师范学院,025,国际经济与贸易,2,566,91992
2024,4249,商丘师范学院,026,建筑电气与智能化,1,499,169763
2024,4249,商丘师范学院,027,建筑学,1,565,93703
2024,4250,河南工程学院,001,国际经济与贸易,2,569,88742
2024,4250,河南工程学院,002,数学与应用数学,2,537,126260
2024,4250,河南工程学院,003,机械设计制造及其自动化,1,532,132071
2024,4250,河南工程学院,004,电气工程及其自动化,1,542,120383
2024,4250,河南工程学院,005,物联网工程,3,524,141281
2024,4250,河南工程学院,006,纺织工程,10,492,
2024,4250,河南工程学院,007,服装设计与工程,2,547,114561
2024,4250,河南工程学院,008,轻化工程,9,492,
2024,4250,河南工程学院,009,市场营销,1,569,88838
2024,4250,河南工程学院,010,财务管理,2,578,77960
2024,4250,河南工程学院,011,行政管理,2,569,88896
2024,4250,河南工程学院,015,知识产权,2,577,78904
2024,4250,河南工程学院,016,高分子材料与工程,5,492,177494
2024,4253,河南科技学院,001,生物工程,4,492,
2024,4253,河南科技学院,002,教育技术学(师范),4,528,136804
2024,4253,河南科技学院,003,数学与应用数学(师范),4,524,140836
2024,4253,河南科技学院,004,信息与计算科学(师范),4,492,
2024,4253,河南科技学院,005,英语(师范),5,576,80173
2024,4253,河南科技学院,006,环境科学,4,492,
2024,4253,河南科技学院,007,制药工程,3,498,170929
2024,4253,河南科技学院,008,法学,2,586,69010
2024,4254,商丘医学高等专科学校,501,临床医学,10,494,175743
2024,4254,商丘医学高等专科学校,502,口腔医学,10,520,146060
2024,4254,商丘医学高等专科学校,503,护理,10,492,
2024,4260,商丘工学院,001,机械设计制造及其自动化,5,502,166294
2024,4260,商丘工学院,002,电气工程及其自动化,5,495,174143
2024,4260,商丘工学院,003,城市地下空间工程,5,492,
2024,4262,信阳农林学院,001,网络工程,5,509,158345
2024,4262,信阳农林学院,002,会计学,3,576,80932
2024,4262,信阳农林学院,003,财务管理,2,573,83293
2024,4262,信阳农林学院,004,电子商务,5,564,94659
2024,4264,洛阳职业技术学院,501,临床医学,6,492,177360
2024,4264,洛阳职业技术学院,502,护理,8,492,
2024,4264,洛阳职业技术学院,504,药学,4,492,
2024,4264,洛阳职业技术学院,505,中医学,3,499,170529
2024,4264,洛阳职业技术学院,506,医学检验技术,3,492,
2024,4264,洛阳职业技术学院,507,医学影像技术,3,499,169835
2024,4265,平顶山学院,002,物联网工程,4,507,160436
2024,4266,郑州西亚斯学院,001,金融学(中外合作办学),5,530,134527
2024,4266,郑州西亚斯学院,002,国际经济与贸易(中外合作办学),4,527,138387
2024,4266,郑州西亚斯学院,003,英语(中外合作办学),5,522,143964
2024,4266,郑州西亚斯学院,004,护理学(中外合作办学),4,508,159751
2024,4266,郑州西亚斯学院,005,信息管理与信息系统(中外合作办学),3,492,
2024,4266,郑州西亚斯学院,006,工商管理(中外合作办学),4,525,140800
2024,4267,郑州财经学院,001,工商管理,1,563,95145
2024,4267,郑州财经学院,002,会计学,1,566,92435
2024,4267,郑州财经学院,003,金融学,1,556,103952
2024,4267,郑州财经学院,004,电子商务,1,558,101138
2024,4267,郑州财经学院,005,英语,1,552,108927
2024,4267,郑州财经学院,006,网络与新媒体,1,557,102486
2024,4267,郑州财经学院,007,计算机科学与技术,1,498,170734
2024,4268,河南工学院,001,材料科学与工程,3,522,143524
2024,4268,河南工学院,002,商务英语,4,564,94675
2024,4275,郑州医药健康职业学院,503,医学影像技术,1,502,166938
2024,4276,河南职业技术学院,503,大数据与审计,4,492,
2024,4302,长沙电力职业技术学院,501,分布式发电与智能微电网技术,2,512,155978
2024,4302,长沙电力职业技术学院,502,输配电工程技术,2,507,161151
2024,4302,长沙电力职业技术学院,503,供用电技术,2,524,141315
2024,4302,长沙电力职业技术学院,504,热能动力工程技术,2,505,162949
2024,4302,长沙电力职业技术学院,505,发电运行技术,2,508,160290
2024,4305,长沙理工大学,005,会计学,2,624,30222
2024,4305,长沙理工大学,006,财务管理,2,615,38368
2024,4305,长沙理工大学,007,人力资源管理,2,608,44880
2024,4305,长沙理工大学,008,法学,2,623,31402
2024,4305,长沙理工大学,009,数学与应用数学,2,603,50046
2024,4305,长沙理工大学,010,信息与计算科学,2,603,49952
2024,4305,长沙理工大学,011,应用统计学,2,598,55389
2024,4305,长沙理工大学,012,光电信息科学与工程,1,616,36927
2024,4305,长沙理工大学,013,电子信息科学与技术,1,615,38268
2024,4305,长沙理工大学,014,食品科学与工程,1,587,67832
2024,4305,长沙理工大学,015,生物工程,1,573,83472
2024,4305,长沙理工大学,016,工程力学,2,598,55212
2024,4305,长沙理工大学,017,土木工程,8,572,84467
2024,4305,长沙理工大学,018,国际经济与贸易,2,604,49573
2024,4305,长沙理工大学,019,能源与动力工程,4,602,50923
2024,4305,长沙理工大学,020,新能源科学与工程,2,609,44090
2024,4305,长沙理工大学,021,自动化,3,618,35704
2024,4305,长沙理工大学,022,电气工程及其自动化,6,637,20535
2024,4305,长沙理工大学,023,通信工程,2,614,39553
2024,4305,长沙理工大学,024,计算机科学与技术,3,618,35306
2024,4305,长沙理工大学,025,软件工程,2,617,36302
2024,4305,长沙理工大学,026,网络工程,1,613,40205
2024,4305,长沙理工大学,027,道路桥梁与渡河工程,6,570,86925
2024,4305,长沙理工大学,028,工程管理,2,589,65296
2024,4305,长沙理工大学,029,船舶与海洋工程,3,561,97580
2024,4305,长沙理工大学,030,电气工程及其自动化(中外合作办学),5,626,28454
2024,4305,长沙理工大学,031,金融学,1,616,37516
2024,4305,长沙理工大学,032,数据科学与大数据技术,2,608,44985
2024,4305,长沙理工大学,033,水利类,6,586,68697
2024,4305,长沙理工大学,034,机械设计制造及其自动化(中外合作办学),2,590,64199
2024,4305,长沙理工大学,035,数字经济,1,602,51052
2024,4305,长沙理工大学,036,网络与新媒体,2,612,41465
2024,4305,长沙理工大学,037,储能科学与工程,2,598,55972
2024,4305,长沙理工大学,038,智能电网信息工程,2,631,24859
2024,4305,长沙理工大学,039,智能建造,3,587,67390
2024,4305,长沙理工大学,040,机械设计制造及其自动化,2,610,42606
2024,4305,长沙理工大学,041,材料成型及控制工程,1,593,60753
2024,4305,长沙理工大学,042,车辆工程,1,595,58834
2024,4305,长沙理工大学,043,汽车服务工程,1,596,57906
2024,4305,长沙理工大学,044,智能制造工程,1,601,52175
2024,4305,长沙理工大学,045,交通运输,2,600,53483
2024,4305,长沙理工大学,046,交通工程,2,591,63334
2024,4305,长沙理工大学,047,物流工程,2,571,85684
2024,4305,长沙理工大学,048,应用化学,1,592,61716
2024,4305,长沙理工大学,049,轻化工程,1,579,76520
2024,4305,长沙理工大学,050,化学工程与工艺,1,587,67875
2024,4305,长沙理工大学,051,无机非金属材料工程,2,592,61964
2024,4305,长沙理工大学,052,新能源材料与器件,1,600,53131
2024,4305,长沙理工大学,053,电气工程及其自动化（卓越班）,2,640,18124
2024,4305,长沙理工大学,054,港口航道与海岸工程（卓越班）,2,595,59098
2024,4305,长沙理工大学,055,道路桥梁与渡河工程（智慧道路卓越班）,1,591,62997
2024,4305,长沙理工大学,056,土木工程（智能土木卓越班）,1,583,72499
2024,4305,长沙理工大学,057,材料科学与工程,1,590,64371
2024,4305,长沙理工大学,058,食品营养与健康,1,579,76460
2024,4305,长沙理工大学,059,化学生物学,1,581,74312
2024,4306,长沙理工大学城南学院,002,法学,2,567,90600
2024,4306,长沙理工大学城南学院,003,金融学,1,569,88111
2024,4306,长沙理工大学城南学院,004,电气工程及其自动化,2,522,143270
2024,4306,长沙理工大学城南学院,005,通信工程,2,505,163397
2024,4306,长沙理工大学城南学院,006,自动化,2,510,157666
2024,4307,长沙民政职业技术学院,501,软件技术（移动与人工智能应用开发方向）,1,514,153414
2024,4307,长沙民政职业技术学院,502,虚拟现实技术应用,2,501,167725
2024,4307,长沙民政职业技术学院,503,集成电路技术,1,499,169896
2024,4307,长沙民政职业技术学院,504,护理,2,523,143131
2024,4307,长沙民政职业技术学院,505,康复治疗技术,1,524,140878
2024,4307,长沙民政职业技术学院,506,心理咨询,1,538,125377
2024,4307,长沙民政职业技术学院,507,金融服务与管理,1,519,147436
2024,4307,长沙民政职业技术学院,508,国际经济与贸易,2,492,
2024,4307,长沙民政职业技术学院,509,商务数据分析与应用,2,492,177682
2024,4307,长沙民政职业技术学院,510,旅游管理（韩语方向）,1,522,144120
2024,4307,长沙民政职业技术学院,511,传播与策划,1,521,144768
2024,4307,长沙民政职业技术学院,512,小学英语教育(师范),1,546,116156
2024,4307,长沙民政职业技术学院,513,商务英语,1,504,164517
2024,4307,长沙民政职业技术学院,514,商务日语,1,522,144084
2024,4307,长沙民政职业技术学院,515,社会工作,2,527,138239
2024,4307,长沙民政职业技术学院,516,民政服务与管理,1,515,151851
2024,4307,长沙民政职业技术学院,517,民政服务与管理（社会组织服务与管理方向）,1,514,153559
2024,4307,长沙民政职业技术学院,518,智慧健康养老服务与管理,1,533,130628
2024,4307,长沙民政职业技术学院,519,婚庆服务与管理,1,520,146660
2024,4307,长沙民政职业技术学院,520,现代殡葬技术与管理,2,569,88505
2024,4307,长沙民政职业技术学院,521,殡葬设备维护技术,1,536,127152
2024,4307,长沙民政职业技术学院,522,陵园服务与管理,3,535,128517
2024,4308,长沙学院,001,思想政治教育,2,588,67104
2024,4308,长沙学院,002,工程造价,2,546,115485
2024,4308,长沙学院,003,人文地理与城乡规划,2,576,80475
2024,4308,长沙学院,004,智能制造工程,2,546,115500
2024,4308,长沙学院,005,机械设计制造及其自动化,2,548,112902
2024,4308,长沙学院,006,计算机科学与技术,2,556,103269
2024,4308,长沙学院,007,人工智能,2,548,113797
2024,4308,长沙学院,008,软件工程,2,554,105953
2024,4308,长沙学院,009,网络空间安全,2,547,114209
2024,4308,长沙学院,010,数学与应用数学,2,536,127169
2024,4308,长沙学院,011,信息与计算科学,3,530,134028
2024,4308,长沙学院,012,电气工程及其自动化,2,562,96176
2024,4308,长沙学院,013,电子信息工程,2,558,101019
2024,4308,长沙学院,014,机器人工程,2,542,120700
2024,4308,长沙学院,015,生物工程,3,497,171951
2024,4308,长沙学院,016,生物制药,2,498,171549
2024,4308,长沙学院,017,应用化学,3,518,148157
2024,4308,长沙学院,018,功能材料,2,521,144945
2024,4308,长沙学院,019,法学,4,593,61321
2024,4308,长沙学院,020,汉语言文学,2,591,63073
2024,4308,长沙学院,021,广播电视编导,3,576,80831
2024,4308,长沙学院,022,网络与新媒体,3,584,71267
2024,4308,长沙学院,023,财务管理,4,585,69628
2024,4308,长沙学院,024,市场营销,3,575,81951
2024,4308,长沙学院,025,物流管理,3,573,83793
2024,4308,长沙学院,026,公共事业管理,4,577,79514
2024,4308,长沙学院,027,旅游管理,3,571,85902
2024,4308,长沙学院,028,数字经济,4,539,123675
2024,4308,长沙学院,029,数字媒体技术,2,559,99622
2024,4309,长沙医学院,001,临床医学,20,492,177802
2024,4309,长沙医学院,002,康复治疗学,4,492,
2024,4309,长沙医学院,004,口腔医学,20,529,135581
2024,4309,长沙医学院,005,医学影像学,20,492,
2024,4309,长沙医学院,006,医学影像技术,4,492,
2024,4309,长沙医学院,007,中医学,20,492,
2024,4309,长沙医学院,008,针灸推拿学,6,492,
2024,4309,长沙医学院,010,妇幼保健医学,4,492,
2024,4309,长沙医学院,013,药物制剂,4,492,
2024,4309,长沙医学院,014,药物分析,4,492,
2024,4309,长沙医学院,015,中药学,4,492,
2024,4309,长沙医学院,016,医学检验技术,6,492,
2024,4309,长沙医学院,018,护理学,6,498,170910
2024,4309,长沙医学院,019,助产学,4,492,
2024,4310,衡阳师范学院,001,经济学,2,578,78061
2024,4310,衡阳师范学院,002,国际经济与贸易,2,573,83402
2024,4310,衡阳师范学院,003,财务管理,1,588,66670
2024,4310,衡阳师范学院,004,电子商务,2,569,88071
2024,4310,衡阳师范学院,005,法学,2,594,59872
2024,4310,衡阳师范学院,006,知识产权,2,587,68192
2024,4310,衡阳师范学院,007,思想政治教育(师范),1,607,46212
2024,4310,衡阳师范学院,008,历史学(师范),1,598,55889
2024,4310,衡阳师范学院,009,汉语言文学(师范),1,600,53289
2024,4310,衡阳师范学院,010,汉语国际教育(师范),2,581,74292
2024,4310,衡阳师范学院,011,新闻学,1,583,72250
2024,4310,衡阳师范学院,012,广告学,2,576,80865
2024,4310,衡阳师范学院,013,网络与新媒体,2,582,73138
2024,4310,衡阳师范学院,014,英语(师范),2,590,64911
2024,4310,衡阳师范学院,015,翻译,1,571,86648
2024,4310,衡阳师范学院,016,商务英语,2,573,84234
2024,4310,衡阳师范学院,017,数学与应用数学(师范),1,529,134902
2024,4310,衡阳师范学院,018,信息与计算科学,2,501,167434
2024,4310,衡阳师范学院,026,地理科学(师范),1,608,45432
2024,4310,衡阳师范学院,027,人文地理与城乡规划,2,575,81921
2024,4310,衡阳师范学院,028,地理信息科学,1,593,60586
2024,4310,衡阳师范学院,029,旅游管理,1,572,85289
2024,4310,衡阳师范学院,030,物理学(师范),1,493,176234
2024,4310,衡阳师范学院,031,电子信息科学与技术,2,522,143293
2024,4310,衡阳师范学院,033,应用化学,2,492,
2024,4310,衡阳师范学院,036,计算机科学与技术(师范),1,577,79437
2024,4310,衡阳师范学院,037,软件工程,2,511,156343
2024,4310,衡阳师范学院,038,物联网工程,1,524,141445
2024,4310,衡阳师范学院,039,教育学(师范),1,587,67600
2024,4310,衡阳师范学院,040,学前教育(师范),1,580,75782
2024,4310,衡阳师范学院,041,生物科学(师范),1,518,148598
2024,4310,衡阳师范学院,042,环境工程,2,492,
2024,4310,衡阳师范学院,044,电子信息工程,2,526,138599
2024,4310,衡阳师范学院,045,计算机科学与技术,1,558,101150
2024,4310,衡阳师范学院,046,网络空间安全,2,529,134995
2024,4311,湖南财政经济学院,001,金融学,4,582,73686
2024,4311,湖南财政经济学院,002,金融数学,2,540,122772
2024,4311,湖南财政经济学院,003,金融科技,4,537,125672
2024,4311,湖南财政经济学院,004,国际经济与贸易,3,576,80238
2024,4311,湖南财政经济学院,005,会计学,6,588,66366
2024,4311,湖南财政经济学院,006,财务管理,3,586,69389
2024,4311,湖南财政经济学院,007,审计学,2,586,68849
2024,4311,湖南财政经济学院,008,财政学类,3,584,71742
2024,4311,湖南财政经济学院,009,管理科学与工程类,3,537,125862
2024,4313,湖南城市学院,001,建筑学,2,573,84411
2024,4313,湖南城市学院,002,城乡规划,2,576,80357
2024,4313,湖南城市学院,003,风景园林,2,574,82969
2024,4313,湖南城市学院,004,建筑环境与能源应用工程,2,532,131878
2024,4313,湖南城市学院,005,地理空间信息工程,2,504,164173
2024,4313,湖南城市学院,006,土木工程,3,507,160446
2024,4313,湖南城市学院,007,交通工程,2,519,146817
2024,4313,湖南城市学院,008,智能建造,2,525,140020
2024,4313,湖南城市学院,009,工程管理,2,534,129912
2024,4313,湖南城市学院,010,房地产开发与管理,2,528,136367
2024,4313,湖南城市学院,011,城市管理,2,569,88477
2024,4313,湖南城市学院,012,经济统计学,2,541,121045
2024,4313,湖南城市学院,013,英语(师范),2,577,79270
2024,4313,湖南城市学院,014,商务英语,2,566,92030
2024,4313,湖南城市学院,015,计算机科学与技术,2,537,125861
2024,4313,湖南城市学院,016,物联网工程,2,524,140860
2024,4313,湖南城市学院,017,人工智能,2,523,142533
2024,4313,湖南城市学院,018,信息与计算科学,2,518,148365
2024,4313,湖南城市学院,019,机械设计制造及其自动化,2,531,133232
2024,4313,湖南城市学院,020,电气工程及其自动化,2,540,122432
2024,4314,湖南大学,001,哲学,1,660,8157
2024,4314,湖南大学,002,经济学类,2,662,7472
2024,4314,湖南大学,003,数字经济,2,657,9419
2024,4314,湖南大学,004,金融学,3,659,8596
2024,4314,湖南大学,005,保险学（风险管理实验班）,1,658,8806
2024,4314,湖南大学,006,精算学,1,658,8849
2024,4314,湖南大学,007,金融科技,1,658,8921
2024,4314,湖南大学,008,国际经济与贸易（实验班）,3,658,8928
2024,4314,湖南大学,009,法学,5,662,7375
2024,4314,湖南大学,010,汉语言文学,4,661,7726
2024,4314,湖南大学,011,英语（语言智能实验班）,2,658,9020
2024,4314,湖南大学,012,新闻传播学类,4,658,8831
2024,4314,湖南大学,013,历史学,2,661,7760
2024,4314,湖南大学,014,数学类,4,659,8635
2024,4314,湖南大学,015,应用物理学,3,656,9563
2024,4314,湖南大学,016,化学类,4,656,9749
2024,4314,湖南大学,017,生物技术,2,657,9499
2024,4314,湖南大学,018,统计学类,2,659,8543
2024,4314,湖南大学,019,工程力学（力学实验班）,2,657,9237
2024,4314,湖南大学,020,工业设计,4,656,9728
2024,4314,湖南大学,021,智能制造工程,2,658,8772
2024,4314,湖南大学,022,智能车辆工程,3,658,8962
2024,4314,湖南大学,023,测控技术与仪器,2,657,9255
2024,4314,湖南大学,024,能源与动力工程（未来能源与动力创新实验班）,2,660,8167
2024,4314,湖南大学,025,储能科学与工程,2,656,9601
2024,4314,湖南大学,026,电气工程及其自动化,12,660,7991
2024,4314,湖南大学,027,电子信息工程,3,660,8271
2024,4314,湖南大学,028,电子科学与技术,2,659,8332
2024,4314,湖南大学,029,通信工程,2,659,8666
2024,4314,湖南大学,030,微电子科学与工程,2,659,8333
2024,4314,湖南大学,031,人工智能,2,661,7663
2024,4314,湖南大学,032,自动化,6,659,8419
2024,4314,湖南大学,033,机器人工程,1,661,7714
2024,4314,湖南大学,034,计算机科学与技术,4,662,7354
2024,4314,湖南大学,035,计算机科学与技术（智能班）,3,662,7458
2024,4314,湖南大学,036,软件工程,4,661,7730
2024,4314,湖南大学,037,信息安全,3,659,8329
2024,4314,湖南大学,038,土木工程,4,651,11886
2024,4314,湖南大学,039,智能建造,1,655,10341
2024,4314,湖南大学,040,化学工程与工艺,2,655,10052
2024,4314,湖南大学,041,环境科学与工程类,3,653,11072
2024,4314,湖南大学,042,生物医学工程,2,658,9052
2024,4314,湖南大学,043,建筑学,4,652,11561
2024,4314,湖南大学,044,工程管理,1,654,10597
2024,4314,湖南大学,045,大数据管理与应用,3,657,9517
2024,4314,湖南大学,046,工商管理,3,659,8681
2024,4314,湖南大学,047,会计学,3,662,7467
2024,4314,湖南大学,048,行政管理,2,657,9323
2024,4314,湖南大学,049,城市管理,3,656,9751
2024,4315,湖南大众传媒职业技术学院,501,广播影视节目制作,2,510,157446
2024,4315,湖南大众传媒职业技术学院,502,影视编导,2,513,154790
2024,4315,湖南大众传媒职业技术学院,505,数字媒体技术,2,512,155675
2024,4315,湖南大众传媒职业技术学院,509,传播与策划（传媒策划与管理方向）,2,515,152465
2024,4315,湖南大众传媒职业技术学院,510,现代文秘,2,492,
2024,4316,湖南第一师范学院,001,电子信息工程,3,549,111587
2024,4316,湖南第一师范学院,002,通信工程,2,540,122197
2024,4316,湖南第一师范学院,003,人工智能,2,562,96259
2024,4316,湖南第一师范学院,004,计算机科学与技术,2,563,95207
2024,4316,湖南第一师范学院,005,数据科学与大数据技术,2,554,105663
2024,4316,湖南第一师范学院,006,智能制造工程,2,538,124681
2024,4316,湖南第一师范学院,007,工业智能,2,535,128012
2024,4316,湖南第一师范学院,008,软件工程,2,554,106787
2024,4316,湖南第一师范学院,009,网络空间安全,2,542,120094
2024,4316,湖南第一师范学院,010,电气工程及其自动化,3,549,111590
2024,4316,湖南第一师范学院,011,机器人工程,3,536,127514
2024,4318,湖南工程学院,001,国际经济与贸易,2,574,82249
2024,4318,湖南工程学院,002,英语,2,570,87759
2024,4318,湖南工程学院,003,统计学,2,506,161991
2024,4318,湖南工程学院,004,机械电子工程,2,537,125896
2024,4318,湖南工程学院,005,通信工程,2,534,129488
2024,4318,湖南工程学院,006,土木工程,2,518,147988
2024,4318,湖南工程学院,007,纺织工程,6,503,165183
2024,4318,湖南工程学院,008,轻化工程,2,526,138891
2024,4318,湖南工程学院,009,建筑学,2,574,82965
2024,4318,湖南工程学院,010,会计学,2,585,70628
2024,4318,湖南工程学院,011,工业工程,2,539,124221
2024,4318,湖南工程学院,013,电子商务,4,569,88425
2024,4318,湖南工程学院,015,非织造材料与工程,5,525,139680
2024,4318,湖南工程学院,016,电气工程及其自动化(中外合作办学),3,528,136586
2024,4318,湖南工程学院,017,机械设计制造及其自动化(中外合作办学),3,522,143472
2024,4318,湖南工程学院,018,软件工程(中外合作办学),3,519,146849
2024,4319,湖南工程学院应用技术学院,001,机械设计制造及其自动化,2,505,163154
2024,4319,湖南工程学院应用技术学院,002,电气工程及其自动化,3,497,172036
2024,4320,湖南工程职业技术学院,502,测绘地理信息技术,1,537,126162
2024,4320,湖南工程职业技术学院,513,建筑室内设计,1,505,163813
2024,4321,湖南工学院,001,机器人工程,2,532,132034
2024,4321,湖南工学院,002,自动化,2,536,126871
2024,4321,湖南工学院,003,材料成型及控制工程,2,522,144080
2024,4321,湖南工学院,004,高分子材料与工程,2,527,138135
2024,4321,湖南工学院,005,应急技术与管理,2,529,134987
2024,4321,湖南工学院,006,安全工程,3,521,144479
2024,4321,湖南工学院,007,工业工程,2,549,111559
2024,4321,湖南工学院,008,物流管理,2,568,89800
2024,4321,湖南工学院,009,通信工程,2,529,135222
2024,4321,湖南工学院,010,应用化学,2,521,144873
2024,4321,湖南工学院,011,化学工程与工艺,2,510,157729
2024,4321,湖南工学院,013,计算机科学与技术,2,544,117559
2024,4321,湖南工学院,014,软件工程,2,541,121518
2024,4321,湖南工学院,015,物联网工程,2,533,131043
2024,4321,湖南工学院,016,网络空间安全,2,531,133332
2024,4321,湖南工学院,017,应用物理学,2,536,126886
2024,4321,湖南工学院,018,信息与计算科学,2,523,142260
2024,4321,湖南工学院,019,应用统计学,2,513,154498
2024,4321,湖南工学院,020,大数据管理与应用,2,546,115402
2024,4321,湖南工学院,021,会计学,2,584,71278
2024,4321,湖南工学院,022,工商管理,2,578,78226
2024,4321,湖南工学院,023,国际经济与贸易,2,573,84001
2024,4321,湖南工学院,024,建筑学,2,571,86387
2024,4321,湖南工学院,025,工业设计,2,522,143843
2024,4321,湖南工学院,026,工程管理,2,539,123353
2024,4321,湖南工学院,027,工程造价,2,537,126090
2024,4321,湖南工学院,028,英语,2,570,87622
2024,4321,湖南工学院,029,日语,2,566,92317
2024,4322,湖南工业大学,001,高分子材料与工程,3,550,110458
2024,4322,湖南工业大学,002,包装工程,5,539,124257
2024,4322,湖南工业大学,003,印刷工程,2,540,122770
2024,4322,湖南工业大学,004,材料类,6,538,125498
2024,4322,湖南工业大学,005,无机非金属材料工程,10,524,141057
2024,4322,湖南工业大学,006,电子信息工程,2,579,76953
2024,4322,湖南工业大学,007,通信工程,2,575,80987
2024,4322,湖南工业大学,008,城乡规划,6,581,74056
2024,4322,湖南工业大学,009,建筑学,3,585,69987
2024,4322,湖南工业大学,010,环境生态工程,4,496,172918
2024,4322,湖南工业大学,011,水务工程,3,554,105693
2024,4322,湖南工业大学,012,智能建造,2,559,99784
2024,4322,湖南工业大学,013,应用物理学,2,564,93982
2024,4322,湖南工业大学,014,应用化学,2,556,103762
2024,4322,湖南工业大学,015,生物技术,2,527,137347
2024,4322,湖南工业大学,016,电子商务,4,548,113429
2024,4322,湖南工业大学,017,工商管理类,4,592,61940
2024,4322,湖南工业大学,018,法学,4,607,46071
2024,4322,湖南工业大学,019,英语,4,581,74206
2024,4322,湖南工业大学,020,汉语言文学,1,606,47372
2024,4322,湖南工业大学,021,新闻学,2,591,63833
2024,4322,湖南工业大学,022,广告学,2,592,62344
2024,4322,湖南工业大学,023,戏剧影视文学,2,576,80883
2024,4322,湖南工业大学,024,会计学,3,601,52792
2024,4322,湖南工业大学,025,国际经济与贸易,2,584,71383
2024,4322,湖南工业大学,026,包装设计,5,568,89409
2024,4322,湖南工业大学,027,数字媒体艺术,5,579,76654
2024,4322,湖南工业大学,028,产品设计,5,573,83830
2024,4323,湖南工业大学科技学院,005,电气工程及其自动化,8,495,173930
2024,4323,湖南工业大学科技学院,006,土木工程,2,492,
2024,4323,湖南工业大学科技学院,007,机械设计制造及其自动化,8,492,
2024,4323,湖南工业大学科技学院,008,数字媒体技术,3,494,174963
2024,4323,湖南工业大学科技学院,010,计算机科学与技术,8,497,172311
2024,4323,湖南工业大学科技学院,011,电子信息工程,3,493,176094
2024,4323,湖南工业大学科技学院,012,财务管理,5,553,107345
2024,4323,湖南工业大学科技学院,013,会计学,5,555,105289
2024,4323,湖南工业大学科技学院,014,工商管理,4,549,112374
2024,4323,湖南工业大学科技学院,015,国际经济与贸易,5,546,115364
2024,4323,湖南工业大学科技学院,016,市场营销,4,542,120180
2024,4323,湖南工业大学科技学院,017,人力资源管理,2,548,113697
2024,4324,湖南工业职业技术学院,505,商务英语,2,492,
2024,4326,湖南环境生物职业技术学院,501,口腔医学,4,526,139274
2024,4328,湖南高速铁路职业技术学院,501,铁道工程技术,5,507,160434
2024,4328,湖南高速铁路职业技术学院,502,城市轨道交通工程技术,5,503,165679
2024,4328,湖南高速铁路职业技术学院,503,铁道交通运营管理,6,515,151751
2024,4328,湖南高速铁路职业技术学院,504,城市轨道交通运营管理,6,499,170444
2024,4328,湖南高速铁路职业技术学院,505,铁道信号自动控制,3,516,151114
2024,4328,湖南高速铁路职业技术学院,506,动车组检修技术,5,502,167150
2024,4329,湖南交通职业技术学院,501,新能源汽车技术,2,492,
2024,4329,湖南交通职业技术学院,502,工程造价,2,492,
2024,4329,湖南交通职业技术学院,508,城市轨道交通运营管理,2,504,164784
2024,4330,湖南科技大学,008,工程力学,2,560,98633
2024,4330,湖南科技大学,009,智能建造,1,573,83348
2024,4330,湖南科技大学,010,建筑环境与能源应用工程,1,545,116478
2024,4330,湖南科技大学,011,土木工程,6,529,135125
2024,4330,湖南科技大学,012,机械设计制造及其自动化,3,591,63230
2024,4330,湖南科技大学,013,车辆工程,2,582,73015
2024,4330,湖南科技大学,014,海洋机器人,2,577,79234
2024,4330,湖南科技大学,015,电气工程及其自动化,2,611,41876
2024,4330,湖南科技大学,016,电气工程及其自动化（卓越工程师班）,1,624,30121
2024,4330,湖南科技大学,017,自动化,2,589,65352
2024,4330,湖南科技大学,018,电子信息工程,2,598,55365
2024,4330,湖南科技大学,019,通信工程,2,594,59677
2024,4330,湖南科技大学,020,机器人工程,2,587,67529
2024,4330,湖南科技大学,021,计算机科学与技术,2,595,58595
2024,4330,湖南科技大学,022,信息安全,2,590,64468
2024,4330,湖南科技大学,023,软件工程,1,600,53049
2024,4330,湖南科技大学,024,数据科学与大数据技术,2,593,61042
2024,4330,湖南科技大学,025,化学(师范),2,556,103599
2024,4330,湖南科技大学,026,应用化学,2,536,127121
2024,4330,湖南科技大学,027,化学工程与工艺,2,549,111961
2024,4330,湖南科技大学,028,化学工程与工艺（卓越工程师班）,2,565,92666
2024,4330,湖南科技大学,029,制药工程,3,528,137149
2024,4330,湖南科技大学,030,能源化学工程,3,564,94100
2024,4330,湖南科技大学,031,数学与应用数学(师范),2,583,72304
2024,4330,湖南科技大学,032,信息与计算科学,3,585,70061
2024,4330,湖南科技大学,033,物理学(师范),2,567,90223
2024,4330,湖南科技大学,034,电子信息科学与技术,2,590,64129
2024,4330,湖南科技大学,035,光电信息科学与工程,3,575,81455
2024,4330,湖南科技大学,037,生物工程,3,492,
2024,4330,湖南科技大学,038,建筑学,2,552,108864
2024,4330,湖南科技大学,039,城乡规划,3,593,61152
2024,4330,湖南科技大学,040,风景园林,3,592,62210
2024,4330,湖南科技大学,041,汉语言文学(师范),1,617,36685
2024,4330,湖南科技大学,042,历史学(师范),1,624,30413
2024,4330,湖南科技大学,043,新闻学,1,599,54657
2024,4330,湖南科技大学,044,思想政治教育(师范),1,618,35312
2024,4330,湖南科技大学,045,英语,1,606,47449
2024,4330,湖南科技大学,046,日语,2,583,72236
2024,4330,湖南科技大学,047,翻译,1,593,61669
2024,4330,湖南科技大学,048,汉语国际教育,1,593,61612
2024,4330,湖南科技大学,049,教育学(师范),2,604,49544
2024,4330,湖南科技大学,050,教育技术学(师范),4,492,
2024,4330,湖南科技大学,051,应用心理学(师范),2,597,56397
2024,4330,湖南科技大学,052,经济学,1,601,52536
2024,4330,湖南科技大学,053,国际经济与贸易,2,597,57278
2024,4330,湖南科技大学,054,会计学,3,604,49627
2024,4330,湖南科技大学,055,财务管理,1,602,51561
2024,4330,湖南科技大学,056,工商管理,2,594,60224
2024,4330,湖南科技大学,057,金融工程,2,567,91398
2024,4330,湖南科技大学,058,数字经济,3,559,100006
2024,4330,湖南科技大学,059,安全工程,2,553,106889
2024,4330,湖南科技大学,060,环境工程,3,499,169610
2024,4330,湖南科技大学,062,材料科学与工程,5,545,116443
2024,4330,湖南科技大学,063,法学,3,611,41977
2024,4330,湖南科技大学,064,公共事业管理,2,587,68249
2024,4330,湖南科技大学,065,地理信息科学,2,608,45268
2024,4330,湖南科技大学,066,遥感科学与技术,1,573,83794
2024,4330,湖南科技大学,067,集成电路设计与集成系统,2,583,72100
2024,4330,湖南科技大学,068,智能制造工程,2,583,72201
2024,4330,湖南科技大学,069,给排水科学与工程,3,492,
2024,4331,湖南科技大学潇湘学院,001,机械设计制造及其自动化,1,499,169699
2024,4331,湖南科技大学潇湘学院,002,电气工程及其自动化,1,511,156574
2024,4331,湖南科技大学潇湘学院,003,会计学,3,568,90052
2024,4331,湖南科技大学潇湘学院,004,汉语言文学,1,573,83602
2024,4332,湖南科技学院,003,新能源材料与器件,3,508,159558
2024,4332,湖南科技学院,009,秘书学,3,575,81812
2024,4332,湖南科技学院,010,电子科学与技术,2,530,133992
2024,4332,湖南科技学院,011,测绘工程,3,499,170566
2024,4332,湖南科技学院,012,国际经济与贸易,3,569,88134
2024,4332,湖南科技学院,013,法学,3,590,64128
2024,4332,湖南科技学院,014,商务英语,3,567,90795
2024,4332,湖南科技学院,015,广播电视编导,5,564,94519
2024,4332,湖南科技学院,016,跨境电子商务,2,568,89736
2024,4332,湖南科技学院,017,智能制造工程,3,525,139812
2024,4333,湖南理工学院,001,秘书学,3,579,77183
2024,4333,湖南理工学院,002,英语(师范),5,576,80028
2024,4333,湖南理工学院,003,英语,3,567,90326
2024,4333,湖南理工学院,004,朝鲜语,5,561,97820
2024,4333,湖南理工学院,005,国际经济与贸易,3,574,82909
2024,4333,湖南理工学院,006,人力资源管理,3,575,81858
2024,4333,湖南理工学院,007,新闻学,3,577,79274
2024,4333,湖南理工学院,008,机械设计制造及其自动化,2,544,117841
2024,4333,湖南理工学院,009,计算机科学与技术,6,553,107043
2024,4333,湖南理工学院,010,建筑学,4,540,122481
2024,4333,湖南理工学院,020,应用化学(中外合作办学),2,502,166918
2024,4334,湖南理工学院南湖学院,001,机械设计制造及其自动化,3,511,156158
2024,4334,湖南理工学院南湖学院,002,计算机科学与技术,3,499,169929
2024,4334,湖南理工学院南湖学院,003,土木工程,3,492,
2024,4334,湖南理工学院南湖学院,004,广告学,7,547,114655
2024,4334,湖南理工学院南湖学院,005,会计学,6,555,105395
2024,4334,湖南理工学院南湖学院,006,英语,8,546,116252
2024,4335,湖南农业大学,001,动物科学,4,492,
2024,4335,湖南农业大学,002,水产养殖学,4,503,165585
2024,4335,湖南农业大学,004,植物保护,2,492,
2024,4335,湖南农业大学,005,生物信息学,2,515,152514
2024,4335,湖南农业大学,006,动植物检疫,2,510,157371
2024,4335,湖南农业大学,007,机械设计制造及其自动化,3,567,90579
2024,4335,湖南农业大学,008,车辆工程,2,568,89548
2024,4335,湖南农业大学,009,农业机械化及其自动化,2,566,91713
2024,4335,湖南农业大学,010,机器人工程,3,565,92685
2024,4335,湖南农业大学,011,水利水电工程,3,569,87980
2024,4335,湖南农业大学,012,土木工程,4,526,138785
2024,4335,湖南农业大学,013,农学,4,563,95667
2024,4335,湖南农业大学,014,种子科学与工程,2,549,111563
2024,4335,湖南农业大学,015,智慧农业,2,567,90761
2024,4335,湖南农业大学,017,安全工程,2,521,144659
2024,4335,湖南农业大学,019,农业资源与环境,2,506,162190
2024,4335,湖南农业大学,022,动物医学,3,578,77562
2024,4335,湖南农业大学,023,应用化学,2,552,108854
2024,4335,湖南农业大学,024,材料化学,2,555,104969
2024,4335,湖南农业大学,025,茶学,3,492,
2024,4335,湖南农业大学,026,设施农业科学与工程,2,516,150584
2024,4335,湖南农业大学,027,食品科学与工程,2,553,106976
2024,4335,湖南农业大学,028,食品质量与安全,2,542,120560
2024,4335,湖南农业大学,029,酿酒工程,2,495,174181
2024,4335,湖南农业大学,030,公共管理类,3,590,63908
2024,4335,湖南农业大学,031,计算机科学与技术,2,584,71465
2024,4335,湖南农业大学,032,电子信息工程,3,579,76995
2024,4335,湖南农业大学,033,信息与计算科学,2,566,91566
2024,4335,湖南农业大学,034,统计学,2,560,98659
2024,4335,湖南农业大学,035,会计学,2,605,48612
2024,4335,湖南农业大学,036,工商管理,3,593,61451
2024,4335,湖南农业大学,037,市场营销,2,588,66895
2024,4335,湖南农业大学,038,国际经济与贸易,5,588,66411
2024,4335,湖南农业大学,039,经济学,3,594,60025
2024,4335,湖南农业大学,040,英语,5,590,64902
2024,4335,湖南农业大学,041,日语,3,581,75144
2024,4335,湖南农业大学,042,人文地理与城乡规划,2,595,58685
2024,4336,湖南女子学院,010,数字经济,4,517,149839
2024,4336,湖南女子学院,011,家政学,1,579,77008
2024,4336,湖南女子学院,012,人力资源管理,2,569,88384
2024,4336,湖南女子学院,013,酒店管理,1,567,90774
2024,4337,湖南人文科技学院,001,法学,6,580,76347
2024,4337,湖南人文科技学院,002,商务英语,4,564,93920
2024,4337,湖南人文科技学院,003,机械设计制造及其自动化,6,519,147130
2024,4337,湖南人文科技学院,004,通信工程,6,521,145135
2024,4337,湖南人文科技学院,005,软件工程,6,523,142023
2024,4337,湖南人文科技学院,006,化学(师范),6,492,
2024,4337,湖南人文科技学院,007,学前教育(中外合作办学)(师范),6,550,111096
2024,4339,湖南工商大学,001,经济学,9,594,60123
2024,4339,湖南工商大学,002,大数据管理与应用,1,588,66733
2024,4339,湖南工商大学,003,跨境电子商务,1,593,61289
2024,4339,湖南工商大学,004,金融学（智慧金融与科技监管院士卓越班）,2,601,52579
2024,4339,湖南工商大学,005,工商管理类,2,594,60015
2024,4339,湖南工商大学,006,供应链管理,2,593,61313
2024,4339,湖南工商大学,007,会计学,1,612,41162
2024,4339,湖南工商大学,008,审计学,9,602,51368
2024,4339,湖南工商大学,009,人工智能（智慧城市建设与智慧社会治理院士卓越班）,1,597,56643
2024,4339,湖南工商大学,010,法学（数智法治卓越班）,1,613,40603
2024,4339,湖南工商大学,011,数据科学与大数据技术（院士卓越班）,1,588,67138
2024,4339,湖南工商大学,017,旅游管理类,2,588,66924
2024,4339,湖南工商大学,018,大数据管理与应用（智慧能源与碳中和院士卓越班）,1,586,69084
2024,4339,湖南工商大学,019,智能科学与技术,1,582,73371
2024,4339,湖南工商大学,020,计算机类,1,594,60529
2024,4339,湖南工商大学,021,计算机科学与技术（智慧管理院士卓越班）,1,588,66283
2024,4339,湖南工商大学,022,人工智能（大数据与AI院士卓越班）,1,579,76661
2024,4339,湖南工商大学,023,商务英语,1,589,65524
2024,4339,湖南工商大学,024,英语（语言数智卓越班）,1,589,65897
2024,4339,湖南工商大学,025,工业智能,1,576,80247
2024,4339,湖南工商大学,026,网络空间安全,1,580,76181
2024,4339,湖南工商大学,027,智能制造工程,1,571,85938
2024,4339,湖南工商大学,028,通信工程,1,584,70835
2024,4339,湖南工商大学,029,人工智能（数字媒体与AI院士卓越班）,1,581,74145
2024,4339,湖南工商大学,030,大数据管理与应用（大数据管理与元宇宙院士卓越班）,1,586,68896
2024,4339,湖南工商大学,031,人工智能（卓越工程师班）,1,588,66471
2024,4339,湖南工商大学,032,计算机科学与技术（卓越工程师班）,1,588,66410
2024,4339,湖南工商大学,033,电子信息工程（卓越工程师班）,1,585,70415
2024,4340,湘潭理工学院,001,信息管理与信息系统,2,512,155770
2024,4340,湘潭理工学院,002,工商管理,2,540,123164
2024,4340,湘潭理工学院,003,财务管理,2,553,107414
2024,4340,湘潭理工学院,004,人力资源管理,2,543,119256
2024,4340,湘潭理工学院,005,物流管理,2,536,126921
2024,4341,湖南涉外经济学院,001,金融学,4,532,132062
2024,4341,湖南涉外经济学院,002,汉语言文学,2,552,109141
2024,4341,湖南涉外经济学院,003,网络与新媒体,3,537,126624
2024,4341,湖南涉外经济学院,004,国际经济与贸易,4,528,136664
2024,4341,湖南涉外经济学院,005,工商管理,2,534,130227
2024,4341,湖南涉外经济学院,006,会计学,2,544,118418
2024,4341,湖南涉外经济学院,007,人力资源管理,2,531,132898
2024,4341,湖南涉外经济学院,008,财务管理,4,540,122885
2024,4341,湖南涉外经济学院,009,酒店管理,3,527,138160
2024,4341,湖南涉外经济学院,010,大数据管理与应用,2,501,167685
2024,4341,湖南涉外经济学院,011,供应链管理,4,527,138328
2024,4341,湖南涉外经济学院,012,英语,3,531,133397
2024,4341,湖南涉外经济学院,013,日语,3,527,138457
2024,4341,湖南涉外经济学院,014,商务英语,4,527,138303
2024,4341,湖南涉外经济学院,015,电子商务,5,528,136182
2024,4341,湖南涉外经济学院,016,计算机科学与技术,3,492,
2024,4341,湖南涉外经济学院,021,机械设计制造及其自动化,4,492,
2024,4341,湖南涉外经济学院,022,物联网工程,3,492,
2024,4341,湖南涉外经济学院,025,学前教育,3,529,135215
2024,4342,湖南师范大学,001,汉语国际教育(师范),2,652,11806
2024,4342,湖南师范大学,002,汉语言文学(师范),4,656,9828
2024,4342,湖南师范大学,003,历史学(师范),5,655,10407
2024,4342,湖南师范大学,004,文化产业管理,2,642,17090
2024,4342,湖南师范大学,006,广播电视编导,2,642,17224
2024,4342,湖南师范大学,007,法学,6,652,11508
2024,4342,湖南师范大学,008,知识产权,2,650,12467
2024,4342,湖南师范大学,009,工商管理,2,640,18179
2024,4342,湖南师范大学,010,会计学,2,650,12840
2024,4342,湖南师范大学,011,行政管理,2,645,15407
2024,4342,湖南师范大学,012,思想政治教育(师范),3,653,11236
2024,4342,湖南师范大学,013,哲学,3,644,16084
2024,4342,湖南师范大学,014,政治学与行政学,3,645,15318
2024,4342,湖南师范大学,015,经济学,2,647,14284
2024,4342,湖南师范大学,016,金融学,2,643,16388
2024,4342,湖南师范大学,017,国际经济与贸易,2,643,16500
2024,4342,湖南师范大学,018,旅游管理类,6,635,21352
2024,4342,湖南师范大学,019,外国语言文学类,6,645,15311
2024,4342,湖南师范大学,023,数学与应用数学(师范),6,647,13955
2024,4342,湖南师范大学,024,数据科学与大数据技术,4,635,21635
2024,4342,湖南师范大学,025,信息与计算科学,2,637,19994
2024,4342,湖南师范大学,026,电子信息科学与技术,3,636,20677
2024,4342,湖南师范大学,027,物理学类,2,642,16946
2024,4342,湖南师范大学,028,化学(师范),3,641,17768
2024,4342,湖南师范大学,029,化工与制药类,6,625,29335
2024,4342,湖南师范大学,030,生物科学类,5,635,21419
2024,4342,湖南师范大学,031,地理科学(师范),4,653,11306
2024,4342,湖南师范大学,032,地理信息科学,3,648,13600
2024,4342,湖南师范大学,033,人文地理与城乡规划,2,641,17581
2024,4342,湖南师范大学,034,土地资源管理,2,640,18389
2024,4342,湖南师范大学,036,电子信息工程,2,638,19404
2024,4342,湖南师范大学,037,临床医学,12,631,24380
2024,4342,湖南师范大学,038,药学,6,623,30602
2024,4342,湖南师范大学,039,预防医学,2,562,96230
2024,4342,湖南师范大学,040,计算机科学与技术,3,641,17314
2024,4342,湖南师范大学,041,软件工程,4,637,20153
2024,4342,湖南师范大学,042,物联网工程,3,634,22142
2024,4342,湖南师范大学,043,人工智能,2,634,22124
2024,4342,湖南师范大学,045,新闻传播学类,6,645,15126
2024,4344,湖南水利水电职业技术学院,504,水利水电工程技术,2,492,
2024,4345,湖南司法警官职业学院,501,法律事务,10,498,171579
2024,4345,湖南司法警官职业学院,502,司法警务,5,500,169518
2024,4345,湖南司法警官职业学院,503,司法鉴定技术,5,500,168959
2024,4346,湖南铁道职业技术学院,501,铁道车辆技术,7,506,162634
2024,4346,湖南铁道职业技术学院,502,铁道机车运用与维护,3,514,153691
2024,4346,湖南铁道职业技术学院,503,城市轨道车辆应用技术,4,502,166774
2024,4346,湖南铁道职业技术学院,504,铁道供电技术,3,501,168259
2024,4346,湖南铁道职业技术学院,505,铁路物流管理,3,502,167106
2024,4347,湖南文理学院,001,汉语言文学(师范),2,597,57073
2024,4347,湖南文理学院,002,新闻学,2,580,76261
2024,4347,湖南文理学院,003,电子商务及法律,2,570,86892
2024,4347,湖南文理学院,004,英语(师范),3,582,73366
2024,4347,湖南文理学院,005,日语,2,571,86268
2024,4347,湖南文理学院,006,商务英语,3,568,89180
2024,4347,湖南文理学院,009,学前教育(师范),2,577,79779
2024,4347,湖南文理学院,010,材料科学与工程,2,515,152220
2024,4347,湖南文理学院,011,市场营销,2,569,88550
2024,4347,湖南文理学院,012,会计学,2,586,68875
2024,4347,湖南文理学院,013,金融工程,2,543,118978
2024,4347,湖南文理学院,014,旅游管理,2,568,90100
2024,4347,湖南文理学院,015,水产养殖学,2,492,
2024,4347,湖南文理学院,016,计算机科学与技术,2,538,124616
2024,4347,湖南文理学院,017,风景园林,2,571,86700
2024,4347,湖南文理学院,018,医学检验技术,2,509,158595
2024,4348,湖南文理学院芙蓉学院,001,国际经济与贸易,2,550,110902
2024,4348,湖南文理学院芙蓉学院,002,旅游管理,1,562,96989
2024,4348,湖南文理学院芙蓉学院,003,财务管理,2,554,105898
2024,4349,湖南信息学院,503,电子商务,3,496,173371
2024,4350,湖南信息职业技术学院,501,电子信息工程技术,2,492,
2024,4350,湖南信息职业技术学院,503,软件技术（JAVA开发方向）,2,507,161415
2024,4350,湖南信息职业技术学院,504,软件技术（Web前端开发方向）,1,499,169698
2024,4350,湖南信息职业技术学院,513,数字媒体技术,1,499,170488
2024,4352,湖南中医药大学,001,中医学（卓越1班、5+3一体化）,2,636,20606
2024,4352,湖南中医药大学,002,中医学,6,603,49807
2024,4352,湖南中医药大学,003,中西医临床医学,3,596,57690
2024,4352,湖南中医药大学,004,针灸推拿学,3,585,70192
2024,4352,湖南中医药大学,005,康复治疗学,1,583,72468
2024,4352,湖南中医药大学,006,临床医学,5,608,44999
2024,4352,湖南中医药大学,007,医学影像学,4,600,53157
2024,4352,湖南中医药大学,008,口腔医学,6,617,35966
2024,4352,湖南中医药大学,009,医学检验技术,3,533,130996
2024,4352,湖南中医药大学,010,护理学,3,550,110576
2024,4352,湖南中医药大学,011,药学,5,571,85782
2024,4352,湖南中医药大学,012,药物制剂,2,575,81258
2024,4352,湖南中医药大学,013,中药学,5,539,123908
2024,4352,湖南中医药大学,014,中药资源与开发,2,538,125003
2024,4352,湖南中医药大学,015,制药工程,2,549,111800
2024,4352,湖南中医药大学,016,食品科学与工程,2,529,135148
2024,4352,湖南中医药大学,017,医学信息工程,2,554,105895
2024,4352,湖南中医药大学,018,运动康复,1,584,71337
2024,4352,湖南中医药大学,019,英语,2,590,64032
2024,4352,湖南中医药大学,020,应用心理学,2,608,45323
2024,4352,湖南中医药大学,021,计算机科学与技术,3,573,83697
2024,4352,湖南中医药大学,022,信息管理与信息系统,1,546,115202
2024,4352,湖南中医药大学,023,市场营销,1,586,69104
2024,4352,湖南中医药大学,024,公共事业管理,1,587,68333
2024,4352,湖南中医药大学,025,中医康复学,2,578,77631
2024,4352,湖南中医药大学,026,中医学（卓越2班、5+3一体化）,1,636,20937
2024,4352,湖南中医药大学,027,中医学（卓越3班、5+3一体化）,1,635,21622
2024,4352,湖南中医药大学,028,中医儿科学,2,573,83557
2024,4352,湖南中医药大学,029,中医骨伤科学,2,588,66484
2024,4352,湖南中医药大学,030,中医学（中医儿科班、5+3一体化）,2,625,29065
2024,4352,湖南中医药大学,031,眼视光医学,4,596,58055
2024,4352,湖南中医药大学,032,医疗保险,2,581,74749
2024,4352,湖南中医药大学,033,商务英语,1,585,70609
2024,4353,湖南中医药大学湘杏学院,001,中医学,5,508,160335
2024,4353,湖南中医药大学湘杏学院,002,针灸推拿学,4,527,138215
2024,4353,湖南中医药大学湘杏学院,003,中西医临床医学,3,496,173134
2024,4353,湖南中医药大学湘杏学院,004,护理学,3,518,148670
2024,4354,湖南中医药高等专科学校,501,针灸推拿,4,509,159044
2024,4354,湖南中医药高等专科学校,502,中医骨伤,2,500,169434
2024,4354,湖南中医药高等专科学校,504,护理,8,492,
2024,4355,怀化学院,009,社会工作,2,569,87930
2024,4355,怀化学院,010,思想政治教育(师范),2,586,69131
2024,4355,怀化学院,011,学前教育(师范),2,575,81321
2024,4355,怀化学院,012,小学教育(师范),2,587,68189
2024,4355,怀化学院,014,汉语言文学(师范),2,588,66218
2024,4355,怀化学院,015,网络与新媒体,2,576,80317
2024,4355,怀化学院,016,英语(师范),2,579,77354
2024,4355,怀化学院,017,数学与应用数学(师范),2,492,
2024,4355,怀化学院,018,信息与计算科学,2,522,143742
2024,4355,怀化学院,020,机械设计制造及其自动化,3,528,136695
2024,4355,怀化学院,021,材料化学,3,501,167523
2024,4355,怀化学院,022,电气工程及其自动化,2,537,125772
2024,4355,怀化学院,023,通信工程,3,515,152448
2024,4355,怀化学院,024,光电信息科学与工程,2,525,140647
2024,4355,怀化学院,025,计算机科学与技术,2,533,130392
2024,4355,怀化学院,026,软件工程,2,534,130067
2024,4355,怀化学院,027,网络空间安全,2,528,136819
2024,4355,怀化学院,029,食品质量与安全,2,522,143700
2024,4355,怀化学院,030,风景园林,2,566,91519
2024,4355,怀化学院,031,生物工程,2,507,160550
2024,4355,怀化学院,032,生物制药,2,492,
2024,4355,怀化学院,033,财务管理,2,577,79388
2024,4355,怀化学院,034,物流管理,2,571,85954
2024,4355,怀化学院,035,物理学(师范),2,538,124637
2024,4355,怀化学院,036,人工智能,3,518,147927
2024,4355,怀化学院,037,机器人工程,2,524,141111
2024,4355,怀化学院,038,历史学(师范),2,584,70914
2024,4355,怀化学院,039,跨境电子商务,2,568,90170
2024,4355,怀化学院,040,法学,2,586,69331
2024,4356,吉首大学,001,数字经济,3,551,109490
2024,4356,吉首大学,002,人工智能,2,551,110035
2024,4356,吉首大学,003,临床医学,3,581,74349
2024,4356,吉首大学,005,旅游管理,2,573,83508
2024,4356,吉首大学,006,电子商务,2,577,79433
2024,4356,吉首大学,007,电气工程及其自动化,3,565,93314
2024,4356,吉首大学,008,物理学(师范),3,508,159348
2024,4356,吉首大学,009,材料科学与工程,2,552,108372
2024,4356,吉首大学,010,机械设计制造及其自动化,3,551,110059
2024,4356,吉首大学,011,翻译,3,576,80381
2024,4356,吉首大学,012,日语,2,574,83095
2024,4356,吉首大学,013,国际经济与贸易,2,576,80265
2024,4356,吉首大学,014,工商管理,2,582,72967
2024,4356,吉首大学,015,金融工程,3,542,120324
2024,4356,吉首大学,016,软件工程,3,546,115558
2024,4356,吉首大学,017,生物科学(师范),2,504,164262
2024,4356,吉首大学,018,食品科学与工程,2,533,130546
2024,4356,吉首大学,019,制药工程,2,541,120955
2024,4356,吉首大学,020,商务英语,2,575,81888
2024,4356,吉首大学,021,法学,2,601,52573
2024,4357,张家界学院,001,工商管理,3,540,122816
2024,4357,张家界学院,002,旅游管理,2,535,128587
2024,4357,张家界学院,003,电子商务,3,536,127732
2024,4357,张家界学院,501,护理,2,492,
2024,4358,南华大学,001,机械设计制造及其自动化,4,567,90338
2024,4358,南华大学,002,材料成型及控制工程,2,548,112772
2024,4358,南华大学,003,过程装备与控制工程,2,548,113617
2024,4358,南华大学,004,车辆工程,2,562,96837
2024,4358,南华大学,005,智能制造工程,2,565,92904
2024,4358,南华大学,006,能源与动力工程,2,588,66731
2024,4358,南华大学,007,电气工程及其自动化,2,587,67538
2024,4358,南华大学,008,生物医学工程,2,571,85594
2024,4358,南华大学,009,核物理,2,593,60885
2024,4358,南华大学,010,核工程类,5,603,50177
2024,4358,南华大学,011,矿物资源工程（含卓越工程师班）,4,538,125429
2024,4358,南华大学,012,矿物加工工程,2,492,177975
2024,4358,南华大学,013,环境工程,3,543,118921
2024,4358,南华大学,014,人工智能,2,581,74356
2024,4358,南华大学,015,土木工程,4,517,149504
2024,4358,南华大学,016,建筑环境与能源应用工程,2,548,112888
2024,4358,南华大学,017,给排水科学与工程,2,538,124756
2024,4358,南华大学,018,建筑电气与智能化,2,563,95621
2024,4358,南华大学,019,道路桥梁与渡河工程,2,550,110781
2024,4358,南华大学,020,建筑学,3,589,65190
2024,4358,南华大学,021,城乡规划,3,587,67634
2024,4358,南华大学,022,化工与制药类,6,495,174488
2024,4358,南华大学,023,材料类,4,544,117611
2024,4358,南华大学,024,信息与计算科学,3,566,91414
2024,4358,南华大学,025,临床医学,3,610,43071
2024,4358,南华大学,026,儿科学,2,596,57543
2024,4358,南华大学,027,药学,6,492,
2024,4358,南华大学,028,药物制剂,4,557,102451
2024,4358,南华大学,029,预防医学,4,492,
2024,4358,南华大学,030,护理学,8,492,177011
2024,4358,南华大学,031,电子商务,12,581,74890
2024,4358,南华大学,032,国际经济与贸易,6,584,71508
2024,4358,南华大学,033,工商管理,12,589,66063
2024,4358,南华大学,034,会计学,8,594,60309
2024,4358,南华大学,035,物流工程,6,558,101660
2024,4358,南华大学,036,英语,4,584,71241
2024,4358,南华大学,037,翻译,2,583,72647
2024,4358,南华大学,038,日语,2,581,75167
2024,4358,南华大学,039,应急管理,2,555,104400
2024,4359,南华大学船山学院,001,机械设计制造及其自动化,2,493,176108
2024,4359,南华大学船山学院,002,电气工程及其自动化,2,512,155786
2024,4359,南华大学船山学院,003,软件工程,2,509,158575
2024,4359,南华大学船山学院,004,工商管理,3,554,105919
2024,4359,南华大学船山学院,005,英语,2,551,110317
2024,4359,南华大学船山学院,006,护理学,3,498,171608
2024,4359,南华大学船山学院,007,医学检验技术,2,492,
2024,4360,邵阳学院,001,金融工程,2,529,135217
2024,4360,邵阳学院,002,国际经济与贸易,2,569,88778
2024,4360,邵阳学院,003,法学,4,585,69991
2024,4360,邵阳学院,004,历史学(师范),4,580,75766
2024,4360,邵阳学院,005,英语(师范),5,575,81309
2024,4360,邵阳学院,006,商务英语,5,565,93620
2024,4360,邵阳学院,012,风景园林,3,569,88817
2024,4360,邵阳学院,013,园林,4,567,91329
2024,4360,邵阳学院,014,地理科学(师范),3,582,73489
2024,4360,邵阳学院,015,数学与应用数学(师范),3,492,
2024,4360,邵阳学院,016,机械设计制造及其自动化,4,526,138650
2024,4360,邵阳学院,017,能源与动力工程,4,520,146557
2024,4360,邵阳学院,018,自动化,4,522,143278
2024,4360,邵阳学院,019,信息与计算科学,4,519,146834
2024,4360,邵阳学院,020,城乡规划,3,569,88385
2024,4360,邵阳学院,021,通信工程(中外合作办学),4,495,174060
2024,4361,湘南学院,008,金融工程,4,504,164056
2024,4361,湘南学院,009,汉语言文学(师范),5,587,68194
2024,4361,湘南学院,010,英语(师范),4,572,85160
2024,4361,湘南学院,011,翻译,2,565,93658
2024,4361,湘南学院,012,商务英语,3,565,92888
2024,4361,湘南学院,013,国际经济与贸易,4,570,87831
2024,4361,湘南学院,014,电气工程及其自动化,3,535,128742
2024,4361,湘南学院,015,光电信息科学与工程,3,520,145755
2024,4361,湘南学院,016,应用化学,5,492,
2024,4361,湘南学院,017,计算机科学与技术,4,529,135180
2024,4361,湘南学院,020,药学,5,492,
2024,4361,湘南学院,021,旅游管理,2,566,91678
2024,4361,湘南学院,022,医学检验技术,4,492,
2024,4361,湘南学院,023,医学影像技术,4,520,145710
2024,4361,湘南学院,025,口腔医学,1,575,81650
2024,4361,湘南学院,026,临床医学,4,538,125380
2024,4362,湘潭大学,001,哲学,4,622,32291
2024,4362,湘潭大学,002,历史学,4,627,27911
2024,4362,湘潭大学,003,中国共产党历史,3,632,24097
2024,4362,湘潭大学,004,经济学,4,625,29592
2024,4362,湘潭大学,005,金融学,4,617,36464
2024,4362,湘潭大学,006,国际经济与贸易,4,615,37864
2024,4362,湘潭大学,007,工商管理,4,616,37212
2024,4362,湘潭大学,008,会计学,4,625,29027
2024,4362,湘潭大学,009,电子商务,3,613,40157
2024,4362,湘潭大学,010,法学（卓越班）,2,653,11070
2024,4362,湘潭大学,011,法学,3,649,12960
2024,4362,湘潭大学,012,知识产权,3,643,16460
2024,4362,湘潭大学,013,信用风险管理与法律防控,3,641,17863
2024,4362,湘潭大学,014,汉语言文学,4,636,21118
2024,4362,湘潭大学,015,广告学,3,614,39618
2024,4362,湘潭大学,016,英语,5,616,37752
2024,4362,湘潭大学,017,法语,4,610,43153
2024,4362,湘潭大学,018,西班牙语,3,608,44878
2024,4362,湘潭大学,019,数学类,4,628,26421
2024,4362,湘潭大学,020,数据科学与大数据技术,3,617,36495
2024,4362,湘潭大学,021,物理学,4,614,39365
2024,4362,湘潭大学,022,微电子科学与工程,4,613,39800
2024,4362,湘潭大学,023,材料类（师昌绪班）,2,608,45375
2024,4362,湘潭大学,024,新能源材料与器件,4,606,47411
2024,4362,湘潭大学,025,能源化学,3,601,51951
2024,4362,湘潭大学,026,高分子材料与工程,3,604,49241
2024,4362,湘潭大学,027,化学工程与工艺,4,598,55429
2024,4362,湘潭大学,028,食品科学与工程,4,598,56033
2024,4362,湘潭大学,029,机械设计制造及其自动化,5,608,44671
2024,4362,湘潭大学,030,工业设计,4,599,54174
2024,4362,湘潭大学,031,智能制造工程,4,606,46982
2024,4362,湘潭大学,032,人工智能,5,617,36387
2024,4362,湘潭大学,033,通信工程,4,609,43876
2024,4362,湘潭大学,034,电子信息工程,4,615,37854
2024,4362,湘潭大学,035,计算机科学与技术,5,621,32441
2024,4362,湘潭大学,036,软件工程,3,620,33619
2024,4362,湘潭大学,037,网络空间安全,3,610,43064
2024,4362,湘潭大学,038,土木工程,6,581,74389
2024,4362,湘潭大学,039,机械设计制造及其自动化(中外合作办学),3,598,55237
2024,4364,永州职业技术学院,501,临床医学,6,496,173167
2024,4364,永州职业技术学院,502,口腔医学,6,520,145891
2024,4364,永州职业技术学院,503,中医学,3,507,161342
2024,4364,永州职业技术学院,504,药学,1,503,165783
2024,4364,永州职业技术学院,505,护理,1,511,156913
2024,4364,永州职业技术学院,506,医学影像技术,3,508,160101
2024,4365,中南大学,001,软件工程,7,661,7575
2024,4365,中南大学,002,临床医学（八年制）,2,685,1535
2024,4365,中南大学,003,口腔医学（5+3一体化）,2,677,2937
2024,4365,中南大学,004,金融学类（经济管理类）,14,659,8567
2024,4365,中南大学,005,法学类,7,663,7080
2024,4365,中南大学,006,中国语言文学类,11,661,7845
2024,4365,中南大学,007,外国语言文学类,12,656,9935
2024,4365,中南大学,008,建筑类（建筑城规类）,2,653,11050
2024,4365,中南大学,009,数学类,10,659,8310
2024,4365,中南大学,010,化工与制药类（化学生物环境类）,5,655,10397
2024,4365,中南大学,011,材料类（冶金材料类）,14,654,10669
2024,4365,中南大学,012,土木类（土木安全类）,5,651,11947
2024,4365,中南大学,013,交通运输类,6,657,9243
2024,4365,中南大学,014,机械类,9,659,8640
2024,4365,中南大学,015,能源动力类（能源类）,8,658,9082
2024,4365,中南大学,016,电子信息类,6,662,7270
2024,4365,中南大学,017,自动化类（自动化与电气类）,18,660,8049
2024,4365,中南大学,018,计算机类,12,663,7029
2024,4365,中南大学,019,航空航天类,2,661,7863
2024,4365,中南大学,020,临床医学类（临床及口腔五年制医学类）,12,663,6926
2024,4365,中南大学,021,公共卫生与预防医学类（非临床五年制医学类）,4,646,14481
2024,4365,中南大学,022,医学技术类（医学四年类）,4,656,9613
2024,4365,中南大学,023,数学与应用数学(中外合作办学),4,653,11086
2024,4365,中南大学,024,计算机科学与技术(中外合作办学),4,653,10967
2024,4365,中南大学,025,机械设计制造及其自动化(中外合作办学),5,650,12706
2024,4365,中南大学,026,交通设备与控制工程(中外合作办学),5,647,14071
2024,4366,中南林业科技大学,004,土地资源管理,2,492,
2024,4366,中南林业科技大学,005,生物科学类,4,514,153334
2024,4366,中南林业科技大学,006,生物工程,2,559,100331
2024,4366,中南林业科技大学,007,环境科学与工程类,8,508,159847
2024,4366,中南林业科技大学,008,材料类,10,521,144943
2024,4366,中南林业科技大学,009,木结构建筑与材料,2,514,152918
2024,4366,中南林业科技大学,010,智能制造工程,2,574,82873
2024,4366,中南林业科技大学,011,能源动力类,4,564,94167
2024,4366,中南林业科技大学,012,森林工程,4,504,164177
2024,4366,中南林业科技大学,013,物流工程,4,552,108202
2024,4366,中南林业科技大学,014,供应链管理,4,557,102257
2024,4366,中南林业科技大学,015,风景园林,2,578,77694
2024,4366,中南林业科技大学,016,建筑学,2,563,95067
2024,4366,中南林业科技大学,017,工业设计,2,566,91700
2024,4366,中南林业科技大学,018,家具设计与工程,8,528,136214
2024,4366,中南林业科技大学,019,土木类,10,528,136070
2024,4366,中南林业科技大学,020,工程力学,2,557,102026
2024,4366,中南林业科技大学,021,工程管理,2,563,95795
2024,4366,中南林业科技大学,022,食品科学与工程类,10,515,151627
2024,4366,中南林业科技大学,023,林产化工,6,527,137626
2024,4366,中南林业科技大学,024,化学工程与工艺,6,532,131739
2024,4366,中南林业科技大学,025,自动化,2,573,83749
2024,4366,中南林业科技大学,026,应用物理学,2,567,90839
2024,4366,中南林业科技大学,027,软件工程,2,587,67870
2024,4366,中南林业科技大学,028,地理信息科学,2,610,43260
2024,4366,中南林业科技大学,029,人工智能,2,574,82498
2024,4366,中南林业科技大学,030,会计学,2,611,41944
2024,4366,中南林业科技大学,031,市场营销,2,585,70606
2024,4366,中南林业科技大学,032,农林经济管理,4,589,66069
2024,4366,中南林业科技大学,033,人力资源管理,2,591,63749
2024,4366,中南林业科技大学,034,国际经济与贸易,2,595,58639
2024,4366,中南林业科技大学,035,日语,2,581,74984
2024,4366,中南林业科技大学,036,朝鲜语,2,572,85166
2024,4366,中南林业科技大学,037,会展经济与管理,2,584,71623
2024,4366,中南林业科技大学,038,旅游管理类,6,579,77254
2024,4366,中南林业科技大学,039,数字经济,2,563,95388
2024,4366,中南林业科技大学,040,知识产权,2,605,48197
2024,4366,中南林业科技大学,041,木材科学与工程（院士卓越班）,2,542,120141
2024,4366,中南林业科技大学,042,生态学（陶铸实验班）,2,525,140579
2024,4366,中南林业科技大学,043,金融学(中外合作办学),2,578,77850
2024,4366,中南林业科技大学,044,林学(中外合作办学),3,540,122955
2024,4368,湖南铁路科技职业技术学院,501,城市轨道车辆应用技术,5,502,167019
2024,4368,湖南铁路科技职业技术学院,502,动车组检修技术,2,508,160194
2024,4368,湖南铁路科技职业技术学院,503,城市轨道交通运营管理,9,495,174756
2024,4368,湖南铁路科技职业技术学院,504,铁道工程技术,2,508,160172
2024,4368,湖南铁路科技职业技术学院,505,城市轨道交通通信信号技术,2,500,168878
2024,4375,湖南三一工业职业技术学院,509,电子商务,2,492,
2024,4377,长沙职业技术学院,501,大数据与会计,1,534,129508
2024,4377,长沙职业技术学院,502,跨境电子商务,1,511,157131
2024,4382,中南林业科技大学涉外学院,001,电子商务,3,545,117233
2024,4382,中南林业科技大学涉外学院,002,会计学,4,564,94271
2024,4382,中南林业科技大学涉外学院,003,国际商务,4,540,122367
2024,4382,中南林业科技大学涉外学院,004,计算机科学与技术,2,502,166771
2024,4382,中南林业科技大学涉外学院,005,软件工程,2,498,171473
2024,4402,北京师范大学-香港浸会大学联合国际学院,001,工商管理类(中外合作办学),3,610,42943
2024,4402,北京师范大学-香港浸会大学联合国际学院,002,新闻传播学类(中外合作办学),6,612,41573
2024,4402,北京师范大学-香港浸会大学联合国际学院,003,外国语言文学类(中外合作办学),2,610,43293
2024,4402,北京师范大学-香港浸会大学联合国际学院,004,计算机类(中外合作办学),4,604,49380
2024,4402,北京师范大学-香港浸会大学联合国际学院,005,会计学(中外合作办学),4,613,40452
2024,4402,北京师范大学-香港浸会大学联合国际学院,006,经济学(中外合作办学),3,611,42129
2024,4402,北京师范大学-香港浸会大学联合国际学院,007,社会学(中外合作办学),2,611,42422
2024,4402,北京师范大学-香港浸会大学联合国际学院,008,应用心理学(中外合作办学),5,608,45423
2024,4402,北京师范大学-香港浸会大学联合国际学院,009,食品科学与工程(中外合作办学),2,601,52958
2024,4402,北京师范大学-香港浸会大学联合国际学院,010,环境科学(中外合作办学),2,599,54061
2024,4402,北京师范大学-香港浸会大学联合国际学院,011,统计学(中外合作办学),2,601,52276
2024,4402,北京师范大学-香港浸会大学联合国际学院,012,金融数学(中外合作办学),2,601,52114
2024,4402,北京师范大学-香港浸会大学联合国际学院,013,数学与应用数学(中外合作办学),2,603,49897
2024,4402,北京师范大学-香港浸会大学联合国际学院,014,人工智能(中外合作办学),2,613,40328
2024,4403,电子科技大学中山学院,001,电子信息工程,2,497,172079
2024,4403,电子科技大学中山学院,002,电子科学与技术,2,492,
2024,4403,电子科技大学中山学院,003,光电信息科学与工程,2,505,163134
2024,4403,电子科技大学中山学院,004,自动化,2,499,169561
2024,4403,电子科技大学中山学院,005,电气工程及其自动化,2,505,163109
2024,4403,电子科技大学中山学院,006,机械电子工程,2,505,162877
2024,4403,电子科技大学中山学院,007,工业设计,2,492,
2024,4403,电子科技大学中山学院,008,计算机科学与技术,2,496,172933
2024,4403,电子科技大学中山学院,009,软件工程,2,502,166409
2024,4403,电子科技大学中山学院,010,人工智能,2,508,159912
2024,4403,电子科技大学中山学院,011,应用化学,2,492,
2024,4403,电子科技大学中山学院,014,电子商务,2,546,115620
2024,4403,电子科技大学中山学院,015,财务管理,2,552,108447
2024,4403,电子科技大学中山学院,016,人力资源管理,2,544,117956
2024,4403,电子科技大学中山学院,017,新闻学,2,554,105709
2024,4403,电子科技大学中山学院,018,行政管理,2,538,125132
2024,4403,电子科技大学中山学院,019,会展经济与管理,2,542,120694
2024,4403,电子科技大学中山学院,020,旅游管理,2,532,131558
2024,4403,电子科技大学中山学院,021,商务英语,2,537,126720
2024,4403,电子科技大学中山学院,022,日语,2,537,126674
2024,4404,东莞城市学院,002,网络与新媒体,2,537,126643
2024,4404,东莞城市学院,003,人工智能,3,492,
2024,4404,东莞城市学院,005,环境工程,3,492,
2024,4404,东莞城市学院,007,工商管理,2,528,136766
2024,4404,东莞城市学院,008,市场营销,2,529,135099
2024,4404,东莞城市学院,009,财务管理,2,539,124395
2024,4404,东莞城市学院,010,电子商务,3,529,135273
2024,4405,广东白云学院,002,通信工程（华为5G创新班）,2,510,157250
2024,4405,广东白云学院,003,物联网工程（华为鸿蒙创新班）,2,494,175351
2024,4405,广东白云学院,005,人工智能,2,492,
2024,4405,广东白云学院,008,汉语言文学,2,545,117057
2024,4405,广东白云学院,009,跨境电子商务,2,536,127594
2024,4405,广东白云学院,010,物流管理,2,531,133274
2024,4405,广东白云学院,011,人力资源管理,2,531,132885
2024,4405,广东白云学院,012,英语,2,536,127806
2024,4405,广东白云学院,013,数字经济,2,492,
2024,4405,广东白云学院,014,会计学,2,543,118818
2024,4405,广东白云学院,015,计算机科学与技术（中外学分互认）,3,492,
2024,4405,广东白云学院,016,工商管理（中外学分互认）,2,529,135693
2024,4405,广东白云学院,017,网络与新媒体,2,532,132145
2024,4406,广东工业大学,001,机械设计制造及其自动化,3,605,47895
2024,4406,广东工业大学,002,机械电子工程,3,612,41155
2024,4406,广东工业大学,003,测控技术与仪器,3,603,50600
2024,4406,广东工业大学,004,工业工程,3,588,66536
2024,4406,广东工业大学,005,智能制造工程,3,603,49818
2024,4406,广东工业大学,006,应用化学,2,585,69648
2024,4406,广东工业大学,007,电子信息类,3,624,29836
2024,4406,广东工业大学,008,交通运输,2,590,64430
2024,4406,广东工业大学,009,材料成型及控制工程,4,594,59697
2024,4406,广东工业大学,010,能源动力类,2,602,51573
2024,4406,广东工业大学,011,环境工程,3,584,71047
2024,4406,广东工业大学,012,社会工作,2,605,48440
2024,4406,广东工业大学,014,计算机类,3,624,29790
2024,4406,广东工业大学,015,数学类,3,608,45522
2024,4406,广东工业大学,016,工商管理类,3,608,45147
2024,4408,广东金融学院,001,金融学,1,609,44410
2024,4408,广东金融学院,002,会计学,1,612,40880
2024,4408,广东金融学院,003,审计学,1,608,44784
2024,4408,广东金融学院,004,软件工程,1,594,60406
2024,4408,广东金融学院,005,商务英语,1,594,60027
2024,4409,广东培正学院,001,日语,2,528,136932
2024,4409,广东培正学院,002,商务英语,2,527,137903
2024,4409,广东培正学院,003,国际经济与贸易,2,536,127875
2024,4409,广东培正学院,004,工商管理,3,531,133261
2024,4409,广东培正学院,005,旅游管理,2,527,137923
2024,4409,广东培正学院,006,会计学,3,543,119289
2024,4409,广东培正学院,007,法学,5,553,107883
2024,4409,广东培正学院,008,计算机科学与技术,5,492,
2024,4409,广东培正学院,009,广告学,3,533,131340
2024,4409,广东培正学院,010,应用心理学,3,538,124822
2024,4412,广东外语外贸大学,001,数字经济,1,584,71346
2024,4412,广东外语外贸大学,002,财政学类,2,632,23584
2024,4412,广东外语外贸大学,003,金融学类,2,633,23190
2024,4412,广东外语外贸大学,004,政治学类,5,624,30409
2024,4412,广东外语外贸大学,005,中国语言文学类,1,632,23790
2024,4412,广东外语外贸大学,006,英语,3,637,20365
2024,4412,广东外语外贸大学,007,俄语,1,620,33996
2024,4412,广东外语外贸大学,008,德语,1,632,24099
2024,4412,广东外语外贸大学,009,法语,1,625,29603
2024,4412,广东外语外贸大学,010,西班牙语,1,632,23999
2024,4412,广东外语外贸大学,011,阿拉伯语,1,630,25219
2024,4412,广东外语外贸大学,012,日语,3,612,41116
2024,4412,广东外语外贸大学,013,菲律宾语,1,598,56116
2024,4412,广东外语外贸大学,014,印度尼西亚语,1,611,42392
2024,4412,广东外语外贸大学,015,印地语,1,606,47526
2024,4412,广东外语外贸大学,016,柬埔寨语,1,590,64441
2024,4412,广东外语外贸大学,017,捷克语,1,606,47587
2024,4412,广东外语外贸大学,018,葡萄牙语,1,620,33713
2024,4412,广东外语外贸大学,019,希腊语,1,615,38585
2024,4412,广东外语外贸大学,020,意大利语,1,629,26252
2024,4412,广东外语外贸大学,021,孟加拉语,1,588,67264
2024,4412,广东外语外贸大学,022,商务英语,4,633,23311
2024,4412,广东外语外贸大学,023,计算机类,1,600,53547
2024,4412,广东外语外贸大学,024,工商管理类,9,623,30884
2024,4412,广东外语外贸大学,025,国际商务,2,620,33817
2024,4412,广东外语外贸大学,026,行政管理,5,611,42334
2024,4412,广东外语外贸大学,027,供应链管理,3,607,46345
2024,4412,广东外语外贸大学,028,电子商务,5,618,35836
2024,4414,广东药科大学,001,生物技术,3,520,145712
2024,4414,广东药科大学,002,制药工程,3,571,86419
2024,4414,广东药科大学,003,生物工程,3,492,
2024,4414,广东药科大学,004,生物制药,3,492,
2024,4414,广东药科大学,005,临床医学,3,614,39067
2024,4414,广东药科大学,006,预防医学,3,492,
2024,4414,广东药科大学,007,中医学,4,584,70703
2024,4414,广东药科大学,008,中西医临床医学,3,592,61775
2024,4414,广东药科大学,009,药学,3,573,83848
2024,4414,广东药科大学,010,药物制剂,3,492,
2024,4414,广东药科大学,011,临床药学,3,579,76949
2024,4414,广东药科大学,012,海洋药学,3,492,
2024,4414,广东药科大学,013,中药学,3,570,87572
2024,4414,广东药科大学,014,中药制药,3,492,
2024,4416,广州应用科技学院,001,法学,2,549,112697
2024,4416,广州应用科技学院,004,汉语言文学,2,551,110171
2024,4416,广州应用科技学院,005,新闻学,1,537,126229
2024,4416,广州应用科技学院,006,广告学,1,537,126198
2024,4417,广州工商学院,001,学前教育,2,533,130862
2024,4417,广州工商学院,002,工商管理,2,537,126562
2024,4417,广州工商学院,003,会计学,2,545,117124
2024,4419,广州美术学院,015,建筑学,1,612,41240
2024,4419,广州美术学院,016,风景园林,1,603,50108
2024,4419,广州美术学院,017,工业设计,1,594,59702
2024,4420,广州民航职业技术学院,503,飞机电子设备维修(中外合作办学),4,492,
2024,4420,广州民航职业技术学院,504,飞机部件修理,3,492,
2024,4420,广州民航职业技术学院,505,通用航空器维修,2,492,
2024,4420,广州民航职业技术学院,506,航空发动机维修技术,5,492,
2024,4420,广州民航职业技术学院,507,飞机机电设备维修,6,492,
2024,4420,广州民航职业技术学院,509,民航运输服务,4,511,157001
2024,4420,广州民航职业技术学院,510,电子商务,5,497,172376
2024,4420,广州民航职业技术学院,511,航空物流管理,6,504,165120
2024,4420,广州民航职业技术学院,512,大数据与会计,3,510,158027
2024,4420,广州民航职业技术学院,514,民航安全技术管理（民航旅客安全检查）,4,509,159048
2024,4420,广州民航职业技术学院,515,机场运行服务与管理,2,526,139428
2024,4420,广州民航职业技术学院,516,机场场务技术与管理,1,563,95845
2024,4420,广州民航职业技术学院,517,通用航空航务技术（通航管制）,2,492,
2024,4420,广州民航职业技术学院,518,电子信息工程技术,1,506,161743
2024,4420,广州民航职业技术学院,520,机场电工技术,1,495,174177
2024,4420,广州民航职业技术学院,522,计算机应用技术,2,503,165339
2024,4421,广州体育学院,001,经济学,1,587,68282
2024,4422,广州医科大学,001,临床医学,3,654,10701
2024,4422,广州医科大学,002,护理学,1,609,44119
2024,4422,广州医科大学,003,法学,2,633,23128
2024,4422,广州医科大学,004,公共事业管理,2,607,46183
2024,4422,广州医科大学,005,医学技术类,5,590,63937
2024,4422,广州医科大学,006,基础医学,1,624,30011
2024,4423,广州中医药大学,001,中医学（5+3一体化）,2,653,10931
2024,4423,广州中医药大学,002,中医学,3,635,21381
2024,4423,广州中医药大学,003,中西医临床医学,1,638,19275
2024,4423,广州中医药大学,004,临床医学,1,644,15970
2024,4423,广州中医药大学,005,医学影像学,1,630,25316
2024,4423,广州中医药大学,006,眼视光学,1,625,29384
2024,4423,广州中医药大学,007,针灸推拿学,2,631,24354
2024,4423,广州中医药大学,008,康复治疗学,2,575,80972
2024,4423,广州中医药大学,009,生物技术,1,621,33102
2024,4423,广州中医药大学,010,中药学类,3,599,54183
2024,4423,广州中医药大学,011,药学,3,609,44205
2024,4423,广州中医药大学,012,临床药学,1,620,33703
2024,4423,广州中医药大学,013,应用心理学,2,638,19899
2024,4423,广州中医药大学,014,公共事业管理,1,621,32894
2024,4423,广州中医药大学,015,医学信息工程,3,604,48921
2024,4423,广州中医药大学,016,护理学,3,623,31062
2024,4423,广州中医药大学,017,中医骨伤科学,2,623,31175
2024,4424,华南理工大学,001,机械类（创新班）,1,665,6241
2024,4424,华南理工大学,002,工科试验班（智能装备与先进制造）,3,665,6372
2024,4424,华南理工大学,003,建筑学,1,664,6718
2024,4424,华南理工大学,004,工程力学（创新班）,1,663,6903
2024,4424,华南理工大学,005,工科试验班（智慧土木与数字建造）,2,661,7688
2024,4424,华南理工大学,006,电气工程及其自动化（卓越班）,1,687,1336
2024,4424,华南理工大学,007,电气类,2,665,6167
2024,4424,华南理工大学,008,信息工程,2,665,6130
2024,4424,华南理工大学,009,自动化类,2,666,5938
2024,4424,华南理工大学,011,食品科学与工程（卓越班）,2,661,7903
2024,4424,华南理工大学,012,数学类,2,664,6789
2024,4424,华南理工大学,013,物理学类,2,663,6940
2024,4424,华南理工大学,014,工商管理类,2,662,7540
2024,4424,华南理工大学,015,会计学,2,664,6714
2024,4424,华南理工大学,016,计算机类,2,668,5361
2024,4424,华南理工大学,017,软件工程（卓越班）,2,667,5618
2024,4424,华南理工大学,018,软件工程,2,665,6260
2024,4424,华南理工大学,019,新闻传播学类,2,662,7486
2024,4424,华南理工大学,020,工业设计,1,662,7453
2024,4424,华南理工大学,024,法学类,2,665,6323
2024,4424,华南理工大学,025,经济学类,2,662,7421
2024,4424,华南理工大学,026,金融科技,2,659,8443
2024,4424,华南理工大学,027,大数据管理与应用,2,664,6521
2024,4424,华南理工大学,028,临床医学,2,663,6991
2024,4425,华南农业大学,001,土木工程,3,582,73396
2024,4425,华南农业大学,002,水利水电工程,3,599,54503
2024,4425,华南农业大学,003,农业机械化及其自动化（丁颖创新班）,2,611,42073
2024,4425,华南农业大学,004,工业设计,1,606,46923
2024,4425,华南农业大学,005,数据科学与大数据技术,1,625,29466
2024,4425,华南农业大学,006,信息管理与信息系统,1,627,27332
2024,4425,华南农业大学,007,食品科学与工程,1,623,30630
2024,4425,华南农业大学,008,食品质量与安全,1,619,34640
2024,4425,华南农业大学,009,生物科学（生物学理科基地班）,2,622,31719
2024,4425,华南农业大学,010,生物科学,1,624,29686
2024,4425,华南农业大学,011,生物技术,1,618,35100
2024,4425,华南农业大学,012,生态学,2,599,54493
2024,4425,华南农业大学,013,生物育种科学（植物育种）,1,623,31101
2024,4425,华南农业大学,014,生物育种科学（动物育种）,1,598,55572
2024,4425,华南农业大学,015,生物质能源与材料,4,594,59911
2024,4425,华南农业大学,016,材料科学与工程,2,610,43070
2024,4425,华南农业大学,017,材料化学,2,614,38816
2024,4425,华南农业大学,018,家具设计与工程（索菲亚班）,1,600,53654
2024,4425,华南农业大学,019,制药工程,2,616,37371
2024,4425,华南农业大学,020,海洋科学,4,589,65292
2024,4425,华南农业大学,021,农业资源与环境,3,583,72670
2024,4425,华南农业大学,022,农业资源与环境（低碳农业）,3,594,59907
2024,4425,华南农业大学,023,动物医学（丁颖创新班）,2,624,29813
2024,4425,华南农业大学,024,动物科学（丁颖创新班）,1,611,41691
2024,4425,华南农业大学,025,动物医学（温氏班）,2,624,29729
2024,4425,华南农业大学,026,动物医学,4,620,33370
2024,4425,华南农业大学,027,动物药学,4,593,60761
2024,4425,华南农业大学,028,动物科学（温氏班）,2,606,46772
2024,4425,华南农业大学,029,动物科学,5,585,70410
2024,4425,华南农业大学,031,野生动物与自然保护区管理（长隆班）,2,592,62315
2024,4425,华南农业大学,032,水产养殖学,4,543,118815
2024,4425,华南农业大学,033,水产养殖学（智慧渔业）,6,561,98201
2024,4425,华南农业大学,034,蚕学,3,591,63635
2024,4425,华南农业大学,035,农学（丁颖创新班）,3,609,43679
2024,4425,华南农业大学,036,园艺（丁颖创新班）,3,583,72536
2024,4425,华南农业大学,037,植物保护（丁颖创新班）,3,605,48532
2024,4425,华南农业大学,038,农学,6,590,64341
2024,4425,华南农业大学,039,园艺,5,563,95071
2024,4425,华南农业大学,040,植物保护,5,589,65595
2024,4425,华南农业大学,041,植物保护（智慧植保）,2,585,70312
2024,4425,华南农业大学,042,设施农业科学与工程,3,595,58846
2024,4425,华南农业大学,043,茶学,9,542,119965
2024,4425,华南农业大学,044,林学（低碳林业）,2,595,58929
2024,4425,华南农业大学,045,园艺（花卉）,2,581,74280
2024,4425,华南农业大学,046,会计学,1,640,18467
2024,4425,华南农业大学,047,园林,2,626,28648
2024,4425,华南农业大学,048,生物科学(中外合作办学),3,593,61210
2024,4425,华南农业大学,049,园艺(中外合作办学),3,557,102442
2024,4425,华南农业大学,050,食品质量与安全(中外合作办学),2,595,58771
2024,4426,华南师范大学,001,社会工作,3,642,17196
2024,4426,华南师范大学,002,思想政治教育(师范),2,654,10786
2024,4426,华南师范大学,003,地理科学(师范),4,653,11216
2024,4426,华南师范大学,004,人文地理与城乡规划,2,646,14839
2024,4426,华南师范大学,005,生物科学(师范),2,640,18500
2024,4426,华南师范大学,006,生物工程,2,629,25765
2024,4426,华南师范大学,007,计算机科学与技术(师范),3,642,16807
2024,4426,华南师范大学,008,网络工程,2,641,17520
2024,4426,华南师范大学,009,旅游管理,3,640,18234
2024,4426,华南师范大学,010,经济学,3,651,12363
2024,4426,华南师范大学,011,会计学,2,650,12585
2024,4426,华南师范大学,012,物流管理,4,639,19211
2024,4426,华南师范大学,013,汉语言文学(师范),2,660,8204
2024,4426,华南师范大学,014,光电信息科学与工程,2,641,17534
2024,4426,华南师范大学,015,环境工程,4,625,29407
2024,4427,珠海科技学院,001,广告学,2,558,101634
2024,4427,珠海科技学院,002,健康服务与管理,2,554,106704
2024,4427,珠海科技学院,003,会计学,2,575,81902
2024,4427,珠海科技学院,004,金融学,2,568,89528
2024,4427,珠海科技学院,005,电子商务,2,553,107420
2024,4427,珠海科技学院,006,英语,2,553,107538
2024,4427,珠海科技学院,007,日语,2,547,115035
2024,4427,珠海科技学院,008,商务英语,2,550,111352
2024,4427,珠海科技学院,009,机械设计制造及其自动化,2,533,130500
2024,4427,珠海科技学院,010,电子信息科学与技术,2,504,164043
2024,4427,珠海科技学院,011,计算机科学与技术,2,527,137286
2024,4427,珠海科技学院,012,软件工程,2,518,148025
2024,4427,珠海科技学院,013,信息管理与信息系统,2,504,164401
2024,4427,珠海科技学院,014,应用化学,2,502,166753
2024,4427,珠海科技学院,015,材料科学与工程,3,492,
2024,4427,珠海科技学院,016,化学工程与工艺,2,492,
2024,4427,珠海科技学院,017,新能源材料与器件,2,529,135496
2024,4427,珠海科技学院,018,制药工程,2,492,
2024,4427,珠海科技学院,019,药物制剂,2,510,158031
2024,4427,珠海科技学院,020,药物分析,2,517,149679
2024,4428,暨南大学,001,网络与新媒体,3,655,10322
2024,4428,暨南大学,003,税收学,2,656,9939
2024,4428,暨南大学,004,会计学,2,657,9335
2024,4428,暨南大学,005,行政管理,2,651,12344
2024,4428,暨南大学,006,应用物理学,2,646,14700
2024,4428,暨南大学,007,数学与应用数学,2,647,14019
2024,4428,暨南大学,008,信息管理与信息系统,2,646,14505
2024,4428,暨南大学,009,密码科学与技术,2,647,13894
2024,4428,暨南大学,010,国际经济与贸易,2,652,11569
2024,4428,暨南大学,011,药学,2,638,19442
2024,4428,暨南大学,012,临床医学,2,651,12042
2024,4428,暨南大学,015,戏剧影视文学,2,643,16674
2024,4428,暨南大学,016,法学,3,656,9757
2024,4428,暨南大学,017,翻译,2,647,14206
2024,4428,暨南大学,018,电气工程及其自动化,2,651,12099
2024,4428,暨南大学,019,自动化,3,649,13002
2024,4428,暨南大学,020,包装工程,2,640,18442
2024,4428,暨南大学,021,人工智能,2,651,12093
2024,4428,暨南大学,022,旅游管理,2,643,16491
2024,4428,暨南大学,023,商务英语,2,648,13880
2024,4428,暨南大学,024,数学与应用数学(中外合作办学),2,640,18032
2024,4428,暨南大学,025,信息与计算科学(中外合作办学),2,644,15727
2024,4428,暨南大学,026,经济统计学(中外合作办学),2,637,19969
2024,4428,暨南大学,027,经济学(中外合作办学),2,636,20560
2024,4428,暨南大学,029,金融工程,2,645,15036
2024,4429,广东石油化工学院,001,应用化学,2,522,143586
2024,4429,广东石油化工学院,002,计算机科学与技术,3,540,122288
2024,4429,广东石油化工学院,003,物联网工程,2,530,133843
2024,4429,广东石油化工学院,004,高分子材料与工程,3,521,144987
2024,4429,广东石油化工学院,005,过程装备与控制工程,3,521,144981
2024,4429,广东石油化工学院,006,工业工程,2,539,124244
2024,4429,广东石油化工学院,007,电子信息工程,3,534,129429
2024,4429,广东石油化工学院,008,物流工程,2,532,131491
2024,4430,广东南华工商职业学院,501,工商企业管理,1,528,136464
2024,4430,广东南华工商职业学院,502,大数据与会计,3,497,172190
2024,4431,南方医科大学,001,临床医学,4,678,2863
2024,4431,南方医科大学,002,临床医学,4,659,8528
2024,4431,南方医科大学,003,基础医学,2,631,24349
2024,4431,南方医科大学,004,口腔医学,1,659,8335
2024,4431,南方医科大学,005,医学影像学,1,646,14753
2024,4431,南方医科大学,006,预防医学,2,628,26726
2024,4431,南方医科大学,007,中医学,1,639,18743
2024,4431,南方医科大学,008,中西医临床医学,1,649,13100
2024,4431,南方医科大学,009,中药学,6,593,61173
2024,4431,南方医科大学,010,医学检验技术,4,618,35654
2024,4431,南方医科大学,011,康复治疗学,4,590,64065
2024,4431,南方医科大学,012,护理学（卓越班）,2,619,34514
2024,4431,南方医科大学,013,护理学,7,596,57472
2024,4431,南方医科大学,014,助产学,2,514,153596
2024,4431,南方医科大学,015,生物医学工程,7,618,35420
2024,4431,南方医科大学,016,生物技术,5,606,46973
2024,4431,南方医科大学,017,生物信息学,2,605,48009
2024,4431,南方医科大学,018,生物统计学,4,610,42691
2024,4431,南方医科大学,019,外国语言文学类,1,624,30340
2024,4431,南方医科大学,020,公共事业管理,2,617,36649
2024,4433,汕头大学,001,汉语言文学,2,634,22467
2024,4433,汕头大学,002,英语,2,614,39410
2024,4433,汕头大学,003,数学与应用数学,4,603,50081
2024,4433,汕头大学,004,光电信息科学与工程,4,611,41987
2024,4433,汕头大学,005,应用化学,3,592,62533
2024,4433,汕头大学,006,机械设计制造及其自动化,3,615,38289
2024,4433,汕头大学,007,电子信息工程,3,619,34378
2024,4433,汕头大学,008,计算机科学与技术,3,621,32378
2024,4433,汕头大学,009,法学,2,637,20281
2024,4433,汕头大学,010,法学（涉外法务英语特色班）,2,638,19891
2024,4433,汕头大学,011,金融学（国际金融、数字金融）,2,627,27923
2024,4433,汕头大学,012,工商管理（创业与创新管理）,2,626,28481
2024,4433,汕头大学,013,会计学（智能会计）,2,631,24543
2024,4433,汕头大学,014,新闻学,1,627,27847
2024,4433,汕头大学,015,国际新闻与传播,1,621,33050
2024,4433,汕头大学,016,广告学,1,624,30333
2024,4433,汕头大学,023,临床医学（5+3一体化）,3,646,14742
2024,4433,汕头大学,024,临床医学,2,634,21937
2024,4435,星海音乐学院,059,艺术管理,2,580,75497
2024,4436,中山大学,001,汉语言文学,4,669,5187
2024,4436,中山大学,002,历史学,3,666,6102
2024,4436,中山大学,003,经济学类,3,667,5737
2024,4436,中山大学,004,法学,6,671,4582
2024,4436,中山大学,005,公共管理类,4,664,6725
2024,4436,中山大学,006,工商管理类,8,665,6376
2024,4436,中山大学,007,临床医学,2,690,963
2024,4436,中山大学,008,口腔医学（5+3一体化）,2,681,2271
2024,4436,中山大学,009,哲学,5,664,6821
2024,4436,中山大学,010,国际政治,4,663,6935
2024,4436,中山大学,011,数学类,4,667,5755
2024,4436,中山大学,012,人工智能,6,667,5584
2024,4436,中山大学,013,临床医学,15,668,5334
2024,4436,中山大学,014,电子信息工程,8,666,5847
2024,4436,中山大学,015,计算机类,10,666,5995
2024,4436,中山大学,016,网络空间安全,10,664,6456
2024,4436,中山大学,017,物理学,5,664,6582
2024,4440,深圳大学,001,材料科学与工程,1,644,15961
2024,4440,深圳大学,002,广告学,4,645,15301
2024,4440,深圳大学,003,电子信息工程,6,648,13653
2024,4440,深圳大学,004,电子科学与技术,4,647,14200
2024,4440,深圳大学,005,法学,4,652,11811
2024,4440,深圳大学,006,信息管理与信息系统（卓越班）,2,646,14530
2024,4440,深圳大学,007,工商管理,5,645,15144
2024,4440,深圳大学,008,自动化,5,644,15610
2024,4440,深圳大学,009,机器人工程,2,650,12771
2024,4440,深圳大学,010,计算机科学与技术,6,653,11008
2024,4440,深圳大学,011,人工智能（腾班）,2,658,9073
2024,4440,深圳大学,012,地理空间信息工程（智慧城市）,2,639,18732
2024,4440,深圳大学,013,建筑学（卓越班）,3,644,15637
2024,4440,深圳大学,014,金融学,4,647,14138
2024,4440,深圳大学,015,会计学,3,650,12741
2024,4440,深圳大学,016,汉语言文学,3,648,13846
2024,4440,深圳大学,017,历史学,1,645,15111
2024,4440,深圳大学,018,生物技术,1,642,16842
2024,4440,深圳大学,019,数学与应用数学,2,643,16412
2024,4440,深圳大学,020,英语,2,645,15507
2024,4440,深圳大学,021,法语（法英）,1,645,15421
2024,4440,深圳大学,022,金融科技,2,644,15590
2024,4440,深圳大学,023,物理学,2,640,18052
2024,4440,深圳大学,024,光电信息科学与工程,4,644,15901
2024,4440,深圳大学,025,核工程与核技术,1,644,15998
2024,4440,深圳大学,026,生物医学工程,2,643,16435
2024,4440,深圳大学,027,临床医学,5,641,17641
2024,4440,深圳大学,028,口腔医学,2,649,13040
2024,4440,深圳大学,033,社会学,2,644,15965
2024,4440,深圳大学,034,金融科技(中外合作办学),2,636,20617
2024,4440,深圳大学,035,电子商务(中外合作办学),3,609,43699
2024,4440,深圳大学,036,信息管理与信息系统(中外合作办学),3,629,26101
2024,4440,深圳大学,037,计算机科学与技术（IEEE荣誉班）,2,655,10218
2024,4441,广东医科大学,001,儿科学,3,612,40989
2024,4441,广东医科大学,002,麻醉学,3,620,33746
2024,4441,广东医科大学,003,医学影像学,3,608,44910
2024,4441,广东医科大学,004,临床医学,3,628,26454
2024,4441,广东医科大学,005,口腔医学,3,644,15594
2024,4441,广东医科大学,006,康复治疗学,3,493,176275
2024,4441,广东医科大学,007,医学检验技术,3,554,105818
2024,4441,广东医科大学,008,药学,3,600,53420
2024,4441,广东医科大学,009,预防医学,3,492,
2024,4445,广东海洋大学,001,经济学,2,596,58320
2024,4445,广东海洋大学,002,法学,1,610,43068
2024,4445,广东海洋大学,003,大气科学,5,528,136877
2024,4445,广东海洋大学,004,海洋科学,5,520,145795
2024,4445,广东海洋大学,005,海洋资源与环境,1,559,99615
2024,4445,广东海洋大学,006,机械设计制造及其自动化,3,570,86865
2024,4445,广东海洋大学,007,能源与动力工程,3,565,92605
2024,4445,广东海洋大学,008,电气工程及其自动化,1,587,67535
2024,4445,广东海洋大学,009,计算机科学与技术,3,574,82609
2024,4445,广东海洋大学,010,食品科学与工程,5,492,
2024,4445,广东海洋大学,011,食品质量与安全,5,492,
2024,4445,广东海洋大学,012,动物科学,2,498,170984
2024,4445,广东海洋大学,013,动物医学,1,564,94005
2024,4445,广东海洋大学,014,水产养殖学,6,492,
2024,4445,广东海洋大学,015,海洋渔业科学与技术,5,492,
2024,4445,广东海洋大学,016,行政管理,1,592,62604
2024,4445,广东海洋大学,020,物联网工程,2,565,92597
2024,4445,广东海洋大学,021,机器人工程,2,564,93852
2024,4450,韶关学院,001,思想政治教育(师范),5,577,79439
2024,4450,韶关学院,002,法学,5,583,72319
2024,4450,韶关学院,003,行政管理,5,570,87647
2024,4450,韶关学院,004,汉语言文学(师范),5,585,70493
2024,4450,韶关学院,005,数学与应用数学(师范),5,526,139006
2024,4450,韶关学院,006,统计学,10,504,163988
2024,4450,韶关学院,007,食品科学与工程,5,507,160565
2024,4450,韶关学院,008,食品质量与安全,5,508,159588
2024,4450,韶关学院,009,电子信息科学与技术,10,520,146433
2024,4450,韶关学院,010,商务英语,5,567,91267
2024,4450,韶关学院,012,临床医学,10,530,133966
2024,4451,东莞理工学院,001,光电信息科学与工程,2,563,94986
2024,4451,东莞理工学院,003,智能制造工程,2,566,91760
2024,4452,广东理工学院,001,金融工程,3,492,
2024,4452,广东理工学院,003,会计学,3,544,118599
2024,4452,广东理工学院,004,商务英语,3,531,133665
2024,4452,广东理工学院,005,电气工程及其自动化,3,501,167439
2024,4452,广东理工学院,006,计算机科学与技术,3,503,165922
2024,4456,广东轻工职业技术大学,501,大数据与审计,2,517,150142
2024,4456,广东轻工职业技术大学,502,国际经济与贸易,2,502,167054
2024,4456,广东轻工职业技术大学,503,商务英语,2,520,146434
2024,4456,广东轻工职业技术大学,504,应用英语,2,514,153150
2024,4456,广东轻工职业技术大学,505,机械制造及自动化,2,505,163360
2024,4456,广东轻工职业技术大学,506,药品生产技术,2,510,158062
2024,4456,广东轻工职业技术大学,507,生物制药技术,2,506,161690
2024,4456,广东轻工职业技术大学,508,护理,2,492,177483
2024,4457,广州软件学院,001,软件工程,3,492,
2024,4457,广州软件学院,005,行政管理,1,538,124757
2024,4457,广州软件学院,006,物流管理,1,546,115493
2024,4457,广州软件学院,007,国际经济与贸易,1,547,114853
2024,4457,广州软件学院,008,财务管理,1,552,109064
2024,4458,广州铁路职业技术学院,501,铁道运输类,4,499,170079
2024,4458,广州铁路职业技术学院,503,铁道工程技术,4,492,
2024,4458,广州铁路职业技术学院,504,高速铁路综合维修技术,4,492,
2024,4458,广州铁路职业技术学院,505,城市轨道交通运营管理,4,512,155788
2024,4458,广州铁路职业技术学院,507,自动化类,5,492,
2024,4458,广州铁路职业技术学院,508,现代物流管理,2,502,166501
2024,4459,广东以色列理工学院,001,数学与应用数学(中外合作办学),3,606,47037
2024,4459,广东以色列理工学院,002,材料科学与工程(中外合作办学),2,609,44137
2024,4459,广东以色列理工学院,003,生物技术(中外合作办学),2,611,42113
2024,4459,广东以色列理工学院,004,机械工程(中外合作办学),3,605,48634
2024,4460,哈尔滨工业大学(深圳),001,工科试验班（计算机与电子通信）,28,677,3080
2024,4460,哈尔滨工业大学(深圳),002,工科试验班（机器人与智能装备）,20,674,3663
2024,4464,岭南师范学院,001,数学与应用数学(师范),2,522,143655
2024,4464,岭南师范学院,002,海洋资源开发技术,2,519,146778
2024,4464,岭南师范学院,003,物理学(师范),2,507,161141
2024,4464,岭南师范学院,004,软件工程,2,525,140327
2024,4464,岭南师范学院,005,电子信息工程,2,525,140134
2024,4464,岭南师范学院,006,智能电网信息工程,2,527,137370
2024,4464,岭南师范学院,007,教育技术学(师范),2,520,145814
2024,4464,岭南师范学院,008,烹饪与营养教育(中外合作办学)(师范),5,498,171491
2024,4464,岭南师范学院,009,机械电子工程技术,6,540,122719
2024,4466,肇庆学院,001,汉语言文学(师范),5,583,72273
2024,4466,肇庆学院,002,生物技术,5,503,165616
2024,4467,深圳北理莫斯科大学,004,国际经济与贸易(中外合作办学),2,593,61001
2024,4467,深圳北理莫斯科大学,011,智能感知工程(中外合作办学),2,587,68210
2024,4467,深圳北理莫斯科大学,012,电子与计算机工程(中外合作办学),3,599,54449
2024,4468,华南农业大学珠江学院,014,会计学（国际班）,12,531,133027
2024,4468,华南农业大学珠江学院,015,传播学（国际班）,8,524,141950
2024,4472,广州卫生职业技术学院,501,护理,1,518,148781
2024,4472,广州卫生职业技术学院,503,中药学,2,495,174365
2024,4472,广州卫生职业技术学院,504,卫生检验与检疫技术,2,492,
2024,4472,广州卫生职业技术学院,505,视觉训练与康复,3,492,
2024,4472,广州卫生职业技术学院,506,口腔医学技术,2,522,143687
2024,4472,广州卫生职业技术学院,507,医学美容技术,2,495,174491
2024,4501,北海艺术设计学院,014,哲学,10,528,137249
2024,4501,北海艺术设计学院,015,学前教育,10,526,138923
2024,4501,北海艺术设计学院,016,汉语言文学,10,538,125455
2024,4503,广西财经学院,001,国际经济与贸易,3,568,90028
2024,4503,广西财经学院,002,金融学,3,573,83892
2024,4503,广西财经学院,003,保险学,3,564,94130
2024,4503,广西财经学院,004,统计学,3,492,
2024,4503,广西财经学院,005,数据科学与大数据技术,3,504,164018
2024,4503,广西财经学院,006,工商管理,3,573,83997
2024,4503,广西财经学院,007,会计学,3,584,71184
2024,4503,广西财经学院,008,国际商务(中外合作办学),3,546,116163
2024,4503,广西财经学院,009,金融数学(中外合作办学),3,492,
2024,4503,广西财经学院,010,数字媒体技术(中外合作办学),3,492,
2024,4504,广西大学,001,电子科学与技术,10,620,33213
2024,4504,广西大学,002,机械设计制造及其自动化,10,618,35373
2024,4504,广西大学,003,电气工程及其自动化,10,630,24941
2024,4504,广西大学,004,计算机科学与技术,10,626,28161
2024,4504,广西大学,005,汉语言文学,8,638,19871
2024,4504,广西大学,006,公共事业管理,10,542,120511
2024,4506,广西科技大学,001,数据科学与大数据技术,5,534,130038
2024,4506,广西科技大学,002,生物工程,4,499,170030
2024,4506,广西科技大学,003,护理学,5,504,164380
2024,4506,广西科技大学,006,软件工程,4,540,122665
2024,4506,广西科技大学,007,预防医学,3,529,135284
2024,4506,广西科技大学,008,软件工程(中外合作办学),9,492,
2024,4506,广西科技大学,009,机械工程(中外合作办学),7,501,167610
2024,4506,广西科技大学,010,新能源汽车工程,2,535,128415
2024,4507,柳州工学院,007,商务英语,5,527,138161
2024,4511,广西民族大学,001,行政管理,1,580,75804
2024,4511,广西民族大学,002,金融学（中澳学分互认联合培养项目）,5,563,95744
2024,4511,广西民族大学,003,国际经济与贸易,2,572,85383
2024,4511,广西民族大学,004,工商管理,2,573,83438
2024,4511,广西民族大学,005,会计学,2,579,76409
2024,4511,广西民族大学,006,物流管理,2,570,87475
2024,4511,广西民族大学,007,旅游管理,2,569,88151
2024,4511,广西民族大学,008,法学,1,597,56452
2024,4511,广西民族大学,009,社会学,2,571,86379
2024,4511,广西民族大学,010,英语,2,572,85463
2024,4511,广西民族大学,011,印度尼西亚语（国家基地班）,1,587,68320
2024,4511,广西民族大学,012,电子信息工程,1,545,116766
2024,4511,广西民族大学,013,人工智能（中澳学分互认联合培养项目）,5,509,158903
2024,4511,广西民族大学,014,化学工程与工艺,2,503,165462
2024,4511,广西民族大学,015,金属材料工程,2,515,151418
2024,4511,广西民族大学,016,新能源材料与器件,2,527,137837
2024,4511,广西民族大学,017,环境工程,1,493,176175
2024,4511,广西民族大学,018,海洋科学,1,513,154103
2024,4511,广西民族大学,019,工程管理,2,535,128360
2024,4511,广西民族大学,020,非物质文化遗产保护,4,569,89004
2024,4511,广西民族大学,022,广播电视编导,4,561,98220
2024,4512,广西民族大学相思湖学院,001,印度尼西亚语,10,525,140622
2024,4512,广西民族大学相思湖学院,002,泰语,10,529,135973
2024,4512,广西民族大学相思湖学院,003,越南语,5,524,141289
2024,4513,广西师范大学,001,汉语言文学(师范),4,622,31494
2024,4513,广西师范大学,002,历史学(师范),2,618,35864
2024,4513,广西师范大学,003,教育技术学(师范),2,527,138024
2024,4513,广西师范大学,004,翻译,1,594,60001
2024,4513,广西师范大学,005,翻译,1,570,87675
2024,4513,广西师范大学,011,数学与应用数学(师范),2,588,66287
2024,4513,广西师范大学,012,科学教育(师范),7,492,
2024,4513,广西师范大学,013,生物科学(师范),2,492,
2024,4513,广西师范大学,014,生物技术,2,500,168528
2024,4513,广西师范大学,015,生物技术,1,529,135359
2024,4513,广西师范大学,016,信息安全,1,572,84487
2024,4513,广西师范大学,018,人工智能,2,545,116346
2024,4514,桂林学院,002,商务英语,2,536,127684
2024,4514,桂林学院,003,广播电视编导,4,527,138364
2024,4514,桂林学院,004,数字媒体技术,3,492,
2024,4514,桂林学院,005,金融学类,4,533,130853
2024,4514,桂林学院,006,经济学,3,537,125667
2024,4514,桂林学院,007,电子商务,2,536,127022
2024,4514,桂林学院,008,物流工程,2,507,160645
2024,4514,桂林学院,009,工程造价,3,493,176645
2024,4514,桂林学院,010,城乡规划,2,534,130028
2024,4514,桂林学院,011,健康服务与管理,3,539,123916
2024,4514,桂林学院,012,计算机科学与技术,2,492,
2024,4514,桂林学院,013,软件工程,2,493,176631
2024,4514,桂林学院,014,电子信息工程,3,492,
2024,4514,桂林学院,015,物联网工程,2,497,171769
2024,4514,桂林学院,016,智能测控工程,2,502,166493
2024,4514,桂林学院,017,医学信息工程,3,501,167540
2024,4515,南宁师范大学,001,法学,4,597,56873
2024,4515,南宁师范大学,002,应用化学,3,527,137398
2024,4515,南宁师范大学,003,学前教育(师范),3,574,82372
2024,4515,南宁师范大学,004,应用心理学,3,585,70486
2024,4515,南宁师范大学,005,公共事业管理,3,573,84272
2024,4515,南宁师范大学,006,英语(师范),4,586,69441
2024,4515,南宁师范大学,007,电子信息工程(中外合作办学),4,514,153125
2024,4515,南宁师范大学,008,物流工程,4,528,136288
2024,4515,南宁师范大学,009,物流管理,4,572,84481
2024,4517,广西医科大学,001,临床医学（5+3一体化）,2,646,14746
2024,4517,广西医科大学,002,临床医学,6,618,35529
2024,4517,广西医科大学,003,医学影像学,2,583,72224
2024,4517,广西医科大学,004,儿科学,3,592,61997
2024,4517,广西医科大学,005,法医学,3,567,90251
2024,4517,广西医科大学,006,口腔医学,2,621,32662
2024,4517,广西医科大学,007,预防医学,3,492,
2024,4517,广西医科大学,008,药学（中澳学分互认联合培养项目）,5,492,
2024,4517,广西医科大学,009,医学信息工程,2,557,103002
2024,4517,广西医科大学,010,护理学,2,590,64179
2024,4517,广西医科大学,011,社会工作,3,576,80705
2024,4517,广西医科大学,012,公共事业管理(中外合作办学)（社会医疗保障方向）,2,560,99242
2024,4518,广西艺术学院,001,美术学,1,562,96976
2024,4518,广西艺术学院,002,艺术设计学,1,562,96887
2024,4518,广西艺术学院,003,艺术史论,2,558,101592
2024,4518,广西艺术学院,004,艺术管理,3,556,104319
2024,4518,广西艺术学院,018,戏剧影视文学,2,560,99326
2024,4519,广西中医药大学,001,中医学（5+3一体化）,2,620,33410
2024,4519,广西中医药大学,002,中医学,6,565,92743
2024,4519,广西中医药大学,003,中医骨伤科学,2,568,89499
2024,4519,广西中医药大学,004,针灸推拿学,4,548,112986
2024,4519,广西中医药大学,005,临床医学,4,575,81441
2024,4519,广西中医药大学,006,口腔医学,1,591,63491
2024,4519,广西中医药大学,008,药学,2,492,
2024,4520,广西中医药大学赛恩斯新医药学院,001,中医学,34,492,
2024,4520,广西中医药大学赛恩斯新医药学院,002,针灸推拿学,24,492,
2024,4520,广西中医药大学赛恩斯新医药学院,003,护理学,8,492,
2024,4520,广西中医药大学赛恩斯新医药学院,004,药学,6,492,
2024,4520,广西中医药大学赛恩斯新医药学院,006,中药学,4,492,
2024,4520,广西中医药大学赛恩斯新医药学院,008,医学影像技术,4,492,
2024,4520,广西中医药大学赛恩斯新医药学院,009,医学检验技术,8,492,
2024,4520,广西中医药大学赛恩斯新医药学院,010,康复治疗学,6,492,
2024,4521,桂林电子科技大学,001,电气工程及其自动化,3,598,55087
2024,4521,桂林电子科技大学,002,机械电子工程,4,587,67570
2024,4521,桂林电子科技大学,003,电子封装技术,4,593,60655
2024,4521,桂林电子科技大学,004,智能制造工程,2,582,73314
2024,4521,桂林电子科技大学,005,通信工程,3,602,51001
2024,4521,桂林电子科技大学,006,电子信息工程,3,607,46035
2024,4521,桂林电子科技大学,007,电子科学与技术,2,601,52709
2024,4521,桂林电子科技大学,008,计算机科学与技术,3,605,47947
2024,4521,桂林电子科技大学,009,软件工程,2,604,49049
2024,4521,桂林电子科技大学,013,英语,2,584,71782
2024,4521,桂林电子科技大学,014,汉语国际教育,2,581,74920
2024,4521,桂林电子科技大学,015,信息与计算科学,2,598,55566
2024,4521,桂林电子科技大学,016,自动化,4,593,61315
2024,4521,桂林电子科技大学,017,测控技术与仪器,2,587,67632
2024,4521,桂林电子科技大学,018,生物医学工程,3,573,83729
2024,4521,桂林电子科技大学,019,交通工程,2,570,87465
2024,4521,桂林电子科技大学,020,土木工程,2,557,102038
2024,4521,桂林电子科技大学,021,光电信息科学与工程,2,596,57524
2024,4522,桂林信息科技学院,005,通信工程,2,492,
2024,4522,桂林信息科技学院,006,计算机科学与技术,2,492,
2024,4522,桂林信息科技学院,009,数据科学与大数据技术,2,494,175487
2024,4522,桂林信息科技学院,010,电子信息工程,2,492,177239
2024,4522,桂林信息科技学院,011,自动化,2,492,
2024,4522,桂林信息科技学院,012,物联网工程,2,492,
2024,4522,桂林信息科技学院,016,智能制造工程,2,492,
2024,4522,桂林信息科技学院,021,电子商务,2,527,138071
2024,4522,桂林信息科技学院,022,财务管理,4,535,128789
2024,4522,桂林信息科技学院,023,人力资源管理,2,528,136757
2024,4522,桂林信息科技学院,024,市场营销,2,527,137757
2024,4522,桂林信息科技学院,025,英语（对外汉语）,2,526,139476
2024,4522,桂林信息科技学院,026,商务英语,5,522,144181
2024,4522,桂林信息科技学院,027,国际商务,4,523,142886
2024,4522,桂林信息科技学院,028,酒店管理,2,526,139334
2024,4522,桂林信息科技学院,029,国际经济与贸易,4,525,140196
2024,4524,桂林航天工业学院,001,市场营销,2,563,95543
2024,4524,桂林航天工业学院,002,物流工程,2,520,145611
2024,4524,桂林航天工业学院,003,机械设计制造及其自动化,2,532,131616
2024,4524,桂林航天工业学院,004,智能制造工程,2,528,136950
2024,4524,桂林航天工业学院,005,电子信息工程,2,528,137159
2024,4524,桂林航天工业学院,006,测控技术与仪器,2,525,139679
2024,4524,桂林航天工业学院,007,自动化,2,527,137456
2024,4524,桂林航天工业学院,008,新能源汽车工程,2,521,144935
2024,4524,桂林航天工业学院,009,软件工程,2,531,133018
2024,4524,桂林航天工业学院,010,计算机科学与技术,2,538,124979
2024,4524,桂林航天工业学院,011,商务英语,2,565,93484
2024,4524,桂林航天工业学院,012,国际商务,2,565,93266
2024,4524,桂林航天工业学院,013,数字媒体技术,2,534,129826
2024,4524,桂林航天工业学院,014,数据科学与大数据技术,2,522,143225
2024,4524,桂林航天工业学院,015,汉语国际教育,2,568,89971
2024,4525,桂林理工大学,001,材料类,5,523,142816
2024,4525,桂林理工大学,002,化工与制药类,2,515,151803
2024,4525,桂林理工大学,003,土木工程,3,516,150915
2024,4525,桂林理工大学,004,测绘工程,2,520,145579
2024,4525,桂林理工大学,005,地理信息科学,3,550,110908
2024,4525,桂林理工大学,006,计算机类,4,566,91931
2024,4525,桂林理工大学,007,机械类,2,557,102742
2024,4525,桂林理工大学,008,自动化类,3,559,99687
2024,4525,桂林理工大学,009,机械设计制造及其自动化(中外合作办学),5,519,147339
2024,4525,桂林理工大学,010,工商管理类,3,579,76684
2024,4525,桂林理工大学,011,会计学,4,586,68976
2024,4525,桂林理工大学,012,电子商务,4,568,89232
2024,4525,桂林理工大学,013,国际经济与贸易,3,569,88423
2024,4525,桂林理工大学,014,旅游管理,3,567,91348
2024,4525,桂林理工大学,015,风景园林,3,571,85988
2024,4525,桂林理工大学,016,城乡规划,3,575,81990
2024,4525,桂林理工大学,017,行政管理,3,568,90169
2024,4525,桂林理工大学,018,广告学,3,576,80908
2024,4525,桂林理工大学,019,英语,3,576,80477
2024,4525,桂林理工大学,021,应用统计学,3,508,159480
2024,4525,桂林理工大学,501,电气自动化技术,4,518,148721
2024,4525,桂林理工大学,502,建筑智能化工程技术,4,505,163928
2024,4525,桂林理工大学,503,电子信息工程技术,4,523,143118
2024,4525,桂林理工大学,504,现代通信技术,4,519,147094
2024,4525,桂林理工大学,505,智能制造装备技术,4,504,164013
2024,4525,桂林理工大学,506,机电设备技术,4,507,160783
2024,4525,桂林理工大学,507,机械制造及自动化,4,515,151465
2024,4525,桂林理工大学,508,模具设计与制造,4,503,165986
2024,4525,桂林理工大学,511,计算机应用技术,4,531,133703
2024,4525,桂林理工大学,512,网络营销与直播电商,4,512,155294
2024,4525,桂林理工大学,513,酒店管理与数字化运营,3,509,158435
2024,4525,桂林理工大学,514,旅游管理,4,510,157570
2024,4525,桂林理工大学,515,民宿管理与运营,4,510,158121
2024,4525,桂林理工大学,516,现代物流管理,3,515,152543
2024,4525,桂林理工大学,517,测绘地理信息技术,4,513,154461
2024,4525,桂林理工大学,518,工程测量技术,4,504,164273
2024,4525,桂林理工大学,519,工程造价,4,508,160353
2024,4525,桂林理工大学,520,市政工程技术,4,511,157123
2024,4525,桂林理工大学,521,岩土工程技术,3,509,158253
2024,4525,桂林理工大学,522,分析检验技术,4,508,159544
2024,4525,桂林理工大学,523,应用化工技术,4,517,149242
2024,4525,桂林理工大学,524,环境工程技术,4,508,160240
2024,4525,桂林理工大学,525,有色金属智能冶金技术,3,492,
2024,4525,桂林理工大学,526,储能材料技术,4,507,161552
2024,4526,桂林旅游学院,001,食品质量与安全,1,517,150134
2024,4526,桂林旅游学院,002,酒店管理(中外合作办学),19,519,147363
2024,4526,桂林旅游学院,501,旅游管理,2,502,167199
2024,4526,桂林旅游学院,502,酒店管理与数字化运营,2,492,
2024,4526,桂林旅游学院,503,西式烹饪工艺,1,499,170381
2024,4526,桂林旅游学院,504,烹饪工艺与营养,1,500,169296
2024,4527,桂林师范高等专科学校,501,传播与策划,3,492,
2024,4528,桂林医学院,001,临床医学,4,566,91428
2024,4528,桂林医学院,002,口腔医学,1,591,62955
2024,4528,桂林医学院,003,康复治疗学,1,568,89047
2024,4528,桂林医学院,004,护理学,2,580,75730
2024,4528,桂林医学院,005,公共管理类,2,568,89243
2024,4528,桂林医学院,006,康复治疗学（中澳学分互认联合培养项目）,5,492,
2024,4529,北部湾大学,001,船舶与海洋工程,2,517,149270
2024,4529,北部湾大学,002,海洋工程与技术,2,516,150516
2024,4529,北部湾大学,003,自动化,2,533,131135
2024,4529,北部湾大学,004,海洋科学,2,494,174990
2024,4529,北部湾大学,005,水产养殖学,2,505,163359
2024,4529,北部湾大学,006,财务管理,2,576,80071
2024,4529,北部湾大学,007,国际经济与贸易,2,571,86623
2024,4529,北部湾大学,008,机械工程(中外合作办学),4,501,167503
2024,4529,北部湾大学,009,机械设计制造及其自动化(中外合作办学),4,492,
2024,4529,北部湾大学,010,车辆工程(中外合作办学),4,492,
2024,4529,北部湾大学,011,物联网工程(中外合作办学),5,492,
2024,4529,北部湾大学,012,工程造价(中外合作办学),5,499,169791
2024,4529,北部湾大学,013,电子信息工程(中外合作办学),4,503,165529
2024,4530,梧州学院,001,商务英语,2,563,95963
2024,4530,梧州学院,002,国际经济与贸易,1,566,92372
2024,4530,梧州学院,003,金融工程,1,540,122551
2024,4530,梧州学院,004,工商管理,1,567,91183
2024,4530,梧州学院,005,财务管理,1,574,82688
2024,4530,梧州学院,006,供应链管理,2,560,99211
2024,4530,梧州学院,007,机械设计制造及其自动化,4,515,151499
2024,4530,梧州学院,008,资源循环科学与工程,2,492,
2024,4530,梧州学院,009,新能源科学与工程,2,522,143410
2024,4530,梧州学院,010,茶学,1,509,158341
2024,4530,梧州学院,011,物联网工程,1,521,144561
2024,4530,梧州学院,012,数据科学与大数据技术,1,522,143828
2024,4530,梧州学院,013,电子信息工程,2,521,144355
2024,4530,梧州学院,014,通信工程,1,528,136267
2024,4530,梧州学院,015,光电信息科学与工程,2,519,146985
2024,4530,梧州学院,016,机器人工程,2,514,152905
2024,4530,梧州学院,017,汉语言文学,2,577,79765
2024,4530,梧州学院,018,汉语国际教育,2,566,91830
2024,4530,梧州学院,019,哲学,2,567,90976
2024,4530,梧州学院,020,法学,2,578,78644
2024,4530,梧州学院,021,国际经贸规则,2,564,94035
2024,4530,梧州学院,022,思想政治教育,1,573,84357
2024,4531,玉林师范学院,001,汉语言文学(师范),2,579,77421
2024,4531,玉林师范学院,002,法学,1,575,81584
2024,4531,玉林师范学院,003,行政管理,2,565,92804
2024,4531,玉林师范学院,004,电子商务,2,561,97806
2024,4531,玉林师范学院,005,商务英语,1,564,94225
2024,4531,玉林师范学院,006,商务英语（3+1）,2,545,117160
2024,4531,玉林师范学院,007,数学与应用数学(师范),2,505,163198
2024,4531,玉林师范学院,008,系统科学与工程,1,526,139074
2024,4531,玉林师范学院,009,软件工程,2,519,146732
2024,4531,玉林师范学院,010,材料化学,2,501,168086
2024,4531,玉林师范学院,011,生物制药,1,524,141271
2024,4531,玉林师范学院,012,园林,2,560,99566
2024,4531,玉林师范学院,013,智慧农业,1,528,136621
2024,4532,广西工程职业学院,510,电子商务,20,492,
2024,4535,广西外国语学院,001,英语,8,523,142890
2024,4535,广西外国语学院,002,西班牙语,4,520,146610
2024,4535,广西外国语学院,003,法语,2,527,138460
2024,4535,广西外国语学院,004,翻译,4,521,144563
2024,4535,广西外国语学院,005,商务英语,2,524,141161
2024,4535,广西外国语学院,006,德语,2,523,142929
2024,4535,广西外国语学院,007,泰语,2,521,145536
2024,4535,广西外国语学院,008,越南语,1,526,139230
2024,4535,广西外国语学院,009,日语,4,522,143920
2024,4535,广西外国语学院,010,汉语国际教育,4,533,131273
2024,4535,广西外国语学院,011,汉语言文学,5,542,120299
2024,4535,广西外国语学院,012,新闻学,1,532,132366
2024,4535,广西外国语学院,013,网络与新媒体,2,530,134775
2024,4535,广西外国语学院,014,传播学,2,525,140819
2024,4535,广西外国语学院,015,国际经济与贸易,1,528,136465
2024,4535,广西外国语学院,016,金融工程,2,492,
2024,4535,广西外国语学院,017,经济与金融,1,532,131668
2024,4535,广西外国语学院,018,跨境电子商务,1,535,128936
2024,4535,广西外国语学院,019,金融科技,2,492,
2024,4535,广西外国语学院,020,行政管理,2,530,134382
2024,4535,广西外国语学院,021,人力资源管理,1,531,133538
2024,4535,广西外国语学院,022,酒店管理,1,525,140477
2024,4535,广西外国语学院,023,财务管理,2,535,128551
2024,4535,广西外国语学院,024,审计学,2,537,126579
2024,4535,广西外国语学院,025,学前教育,2,531,133612
2024,4535,广西外国语学院,026,艺术教育,2,520,146516
2024,4538,南宁理工学院,008,广告学,5,527,137573
2024,4538,南宁理工学院,009,国际经济与贸易,9,527,137775
2024,4538,南宁理工学院,010,工商管理,6,529,135831
2024,4538,南宁理工学院,011,商务英语,5,525,140357
2024,4538,南宁理工学院,012,汉语言文学,5,546,116151
2024,4538,南宁理工学院,013,学前教育,5,528,137243
2024,4538,南宁理工学院,014,网络与新媒体,4,532,131798
2024,4538,南宁理工学院,015,跨境电子商务,2,525,139995
2024,4538,南宁理工学院,017,数字经济,5,492,
2024,4539,广西电力职业技术学院,505,新能源装备技术,4,492,
2024,4539,广西电力职业技术学院,506,电气自动化技术,4,492,
2024,4542,南宁学院,001,数字经济,2,500,169319
2024,4542,南宁学院,002,机械设计制造及其自动化,2,492,
2024,4542,南宁学院,003,新能源汽车工程,2,492,
2024,4542,南宁学院,004,电气工程及其自动化,2,500,168559
2024,4542,南宁学院,005,通信工程,2,493,176106
2024,4542,南宁学院,006,计算机科学与技术,2,496,172864
2024,4542,南宁学院,008,智能科学与技术,2,492,
2024,4542,南宁学院,009,工程造价,2,492,
2024,4542,南宁学院,010,会计学,3,542,120842
2024,4542,南宁学院,011,物流工程,2,502,166414
2024,4543,柳州铁道职业技术学院,503,铁道机车运用与维护,8,492,
2024,4543,柳州铁道职业技术学院,507,铁道交通运营管理,6,492,
2024,4601,海口经济学院,006,建筑类,2,525,140281
2024,4601,海口经济学院,007,财务管理,2,534,130100
2024,4601,海口经济学院,009,外国语言文学类,2,521,145305
2024,4601,海口经济学院,013,网络与新媒体（AI媒介应用）,3,520,145784
2024,4601,海口经济学院,017,英语（教育、翻译、商务方向）,2,526,139278
2024,4601,海口经济学院,018,电子商务（创业与商业管理）,2,523,142739
2024,4601,海口经济学院,019,经济学类,3,526,139417
2024,4601,海口经济学院,509,电气自动化技术,3,492,
2024,4601,海口经济学院,512,旅游管理,5,492,
2024,4602,海南大学,001,金融学,3,641,17733
2024,4602,海南大学,002,国际经济与贸易,4,639,19096
2024,4602,海南大学,003,思想政治教育,3,641,17871
2024,4602,海南大学,004,汉语言文学,2,646,14787
2024,4602,海南大学,005,英语,6,631,24329
2024,4602,海南大学,006,日语,4,623,31110
2024,4602,海南大学,007,俄语,4,629,26343
2024,4602,海南大学,008,数学与应用数学,3,628,26738
2024,4602,海南大学,009,应用物理学,3,617,36329
2024,4602,海南大学,010,应用化学,5,615,38311
2024,4602,海南大学,011,化学,3,610,43137
2024,4602,海南大学,012,生物科学,5,615,38007
2024,4602,海南大学,013,生物技术,2,618,35237
2024,4602,海南大学,014,生物医学工程,7,617,36360
2024,4602,海南大学,015,生态学,3,606,47008
2024,4602,海南大学,016,环境科学,5,609,43588
2024,4602,海南大学,017,药学,6,613,39733
2024,4602,海南大学,018,机械设计制造及其自动化,6,620,33361
2024,4602,海南大学,019,车辆工程,5,618,35193
2024,4602,海南大学,020,自动化,3,629,25918
2024,4602,海南大学,021,材料科学与工程,6,608,45302
2024,4602,海南大学,022,高分子材料与工程,4,604,48723
2024,4602,海南大学,023,电子信息工程,6,626,28680
2024,4602,海南大学,024,通信工程,6,622,31650
2024,4602,海南大学,025,人工智能,3,632,23932
2024,4602,海南大学,026,电子科学与技术,11,624,29928
2024,4602,海南大学,027,信息安全,6,624,29710
2024,4602,海南大学,028,密码科学与技术,5,623,30607
2024,4602,海南大学,029,数据科学与大数据技术,6,622,31461
2024,4602,海南大学,030,建筑学,3,614,39279
2024,4602,海南大学,031,土木工程,8,598,55834
2024,4602,海南大学,032,海洋工程与技术,5,612,41092
2024,4602,海南大学,033,化学工程与工艺,4,615,38000
2024,4602,海南大学,034,食品科学与工程,9,606,47380
2024,4602,海南大学,035,食品质量与安全,6,596,57839
2024,4602,海南大学,036,农学,2,607,46325
2024,4602,海南大学,037,园艺,3,601,52493
2024,4602,海南大学,038,设施农业科学与工程,3,587,67425
2024,4602,海南大学,039,植物保护,3,549,111646
2024,4602,海南大学,040,动物科学,3,598,55086
2024,4602,海南大学,041,动物医学,4,609,44301
2024,4602,海南大学,042,林学,5,576,80199
2024,4602,海南大学,043,园林,2,615,38693
2024,4602,海南大学,044,风景园林,2,612,41008
2024,4602,海南大学,045,海洋科学,2,612,41195
2024,4602,海南大学,046,水产养殖学,2,597,56792
2024,4602,海南大学,047,会计学,5,642,17187
2024,4602,海南大学,048,工商管理,5,637,20305
2024,4602,海南大学,049,物流管理,2,607,45985
2024,4602,海南大学,050,农林经济管理,3,632,23906
2024,4602,海南大学,051,行政管理,3,635,21703
2024,4602,海南大学,052,土地资源管理,3,632,23905
2024,4602,海南大学,053,旅游管理,3,629,26185
2024,4602,海南大学,054,计算机科学与技术,9,627,27478
2024,4602,海南大学,055,软件工程（NIIT）,10,621,32506
2024,4602,海南大学,056,戏剧影视文学,4,626,28746
2024,4602,海南大学,057,传播学,3,633,23139
2024,4602,海南大学,058,国际新闻与传播,2,632,23807
2024,4602,海南大学,061,法学,3,650,12460
2024,4602,海南大学,062,人文地理与城乡规划(中外合作办学),5,608,44663
2024,4602,海南大学,063,智能科学与技术(中外合作办学),6,605,47732
2024,4602,海南大学,064,行政管理(中外合作办学),5,610,42941
2024,4602,海南大学,065,酒店管理(中外合作办学),9,595,58687
2024,4602,海南大学,066,会展经济与管理(中外合作办学),3,609,44124
2024,4603,三亚学院,011,行政管理,5,528,136933
2024,4603,三亚学院,012,社会学,7,528,136849
2024,4603,三亚学院,013,社会工作,3,531,133192
2024,4603,三亚学院,014,法学,15,544,118357
2024,4603,三亚学院,015,法学（自贸港法律）,10,540,122329
2024,4603,三亚学院,016,会计学,30,528,136701
2024,4603,三亚学院,017,财务管理,6,528,137154
2024,4603,三亚学院,018,工商管理,10,525,140648
2024,4603,三亚学院,019,市场营销（数字营销）,5,522,143884
2024,4603,三亚学院,020,人力资源管理,3,527,138286
2024,4603,三亚学院,021,物流管理,8,521,144966
2024,4603,三亚学院,022,跨境电子商务,10,523,142852
2024,4603,三亚学院,023,供应链管理,6,522,143734
2024,4603,三亚学院,024,旅游管理（智慧旅游大数据）,3,524,141016
2024,4603,三亚学院,025,会展经济与管理,6,524,141932
2024,4603,三亚学院,026,酒店管理（奢华品牌运营与管理）,5,521,145259
2024,4603,三亚学院,027,汉语言文学,5,545,116488
2024,4603,三亚学院,028,汉语国际教育,2,532,132405
2024,4603,三亚学院,029,汉语国际教育（国际幼儿教育）,8,522,143837
2024,4603,三亚学院,030,广告学（数字传播）,5,527,137544
2024,4603,三亚学院,031,网络与新媒体,15,526,139378
2024,4603,三亚学院,032,语言学（语言科技）,5,521,144749
2024,4603,三亚学院,033,俄语,8,521,145008
2024,4603,三亚学院,034,英语,12,524,141456
2024,4603,三亚学院,035,翻译,5,520,146388
2024,4603,三亚学院,036,健康服务与管理,2,530,134044
2024,4603,三亚学院,037,艺术管理,5,519,147897
2024,4603,三亚学院,038,保险学（保险科技）,5,520,145837
2024,4603,三亚学院,039,经济与金融,5,523,142371
2024,4603,三亚学院,040,思想政治教育,6,534,130035
2024,4603,三亚学院,041,应用心理学,8,530,134251
2024,4603,三亚学院,042,风景园林,4,522,143618
2024,4603,三亚学院,047,集成电路设计与集成系统,8,492,
2024,4603,三亚学院,048,新能源汽车工程,8,492,
2024,4603,三亚学院,049,新能源科学与工程,8,492,
2024,4603,三亚学院,052,软件工程,10,492,
2024,4603,三亚学院,054,数据科学与大数据技术,15,492,
2024,4603,三亚学院,056,医学检验技术,5,492,
2024,4603,三亚学院,057,康复治疗学,5,492,
2024,4603,三亚学院,058,护理学,10,493,176520
2024,4603,三亚学院,059,金融科技,6,492,
2024,4603,三亚学院,060,数字经济,6,492,
2024,4603,三亚学院,061,投资学,6,519,147912
2024,4603,三亚学院,063,国际经济与贸易(中外合作办学),6,518,148570
2024,4607,海南师范大学,001,教育学类(师范),2,596,57764
2024,4607,海南师范大学,002,学前教育(中外合作办学)(师范),3,571,86500
2024,4607,海南师范大学,003,汉语言文学(师范),3,615,38662
2024,4607,海南师范大学,004,数学与应用数学(师范),2,560,98537
2024,4607,海南师范大学,005,日语,2,584,71238
2024,4607,海南师范大学,006,历史学(师范),2,612,41558
2024,4607,海南师范大学,010,制药工程,2,492,
2024,4607,海南师范大学,011,生物科学(师范),3,492,
2024,4607,海南师范大学,014,工商管理类,3,587,68331
2024,4607,海南师范大学,015,经济学类,4,587,67416
2024,4607,海南师范大学,016,网络空间安全,2,567,91058
2024,4607,海南师范大学,017,软件工程（NIIT班）,5,552,108072
2024,4607,海南师范大学,018,汉语国际教育(师范),4,594,60162
2024,4607,海南师范大学,019,广播电视编导(中外合作办学),3,569,88920
2024,4609,海南医科大学,001,临床医学,13,580,76070
2024,4609,海南医科大学,002,医学影像学,3,576,79812
2024,4609,海南医科大学,003,口腔医学,3,597,56930
2024,4609,海南医科大学,004,预防医学,2,551,109748
2024,4609,海南医科大学,005,中医学,2,585,70033
2024,4609,海南医科大学,006,针灸推拿学,2,563,95607
2024,4609,海南医科大学,007,中西医临床医学,3,557,102024
2024,4609,海南医科大学,008,药学,2,557,102243
2024,4609,海南医科大学,009,海洋药学,2,511,156482
2024,4609,海南医科大学,010,中药学,2,492,
2024,4609,海南医科大学,011,医学检验技术,2,552,108319
2024,4609,海南医科大学,012,医学影像技术,2,534,129865
2024,4609,海南医科大学,013,康复治疗学,2,545,116653
2024,4609,海南医科大学,014,护理学,3,534,129471
2024,4609,海南医科大学,015,生物技术,2,503,165787
2024,4609,海南医科大学,016,医学信息工程,2,553,106805
2024,4609,海南医科大学,017,医学影像技术(中外合作办学),2,523,142266
2024,4609,海南医科大学,018,康复治疗学(中外合作办学),2,513,154500
2024,4609,海南医科大学,019,护理学(中外合作办学),2,513,154720
2024,4612,琼台师范学院,004,学前教育(师范),2,571,86406
2024,4612,琼台师范学院,005,科学教育(师范),4,572,85110
2024,4612,琼台师范学院,006,酒店管理,2,564,93869
2024,4612,琼台师范学院,007,特殊教育(师范),3,572,85518
2024,4612,琼台师范学院,008,软件工程,2,517,149256
2024,4612,琼台师范学院,009,计算机科学与技术,2,517,149162
2024,4612,琼台师范学院,010,数学与应用数学(师范),4,492,
2024,4612,琼台师范学院,011,英语(师范),2,571,86250
2024,4612,琼台师范学院,012,汉语言文学(师范),2,586,69049
2024,4612,琼台师范学院,013,生物科学,2,492,
2024,4613,海南热带海洋学院,001,社会工作,2,571,86423
2024,4613,海南热带海洋学院,002,汉语言文学,3,581,75135
2024,4613,海南热带海洋学院,003,汉语国际教育,3,572,85011
2024,4613,海南热带海洋学院,004,秘书学,2,571,86701
2024,4613,海南热带海洋学院,005,俄语,3,560,99285
2024,4613,海南热带海洋学院,006,新闻学,2,573,83671
2024,4613,海南热带海洋学院,007,电子商务,2,569,88697
2024,4613,海南热带海洋学院,008,旅游管理,2,565,93651
2024,4613,海南热带海洋学院,009,酒店管理,2,564,94438
2024,4613,海南热带海洋学院,010,市场营销(中外合作办学),4,539,124022
2024,4613,海南热带海洋学院,011,旅游管理(中外合作办学),10,544,118138
2024,4613,海南热带海洋学院,012,海洋科学,2,513,154487
2024,4613,海南热带海洋学院,013,海洋技术,2,512,154983
2024,4613,海南热带海洋学院,014,海洋资源与环境,2,500,168810
2024,4613,海南热带海洋学院,016,生物技术,3,492,
2024,4613,海南热带海洋学院,018,通信工程,2,527,137470
2024,4613,海南热带海洋学院,019,电子信息科学与技术,2,522,143166
2024,4613,海南热带海洋学院,020,计算机科学与技术,2,524,140951
2024,4613,海南热带海洋学院,021,软件工程,2,512,155496
2024,4613,海南热带海洋学院,022,网络工程,2,526,138474
2024,4613,海南热带海洋学院,023,轮机工程（陆上方向）,2,511,156042
2024,4613,海南热带海洋学院,027,海事管理,2,568,90033
2024,4615,海南卫生健康职业学院,502,护理（健康与社会照护）,1,492,177865
2024,4615,海南卫生健康职业学院,509,医学检验技术,1,492,177813
2024,4615,海南卫生健康职业学院,510,医学影像技术,2,495,174561
2024,4615,海南卫生健康职业学院,512,眼视光技术,1,512,155456
2024,4617,海南科技职业大学,001,机械设计制造及自动化,2,499,170241
2024,4617,海南科技职业大学,002,护理,2,548,113356
2024,4617,海南科技职业大学,003,金融管理,2,523,142824
2024,4617,海南科技职业大学,004,大数据与会计,2,530,133849
2024,4617,海南科技职业大学,504,大数据技术,3,492,
2024,4621,海南比勒费尔德应用科学大学,001,电子信息科学与技术,15,492,
2024,4621,海南比勒费尔德应用科学大学,002,计算机科学与技术,15,492,
2024,5001,长江师范学院,001,材料类,9,492,
2024,5001,长江师范学院,002,新能源材料与器件,10,506,162159
2024,5001,长江师范学院,003,国际经济与贸易,3,573,83481
2024,5001,长江师范学院,004,市场营销,3,571,85960
2024,5002,四川美术学院,019,艺术史论,3,580,76338
2024,5002,四川美术学院,020,美术学,2,595,58993
2024,5002,四川美术学院,021,艺术设计学,1,598,55766
2024,5002,四川美术学院,022,艺术教育,2,599,54984
2024,5002,四川美术学院,023,工业设计,3,492,177086
2024,5002,四川美术学院,024,建筑学,2,604,49165
2024,5002,四川美术学院,025,风景园林,1,608,44751
2024,5003,四川外国语大学,012,翻译,3,604,49492
2024,5003,四川外国语大学,013,英语,3,610,43509
2024,5003,四川外国语大学,014,英语（财管双学位）,2,611,42504
2024,5003,四川外国语大学,015,商务英语,3,604,49211
2024,5003,四川外国语大学,016,商务英语（国经双学位）,2,611,42335
2024,5003,四川外国语大学,017,商务英语(中外合作办学),4,590,64901
2024,5003,四川外国语大学,018,汉语言文学,1,621,33079
2024,5003,四川外国语大学,019,汉语国际教育,2,616,37613
2024,5003,四川外国语大学,020,新闻传播学类,2,613,40613
2024,5003,四川外国语大学,021,国际新闻与传播,1,605,48614
2024,5003,四川外国语大学,022,财务管理,1,611,42240
2024,5003,四川外国语大学,023,审计学,2,608,45270
2024,5003,四川外国语大学,024,电子商务,2,596,58100
2024,5003,四川外国语大学,025,物流管理,2,595,58513
2024,5003,四川外国语大学,027,金融学,3,601,52250
2024,5003,四川外国语大学,028,金融科技,2,492,
2024,5003,四川外国语大学,029,国际经济与贸易,3,604,49637
2024,5003,四川外国语大学,030,数字经济,2,565,92650
2024,5003,四川外国语大学,031,社会学类,2,601,52920
2024,5003,四川外国语大学,032,教育学,2,606,47386
2024,5003,四川外国语大学,033,物流管理(中外合作办学),2,582,73898
2024,5004,重庆外语外事学院,001,英语,5,550,111303
2024,5004,重庆外语外事学院,002,翻译,2,550,110695
2024,5004,重庆外语外事学院,003,俄语,2,541,121391
2024,5004,重庆外语外事学院,004,法语,3,544,118544
2024,5004,重庆外语外事学院,005,德语,3,545,116731
2024,5004,重庆外语外事学院,006,西班牙语,3,546,116118
2024,5004,重庆外语外事学院,007,意大利语,2,543,119808
2024,5004,重庆外语外事学院,008,日语,2,552,108369
2024,5004,重庆外语外事学院,009,朝鲜语,2,539,123731
2024,5004,重庆外语外事学院,010,国际经济与贸易,2,549,112705
2024,5004,重庆外语外事学院,011,国际商务,2,542,120809
2024,5004,重庆外语外事学院,012,新闻传播学类,4,554,106473
2024,5005,西南大学,001,智慧农业,1,627,27380
2024,5005,西南大学,003,俄语,2,640,18541
2024,5005,西南大学,004,德语,2,641,17579
2024,5005,西南大学,005,日语,2,642,17187
2024,5005,西南大学,006,经济学类,1,654,10678
2024,5005,西南大学,007,哲学,2,651,12239
2024,5005,西南大学,008,法学,1,658,9066
2024,5005,西南大学,009,应用心理学,1,657,9491
2024,5005,西南大学,010,新闻学,1,651,12259
2024,5005,西南大学,013,量子信息科学,1,646,14458
2024,5005,西南大学,014,材料类,3,640,18171
2024,5005,西南大学,015,环境科学与工程,1,638,19589
2024,5005,西南大学,016,地理科学类,1,656,9718
2024,5005,西南大学,017,电气工程及其自动化,2,650,12551
2024,5005,西南大学,018,机械类,1,649,12948
2024,5005,西南大学,019,食品科学与工程类,1,636,20917
2024,5005,西南大学,020,茶学,1,627,27439
2024,5005,西南大学,023,计算机科学与技术,1,653,10918
2024,5005,西南大学,024,网络工程,1,650,12776
2024,5005,西南大学,025,软件工程,2,650,12546
2024,5005,西南大学,026,电子信息类,1,653,11142
2024,5005,西南大学,027,信息安全,1,649,13032
2024,5005,西南大学,028,人工智能,1,651,12003
2024,5005,西南大学,029,风景园林,1,645,15443
2024,5005,西南大学,030,生物技术,1,642,17052
2024,5005,西南大学,031,生物质科学与工程,1,643,16380
2024,5005,西南大学,032,纺织工程,1,637,20074
2024,5005,西南大学,033,生物科学,1,649,13020
2024,5005,西南大学,034,生物科学（拔尖创新班）,1,654,10550
2024,5005,西南大学,035,药学,2,638,19539
2024,5005,西南大学,036,制药工程,1,638,19388
2024,5005,西南大学,037,戏剧影视文学,3,638,19601
2024,5005,西南大学,038,广播电视编导,6,638,19381
2024,5005,西南大学,048,计算机科学与技术(中外合作办学),3,638,19368
2024,5005,西南大学,049,软件工程(中外合作办学),2,638,19545
2024,5005,西南大学,050,自动化(中外合作办学),3,633,23018
2024,5005,西南大学,051,心理学(中外合作办学),2,645,15518
2024,5005,西南大学,052,植物科学与技术(中外合作办学),2,610,42706
2024,5005,西南大学,053,电子信息工程(中外合作办学),2,635,21658
2024,5005,西南大学,054,经济学(中外合作办学),2,644,15821
2024,5005,西南大学,055,生物技术(中外合作办学),2,624,30279
2024,5005,西南大学,056,食品质量与安全(中外合作办学),2,615,37990
2024,5006,重庆人文科技学院,006,广播电视编导,20,532,132325
2024,5006,重庆人文科技学院,007,新闻学,6,550,111251
2024,5006,重庆人文科技学院,008,法学,6,562,96459
2024,5006,重庆人文科技学院,009,经济学,4,546,115834
2024,5006,重庆人文科技学院,010,金融工程,3,495,174040
2024,5006,重庆人文科技学院,011,会计学,5,556,103635
2024,5006,重庆人文科技学院,012,人力资源管理,5,545,117153
2024,5006,重庆人文科技学院,013,物流管理,4,543,118943
2024,5006,重庆人文科技学院,014,供应链管理,4,543,118956
2024,5006,重庆人文科技学院,015,旅游管理类,6,538,125193
2024,5006,重庆人文科技学院,016,新能源科学与工程,5,492,
2024,5006,重庆人文科技学院,017,计算机科学与技术,5,492,
2024,5006,重庆人文科技学院,018,软件工程,6,492,
2024,5006,重庆人文科技学院,019,物联网工程,4,492,
2024,5006,重庆人文科技学院,021,建筑学,8,539,123849
2024,5006,重庆人文科技学院,022,风景园林,10,539,123951
2024,5006,重庆人文科技学院,023,园林,10,537,126451
2024,5007,西南政法大学,003,海外利益安全,8,655,10352
2024,5007,西南政法大学,004,法学,62,658,9058
2024,5007,西南政法大学,005,法学（联合学士学位）,5,658,8769
2024,5007,西南政法大学,006,法学（审计学双学位）,2,662,7204
2024,5007,西南政法大学,007,知识产权,6,657,9228
2024,5007,西南政法大学,008,刑事科学技术,4,640,18424
2024,5007,西南政法大学,009,法学（刑科双学位）,2,662,7357
2024,5007,西南政法大学,010,工商管理类,10,649,13271
2024,5007,西南政法大学,011,法学（工管双学位）,2,662,7514
2024,5007,西南政法大学,012,经济统计学,8,626,28687
2024,5007,西南政法大学,013,数字经济,8,565,92714
2024,5007,西南政法大学,014,法学（金融学双学位）,4,662,7408
2024,5007,西南政法大学,015,金融工程,2,614,39029
2024,5007,西南政法大学,016,国际经济与贸易,2,657,9215
2024,5007,西南政法大学,017,法学（国贸双学位）,4,661,7675
2024,5007,西南政法大学,018,英语,4,646,14952
2024,5007,西南政法大学,019,法学（英语双学位）,8,662,7526
2024,5007,西南政法大学,020,新闻传播学类,10,646,14878
2024,5007,西南政法大学,021,行政管理,3,649,13292
2024,5007,西南政法大学,022,政治学与行政学,4,651,12364
2024,5007,西南政法大学,023,国际事务与国际关系,4,652,11820
2024,5007,西南政法大学,024,社会工作,2,648,13865
2024,5007,西南政法大学,025,思想政治教育,8,651,12359
2024,5007,西南政法大学,026,哲学,2,648,13567
2024,5007,西南政法大学,027,法学(中外合作办学),10,657,9495
2024,5007,西南政法大学,028,法学（公管双学位）,4,661,7829
2024,5009,重庆城市管理职业学院,501,微电子技术,2,513,153995
2024,5011,重庆大学,001,电气工程及其自动化(中外合作办学),5,652,11649
2024,5011,重庆大学,002,机械设计制造及其自动化(中外合作办学),5,649,13228
2024,5011,重庆大学,003,汉语言文学（博雅类）,3,663,7188
2024,5011,重庆大学,004,理科试验班（数学物理类）,6,657,9188
2024,5011,重庆大学,005,工科试验班（新工科类）,6,657,9202
2024,5011,重庆大学,006,工科试验班（经济管理类）,15,651,12084
2024,5011,重庆大学,007,工科试验班（工程能源类）,45,654,10440
2024,5011,重庆大学,008,工科试验班（电气信息类）,42,658,8890
2024,5011,重庆大学,009,人文科学试验班（法学新闻类）,15,660,8219
2024,5011,重庆大学,010,工科试验班（卓越工程师计划）,3,666,5806
2024,5012,重庆城市科技学院,002,建筑类,6,541,121847
2024,5012,重庆城市科技学院,003,工程管理,2,498,170773
2024,5012,重庆城市科技学院,004,工程造价,4,513,153813
2024,5012,重庆城市科技学院,005,大数据管理与应用,2,515,151787
2024,5012,重庆城市科技学院,006,工程审计,2,508,160232
2024,5012,重庆城市科技学院,007,机械类,5,493,176073
2024,5012,重庆城市科技学院,008,智能制造工程,2,492,177186
2024,5012,重庆城市科技学院,009,电气工程及其自动化,3,506,161806
2024,5012,重庆城市科技学院,013,机器人工程,2,492,
2024,5012,重庆城市科技学院,014,人工智能,4,492,
2024,5012,重庆城市科技学院,015,计算机科学与技术,2,498,170986
2024,5012,重庆城市科技学院,016,软件工程,2,496,173199
2024,5012,重庆城市科技学院,017,信息安全,2,504,164440
2024,5012,重庆城市科技学院,018,物联网工程,2,494,174968
2024,5012,重庆城市科技学院,019,数据科学与大数据技术,6,492,
2024,5012,重庆城市科技学院,021,数字经济,2,508,159517
2024,5012,重庆城市科技学院,022,金融学,8,542,120118
2024,5012,重庆城市科技学院,023,国际经济与贸易,10,538,125216
2024,5012,重庆城市科技学院,024,工商管理类,10,543,119441
2024,5012,重庆城市科技学院,025,会计学,20,549,112024
2024,5012,重庆城市科技学院,026,跨境电子商务,2,539,123947
2024,5012,重庆城市科技学院,027,网络与新媒体,10,548,113799
2024,5012,重庆城市科技学院,035,法学,15,557,102356
2024,5012,重庆城市科技学院,036,汉语言文学,2,556,104298
2024,5012,重庆城市科技学院,037,中国语言与文化,2,551,109904
2024,5012,重庆城市科技学院,038,英语,6,544,118326
2024,5012,重庆城市科技学院,039,健康服务与管理,2,547,115080
2024,5012,重庆城市科技学院,040,思想政治教育,2,555,105188
2024,5013,重庆电力高等专科学校,501,发电厂及电力系统,5,514,152969
2024,5013,重庆电力高等专科学校,502,电力系统自动化技术,5,521,144783
2024,5013,重庆电力高等专科学校,503,输配电工程技术,5,511,156962
2024,5013,重庆电力高等专科学校,504,新能源汽车技术,5,507,160766
2024,5013,重庆电力高等专科学校,505,电气自动化技术,5,518,148243
2024,5013,重庆电力高等专科学校,506,热能动力工程技术,5,494,174957
2024,5013,重庆电力高等专科学校,507,热工自动化技术,5,501,168302
2024,5013,重庆电力高等专科学校,508,工业互联网应用,5,495,174495
2024,5013,重庆电力高等专科学校,509,智能机电技术,5,503,166188
2024,5015,重庆工程职业技术学院,501,机械设计与制造,4,492,
2024,5015,重庆工程职业技术学院,502,机电一体化技术,3,496,172942
2024,5015,重庆工程职业技术学院,504,智能控制技术,4,492,
2024,5015,重庆工程职业技术学院,508,现代物流管理,2,492,
2024,5015,重庆工程职业技术学院,509,宝玉石鉴定与加工,2,493,176250
2024,5015,重庆工程职业技术学院,510,水文与工程地质,2,493,176894
2024,5015,重庆工程职业技术学院,512,无人机应用技术,2,506,161835
2024,5015,重庆工程职业技术学院,513,药品质量与安全,2,498,171591
2024,5017,重庆工商大学,001,经济学（联合学士学位项目）,2,612,41515
2024,5017,重庆工商大学,002,金融工程,2,564,94445
2024,5017,重庆工商大学,003,工商管理类,2,606,46980
2024,5017,重庆工商大学,004,工程管理,2,573,84085
2024,5017,重庆工商大学,005,计算机科学与技术,2,589,65273
2024,5017,重庆工商大学,006,物联网工程,2,571,85723
2024,5017,重庆工商大学,007,智能制造工程,2,574,82089
2024,5017,重庆工商大学,008,法语,2,591,63440
2024,5017,重庆工商大学,012,金融学（中外双学士项目）,4,594,60183
2024,5018,重庆工商大学派斯学院,001,数字经济,5,495,174352
2024,5018,重庆工商大学派斯学院,002,金融学,5,539,124256
2024,5018,重庆工商大学派斯学院,003,信用管理,7,536,127179
2024,5018,重庆工商大学派斯学院,004,互联网金融,5,539,123404
2024,5018,重庆工商大学派斯学院,005,汉语言文学,15,557,102875
2024,5018,重庆工商大学派斯学院,006,英语,10,540,123174
2024,5018,重庆工商大学派斯学院,007,商务英语,10,538,125322
2024,5018,重庆工商大学派斯学院,008,新闻学,5,545,117268
2024,5018,重庆工商大学派斯学院,009,广告学,5,546,115208
2024,5018,重庆工商大学派斯学院,010,网络与新媒体,5,548,113838
2024,5018,重庆工商大学派斯学院,011,计算机科学与技术,8,492,
2024,5018,重庆工商大学派斯学院,012,软件工程,5,499,169607
2024,5018,重庆工商大学派斯学院,013,数据科学与大数据技术,8,492,
2024,5018,重庆工商大学派斯学院,014,工商管理,4,539,123679
2024,5018,重庆工商大学派斯学院,015,会计学,18,549,112076
2024,5018,重庆工商大学派斯学院,016,审计学,10,548,113678
2024,5018,重庆工商大学派斯学院,017,跨境电子商务,5,536,127036
2024,5019,重庆财经学院,001,经济学,6,550,111441
2024,5019,重庆财经学院,002,经济统计学,2,513,153846
2024,5019,重庆财经学院,003,数字经济,5,510,157652
2024,5019,重庆财经学院,004,金融学,6,547,115048
2024,5019,重庆财经学院,005,金融科技,6,492,
2024,5019,重庆财经学院,006,国际经济与贸易,2,547,114900
2024,5019,重庆财经学院,007,网络与新媒体,10,548,113025
2024,5019,重庆财经学院,008,人工智能,3,492,
2024,5019,重庆财经学院,009,计算机类,6,497,172122
2024,5019,重庆财经学院,010,软件工程,4,492,
2024,5019,重庆财经学院,012,大数据管理与应用,2,524,141087
2024,5019,重庆财经学院,013,会计学,5,563,95512
2024,5019,重庆财经学院,014,财务管理,8,552,109003
2024,5019,重庆财经学院,015,物流管理,6,542,120330
2024,5019,重庆财经学院,016,供应链管理,4,546,116122
2024,5019,重庆财经学院,017,电子商务,6,544,118235
2024,5021,重庆航天职业技术学院,501,电子商务,2,502,166480
2024,5021,重庆航天职业技术学院,502,数字媒体技术,2,504,164267
2024,5022,重庆交通大学,001,土木工程,3,565,92875
2024,5022,重庆交通大学,002,水利类,4,583,71881
2024,5022,重庆交通大学,003,交通运输类,4,590,64260
2024,5022,重庆交通大学,004,机械类,3,587,67736
2024,5022,重庆交通大学,005,机械设计制造及其自动化(中外合作办学),4,565,92604
2024,5022,重庆交通大学,006,电子信息类,3,592,62367
2024,5022,重庆交通大学,007,计算机科学与技术,3,591,62842
2024,5022,重庆交通大学,008,人工智能,3,589,65132
2024,5022,重庆交通大学,009,工商管理类,3,599,54570
2024,5022,重庆交通大学,010,外国语言文学类,3,592,62325
2024,5022,重庆交通大学,011,新闻传播学类,3,598,56172
2024,5023,重庆科技大学,001,国际经济与贸易,5,580,76010
2024,5023,重庆科技大学,002,英语,5,579,77392
2024,5023,重庆科技大学,003,数学与应用数学,4,550,110876
2024,5023,重庆科技大学,004,机械类,5,555,105166
2024,5023,重庆科技大学,005,复合材料与工程,5,543,119034
2024,5023,重庆科技大学,006,电气工程及其自动化,5,561,97625
2024,5023,重庆科技大学,007,自动化,3,560,98753
2024,5023,重庆科技大学,008,油气储运工程,5,529,134964
2024,5023,重庆科技大学,009,海洋油气工程,5,510,157203
2024,5023,重庆科技大学,010,管理科学与工程类,3,549,111783
2024,5023,重庆科技大学,011,会计学,3,588,66239
2024,5023,重庆科技大学,012,物流管理,3,548,112963
2024,5023,重庆科技大学,013,酒店管理,2,574,82267
2024,5024,重庆理工大学,001,车辆工程,2,585,70048
2024,5024,重庆理工大学,002,装甲车辆工程,2,581,74782
2024,5024,重庆理工大学,003,能源与动力工程,2,585,69497
2024,5024,重庆理工大学,004,机械电子工程,4,588,66391
2024,5024,重庆理工大学,005,高分子材料与工程,3,569,88007
2024,5024,重庆理工大学,006,材料成型及控制工程,2,585,70112
2024,5024,重庆理工大学,007,计算机科学与技术,2,602,51357
2024,5024,重庆理工大学,008,物联网工程,2,596,58236
2024,5024,重庆理工大学,009,电气工程及其自动化,4,595,58408
2024,5024,重庆理工大学,010,电子信息工程,2,594,59848
2024,5024,重庆理工大学,011,光电信息科学与工程,2,589,65192
2024,5024,重庆理工大学,012,药学,3,554,106387
2024,5024,重庆理工大学,013,会计学,4,612,40821
2024,5024,重庆理工大学,014,金融工程,2,583,72016
2024,5024,重庆理工大学,015,物流管理,2,592,62272
2024,5024,重庆理工大学,016,人力资源管理,2,597,57169
2024,5024,重庆理工大学,017,劳动与社会保障,3,588,66856
2024,5024,重庆理工大学,018,英语,2,591,63737
2024,5024,重庆理工大学,019,知识产权,3,587,67620
2024,5024,重庆理工大学,020,智能车辆工程,2,585,69820
2024,5024,重庆理工大学,021,软件工程,4,594,59555
2024,5024,重庆理工大学,022,人工智能,2,590,64030
2024,5024,重庆理工大学,023,数据科学与大数据技术,2,593,60930
2024,5024,重庆理工大学,024,智能制造工程,2,582,73462
2024,5024,重庆理工大学,025,储能科学与工程,2,586,68483
2024,5024,重庆理工大学,026,数字经济,2,564,94368
2024,5024,重庆理工大学,027,数学与应用数学,3,574,82254
2024,5024,重庆理工大学,028,化学工程与工艺,3,556,103433
2024,5025,重庆三峡学院,001,汉语言文学(师范),4,593,60959
2024,5025,重庆三峡学院,002,广播电视学,3,575,81924
2024,5025,重庆三峡学院,003,网络与新媒体,3,582,73741
2024,5025,重庆三峡学院,004,文化产业管理,2,576,80909
2024,5025,重庆三峡学院,005,英语,2,574,83165
2024,5025,重庆三峡学院,006,经济学,3,574,82350
2024,5025,重庆三峡学院,007,旅游管理,4,571,86723
2024,5025,重庆三峡学院,008,工商管理,3,575,81878
2024,5025,重庆三峡学院,009,跨境电子商务,2,569,88968
2024,5025,重庆三峡学院,010,数学与应用数学(师范),2,492,
2024,5025,重庆三峡学院,011,大数据管理与应用,3,544,118239
2024,5025,重庆三峡学院,012,软件工程,3,536,127356
2024,5025,重庆三峡学院,013,物联网工程,3,531,132784
2024,5025,重庆三峡学院,014,电子信息工程,3,541,121279
2024,5025,重庆三峡学院,015,电气工程及其自动化,2,554,106040
2024,5025,重庆三峡学院,016,机械设计制造及其自动化,3,535,128268
2024,5025,重庆三峡学院,017,机械电子工程,3,536,126926
2024,5025,重庆三峡学院,018,车辆工程,3,517,149465
2024,5025,重庆三峡学院,019,环境科学,2,502,166935
2024,5025,重庆三峡学院,020,环保设备工程,2,497,171841
2024,5025,重庆三峡学院,021,食品科学与工程,2,492,
2024,5025,重庆三峡学院,022,植物生产类,3,497,172734
2024,5025,重庆三峡学院,023,智慧农业,2,497,172013
2024,5025,重庆三峡学院,024,土木类,3,492,
2024,5026,重庆三峡医药高等专科学校,501,临床医学,2,533,130493
2024,5026,重庆三峡医药高等专科学校,502,口腔医学,2,548,113802
2024,5026,重庆三峡医药高等专科学校,503,中医学,2,530,133903
2024,5026,重庆三峡医药高等专科学校,504,针灸推拿,2,518,148247
2024,5026,重庆三峡医药高等专科学校,505,中医骨伤,2,514,153073
2024,5027,重庆师范大学,001,思想政治教育(师范),5,625,29119
2024,5027,重庆师范大学,002,文物与博物馆学,4,618,35858
2024,5027,重庆师范大学,003,社会工作,4,595,58641
2024,5027,重庆师范大学,004,教育康复学(师范),3,598,55234
2024,5027,重庆师范大学,006,中国语言文学类,4,621,33000
2024,5027,重庆师范大学,007,戏剧影视文学,4,586,69014
2024,5027,重庆师范大学,008,英语(师范),3,625,29623
2024,5027,重庆师范大学,009,数学与应用数学(师范),4,598,55300
2024,5027,重庆师范大学,010,物理学(师范),3,571,86099
2024,5027,重庆师范大学,011,光电信息科学与工程,5,579,76728
2024,5027,重庆师范大学,012,化学(师范),3,591,62926
2024,5027,重庆师范大学,013,材料类,5,551,109602
2024,5027,重庆师范大学,014,食品质量与安全,2,563,95469
2024,5027,重庆师范大学,015,生物科学(中外合作办学)(师范),4,492,
2024,5027,重庆师范大学,016,森林保护,3,494,175040
2024,5027,重庆师范大学,017,旅游管理,3,589,65756
2024,5027,重庆师范大学,018,工商管理类,4,601,52762
2024,5027,重庆师范大学,019,软件工程,3,588,66162
2024,5027,重庆师范大学,020,电子商务,3,492,
2024,5027,重庆师范大学,021,小学教育(师范),5,612,41455
2024,5027,重庆师范大学,022,科学教育(师范),4,545,116822
2024,5028,重庆对外经贸学院,001,经济学,5,542,119964
2024,5028,重庆对外经贸学院,002,金融工程,8,492,
2024,5028,重庆对外经贸学院,003,国际经济与贸易,5,541,121555
2024,5028,重庆对外经贸学院,004,日语,4,539,124267
2024,5028,重庆对外经贸学院,005,翻译,5,538,125443
2024,5028,重庆对外经贸学院,006,商务英语,4,538,125458
2024,5028,重庆对外经贸学院,007,新闻学,5,548,113243
2024,5028,重庆对外经贸学院,008,电子科学与技术,6,492,
2024,5028,重庆对外经贸学院,009,计算机科学与技术,5,492,
2024,5028,重庆对外经贸学院,010,数字媒体技术,4,492,
2024,5028,重庆对外经贸学院,011,数据科学与大数据技术,8,492,
2024,5028,重庆对外经贸学院,012,市场营销,5,538,125194
2024,5028,重庆对外经贸学院,013,财务管理,5,551,110220
2024,5028,重庆对外经贸学院,014,人力资源管理,3,545,117075
2024,5028,重庆对外经贸学院,015,审计学,3,556,104171
2024,5028,重庆对外经贸学院,016,健康服务与管理,3,543,119123
2024,5028,重庆对外经贸学院,017,物流管理,5,539,123846
2024,5028,重庆对外经贸学院,018,电子商务,5,539,123526
2024,5028,重庆对外经贸学院,019,旅游管理,3,539,124161
2024,5028,重庆对外经贸学院,020,人文地理与城乡规划,5,547,114525
2024,5028,重庆对外经贸学院,021,网络与新媒体,5,548,113517
2024,5028,重庆对外经贸学院,022,应用统计学,3,492,
2024,5028,重庆对外经贸学院,023,数字经济,6,492,
2024,5028,重庆对外经贸学院,024,虚拟现实技术,3,493,176248
2024,5028,重庆对外经贸学院,025,区块链工程,3,492,
2024,5028,重庆对外经贸学院,026,工业工程,5,497,171797
2024,5028,重庆对外经贸学院,028,广播电视编导,3,534,129517
2024,5028,重庆对外经贸学院,034,艺术教育,5,528,137034
2024,5029,重庆文理学院,001,高分子材料与工程,3,523,142614
2024,5029,重庆文理学院,002,环境科学,3,507,160490
2024,5029,重庆文理学院,003,机器人工程,2,536,127097
2024,5029,重庆文理学院,004,风景园林,2,574,82907
2024,5029,重庆文理学院,005,电气工程及其自动化,3,553,107118
2024,5029,重庆文理学院,006,土木工程,4,506,162152
2024,5029,重庆文理学院,007,会展经济与管理,3,578,77699
2024,5029,重庆文理学院,008,商务英语,3,580,75993
2024,5029,重庆文理学院,009,材料科学与工程,6,517,149497
2024,5029,重庆文理学院,010,智能电网信息工程,2,542,119887
2024,5029,重庆文理学院,011,药学,2,549,112527
2024,5029,重庆文理学院,012,工程审计,2,539,123964
2024,5029,重庆文理学院,013,软件工程,3,546,115818
2024,5029,重庆文理学院,014,网络工程,3,534,129837
2024,5029,重庆文理学院,015,电子信息科学与技术,3,540,122225
2024,5029,重庆文理学院,016,微电子科学与工程,2,536,126900
2024,5029,重庆文理学院,017,智能车辆工程,2,519,146865
2024,5029,重庆文理学院,018,材料成型及控制工程(中外合作办学),5,492,
2024,5031,重庆医科大学,001,临床医学（5+3一体化）,2,659,8656
2024,5031,重庆医科大学,002,临床医学（5+3一体化，硕士段培养方向儿科学）,1,664,6652
2024,5031,重庆医科大学,003,临床医学（检验医师培养试验班）,1,646,14849
2024,5031,重庆医科大学,004,临床医学,6,649,12956
2024,5031,重庆医科大学,005,麻醉学,3,633,23002
2024,5031,重庆医科大学,006,医学影像学,3,638,19494
2024,5031,重庆医科大学,007,精神医学,2,633,22942
2024,5031,重庆医科大学,008,儿科学,3,632,23535
2024,5031,重庆医科大学,009,口腔医学,2,658,8972
2024,5031,重庆医科大学,010,预防医学,3,611,41740
2024,5031,重庆医科大学,011,临床药学,2,625,29009
2024,5031,重庆医科大学,012,医学检验技术,3,602,51198
2024,5031,重庆医科大学,013,法医学,2,624,29923
2024,5031,重庆医科大学,014,基础医学,1,569,88466
2024,5031,重庆医科大学,015,医学影像技术,2,593,61128
2024,5031,重庆医科大学,016,口腔医学技术,2,605,47754
2024,5031,重庆医科大学,017,生物医学工程,2,622,31783
2024,5031,重庆医科大学,019,听力与言语康复学,2,566,91662
2024,5031,重庆医科大学,020,智能医学工程,1,611,41771
2024,5031,重庆医科大学,021,生物信息学,1,603,50266
2024,5031,重庆医科大学,022,应用统计学,2,601,52076
2024,5031,重庆医科大学,023,医学信息工程,1,605,47636
2024,5031,重庆医科大学,024,护理学,3,597,57192
2024,5031,重庆医科大学,025,英语,1,615,38560
2024,5031,重庆医科大学,026,公共事业管理,1,610,43479
2024,5031,重庆医科大学,027,临床医学(中外合作办学),3,629,25688
2024,5032,重庆邮电大学,001,电子信息类（通信与信息类）,14,621,32365
2024,5032,重庆邮电大学,002,计算机类（计算机与智能科学类）,12,626,28056
2024,5032,重庆邮电大学,003,自动化类（智能自动化）,16,613,39901
2024,5032,重庆邮电大学,004,电子信息类（集成电路类）,7,619,34537
2024,5032,重庆邮电大学,005,电子信息类（电子工程类）,7,619,34063
2024,5032,重庆邮电大学,006,信息管理与信息系统,4,605,47629
2024,5032,重庆邮电大学,007,大数据管理与应用,4,616,37274
2024,5032,重庆邮电大学,008,软件工程,10,623,30712
2024,5032,重庆邮电大学,009,通信工程(中外合作办学),7,604,49299
2024,5032,重庆邮电大学,010,软件工程(中外合作办学),7,604,48890
2024,5033,重庆移通学院,001,通信工程,3,498,170798
2024,5033,重庆移通学院,002,自动化类,2,497,171775
2024,5033,重庆移通学院,003,电气工程及其自动化(中外合作办学),18,492,
2024,5033,重庆移通学院,005,工商管理,3,541,121776
2024,5033,重庆移通学院,006,市场营销,2,539,124342
2024,5033,重庆移通学院,007,财务管理,3,546,116259
2024,5033,重庆移通学院,008,广播电视编导,3,535,128787
2024,5033,重庆移通学院,009,计算机科学与技术,3,501,167545
2024,5033,重庆移通学院,010,数字媒体技术,3,492,
2024,5033,重庆移通学院,011,软件工程,2,493,176059
2024,5033,重庆移通学院,012,健康服务与管理,3,542,119885
2024,5033,重庆移通学院,013,养老服务管理,2,541,121986
2024,5033,重庆移通学院,014,大数据管理与应用,2,517,149634
2024,5033,重庆移通学院,015,互联网金融,2,545,116476
2024,5033,重庆移通学院,016,数字经济,2,497,172362
2024,5033,重庆移通学院,017,供应链管理,2,544,118494
2024,5035,重庆医药高等专科学校,501,临床医学,1,554,105839
2024,5035,重庆医药高等专科学校,502,口腔医学,1,569,88355
2024,5035,重庆医药高等专科学校,503,护理,2,544,118110
2024,5035,重庆医药高等专科学校,504,药学,2,505,162899
2024,5035,重庆医药高等专科学校,505,中医学,2,559,100219
2024,5035,重庆医药高等专科学校,506,医学检验技术,2,522,143509
2024,5036,重庆电子科技职业大学,501,电子信息类,5,494,175234
2024,5036,重庆电子科技职业大学,502,计算机类,5,502,166679
2024,5036,重庆电子科技职业大学,503,自动化类,5,494,175131
2024,5036,重庆电子科技职业大学,505,物流类,5,492,
2024,5036,重庆电子科技职业大学,506,电子商务类,5,492,
2024,5043,重庆幼儿师范高等专科学校,501,智慧健康养老服务与管理,5,492,
2024,5049,重庆化工职业学院,501,大数据与财务管理,5,492,
2024,5052,重庆中医药学院,001,中医学,5,584,71259
2024,5052,重庆中医药学院,002,针灸推拿学,5,567,90363
2024,5052,重庆中医药学院,003,中医康复学,5,550,110392
2024,5052,重庆中医药学院,004,中西医临床医学,5,569,88093
2024,5052,重庆中医药学院,005,中药学,5,548,113368
2024,5054,西南大学(荣昌校区),001,动物科学(中外合作办学),2,591,63069
2024,5101,成都工业学院,001,机械电子工程,2,542,120210
2024,5101,成都工业学院,002,材料成型及控制工程,12,522,143498
2024,5101,成都工业学院,003,增材制造工程,2,529,135191
2024,5101,成都工业学院,004,计算机类,5,557,102076
2024,5101,成都工业学院,005,数字媒体技术,2,557,102206
2024,5101,成都工业学院,006,电子信息类,4,553,107318
2024,5101,成都工业学院,007,自动化,2,555,104569
2024,5101,成都工业学院,008,信息工程,2,545,116688
2024,5101,成都工业学院,009,金融科技,1,552,108519
2024,5101,成都工业学院,010,供应链管理,2,573,84124
2024,5101,成都工业学院,011,数字经济,2,550,110934
2024,5101,成都工业学院,012,汽车服务工程,2,526,139067
2024,5101,成都工业学院,013,车辆工程,2,540,122126
2024,5101,成都工业学院,014,数据科学与大数据技术,2,554,105906
2024,5101,成都工业学院,015,工业设计,2,533,130512
2024,5101,成都工业学院,016,商务英语,1,576,80571
2024,5102,成都航空职业技术学院,501,飞机机电设备维修,5,497,171990
2024,5103,成都理工大学,001,行星科学,2,606,46637
2024,5103,成都理工大学,002,土木工程,3,586,68975
2024,5103,成都理工大学,003,城市地下空间工程,3,595,58371
2024,5103,成都理工大学,004,地下水科学与工程,2,585,69825
2024,5103,成都理工大学,005,地球物理学,1,600,53811
2024,5103,成都理工大学,007,材料科学与工程,4,598,55795
2024,5103,成都理工大学,008,法学,2,637,20426
2024,5103,成都理工大学,009,社会学,2,618,35781
2024,5103,成都理工大学,010,日语,4,605,48257
2024,5103,成都理工大学,011,会计学,3,626,28787
2024,5103,成都理工大学,012,新闻传播学类,2,623,30558
2024,5103,成都理工大学,014,应用物理学,2,603,49977
2024,5103,成都理工大学,015,电子信息类,6,626,28859
2024,5103,成都理工大学,016,工业设计,4,598,55254
2024,5103,成都理工大学,017,网络空间安全,2,627,27537
2024,5104,成都理工大学工程技术学院,001,核工程与核技术,4,510,157260
2024,5104,成都理工大学工程技术学院,003,机械工程,4,496,172868
2024,5104,成都理工大学工程技术学院,004,电气工程及其自动化,4,497,171867
2024,5104,成都理工大学工程技术学院,005,软件工程,4,508,159528
2024,5104,成都理工大学工程技术学院,006,会计学,5,554,106472
2024,5104,成都理工大学工程技术学院,007,审计学,5,551,110332
2024,5105,四川传媒学院,010,艺术管理,2,547,114664
2024,5105,四川传媒学院,011,广播电视编导,3,547,115051
2024,5106,成都体育学院,006,广播电视编导,2,570,87707
2024,5106,成都体育学院,007,中医骨伤科学,3,540,122533
2024,5106,成都体育学院,008,康复治疗学,3,534,129670
2024,5107,成都信息工程大学,001,大气科学,5,601,52320
2024,5107,成都信息工程大学,002,电子信息工程,3,598,55418
2024,5107,成都信息工程大学,003,通信工程,2,594,59688
2024,5107,成都信息工程大学,004,集成电路设计与集成系统,2,594,59909
2024,5107,成都信息工程大学,005,气象技术与工程,2,592,61832
2024,5107,成都信息工程大学,006,电气工程及其自动化,2,597,56342
2024,5107,成都信息工程大学,007,机器人工程,2,595,59449
2024,5107,成都信息工程大学,008,数字媒体技术,2,601,52404
2024,5107,成都信息工程大学,009,智能科学与技术,2,601,52734
2024,5107,成都信息工程大学,010,软件工程,2,606,46902
2024,5107,成都信息工程大学,011,数据科学与大数据技术,2,595,58980
2024,5107,成都信息工程大学,012,信息安全,2,598,55232
2024,5107,成都信息工程大学,013,网络空间安全,2,594,59529
2024,5107,成都信息工程大学,014,翻译,2,587,68013
2024,5107,成都信息工程大学,015,区块链工程,1,589,65601
2024,5107,成都信息工程大学,016,金融工程,2,572,85378
2024,5107,成都信息工程大学,017,物流管理,2,595,58699
2024,5107,成都信息工程大学,018,电子商务,1,600,53321
2024,5107,成都信息工程大学,019,会计学,2,605,48124
2024,5108,成都银杏酒店管理学院,001,酒店管理,5,534,129601
2024,5108,成都银杏酒店管理学院,002,旅游管理类,5,531,133395
2024,5108,成都银杏酒店管理学院,003,工商管理类,5,536,127308
2024,5109,成都大学,001,金融科技,2,580,75452
2024,5109,成都大学,002,法学,5,613,40597
2024,5109,成都大学,003,社会工作,2,603,50407
2024,5109,成都大学,004,思想政治教育,2,609,44071
2024,5109,成都大学,005,学前教育(师范),2,599,54534
2024,5109,成都大学,006,小学教育(师范),2,615,38541
2024,5109,成都大学,008,汉语言文学,2,611,42508
2024,5109,成都大学,009,汉语国际教育,2,604,49131
2024,5109,成都大学,010,英语,2,600,53946
2024,5109,成都大学,011,机械设计制造及其自动化,4,588,66812
2024,5109,成都大学,012,通信工程,2,589,65243
2024,5109,成都大学,013,人工智能,3,588,66110
2024,5109,成都大学,014,自动化,3,593,61134
2024,5109,成都大学,015,计算机科学与技术,3,597,56252
2024,5109,成都大学,016,软件工程,3,593,60608
2024,5109,成都大学,017,物联网工程,3,587,68129
2024,5109,成都大学,018,数据科学与大数据技术,4,586,69059
2024,5109,成都大学,019,土木工程,2,584,70698
2024,5109,成都大学,020,测绘工程,2,577,78797
2024,5109,成都大学,021,制药工程,2,582,73089
2024,5109,成都大学,022,建筑学,2,587,67908
2024,5109,成都大学,023,临床医学,3,593,60635
2024,5109,成都大学,024,口腔医学技术,2,562,96237
2024,5109,成都大学,025,工商管理,2,605,48405
2024,5109,成都大学,026,文化产业管理,2,603,50735
2024,5109,成都大学,028,网络与新媒体(中外合作办学),5,589,65916
2024,5109,成都大学,029,数据科学与大数据技术(中外合作办学),3,562,96182
2024,5109,成都大学,501,工程造价(中外合作办学),20,492,
2024,5110,成都医学院,001,临床医学,10,579,77205
2024,5110,成都医学院,002,预防医学,4,492,
2024,5111,成都中医药大学,001,中医学（李斯炽班）,3,651,11870
2024,5111,成都中医药大学,002,中医学（5+3一体化）,4,644,15862
2024,5111,成都中医药大学,003,中西医临床医学（唐容川班）,4,620,33198
2024,5111,成都中医药大学,004,中医学（5+3一体化，儿科学）,3,639,18754
2024,5111,成都中医药大学,005,针灸推拿学,4,614,38854
2024,5111,成都中医药大学,006,中药学（凌一揆班）,2,603,49833
2024,5111,成都中医药大学,007,中药学,2,588,66273
2024,5111,成都中医药大学,008,制药工程,2,594,59568
2024,5111,成都中医药大学,009,医学检验技术,3,579,76707
2024,5111,成都中医药大学,010,预防医学,2,598,55119
2024,5111,成都中医药大学,011,食品卫生与营养学,2,592,61866
2024,5111,成都中医药大学,012,康复治疗学(中外合作办学),3,563,95286
2024,5112,川北医学院,001,临床医学,3,569,88058
2024,5112,川北医学院,002,麻醉学,3,564,93928
2024,5113,电子科技大学,001,计算机科学与技术（国家珠峰计划拔尖人才实验班）,2,677,2955
2024,5113,电子科技大学,002,电子信息类（成电英才计划拔尖创新人才实验班）,3,679,2538
2024,5113,电子科技大学,003,计算机科学与技术（智能金融与区块链金融双A联合学位实验班）,2,677,2965
2024,5113,电子科技大学,004,电子信息类（信息与通信）,10,669,5122
2024,5113,电子科技大学,005,工科试验班（电子工程类）,9,668,5482
2024,5113,电子科技大学,006,计算机类,8,672,4291
2024,5113,电子科技大学,007,微电子科学与工程,2,673,4061
2024,5113,电子科技大学,008,集成电路设计与集成系统,5,669,5033
2024,5113,电子科技大学,009,计算机科学与技术（互联网交叉复合型精英人才双学位培养计划）,2,676,3154
2024,5113,电子科技大学,010,工科试验班（机器人、电气信息、智能制造）,12,665,6338
2024,5113,电子科技大学,011,电子信息类（光电集成与光网络）,11,666,6072
2024,5113,电子科技大学,012,电子信息类（智能仪器、智能控制）,5,669,5107
2024,5113,电子科技大学,013,金融学（互联网交叉复合型精英人才双学位培养计划）,3,663,7157
2024,5113,电子科技大学,014,经济管理试验班（管理与电子工程双学位培养）,8,661,7639
2024,5114,电子科技大学成都学院,001,投资学,4,545,116889
2024,5114,电子科技大学成都学院,002,国际经济与贸易,3,551,109751
2024,5114,电子科技大学成都学院,003,网络与新媒体,3,554,106422
2024,5114,电子科技大学成都学院,004,集成电路设计与集成系统,2,501,167447
2024,5114,电子科技大学成都学院,005,人工智能,3,506,162109
2024,5114,电子科技大学成都学院,006,机器人工程,4,502,166357
2024,5114,电子科技大学成都学院,007,计算机科学与技术,3,530,133960
2024,5114,电子科技大学成都学院,008,软件工程,2,525,139822
2024,5114,电子科技大学成都学院,009,网络工程,3,492,177291
2024,5114,电子科技大学成都学院,010,物联网工程,4,493,176552
2024,5114,电子科技大学成都学院,011,数字媒体技术,3,501,167701
2024,5114,电子科技大学成都学院,012,智能科学与技术,2,512,154957
2024,5114,电子科技大学成都学院,013,电子与计算机工程,2,525,140107
2024,5114,电子科技大学成都学院,014,数据科学与大数据技术,3,504,164091
2024,5114,电子科技大学成都学院,015,飞行器制造工程,3,504,164337
2024,5114,电子科技大学成都学院,016,飞行器动力工程,4,498,171059
2024,5114,电子科技大学成都学院,017,财务管理,3,556,103942
2024,5114,电子科技大学成都学院,018,人力资源管理,3,548,113812
2024,5114,电子科技大学成都学院,019,审计学,3,561,97657
2024,5114,电子科技大学成都学院,020,电子商务,3,549,112298
2024,5115,乐山师范学院,001,心理学,6,569,88403
2024,5115,乐山师范学院,002,特殊教育(师范),2,571,85873
2024,5115,乐山师范学院,003,教育康复学(师范),1,570,87206
2024,5115,乐山师范学院,004,网络与新媒体,1,570,87731
2024,5115,乐山师范学院,005,思想政治教育(师范),10,571,85869
2024,5115,乐山师范学院,006,工程造价,1,537,126393
2024,5115,乐山师范学院,007,动植物检疫,1,521,144874
2024,5115,乐山师范学院,008,电子信息工程,1,522,143171
2024,5115,乐山师范学院,009,数字媒体技术,1,520,145922
2024,5116,西南医科大学,001,临床医学,8,610,42926
2024,5116,西南医科大学,002,儿科学,4,578,77559
2024,5116,西南医科大学,003,基础医学,2,492,
2024,5116,西南医科大学,004,医学检验技术,2,579,76528
2024,5116,西南医科大学,005,生物医学工程,2,554,105966
2024,5116,西南医科大学,006,康复治疗学,2,557,103009
2024,5117,绵阳师范学院,001,汉语言文学(师范),1,593,60847
2024,5117,绵阳师范学院,002,英语(师范),1,594,60371
2024,5117,绵阳师范学院,003,物流管理,1,577,79392
2024,5117,绵阳师范学院,004,数学与应用数学(师范),1,543,118615
2024,5118,内江师范学院,001,汉语言文学(师范),1,590,64886
2024,5118,内江师范学院,002,法学,1,587,67622
2024,5118,内江师范学院,003,思想政治教育(师范),1,588,66882
2024,5118,内江师范学院,005,地理科学(师范),3,588,67066
2024,5118,内江师范学院,006,人工智能,2,526,138489
2024,5118,内江师范学院,007,化学类(师范),1,561,98210
2024,5118,内江师范学院,008,数学与应用数学(师范),2,531,132606
2024,5120,四川大学,001,人文科学试验班（中文与新闻传播）,6,664,6572
2024,5120,四川大学,002,外国语言文学类,8,659,8561
2024,5120,四川大学,003,哲学,4,662,7524
2024,5120,四川大学,004,数学类（含双学士学位）,4,664,6562
2024,5120,四川大学,005,物理学类,6,659,8490
2024,5120,四川大学,006,化学类,12,655,10177
2024,5120,四川大学,007,生物科学类（含双学士学位）,10,658,8857
2024,5120,四川大学,008,电子信息类,5,661,7599
2024,5120,四川大学,009,高分子材料与工程,8,657,9468
2024,5120,四川大学,010,材料类（新能源与纳米材料）,5,658,8929
2024,5120,四川大学,011,工科试验班（智能制造）,8,660,8011
2024,5120,四川大学,012,电气类,14,660,8227
2024,5120,四川大学,013,计算机类（含双学士学位）,15,663,7112
2024,5120,四川大学,014,工科试验班（绿色城市与智慧建造）,8,654,10462
2024,5120,四川大学,015,建筑学,6,656,9622
2024,5120,四川大学,016,工科试验班（先进化工与高端装备类）,4,657,9143
2024,5120,四川大学,017,生物医学工程类,4,661,7727
2024,5120,四川大学,018,网络空间安全（含双学士学位）,4,662,7207
2024,5120,四川大学,019,公共管理类,8,660,8290
2024,5120,四川大学,020,工商管理类,4,663,7025
2024,5120,四川大学,021,医学试验班（医学基础与法医学）,4,656,9594
2024,5120,四川大学,022,临床医学（五年制）,4,673,3931
2024,5120,四川大学,023,临床医学（八年制）,2,687,1267
2024,5120,四川大学,024,医学技术类（含双学士学位）,4,657,9161
2024,5120,四川大学,025,口腔医学（五年制）,3,678,2766
2024,5120,四川大学,026,口腔医学（5+3一体化）,2,689,1129
2024,5120,四川大学,027,口腔医学（八年制）,2,691,902
2024,5120,四川大学,028,公共卫生与预防医学类,8,646,14567
2024,5120,四川大学,029,药学类,9,656,9834
2024,5120,四川大学,030,工科试验班（先进低碳材料与食品健康）,9,655,10081
2024,5120,四川大学,032,电气工程及其自动化(中外合作办学),4,652,11667
2024,5120,四川大学,033,机械设计制造及其自动化(中外合作办学),8,652,11498
2024,5120,四川大学,034,材料科学与工程(中外合作办学),5,651,12119
2024,5120,四川大学,035,工业工程(中外合作办学),10,648,13434
2024,5120,四川大学,036,计算机科学与技术(中外合作办学),10,655,10051
2024,5120,四川大学,037,电子信息工程(中外合作办学),10,654,10762
2024,5121,成都锦城学院,001,网络与新媒体,3,553,107539
2024,5121,成都锦城学院,002,广播电视编导,2,541,122030
2024,5121,成都锦城学院,005,计算机类,2,517,149757
2024,5121,成都锦城学院,006,建筑学,3,551,109895
2024,5121,成都锦城学院,007,工商管理类,3,546,115865
2024,5121,成都锦城学院,008,物流管理,2,548,113225
2024,5121,成都锦城学院,009,大数据管理与应用,2,522,144261
2024,5121,成都锦城学院,010,经济统计学,4,510,157692
2024,5121,成都锦城学院,011,机器人工程,2,502,166908
2024,5121,成都锦城学院,012,金融学类,2,551,109992
2024,5121,成都锦城学院,013,国际经济与贸易,2,546,115356
2024,5122,四川大学锦江学院,001,经济学,2,552,109033
2024,5122,四川大学锦江学院,002,数字经济,2,492,
2024,5122,四川大学锦江学院,003,国际经济与贸易,1,552,108614
2024,5122,四川大学锦江学院,004,机械设计制造及其自动化,2,512,155116
2024,5122,四川大学锦江学院,005,智能科学与技术,2,492,177045
2024,5122,四川大学锦江学院,006,人工智能,1,509,159125
2024,5122,四川大学锦江学院,007,土木工程,2,495,174012
2024,5122,四川大学锦江学院,008,会计学,2,561,98129
2024,5122,四川大学锦江学院,009,人力资源管理,2,547,114790
2024,5122,四川大学锦江学院,010,财务管理,1,557,103086
2024,5123,四川工程职业技术大学,501,数控技术,5,492,
2024,5123,四川工程职业技术大学,502,机电一体化技术,1,522,143542
2024,5123,四川工程职业技术大学,503,大数据与会计,4,515,152006
2024,5123,四川工程职业技术大学,504,工程造价,3,494,175216
2024,5123,四川工程职业技术大学,505,建筑工程技术,2,500,168875
2024,5123,四川工程职业技术大学,506,城市轨道交通机电技术,2,513,154220
2024,5123,四川工程职业技术大学,507,智能网联汽车技术,4,492,
2024,5123,四川工程职业技术大学,508,社区管理与服务,4,494,175272
2024,5125,四川建筑职业技术学院,501,建筑工程技术,2,493,176648
2024,5125,四川建筑职业技术学院,502,工程造价,2,505,163478
2024,5126,四川交通职业技术学院,501,软件技术,2,492,
2024,5126,四川交通职业技术学院,502,机械制造及自动化,2,492,177537
2024,5126,四川交通职业技术学院,503,大数据与会计,3,498,170813
2024,5129,四川农业大学,001,农学,4,616,37389
2024,5129,四川农业大学,002,植物保护,4,598,55544
2024,5129,四川农业大学,003,动物科学,4,609,43878
2024,5129,四川农业大学,004,水产养殖学,4,597,57105
2024,5129,四川农业大学,005,动物医学,4,624,30422
2024,5129,四川农业大学,006,动植物检疫,4,590,64835
2024,5129,四川农业大学,007,药学,4,614,39316
2024,5129,四川农业大学,008,林学,4,604,48809
2024,5129,四川农业大学,009,森林保护,3,602,51355
2024,5129,四川农业大学,010,茶学,5,577,79225
2024,5129,四川农业大学,011,园艺,4,587,67290
2024,5129,四川农业大学,012,环境工程,4,607,45867
2024,5129,四川农业大学,013,环境生态工程,4,597,56903
2024,5129,四川农业大学,014,经济学,4,639,18908
2024,5129,四川农业大学,015,财务管理,5,640,18321
2024,5129,四川农业大学,016,农林经济管理,5,634,22238
2024,5129,四川农业大学,017,风景园林,4,630,25313
2024,5129,四川农业大学,018,园林,4,629,26323
2024,5129,四川农业大学,019,草业科学,4,584,71407
2024,5129,四川农业大学,020,人力资源管理,4,629,25694
2024,5129,四川农业大学,021,农村区域发展,4,628,27037
2024,5129,四川农业大学,022,土地资源管理,5,614,38931
2024,5129,四川农业大学,023,化学生物学,5,596,58242
2024,5129,四川农业大学,024,信息与计算科学,5,618,35099
2024,5129,四川农业大学,025,应用化学,5,605,48700
2024,5129,四川农业大学,026,生物工程,4,602,51142
2024,5129,四川农业大学,027,生物科学,4,613,40131
2024,5129,四川农业大学,028,生物技术,5,603,49907
2024,5129,四川农业大学,029,电子科学与技术,4,621,32733
2024,5129,四川农业大学,030,食品科学与工程,5,604,48796
2024,5129,四川农业大学,031,食品质量与安全,4,605,47931
2024,5129,四川农业大学,032,计算机科学与技术,5,623,30624
2024,5129,四川农业大学,033,物联网工程,4,620,33382
2024,5129,四川农业大学,034,数据科学与大数据技术,4,619,34472
2024,5129,四川农业大学,035,农业水利工程,4,604,48800
2024,5129,四川农业大学,036,水利水电工程,4,613,39915
2024,5129,四川农业大学,037,英语,4,628,27179
2024,5129,四川农业大学,038,翻译,4,624,30356
2024,5129,四川农业大学,039,广告学,4,629,26268
2024,5129,四川农业大学,040,城乡规划,4,633,23106
2024,5129,四川农业大学,041,工程管理,4,607,45998
2024,5129,四川农业大学,042,土木工程,5,593,60782
2024,5129,四川农业大学,043,旅游管理,5,622,32083
2024,5131,四川师范大学,001,汉语言文学,4,629,26234
2024,5131,四川师范大学,002,秘书学,2,615,37867
2024,5131,四川师范大学,003,法学(互联网法治方向),2,624,30483
2024,5131,四川师范大学,004,思想政治教育,4,623,31179
2024,5131,四川师范大学,005,历史学,4,623,30784
2024,5131,四川师范大学,006,旅游管理,2,592,62424
2024,5131,四川师范大学,007,教育学,2,612,40841
2024,5131,四川师范大学,008,小学教育,2,620,33913
2024,5131,四川师范大学,009,心理学(网络心理与行为方向),2,609,43810
2024,5131,四川师范大学,010,数学与应用数学,4,582,72899
2024,5131,四川师范大学,011,信息与计算科学,2,576,79852
2024,5131,四川师范大学,012,金融数学,2,579,76696
2024,5131,四川师范大学,014,科学教育,2,556,104036
2024,5131,四川师范大学,015,环境工程,2,570,87002
2024,5131,四川师范大学,016,广播电视学,2,596,57789
2024,5131,四川师范大学,017,网络与新媒体(网络传播方向),2,609,43993
2024,5131,四川师范大学,021,汉语国际教育,2,614,39060
2024,5131,四川师范大学,022,英语,4,614,39608
2024,5131,四川师范大学,023,法语,2,596,58327
2024,5131,四川师范大学,024,经济学,2,614,39287
2024,5131,四川师范大学,025,金融工程(数字金融方向),2,578,77901
2024,5131,四川师范大学,026,物理学,4,492,
2024,5131,四川师范大学,027,电子信息工程,2,590,64701
2024,5131,四川师范大学,028,通信工程,2,587,67332
2024,5131,四川师范大学,029,生物科学,4,530,134334
2024,5131,四川师范大学,030,生物技术,2,492,
2024,5131,四川师范大学,031,计算机科学与技术,2,595,58733
2024,5131,四川师范大学,032,软件工程,2,594,59759
2024,5131,四川师范大学,033,网络工程(网络安全方向),2,581,74559
2024,5131,四川师范大学,034,地理科学,4,614,39331
2024,5131,四川师范大学,035,地理信息科学,2,611,41934
2024,5131,四川师范大学,038,电气工程及其自动化,2,597,56278
2024,5131,四川师范大学,039,工程造价,2,561,97345
2024,5131,四川师范大学,040,大数据管理与应用,2,591,63430
2024,5131,四川师范大学,041,会计学,2,614,39545
2024,5131,四川师范大学,042,财务管理,2,611,42084
2024,5131,四川师范大学,043,审计学,2,616,37419
2024,5132,四川工商学院,001,财务管理,2,553,107609
2024,5132,四川工商学院,002,市场营销,2,550,110535
2024,5132,四川工商学院,004,人工智能,2,492,
2024,5132,四川工商学院,005,智能制造工程,3,492,176992
2024,5133,成都文理学院,002,护理学,5,492,
2024,5133,成都文理学院,003,会计学,10,556,104066
2024,5133,成都文理学院,503,护理,17,492,
2024,5133,成都文理学院,505,大数据与会计,10,492,
2024,5133,成都文理学院,506,学前教育,8,492,
2024,5136,成都外国语学院,001,国际经济与贸易,1,555,105423
2024,5136,成都外国语学院,002,学前教育,2,556,104260
2024,5136,成都外国语学院,005,汉语言文学,3,568,90001
2024,5136,成都外国语学院,006,汉语国际教育,2,560,99438
2024,5136,成都外国语学院,007,英语,5,553,107616
2024,5136,成都外国语学院,008,俄语,2,547,114837
2024,5136,成都外国语学院,009,德语,2,556,103741
2024,5136,成都外国语学院,010,法语,3,551,110185
2024,5136,成都外国语学院,011,西班牙语,2,563,95728
2024,5136,成都外国语学院,012,阿拉伯语,2,558,101395
2024,5136,成都外国语学院,013,日语,2,551,110089
2024,5136,成都外国语学院,014,朝鲜语,1,549,111712
2024,5136,成都外国语学院,015,马来语,2,533,130694
2024,5136,成都外国语学院,016,泰语,2,532,131946
2024,5136,成都外国语学院,017,越南语,2,532,132307
2024,5136,成都外国语学院,018,波兰语,2,531,133305
2024,5136,成都外国语学院,019,捷克语,2,530,134518
2024,5136,成都外国语学院,020,葡萄牙语,2,540,122788
2024,5136,成都外国语学院,021,匈牙利语,2,533,131087
2024,5136,成都外国语学院,022,意大利语,2,539,124471
2024,5136,成都外国语学院,023,翻译,2,548,113519
2024,5136,成都外国语学院,024,商务英语,5,545,116962
2024,5136,成都外国语学院,025,网络与新媒体,2,563,96019
2024,5136,成都外国语学院,026,国际新闻与传播,1,556,103985
2024,5136,成都外国语学院,027,财务管理,1,556,104153
2024,5136,成都外国语学院,028,物流管理,5,537,126303
2024,5136,成都外国语学院,029,跨境电子商务,1,547,114325
2024,5136,成都外国语学院,030,会展经济与管理,1,553,107662
2024,5137,四川音乐学院,025,艺术史论,2,576,80805
2024,5137,四川音乐学院,026,艺术史论,3,566,92396
2024,5137,四川音乐学院,027,艺术管理,2,578,78377
2024,5137,四川音乐学院,028,戏剧影视文学,1,584,70985
2024,5137,四川音乐学院,029,广播电视编导,4,576,80717
2024,5137,四川音乐学院,030,广播电视编导,3,569,88274
2024,5139,西华大学,001,电气工程及其自动化,3,587,67457
2024,5139,西华大学,002,法学,3,611,41924
2024,5139,西华大学,003,生物工程,3,492,
2024,5139,西华大学,004,航空航天类,3,574,82825
2024,5139,西华大学,005,土木工程,4,528,136515
2024,5139,西华大学,006,电子商务,3,589,65910
2024,5139,西华大学,007,工程造价,2,564,94465
2024,5139,西华大学,008,材料成型及控制工程,4,550,110502
2024,5139,西华大学,009,网络与新媒体,3,597,56492
2024,5139,西华大学,010,材料科学与工程,4,558,100927
2024,5139,西华大学,011,交通工程,3,559,100518
2024,5139,西华大学,012,车辆工程,4,569,88115
2024,5139,西华大学,013,食品科学与工程,4,558,100886
2024,5139,西华大学,014,能源与动力工程,4,572,84733
2024,5139,西华大学,015,机械设计制造及其自动化,3,576,80386
2024,5139,西华大学,016,机械电子工程,3,574,82669
2024,5140,西华师范大学,001,会计学,4,588,66640
2024,5140,西华师范大学,002,商务英语,5,576,80172
2024,5140,西华师范大学,003,电子信息工程,3,552,108173
2024,5140,西华师范大学,004,历史学(师范),4,601,52780
2024,5140,西华师范大学,005,环境工程,4,492,
2024,5141,西南财经大学,001,数字经济（基础学科拔尖实验班）,1,651,11985
2024,5141,西南财经大学,002,计算机科学与技术（基础学科拔尖实验班）,1,652,11377
2024,5141,西南财经大学,003,数学与应用数学（基础学科拔尖实验班）,1,654,10509
2024,5141,西南财经大学,004,金融学类,6,656,9872
2024,5141,西南财经大学,005,金融学类（保险方向）,2,653,11275
2024,5141,西南财经大学,006,金融学（智能金融与区块链金融）,2,663,7142
2024,5141,西南财经大学,007,金融工程,3,647,13897
2024,5141,西南财经大学,008,金融科技,1,656,9901
2024,5141,西南财经大学,009,精算学,1,650,12590
2024,5141,西南财经大学,010,经济学（国家经济学基础人才培养基地班）,1,657,9368
2024,5141,西南财经大学,011,工商管理类(会计学院),3,658,8881
2024,5141,西南财经大学,012,会计学（注册会计师专门化方向）,2,661,7837
2024,5141,西南财经大学,013,会计学（双语实验班）,3,658,8739
2024,5141,西南财经大学,014,会计学(中外合作办学),5,652,11819
2024,5141,西南财经大学,015,统计学类,2,650,12382
2024,5141,西南财经大学,016,经济统计学,1,649,12923
2024,5141,西南财经大学,017,工商管理类,2,652,11444
2024,5141,西南财经大学,018,市场营销(中外合作办学)（金融服务与营销）,5,637,20478
2024,5141,西南财经大学,019,财政学类,2,655,10263
2024,5141,西南财经大学,020,经济与贸易类,3,654,10829
2024,5141,西南财经大学,021,国际商务(中外合作办学),5,641,17757
2024,5141,西南财经大学,022,金融学（经管国际化创新实验班）,3,656,9947
2024,5141,西南财经大学,023,管理科学与工程类,2,645,15074
2024,5141,西南财经大学,024,计算机类,3,649,12951
2024,5141,西南财经大学,025,法学（法学与会计学双学位）,1,661,7616
2024,5141,西南财经大学,026,法学（法学与金融学双学位）,1,661,7904
2024,5141,西南财经大学,027,数学与应用数学（数学与经济学双学位）,2,652,11411
2024,5141,西南财经大学,028,金融数学,2,649,13211
2024,5141,西南财经大学,030,信息管理与信息系统(中外合作办学)（信息系统与数据管理方向）,5,629,26064
2024,5141,西南财经大学,031,金融数学(中外合作办学)（金融服务与量化分析方向）,3,643,16253
2024,5142,西南财经大学天府学院,001,会计学,10,555,105451
2024,5142,西南财经大学天府学院,501,大数据与会计,10,492,
2024,5142,西南财经大学天府学院,503,无人机应用技术,10,492,
2024,5143,西南交通大学,001,土木工程,12,616,37054
2024,5143,西南交通大学,002,城市地下空间工程,1,638,19499
2024,5143,西南交通大学,003,工程造价,1,637,19982
2024,5143,西南交通大学,004,机械类,8,642,16728
2024,5143,西南交通大学,005,车辆工程,4,642,16838
2024,5143,西南交通大学,006,电气工程及其自动化,14,651,11963
2024,5143,西南交通大学,007,电子信息工程,6,650,12440
2024,5143,西南交通大学,008,大功率半导体科学与工程,6,645,15131
2024,5143,西南交通大学,009,通信工程,4,650,12518
2024,5143,西南交通大学,010,自动化,3,649,13288
2024,5143,西南交通大学,011,轨道交通信号与控制,3,645,15346
2024,5143,西南交通大学,012,人工智能,4,651,11852
2024,5143,西南交通大学,013,计算机类,8,653,11093
2024,5143,西南交通大学,014,交通运输类,6,646,14609
2024,5143,西南交通大学,015,物流管理与工程类,2,639,18937
2024,5143,西南交通大学,016,工程力学,3,642,16938
2024,5143,西南交通大学,017,飞行器设计与工程,3,644,15713
2024,5143,西南交通大学,018,新闻传播学类,3,648,13643
2024,5143,西南交通大学,019,思想政治教育,3,649,13326
2024,5143,西南交通大学,020,制药工程,3,634,21984
2024,5143,西南交通大学,021,生物工程,3,634,22100
2024,5143,西南交通大学,022,数学与应用数学,2,647,14038
2024,5143,西南交通大学,023,统计学,3,645,14990
2024,5143,西南交通大学,024,数据科学与大数据技术,4,649,12846
2024,5143,西南交通大学,025,建筑类,5,492,
2024,5143,西南交通大学,026,建筑学,5,606,46874
2024,5143,西南交通大学,027,测绘类,6,632,23934
2024,5143,西南交通大学,028,地质工程,4,630,25522
2024,5143,西南交通大学,029,消防工程,3,625,29216
2024,5143,西南交通大学,030,环境工程,3,630,25035
2024,5143,西南交通大学,031,应用心理学,2,640,18355
2024,5143,西南交通大学,032,应用物理学,9,637,20314
2024,5143,西南交通大学,033,电子信息科学与技术,4,649,13041
2024,5143,西南交通大学,034,材料类,7,634,22063
2024,5143,西南交通大学,035,汉语国际教育,3,645,15231
2024,5143,西南交通大学,036,外国语言文学类,13,640,18315
2024,5143,西南交通大学,037,智能制造工程,5,645,15427
2024,5143,西南交通大学,038,新能源科学与工程,6,642,17091
2024,5143,西南交通大学,039,智能建造,5,636,21219
2024,5143,西南交通大学,040,城市设计,4,492,
2024,5143,西南交通大学,041,智慧交通,6,642,16911
2024,5143,西南交通大学,042,高分子材料与工程,2,635,21371
2024,5143,西南交通大学,043,化学,2,634,22477
2024,5143,西南交通大学,044,生物医学工程,3,644,15739
2024,5143,西南交通大学,045,经济与贸易类,5,624,29707
2024,5143,西南交通大学,046,工商管理类,15,622,31843
2024,5143,西南交通大学,047,法学,2,654,10574
2024,5143,西南交通大学,048,政治学与行政学,2,647,14232
2024,5143,西南交通大学,049,生物工程(中外合作办学),4,616,37434
2024,5143,西南交通大学,050,安全工程(中外合作办学),4,609,43891
2024,5143,西南交通大学,051,环境工程(中外合作办学),4,608,44729
2024,5143,西南交通大学,052,机械设计制造及其自动化(中外合作办学),6,636,20634
2024,5143,西南交通大学,053,电子信息工程(中外合作办学),6,639,18915
2024,5143,西南交通大学,054,计算机科学与技术(中外合作办学),6,641,17722
2024,5143,西南交通大学,055,土木工程(中外合作办学),6,606,47076
2024,5143,西南交通大学,056,材料科学与工程(中外合作办学),3,629,25874
2024,5144,西南科技大学,001,材料类,4,506,162644
2024,5144,西南科技大学,002,电气工程及其自动化,3,582,73467
2024,5144,西南科技大学,003,电子信息类,3,582,73177
2024,5144,西南科技大学,004,安全科学与工程类,4,492,
2024,5144,西南科技大学,005,机械类,3,573,83894
2024,5144,西南科技大学,006,工业工程,3,565,92670
2024,5144,西南科技大学,007,土木类,3,506,162086
2024,5144,西南科技大学,008,土木工程(中外合作办学),3,498,170766
2024,5144,西南科技大学,009,制药工程,3,558,100998
2024,5144,西南科技大学,010,食品科学与工程,3,528,136347
2024,5144,西南科技大学,011,计算机类,3,581,74340
2024,5144,西南科技大学,012,兵器类,3,567,91125
2024,5144,西南科技大学,013,核工程类,2,572,84473
2024,5144,西南科技大学,014,信息管理与信息系统,3,568,89502
2024,5144,西南科技大学,015,物流管理,3,581,74817
2024,5144,西南科技大学,016,电子商务,3,586,68968
2024,5144,西南科技大学,017,中国语言文学类,3,597,57226
2024,5144,西南科技大学,018,西班牙语,3,575,81989
2024,5144,西南科技大学,019,外国语言文学类,3,584,71632
2024,5145,西南民族大学,001,法学,3,623,30782
2024,5145,西南民族大学,002,民族学,3,591,63455
2024,5145,西南民族大学,003,社会学类,3,595,59306
2024,5145,西南民族大学,004,历史学类,3,610,43412
2024,5145,西南民族大学,005,金融学,3,598,55542
2024,5145,西南民族大学,006,网络与新媒体,3,602,51491
2024,5145,西南民族大学,007,化学类,3,492,
2024,5145,西南民族大学,008,电子信息工程,3,579,77307
2024,5145,西南民族大学,009,计算机类,3,579,76637
2024,5145,西南民族大学,010,食品科学与工程类,3,492,177456
2024,5146,西南石油大学,001,石油工程,3,612,41063
2024,5146,西南石油大学,002,油气储运工程,2,612,41044
2024,5146,西南石油大学,003,机械工程,4,607,45730
2024,5146,西南石油大学,004,计算机类,4,617,36392
2024,5146,西南石油大学,005,电气工程及其自动化,3,614,38993
2024,5146,西南石油大学,006,机器人工程,3,605,48670
2024,5146,西南石油大学,007,通信工程,3,610,42607
2024,5146,西南石油大学,008,人工智能,3,612,40794
2024,5146,西南石油大学,009,工商管理,2,614,39234
2024,5146,西南石油大学,010,会计学,2,630,25311
2024,5146,西南石油大学,011,思想政治教育,4,616,36977
2024,5147,宜宾学院,001,国际经济与贸易,3,571,85828
2024,5147,宜宾学院,002,法学,3,585,69965
2024,5147,宜宾学院,003,知识产权,3,577,79268
2024,5147,宜宾学院,004,汉语言文学(师范),2,587,68303
2024,5147,宜宾学院,005,电子信息工程,3,535,128433
2024,5147,宜宾学院,006,软件工程,3,528,136153
2024,5147,宜宾学院,007,工商管理,2,575,81472
2024,5147,宜宾学院,008,财务管理,2,578,78391
2024,5148,中国民用航空飞行学院,001,思想政治教育,1,586,69367
2024,5148,中国民用航空飞行学院,002,英语,5,574,83110
2024,5148,中国民用航空飞行学院,003,翻译,4,571,86573
2024,5148,中国民用航空飞行学院,004,信息与计算科学,5,540,122598
2024,5148,中国民用航空飞行学院,005,大气科学,3,558,101433
2024,5148,中国民用航空飞行学院,006,应用气象学（机场气象预报、航空公司气象分析）,9,567,91228
2024,5148,中国民用航空飞行学院,007,应用心理学,4,519,147144
2024,5148,中国民用航空飞行学院,008,电气工程及其自动化（航空电气设备维修）,3,561,97687
2024,5148,中国民用航空飞行学院,009,电子信息工程（航空电子设备维修）,5,555,104793
2024,5148,中国民用航空飞行学院,010,计算机科学与技术,8,556,103427
2024,5148,中国民用航空飞行学院,011,物联网工程,2,492,
2024,5148,中国民用航空飞行学院,012,数据科学与大数据技术,8,543,119124
2024,5148,中国民用航空飞行学院,013,网络空间安全,1,552,108051
2024,5148,中国民用航空飞行学院,014,导航工程（导航应用与规划、空管保障设施）,2,572,84633
2024,5148,中国民用航空飞行学院,015,交通运输（空中交通管制、飞行签派、航行情报）,6,580,75555
2024,5148,中国民用航空飞行学院,016,交通工程（机场管理与工程）,2,583,72414
2024,5148,中国民用航空飞行学院,017,飞行器制造工程（飞机结构维修）,5,550,110457
2024,5148,中国民用航空飞行学院,018,飞行器动力工程（飞机发动机维修）,4,558,100866
2024,5148,中国民用航空飞行学院,019,飞行器适航技术,2,572,85159
2024,5148,中国民用航空飞行学院,020,无人驾驶航空器系统工程,2,562,96752
2024,5148,中国民用航空飞行学院,021,安全工程,1,543,118728
2024,5148,中国民用航空飞行学院,022,消防工程,1,496,173484
2024,5148,中国民用航空飞行学院,023,工商管理,3,575,81413
2024,5148,中国民用航空飞行学院,024,市场营销,4,567,91203
2024,5148,中国民用航空飞行学院,025,公共事业管理,3,571,86663
2024,5148,中国民用航空飞行学院,026,交通管理（机场运行管理）,2,580,75321
2024,5148,中国民用航空飞行学院,027,物流工程（航空物流）,2,572,85336
2024,5148,中国民用航空飞行学院,029,应急管理,2,549,111660
2024,5148,中国民用航空飞行学院,501,空中乘务,30,492,
2024,5148,中国民用航空飞行学院,502,民航空中安全保卫,15,492,
2024,5148,中国民用航空飞行学院,503,飞机机电设备维修,4,504,164347
2024,5150,电子科技大学(沙河校区),001,电子信息类(中外合作办学)（电子信息）,6,658,8820
2024,5150,电子科技大学(沙河校区),002,电子信息类(中外合作办学)（通信、微电子）,3,658,8990
2024,5150,电子科技大学(沙河校区),003,电子信息类(中外合作办学),10,653,11206
2024,5150,电子科技大学(沙河校区),004,软件工程,2,667,5631
2024,5150,电子科技大学(沙河校区),005,软件工程（互联网交叉培养实验班）,2,669,5025
2024,5150,电子科技大学(沙河校区),006,临床医学,3,656,9636
2024,5151,四川旅游学院,001,烹饪与营养教育,1,548,112850
2024,5151,四川旅游学院,002,建筑电气与智能化(中外合作办学),2,492,
2024,5152,四川化工职业技术学院,502,应用化工技术,20,492,
2024,5155,四川铁道职业学院,501,城市轨道车辆应用技术,3,492,
2024,5155,四川铁道职业学院,502,铁道通信与信息化技术,3,492,
2024,5162,成都东软学院,001,计算机类,2,509,158256
2024,5162,成都东软学院,002,软件工程,2,500,168625
2024,5162,成都东软学院,003,电子商务,2,541,121590
2024,5162,成都东软学院,004,数字媒体技术,2,528,136534
2024,5162,成都东软学院,005,医学影像技术,2,492,
2024,5163,四川轻化工大学,001,计算机科学与技术,1,584,70990
2024,5163,四川轻化工大学,002,机械电子工程,1,573,83718
2024,5163,四川轻化工大学,003,安全工程,1,550,110631
2024,5163,四川轻化工大学,004,轻化工程,2,549,111597
2024,5163,四川轻化工大学,005,工程造价,2,551,109427
2024,5163,四川轻化工大学,006,人力资源管理,2,589,65950
2024,5163,四川轻化工大学,007,法学,2,602,51691
2024,5163,四川轻化工大学,008,英语,2,587,68173
2024,5163,四川轻化工大学,009,汉语言文学,2,607,46342
2024,5164,攀枝花学院,001,法学,3,580,75965
2024,5164,攀枝花学院,002,计算机科学与技术,2,524,141343
2024,5165,四川电影电视学院,010,电子竞技运动与管理,1,556,104368
2024,5165,四川电影电视学院,506,影视编导（电影方向）,2,492,
2024,5165,四川电影电视学院,507,影视编导（电视方向）,2,492,
2024,5166,四川文化产业职业学院,501,新闻采编与制作,5,492,
2024,5168,四川航天职业技术学院,501,数控技术,6,494,175713
2024,5168,四川航天职业技术学院,502,飞行器数字化制造技术(中外合作办学),4,492,
2024,5172,四川长江职业学院,508,宠物医疗技术,10,492,
2024,5183,资阳口腔职业学院,501,口腔医学,20,492,
2024,5183,资阳口腔职业学院,502,口腔医学技术,5,492,
2024,5190,西昌学院,001,电气工程及其自动化,5,527,137540
2024,5203,贵州工程应用技术学院,001,数学与应用数学(师范),5,492,
2024,5203,贵州工程应用技术学院,002,汉语言文学(师范),5,572,84607
2024,5203,贵州工程应用技术学院,003,英语(师范),4,563,95617
2024,5204,贵州医科大学,001,临床医学,5,610,42848
2024,5204,贵州医科大学,002,预防医学,1,584,70712
2024,5204,贵州医科大学,003,食品卫生与营养学（中外高水平大学学生交流计划）,4,492,
2024,5204,贵州医科大学,004,护理学,1,554,106245
2024,5204,贵州医科大学,005,医学影像学,1,597,56469
2024,5204,贵州医科大学,006,口腔医学,1,624,30047
2024,5204,贵州医科大学,008,生物技术（中外高水平大学学生交流计划）,4,492,
2024,5204,贵州医科大学,009,法医学,1,597,56640
2024,5206,贵州中医药大学,001,针灸推拿学,5,525,139745
2024,5206,贵州中医药大学,002,中西医临床医学,5,553,107510
2024,5206,贵州中医药大学,003,中医学,6,559,99750
2024,5206,贵州中医药大学,004,中药学,5,492,
2024,5206,贵州中医药大学,005,药学,5,495,174700
2024,5208,贵州财经大学,001,数字经济,1,565,93250
2024,5208,贵州财经大学,002,公共管理类（夏书章公共管理卓越人才实验班）,1,586,68667
2024,5208,贵州财经大学,003,会计学(中外合作办学),3,530,134283
2024,5208,贵州财经大学,004,财务管理(中外合作办学),3,492,
2024,5208,贵州财经大学,005,市场营销(中外合作办学),2,523,142327
2024,5208,贵州财经大学,006,经济学（新结构经济学实验班）,2,549,112132
2024,5209,贵州黔南经济学院,001,会计学,2,549,112407
2024,5209,贵州黔南经济学院,002,金融学,2,539,124330
2024,5209,贵州黔南经济学院,003,互联网金融,2,533,130578
2024,5209,贵州黔南经济学院,004,电子商务,2,538,124537
2024,5209,贵州黔南经济学院,005,国际经济与贸易,2,532,131943
2024,5210,贵州大学,001,财政学类,2,637,20516
2024,5210,贵州大学,002,经济与贸易类,3,632,23605
2024,5210,贵州大学,003,汉语言文学,2,645,15014
2024,5210,贵州大学,004,英语,4,627,27355
2024,5210,贵州大学,005,日语,4,618,35190
2024,5210,贵州大学,006,工商管理类,2,638,19549
2024,5210,贵州大学,007,文化产业管理,2,630,25589
2024,5210,贵州大学,008,人工智能,2,632,23833
2024,5210,贵州大学,009,计算机类,2,633,22973
2024,5210,贵州大学,010,数据科学与大数据技术,2,629,25811
2024,5210,贵州大学,011,工业设计,2,616,36846
2024,5210,贵州大学,012,电气类,2,633,22709
2024,5210,贵州大学,013,土木类,2,602,51076
2024,5210,贵州大学,014,水利水电工程,2,619,34457
2024,5210,贵州大学,015,建筑类,3,618,35031
2024,5210,贵州大学,016,新能源科学与工程,2,624,30244
2024,5210,贵州大学,017,冶金工程,2,601,52118
2024,5210,贵州大学,018,化学类,2,607,45990
2024,5210,贵州大学,019,环境工程,2,605,47855
2024,5210,贵州大学,020,行星科学,2,610,43045
2024,5210,贵州大学,021,公共管理类,2,628,26938
2024,5210,贵州大学,022,化学工程与工艺(中外合作办学),2,596,57793
2024,5210,贵州大学,023,机械设计制造及其自动化(中外合作办学),3,599,54918
2024,5210,贵州大学,024,环境科学(中外合作办学),2,593,61090
2024,5211,贵州黔南科技学院,001,行政管理,4,539,124521
2024,5211,贵州黔南科技学院,002,公共事业管理,4,535,128031
2024,5218,贵阳康养职业大学,001,口腔医学技术,2,530,133932
2024,5218,贵阳康养职业大学,002,公共卫生管理,2,564,94812
2024,5218,贵阳康养职业大学,003,眼视光技术,3,518,148088
2024,5218,贵阳康养职业大学,004,现代家政管理,4,559,100182
2024,5219,黔南民族师范学院,002,汉语言文学(师范),1,580,75238
2024,5219,黔南民族师范学院,003,地理科学(师范),1,576,80193
2024,5219,黔南民族师范学院,004,学前教育(师范),1,572,84640
2024,5220,遵义医科大学,001,临床医学,17,585,69885
2024,5220,遵义医科大学,002,麻醉学,8,562,96490
2024,5220,遵义医科大学,003,口腔医学,11,592,62207
2024,5220,遵义医科大学,004,临床医学,3,598,55226
2024,5220,遵义医科大学,005,口腔医学,2,612,41217
2024,5221,贵州理工学院,001,应用物理学,2,518,148331
2024,5221,贵州理工学院,002,电气工程及其自动化,2,540,122299
2024,5221,贵州理工学院,003,化学工程与工艺,2,522,143422
2024,5221,贵州理工学院,004,交通运输,2,517,149361
2024,5223,贵州师范大学,001,旅游管理（3+1培养模式）,12,557,102782
2024,5223,贵州师范大学,002,计算机科学与技术（3+1培养模式）,12,492,177700
2024,5225,贵州师范学院,001,电子信息科学与技术,3,524,140915
2024,5301,楚雄师范学院,001,金融学,1,563,95358
2024,5301,楚雄师范学院,002,教育技术学(师范),2,528,137025
2024,5301,楚雄师范学院,003,学前教育(师范),2,564,94875
2024,5301,楚雄师范学院,004,汉语言文学(师范),3,571,86121
2024,5301,楚雄师范学院,005,英语(师范),5,564,94544
2024,5301,楚雄师范学院,006,地理科学(师范),3,571,85833
2024,5301,楚雄师范学院,007,自然地理与资源环境,4,561,98372
2024,5301,楚雄师范学院,008,新能源科学与工程,5,516,150599
2024,5301,楚雄师范学院,009,计算机科学与技术(师范),2,518,148289
2024,5301,楚雄师范学院,010,会计学,2,572,84969
2024,5301,楚雄师范学院,011,财务管理,1,568,89990
2024,5302,大理大学,001,临床医学,4,568,89993
2024,5302,大理大学,002,口腔医学,2,596,57340
2024,5302,大理大学,003,医学影像学,2,567,91117
2024,5302,大理大学,004,预防医学,4,492,
2024,5302,大理大学,005,卫生检验与检疫,2,492,
2024,5302,大理大学,006,环境科学,2,498,170938
2024,5302,大理大学,007,数学与应用数学,2,492,177205
2024,5302,大理大学,008,计算机类,2,556,103319
2024,5302,大理大学,009,通信工程,2,534,129700
2024,5302,大理大学,010,储能科学与工程,2,521,144798
2024,5302,大理大学,011,电气工程及其自动化,4,557,102528
2024,5302,大理大学,012,建筑学,2,579,77291
2024,5302,大理大学,013,新闻学,2,582,73942
2024,5302,大理大学,014,汉语国际教育,2,581,74852
2024,5302,大理大学,015,英语,2,579,77063
2024,5302,大理大学,016,法学,2,598,56145
2024,5302,大理大学,017,生物科学,2,492,
2024,5303,红河学院,001,汉语言文学(师范),3,578,78549
2024,5303,红河学院,002,广播电视学,3,562,96941
2024,5303,红河学院,003,网络与新媒体,3,560,98720
2024,5303,红河学院,004,英语,2,568,90123
2024,5303,红河学院,005,国际经济与贸易,2,563,95595
2024,5303,红河学院,006,财务管理,2,568,89756
2024,5303,红河学院,007,跨境电子商务,3,558,101902
2024,5303,红河学院,008,计算机科学与技术,3,519,147146
2024,5303,红河学院,009,电气工程及其自动化,3,524,141126
2024,5303,红河学院,010,机械工程,3,513,154069
2024,5303,红河学院,011,通信工程,3,513,154799
2024,5303,红河学院,012,数字媒体技术,2,519,146855
2024,5303,红河学院,013,物理学(师范),2,509,158775
2024,5303,红河学院,014,人工智能,2,512,155486
2024,5304,昆明理工大学,001,测绘工程,2,569,88686
2024,5304,昆明理工大学,002,资源勘查工程,2,534,129305
2024,5304,昆明理工大学,003,采矿工程,2,540,122674
2024,5304,昆明理工大学,004,矿物加工工程,2,510,157266
2024,5304,昆明理工大学,005,冶金工程,2,547,114279
2024,5304,昆明理工大学,006,能源与动力工程,2,594,59602
2024,5304,昆明理工大学,007,储能科学与工程,2,583,72140
2024,5304,昆明理工大学,008,机械工程（维德创新班）,2,595,58839
2024,5304,昆明理工大学,009,智能制造工程,2,593,61111
2024,5304,昆明理工大学,010,测控技术与仪器,2,579,76539
2024,5304,昆明理工大学,011,通信工程,2,598,56125
2024,5304,昆明理工大学,012,自动化,2,601,52160
2024,5304,昆明理工大学,013,电气工程及其自动化,2,618,35457
2024,5304,昆明理工大学,014,水利类,2,587,67659
2024,5304,昆明理工大学,015,交通工程,2,573,84196
2024,5304,昆明理工大学,016,环境科学与工程类,2,556,103520
2024,5304,昆明理工大学,017,过程装备与控制工程,2,492,
2024,5304,昆明理工大学,018,金融学,2,532,131480
2024,5304,昆明理工大学,019,国际经济与贸易,2,599,54643
2024,5304,昆明理工大学,020,信息管理与信息系统,2,588,66586
2024,5304,昆明理工大学,021,工商管理,2,499,169905
2024,5304,昆明理工大学,022,会计学,2,611,42473
2024,5304,昆明理工大学,023,应用化学,2,571,85580
2024,5304,昆明理工大学,024,法学,2,624,30513
2024,5304,昆明理工大学,025,食品科学与工程类,2,553,107153
2024,5304,昆明理工大学,026,材料成型及控制工程,2,572,85041
2024,5304,昆明理工大学,027,材料科学与工程,2,585,69989
2024,5304,昆明理工大学,028,宝石及材料工艺学,2,561,97415
2024,5304,昆明理工大学,029,制药工程,2,564,94400
2024,5304,昆明理工大学,030,生物工程,2,569,88150
2024,5304,昆明理工大学,031,汉语国际教育,2,600,53493
2024,5304,昆明理工大学,032,临床医学,2,608,45259
2024,5304,昆明理工大学,033,护理学,2,545,116611
2024,5304,昆明理工大学,034,人工智能,2,593,60720
2024,5304,昆明理工大学,035,计算机科学与技术,2,605,47670
2024,5304,昆明理工大学,036,土木工程(中外合作办学),10,514,152769
2024,5305,昆明理工大学津桥学院,001,计算机科学与技术,1,511,156194
2024,5305,昆明理工大学津桥学院,005,建筑学,1,547,114518
2024,5305,昆明理工大学津桥学院,006,城乡规划,1,541,121507
2024,5305,昆明理工大学津桥学院,007,土木工程,2,492,
2024,5305,昆明理工大学津桥学院,009,水利水电工程,1,497,171985
2024,5305,昆明理工大学津桥学院,010,工程造价,2,492,
2024,5305,昆明理工大学津桥学院,012,工商管理,1,537,126697
2024,5305,昆明理工大学津桥学院,013,国际经济与贸易,1,536,127949
2024,5305,昆明理工大学津桥学院,014,会计学,1,547,114623
2024,5305,昆明理工大学津桥学院,015,市场营销,3,532,132080
2024,5305,昆明理工大学津桥学院,016,文化产业管理,5,534,130228
2024,5305,昆明理工大学津桥学院,017,英语,1,535,128921
2024,5305,昆明理工大学津桥学院,018,法学,1,564,94649
2024,5305,昆明理工大学津桥学院,019,监狱学,3,542,120217
2024,5306,昆明冶金高等专科学校,505,大数据与会计,5,492,
2024,5307,昆明医科大学,001,临床医学,7,622,31561
2024,5307,昆明医科大学,002,麻醉学,2,613,40382
2024,5307,昆明医科大学,003,医学影像学,2,603,50375
2024,5307,昆明医科大学,004,口腔医学,1,641,17807
2024,5307,昆明医科大学,005,预防医学,2,492,
2024,5307,昆明医科大学,006,法医学,1,597,56289
2024,5307,昆明医科大学,007,药学,2,555,104475
2024,5307,昆明医科大学,008,康复物理治疗,1,550,110427
2024,5307,昆明医科大学,009,康复作业治疗,1,580,75292
2024,5307,昆明医科大学,010,护理学(中外合作办学),2,524,141632
2024,5308,昆明医科大学海源学院,001,临床医学,28,492,
2024,5308,昆明医科大学海源学院,002,口腔医学,15,535,128496
2024,5308,昆明医科大学海源学院,003,医学影像技术,5,492,
2024,5308,昆明医科大学海源学院,007,护理学,4,563,95451
2024,5308,昆明医科大学海源学院,008,运动康复,1,571,86429
2024,5308,昆明医科大学海源学院,009,助产学,1,549,112701
2024,5308,昆明医科大学海源学院,010,应用心理学,2,558,100881
2024,5308,昆明医科大学海源学院,011,医疗保险,1,541,121305
2024,5310,曲靖师范学院,001,经济学,2,570,87799
2024,5310,曲靖师范学院,002,思想政治教育(师范),1,586,69343
2024,5310,曲靖师范学院,003,学前教育(师范),2,566,91493
2024,5310,曲靖师范学院,004,小学教育(师范),2,582,73830
2024,5310,曲靖师范学院,006,汉语言文学(师范),2,582,73316
2024,5310,曲靖师范学院,007,英语(师范),2,575,81701
2024,5310,曲靖师范学院,008,泰语,2,559,100236
2024,5310,曲靖师范学院,009,网络与新媒体,1,570,87351
2024,5310,曲靖师范学院,010,电子信息工程,1,517,149829
2024,5310,曲靖师范学院,011,历史学(师范),2,580,75738
2024,5310,曲靖师范学院,012,数学与应用数学(师范),2,492,
2024,5310,曲靖师范学院,013,信息与计算科学,2,498,170682
2024,5310,曲靖师范学院,014,物理学(师范),2,498,171003
2024,5310,曲靖师范学院,015,化学(师范),2,492,
2024,5310,曲靖师范学院,016,地理科学(师范),2,581,75034
2024,5310,曲靖师范学院,017,生物科学(师范),2,492,
2024,5310,曲靖师范学院,018,新能源材料与器件,1,500,168899
2024,5310,曲靖师范学院,019,人工智能,1,525,140085
2024,5310,曲靖师范学院,020,计算机科学与技术(师范),2,507,160651
2024,5310,曲靖师范学院,021,物联网工程,2,514,152942
2024,5310,曲靖师范学院,025,会计学,2,575,81681
2024,5310,曲靖师范学院,026,酒店管理,1,562,96685
2024,5311,西南林业大学,001,经济学,3,582,73793
2024,5311,西南林业大学,002,法学,3,597,57205
2024,5311,西南林业大学,003,英语,3,576,80335
2024,5311,西南林业大学,004,法语,3,568,90194
2024,5311,西南林业大学,005,车辆工程,3,526,139011
2024,5311,西南林业大学,006,通信工程,3,541,121731
2024,5311,西南林业大学,007,计算机科学与技术,2,562,96466
2024,5311,西南林业大学,008,土木工程,2,524,141117
2024,5311,西南林业大学,010,环境工程,2,523,142420
2024,5311,西南林业大学,011,城乡规划,2,585,70445
2024,5311,西南林业大学,012,林学,2,526,139421
2024,5311,西南林业大学,013,园林,2,586,68980
2024,5311,西南林业大学,014,旅游管理,2,576,80513
2024,5312,玉溪师范学院,001,汉语言文学(师范),2,587,68389
2024,5312,玉溪师范学院,002,学前教育(师范),2,572,85097
2024,5312,玉溪师范学院,003,经济与金融,2,562,97162
2024,5312,玉溪师范学院,004,数学与应用数学(师范),2,492,
2024,5312,玉溪师范学院,006,电气工程及其自动化,2,526,138893
2024,5313,云南财经大学,001,金融学,6,590,63987
2024,5313,云南财经大学,002,金融工程,4,536,127803
2024,5313,云南财经大学,003,保险学,4,573,84383
2024,5313,云南财经大学,004,投资学,4,577,79645
2024,5313,云南财经大学,005,数学与应用数学,4,525,139772
2024,5313,云南财经大学,006,信息与计算科学,4,527,137822
2024,5313,云南财经大学,007,统计学,4,519,146879
2024,5313,云南财经大学,008,工商管理,4,583,72241
2024,5313,云南财经大学,009,数字经济,4,543,119546
2024,5313,云南财经大学,010,工程管理,4,538,124995
2024,5313,云南财经大学,011,房地产开发与管理,4,525,140219
2024,5313,云南财经大学,012,英语,4,572,85505
2024,5313,云南财经大学,013,市场营销,4,574,82942
2024,5313,云南财经大学,014,电子商务,4,573,83814
2024,5313,云南财经大学,015,会计学,6,599,55011
2024,5313,云南财经大学,016,财务管理,6,595,59375
2024,5313,云南财经大学,017,新闻学,4,581,74862
2024,5313,云南财经大学,018,广告学,4,575,81607
2024,5313,云南财经大学,019,物流管理,4,574,82464
2024,5313,云南财经大学,020,文化产业管理,4,577,79275
2024,5313,云南财经大学,025,财政学,4,589,65630
2024,5313,云南财经大学,026,劳动与社会保障,4,573,83571
2024,5313,云南财经大学,027,物联网工程,4,515,151570
2024,5313,云南财经大学,028,经济学,4,588,67004
2024,5313,云南财经大学,029,贸易经济,4,578,78440
2024,5313,云南财经大学,030,国际经贸规则,4,579,77039
2024,5313,云南财经大学,031,金融科技,4,530,134383
2024,5314,云南大学,006,经济学类,5,619,34480
2024,5314,云南大学,007,法学,2,650,12613
2024,5314,云南大学,008,社会学,1,642,17230
2024,5314,云南大学,009,社会工作,2,634,22553
2024,5314,云南大学,010,民族学,1,640,18591
2024,5314,云南大学,012,汉语言文学,4,648,13762
2024,5314,云南大学,013,英语,3,635,21785
2024,5314,云南大学,014,日语,2,629,26367
2024,5314,云南大学,015,泰语,1,633,23364
2024,5314,云南大学,016,新闻学,4,637,20031
2024,5314,云南大学,017,广播电视学,3,630,25082
2024,5314,云南大学,018,历史学,1,651,12306
2024,5314,云南大学,019,数学与应用数学,3,635,21516
2024,5314,云南大学,020,信息与计算科学,1,632,23902
2024,5314,云南大学,021,数理基础科学,1,635,21520
2024,5314,云南大学,022,物理学,3,628,26531
2024,5314,云南大学,023,化学类,6,622,31724
2024,5314,云南大学,024,天文学,3,627,27594
2024,5314,云南大学,025,地理信息科学,3,640,18283
2024,5314,云南大学,026,大气科学,2,629,25979
2024,5314,云南大学,027,地质学,1,620,33950
2024,5314,云南大学,028,生物科学,2,628,27093
2024,5314,云南大学,029,生物技术,2,626,28377
2024,5314,云南大学,030,生物科学类,3,625,29461
2024,5314,云南大学,031,生态学,2,624,30209
2024,5314,云南大学,032,统计学,2,626,28267
2024,5314,云南大学,033,材料科学与工程,3,618,35202
2024,5314,云南大学,034,电子信息类,2,633,22855
2024,5314,云南大学,035,计算机类,25,620,33360
2024,5314,云南大学,036,数据科学与大数据技术,2,626,28735
2024,5314,云南大学,037,土木工程,4,605,47702
2024,5314,云南大学,038,土木工程(中外合作办学),4,577,79445
2024,5314,云南大学,039,环境科学与工程类,3,624,29753
2024,5314,云南大学,040,城乡规划,1,607,45587
2024,5314,云南大学,041,临床医学,1,630,25166
2024,5314,云南大学,042,工商管理类,10,606,47186
2024,5314,云南大学,043,行政管理,4,635,21679
2024,5314,云南大学,044,信息资源管理,2,639,19215
2024,5314,云南大学,045,新能源科学与工程,2,625,29424
2024,5314,云南大学,046,经济学,1,627,27383
2024,5314,云南大学,047,马克思主义理论,1,648,13763
2024,5314,云南大学,048,光电信息科学与工程,2,625,29008
2024,5314,云南大学,049,公共事业管理,1,640,18164
2024,5314,云南大学,050,生物育种科学,1,612,40703
2024,5315,滇池学院,006,法学,6,553,107824
2024,5315,滇池学院,007,社会工作,2,541,121639
2024,5315,滇池学院,010,汉语言文学,5,550,111227
2024,5315,滇池学院,011,汉语国际教育,2,541,121792
2024,5315,滇池学院,012,新闻传播学类,4,537,125956
2024,5315,滇池学院,013,英语,2,537,126119
2024,5315,滇池学院,014,日语,2,538,125565
2024,5315,滇池学院,015,泰语,2,531,133585
2024,5315,滇池学院,016,物联网工程,1,496,173092
2024,5315,滇池学院,017,土木工程,2,492,
2024,5315,滇池学院,018,会计学,3,546,115602
2024,5315,滇池学院,019,财务管理,2,541,121872
2024,5315,滇池学院,020,经济学,3,536,127432
2024,5315,滇池学院,021,数字经济,3,492,
2024,5315,滇池学院,022,金融学,5,532,131788
2024,5315,滇池学院,023,工商管理,2,535,128706
2024,5315,滇池学院,024,人力资源管理,2,537,125928
2024,5315,滇池学院,025,创业管理,2,529,135996
2024,5315,滇池学院,026,行政管理,4,535,128965
2024,5316,丽江文化旅游学院,001,经济学,6,528,136772
2024,5316,丽江文化旅游学院,002,金融学,4,527,138422
2024,5316,丽江文化旅游学院,003,国际经济与贸易,2,527,138283
2024,5316,丽江文化旅游学院,004,工商管理,2,530,134471
2024,5316,丽江文化旅游学院,005,会计学,5,535,128262
2024,5316,丽江文化旅游学院,006,财务管理,4,534,129483
2024,5316,丽江文化旅游学院,007,审计学,4,535,129098
2024,5316,丽江文化旅游学院,008,旅游管理,8,523,142321
2024,5316,丽江文化旅游学院,009,酒店管理,4,524,141921
2024,5316,丽江文化旅游学院,010,英语,6,525,140421
2024,5316,丽江文化旅游学院,011,日语,4,525,140633
2024,5316,丽江文化旅游学院,012,汉语言文学,5,544,118574
2024,5316,丽江文化旅游学院,013,汉语国际教育,4,530,134611
2024,5316,丽江文化旅游学院,014,新闻学,2,534,129255
2024,5316,丽江文化旅游学院,015,秘书学,2,535,129009
2024,5316,丽江文化旅游学院,016,网络与新媒体,6,530,134843
2024,5316,丽江文化旅游学院,017,学前教育,5,526,138577
2024,5316,丽江文化旅游学院,018,小学教育,8,537,126565
2024,5316,丽江文化旅游学院,022,护理学,25,492,
2024,5316,丽江文化旅游学院,023,助产学,11,492,
2024,5316,丽江文化旅游学院,024,药学,5,492,
2024,5319,云南民族大学,001,老挝语,2,563,95633
2024,5319,云南民族大学,002,越南语,2,568,89597
2024,5319,云南民族大学,003,电子信息工程,2,553,107367
2024,5319,云南民族大学,004,通信工程,2,539,123897
2024,5319,云南民族大学,005,汉语言文学,4,596,58348
2024,5319,云南民族大学,006,广告学,2,584,71261
2024,5320,云南农业大学,002,农学,2,531,133032
2024,5320,云南农业大学,003,蜂学,2,503,165891
2024,5320,云南农业大学,004,水产养殖学,2,492,
2024,5320,云南农业大学,005,动物医学,3,567,91202
2024,5320,云南农业大学,006,植物保护,2,550,111133
2024,5320,云南农业大学,008,风景园林,2,588,67088
2024,5320,云南农业大学,009,食品质量与安全,2,494,175393
2024,5320,云南农业大学,010,烟草,2,561,97623
2024,5320,云南农业大学,011,茶学,2,503,165151
2024,5320,云南农业大学,012,水利水电工程,2,552,108359
2024,5320,云南农业大学,013,水文与水资源工程,2,544,117549
2024,5320,云南农业大学,014,电气工程及其自动化,2,558,101673
2024,5320,云南农业大学,015,人工智能,2,545,116794
2024,5320,云南农业大学,016,计算机科学与技术,2,555,104472
2024,5320,云南农业大学,017,数据科学与大数据技术,2,536,127405
2024,5320,云南农业大学,018,土木工程,2,535,128844
2024,5320,云南农业大学,019,经济学,2,580,76247
2024,5320,云南农业大学,020,电子商务,2,576,80495
2024,5320,云南农业大学,021,社会工作,2,579,76941
2024,5320,云南农业大学,022,英语,2,579,76616
2024,5320,云南农业大学,023,咖啡科学与工程,2,538,125438
2024,5320,云南农业大学,024,农林经济管理(中外合作办学),1,580,76306
2024,5321,云南师范大学,001,法学（纪检）,3,618,35847
2024,5321,云南师范大学,002,汉语言文学(师范),3,623,31247
2024,5321,云南师范大学,003,思想政治教育(师范),3,617,36708
2024,5321,云南师范大学,004,历史学(师范),3,622,31489
2024,5321,云南师范大学,006,化学(师范),3,492,
2024,5321,云南师范大学,007,数学与应用数学(师范),4,553,107075
2024,5321,云南师范大学,008,物理学(师范),4,545,116471
2024,5321,云南师范大学,009,英语（含师范）,3,613,40494
2024,5321,云南师范大学,010,统计学,2,532,131621
2024,5321,云南师范大学,012,计算机科学与技术,3,567,90848
2024,5321,云南师范大学,013,生物科学(师范),3,492,
2024,5322,昆明城市学院,008,网络与新媒体,4,533,131069
2024,5322,昆明城市学院,009,小学教育,3,547,114772
2024,5322,昆明城市学院,010,英语,4,529,135909
2024,5322,昆明城市学院,011,汉语言文学,4,549,112366
2024,5322,昆明城市学院,012,会计学,4,538,125040
2024,5322,昆明城市学院,013,财务管理,4,537,126186
2024,5322,昆明城市学院,014,电子商务,8,528,136351
2024,5322,昆明城市学院,015,金融学,4,531,132854
2024,5322,昆明城市学院,016,经济学,5,532,132045
2024,5322,昆明城市学院,017,法学,3,553,107885
2024,5322,昆明城市学院,018,学前教育,5,528,136816
2024,5322,昆明城市学院,019,应用心理学,8,533,131204
2024,5322,昆明城市学院,020,工程造价,4,492,
2024,5322,昆明城市学院,502,商务数据分析与应用,5,492,
2024,5322,昆明城市学院,504,大数据与财务管理,10,492,
2024,5322,昆明城市学院,506,人工智能技术应用,5,492,
2024,5323,昆明文理学院,001,英语,2,532,132198
2024,5323,昆明文理学院,002,法语,2,529,135945
2024,5323,昆明文理学院,003,日语,2,528,137068
2024,5323,昆明文理学院,004,西班牙语,2,525,140578
2024,5323,昆明文理学院,005,翻译,2,529,135390
2024,5323,昆明文理学院,006,旅游管理,2,534,129850
2024,5323,昆明文理学院,007,互联网金融,2,531,133078
2024,5323,昆明文理学院,008,审计学,1,545,116988
2024,5323,昆明文理学院,010,建筑学,2,538,124974
2024,5323,昆明文理学院,011,学前教育,2,542,120581
2024,5325,云南经济管理学院,001,财务管理,4,536,127882
2024,5325,云南经济管理学院,002,会计学,2,541,121651
2024,5325,云南经济管理学院,003,人工智能,2,492,
2024,5325,云南经济管理学院,006,虚拟现实技术,2,492,
2024,5325,云南经济管理学院,007,建筑学,2,532,132041
2024,5325,云南经济管理学院,008,水利水电工程,2,494,175123
2024,5325,云南经济管理学院,009,汉语言文学,2,544,117473
2024,5325,云南经济管理学院,011,电子商务,4,527,138321
2024,5325,云南经济管理学院,012,贸易经济,2,527,137494
2024,5325,云南经济管理学院,013,物流管理,2,532,132019
2024,5325,云南经济管理学院,014,护理学,2,547,114206
2024,5330,文山学院,001,学前教育(师范),5,559,99895
2024,5330,文山学院,002,物流管理,5,561,98269
2024,5330,文山学院,003,酒店管理,5,556,103715
2024,5331,云南医药健康职业学院,502,口腔医学,38,503,165879
2024,5331,云南医药健康职业学院,504,针灸推拿,16,492,
2024,5332,普洱学院,001,物理学(师范),5,492,
2024,5332,普洱学院,002,数字媒体技术,5,498,171118
2024,5333,云南艺术学院,001,艺术管理,1,559,100541
2024,5333,云南艺术学院,002,非物质文化遗产保护,1,569,88294
2024,5333,云南艺术学院,013,戏剧学,1,568,90130
2024,5333,云南艺术学院,014,戏剧影视文学,1,575,81067
2024,5333,云南艺术学院,015,广播电视编导,3,562,96952
2024,5338,昆明卫生职业学院,502,口腔医学,3,514,153127
2024,5401,西藏大学,001,法学,1,606,47101
2024,5401,西藏大学,002,金融学,1,604,48743
2024,5401,西藏大学,003,地理信息科学,1,601,52743
2024,5401,西藏大学,004,历史学(师范),1,610,43507
2024,5401,西藏大学,005,交通运输,1,575,81125
2024,5401,西藏大学,006,临床医学,1,580,75858
2024,5401,西藏大学,007,计算机科学与技术,1,589,65629
2024,6101,宝鸡文理学院,001,思想政治教育(师范),2,576,80941
2024,6101,宝鸡文理学院,002,汉语言文学(师范),2,582,73727
2024,6101,宝鸡文理学院,003,数字经济,2,528,136424
2024,6101,宝鸡文理学院,004,教育技术学(师范),2,523,142167
2024,6101,宝鸡文理学院,005,地理科学(师范),2,538,125018
2024,6101,宝鸡文理学院,006,机械设计制造及其自动化,2,522,143994
2024,6101,宝鸡文理学院,007,电气工程及其自动化,3,526,138484
2024,6102,长安大学,001,道路桥梁与渡河工程,6,630,24982
2024,6102,长安大学,002,道路桥梁与渡河工程（国际工程班）,4,628,26810
2024,6102,长安大学,003,智能车辆工程,2,638,19401
2024,6102,长安大学,004,车辆工程,3,637,20230
2024,6102,长安大学,005,机械类,7,635,21397
2024,6102,长安大学,006,工商管理类,3,642,17158
2024,6102,长安大学,007,管理科学与工程类,3,627,27902
2024,6102,长安大学,008,经济学类,2,631,24557
2024,6102,长安大学,009,自动化类,3,641,17678
2024,6102,长安大学,010,交通设备与控制工程,1,634,22383
2024,6102,长安大学,011,计算机类,3,641,17273
2024,6102,长安大学,012,电子信息类,1,642,17100
2024,6102,长安大学,013,人工智能(中外合作办学),10,615,38125
2024,6102,长安大学,014,地质工程,3,623,30720
2024,6102,长安大学,015,地球物理学类,2,628,26461
2024,6102,长安大学,016,测绘类,5,627,27898
2024,6102,长安大学,017,土木类,6,616,37110
2024,6102,长安大学,018,水利类,3,627,27723
2024,6102,长安大学,019,建筑类,5,636,21121
2024,6102,长安大学,020,材料类,5,626,28204
2024,6102,长安大学,021,交通工程,2,641,17535
2024,6102,长安大学,022,交通工程（国际工程班）,2,637,20215
2024,6102,长安大学,023,交通运输,3,639,18742
2024,6102,长安大学,024,大数据管理与应用,2,636,20559
2024,6102,长安大学,025,能源与动力工程,3,635,21286
2024,6102,长安大学,026,电气工程及其自动化,2,642,16937
2024,6102,长安大学,027,思想政治教育,3,642,16848
2024,6102,长安大学,028,新闻传播学类,1,645,15172
2024,6102,长安大学,029,数学类,2,636,20773
2024,6102,长安大学,030,应用物理学,1,634,22399
2024,6102,长安大学,031,工程力学,2,632,23469
2024,6102,长安大学,032,英语,2,639,19225
2024,6102,长安大学,033,日语,3,633,23299
2024,6102,长安大学,035,道路桥梁与渡河工程(中外合作办学),7,600,53846
2024,6102,长安大学,036,车辆工程(中外合作办学),7,615,38194
2024,6102,长安大学,037,交通运输(中外合作办学),7,614,38714
2024,6102,长安大学,038,工科试验班（未来交通）,3,641,17410
2024,6102,长安大学,039,工科试验班（华为班）,1,649,12901
2024,6103,陕西服装工程学院,001,金融工程,4,492,
2024,6103,陕西服装工程学院,003,会计学,5,537,126097
2024,6103,陕西服装工程学院,004,财务管理,2,537,126373
2024,6103,陕西服装工程学院,005,健康服务与管理,2,524,141900
2024,6104,陕西交通职业技术学院,513,城市轨道交通运营管理,3,492,
2024,6104,陕西交通职业技术学院,514,软件技术,4,492,
2024,6105,陕西科技大学,001,工商管理,4,589,65582
2024,6105,陕西科技大学,002,人力资源管理,4,590,64811
2024,6105,陕西科技大学,003,电子科学与技术,4,588,66178
2024,6105,陕西科技大学,004,光电信息科学与工程,4,584,71127
2024,6105,陕西科技大学,005,智能制造工程,3,585,69617
2024,6105,陕西科技大学,006,机械类,3,578,77805
2024,6105,陕西科技大学,007,工业设计,3,560,99095
2024,6105,陕西科技大学,008,计算机类,6,592,62197
2024,6105,陕西科技大学,009,数据科学与大数据技术,4,584,71554
2024,6105,陕西科技大学,010,电气工程及其自动化,6,590,63980
2024,6105,陕西科技大学,011,轻化工程,6,548,112961
2024,6105,陕西科技大学,012,材料类,4,561,98091
2024,6105,陕西科技大学,013,数字经济,4,571,85786
2024,6105,陕西科技大学,014,环境科学与工程类,3,550,110942
2024,6105,陕西科技大学,015,广播电视编导,2,587,67531
2024,6105,陕西科技大学,016,机械设计制造及其自动化(中外合作办学),1,575,81604
2024,6105,陕西科技大学,017,工业设计(中外合作办学),3,548,113061
2024,6105,陕西科技大学,018,计算机科学与技术(中外合作办学),2,570,87320
2024,6106,陕西科技大学镐京学院,001,会计学,2,544,117925
2024,6106,陕西科技大学镐京学院,002,财务管理,2,539,123709
2024,6106,陕西科技大学镐京学院,003,税收学,2,538,124858
2024,6106,陕西科技大学镐京学院,004,行政管理,2,534,130243
2024,6106,陕西科技大学镐京学院,005,人力资源管理,2,530,134614
2024,6106,陕西科技大学镐京学院,006,供应链管理,2,531,133313
2024,6106,陕西科技大学镐京学院,010,健康服务与管理,2,531,133629
2024,6107,陕西理工大学,007,经济学,2,583,72462
2024,6107,陕西理工大学,008,学前教育(师范),2,581,74935
2024,6107,陕西理工大学,009,汉语国际教育,2,586,68924
2024,6107,陕西理工大学,010,英语(师范),2,585,70277
2024,6107,陕西理工大学,011,广播电视学,2,575,81251
2024,6107,陕西理工大学,012,化学(师范),2,497,172309
2024,6107,陕西理工大学,013,地理科学(师范),1,597,56717
2024,6107,陕西理工大学,014,电子信息科学与技术,2,570,87154
2024,6107,陕西理工大学,015,药学,2,530,134085
2024,6107,陕西理工大学,016,电气工程及其自动化(中外合作办学),10,519,146784
2024,6107,陕西理工大学,017,机械设计制造及其自动化(中外合作办学),10,514,153472
2024,6107,陕西理工大学,018,网络工程(中外合作办学),10,512,155495
2024,6108,陕西师范大学,001,中国语言文学类,3,659,8684
2024,6108,陕西师范大学,004,新闻传播学类,2,647,14201
2024,6108,陕西师范大学,005,历史学类,2,656,9860
2024,6108,陕西师范大学,006,数学类,3,647,14136
2024,6108,陕西师范大学,008,物理学类,2,643,16269
2024,6108,陕西师范大学,010,生物科学类,3,640,17981
2024,6108,陕西师范大学,012,材料类,3,620,33501
2024,6108,陕西师范大学,013,计算机类,6,636,20717
2024,6108,陕西师范大学,015,工商管理类,3,643,16554
2024,6111,陕西中医药大学,001,临床医学,2,590,63939
2024,6111,陕西中医药大学,002,中医学,2,594,59840
2024,6111,陕西中医药大学,003,中西医临床医学,1,586,68692
2024,6112,渭南师范学院,001,广播电视编导,10,546,115198
2024,6112,渭南师范学院,002,学前教育(中外合作办学)(师范),3,547,115010
2024,6112,渭南师范学院,003,数学与应用数学(师范),1,510,157372
2024,6112,渭南师范学院,004,汉语言文学(师范),1,576,79999
2024,6112,渭南师范学院,005,日语(师范),1,565,93748
2024,6112,渭南师范学院,006,物理学(师范),1,526,138702
2024,6113,西安财经大学,001,经济学,4,598,55658
2024,6113,西安财经大学,002,工程造价,3,563,95941
2024,6113,西安财经大学,003,会计学,2,619,34319
2024,6113,西安财经大学,004,金融数学,2,579,76550
2024,6113,西安财经大学,005,计算机科学与技术,4,573,83274
2024,6113,西安财经大学,006,电子商务,4,586,69353
2024,6113,西安财经大学,007,城市管理,3,586,69452
2024,6113,西安财经大学,008,商务英语,4,585,69996
2024,6113,西安财经大学,009,金融学(中外合作办学),4,580,75593
2024,6114,西安财经大学行知学院,001,金融学,4,539,123678
2024,6114,西安财经大学行知学院,002,财政学,4,542,120753
2024,6114,西安财经大学行知学院,004,会计学,4,545,116605
2024,6114,西安财经大学行知学院,005,经济统计学,6,501,168431
2024,6116,西安电子科技大学,001,自动化类（智能制造及智能测控）,29,654,10711
2024,6116,西安电子科技大学,002,管理科学与工程类（数字化与商务智能融合培养）,5,652,11541
2024,6116,西安电子科技大学,003,数学类（数学、统计与信息、计算机科学深度融合培养）,9,654,10673
2024,6116,西安电子科技大学,004,通信工程(中外合作办学),3,650,12492
2024,6116,西安电子科技大学,005,电子信息工程(中外合作办学),3,651,12227
2024,6116,西安电子科技大学,006,电子信息类（通信）,15,656,9722
2024,6116,西安电子科技大学,007,电子信息类（电子工程）,16,656,9778
2024,6116,西安电子科技大学,008,电子信息类（集成电路）,15,656,9602
2024,6116,西安电子科技大学,009,电子信息类（电子科学、信息物理、空天信息）,28,655,10049
2024,6116,西安电子科技大学,010,计算机类,35,656,9571
2024,6116,西安电子科技大学,011,计算机类（网络安全）,15,656,9708
2024,6116,西安电子科技大学,012,计算机类（智能）,12,656,9579
2024,6116,西安电子科技大学,013,大数据管理与应用(中外合作办学),5,643,16240
2024,6118,西安翻译学院,001,小学教育,3,545,117231
2024,6118,西安翻译学院,002,英语,5,532,131912
2024,6118,西安翻译学院,003,俄语,5,523,142994
2024,6118,西安翻译学院,004,德语,5,521,144536
2024,6118,西安翻译学院,005,法语,5,523,142456
2024,6118,西安翻译学院,006,西班牙语,4,525,140728
2024,6118,西安翻译学院,007,日语,3,528,137205
2024,6118,西安翻译学院,008,电子信息科学与技术,3,499,169780
2024,6118,西安翻译学院,009,人工智能,4,492,177752
2024,6118,西安翻译学院,010,软件工程,4,492,
2024,6118,西安翻译学院,011,数据科学与大数据技术,4,492,
2024,6118,西安翻译学院,012,戏剧影视文学,5,521,144593
2024,6119,西安工程大学,004,广播电视编导,7,573,83907
2024,6119,西安工程大学,005,英语,2,582,73525
2024,6119,西安工程大学,006,机械类,2,572,84725
2024,6119,西安工程大学,007,智能制造工程,2,573,83728
2024,6119,西安工程大学,008,材料类,3,558,101323
2024,6119,西安工程大学,009,电子信息类,3,573,83562
2024,6119,西安工程大学,010,计算机类,2,576,80468
2024,6119,西安工程大学,011,网络空间安全,2,574,82222
2024,6119,西安工程大学,012,纺织类,3,495,174074
2024,6119,西安工程大学,013,大数据管理与应用,3,572,84763
2024,6119,西安工程大学,014,工商管理,2,571,86376
2024,6120,西安工业大学,001,应用物理学,2,572,84512
2024,6120,西安工业大学,002,工业工程,2,584,71160
2024,6120,西安工业大学,003,材料类,2,574,82345
2024,6120,西安工业大学,004,英语,2,591,63707
2024,6120,西安工业大学,005,测控技术与仪器,2,583,72672
2024,6120,西安工业大学,006,软件工程,2,587,68077
2024,6120,西安工业大学,007,机械设计制造及其自动化(中外合作办学),2,572,84567
2024,6120,西安工业大学,008,金属材料工程(中外合作办学),2,565,92917
2024,6120,西安工业大学,009,自动化(中外合作办学),2,587,67297
2024,6121,西安工商学院,001,电气工程及其自动化,2,492,177279
2024,6121,西安工商学院,002,人力资源管理,4,529,134996
2024,6121,西安工商学院,003,财务管理,5,539,124236
2024,6121,西安工商学院,004,会计学,3,543,119438
2024,6121,西安工商学院,006,国际经济与贸易,2,532,132463
2024,6121,西安工商学院,007,大数据管理与应用,2,497,172161
2024,6121,西安工商学院,008,广告学,5,531,132960
2024,6121,西安工商学院,009,汉语言文学,4,548,113804
2024,6121,西安工商学院,010,网络与新媒体,3,537,126378
2024,6121,西安工商学院,510,人力资源管理,2,492,
2024,6121,西安工商学院,511,数字媒体技术,2,510,157714
2024,6123,西安航空学院,001,交通运输,4,523,142428
2024,6123,西安航空学院,002,自动化,2,535,128164
2024,6123,西安航空学院,003,复合材料与工程,3,511,156471
2024,6123,西安航空学院,004,建筑环境与能源应用工程,3,515,151626
2024,6123,西安航空学院,005,给排水科学与工程,3,507,160713
2024,6123,西安航空学院,006,工程管理,5,531,133531
2024,6125,西安建筑科技大学,001,土木工程,3,602,50980
2024,6125,西安建筑科技大学,002,智能建造,2,578,77977
2024,6125,西安建筑科技大学,003,环境工程,3,537,125759
2024,6125,西安建筑科技大学,004,环境科学,3,545,116646
2024,6125,西安建筑科技大学,005,建筑环境与能源应用工程,2,557,102475
2024,6125,西安建筑科技大学,006,建筑电气与智能化,2,585,70110
2024,6125,西安建筑科技大学,007,储能科学与工程,2,588,66691
2024,6125,西安建筑科技大学,008,信息管理与信息系统,2,589,65728
2024,6125,西安建筑科技大学,009,工商管理,2,596,58322
2024,6125,西安建筑科技大学,010,自动化,2,602,51158
2024,6125,西安建筑科技大学,011,计算机科学与技术,2,615,38554
2024,6125,西安建筑科技大学,012,通信工程,2,596,57535
2024,6125,西安建筑科技大学,013,人工智能,2,598,56171
2024,6125,西安建筑科技大学,014,电气工程及其自动化,2,608,45040
2024,6125,西安建筑科技大学,015,机械类,4,596,57514
2024,6125,西安建筑科技大学,016,材料类,5,566,92105
2024,6125,西安建筑科技大学,017,化工与制药类,4,492,
2024,6125,西安建筑科技大学,018,安全工程,2,578,77636
2024,6125,西安建筑科技大学,019,数学与应用数学,2,597,56652
2024,6125,西安建筑科技大学,020,数据科学与大数据技术,2,604,49291
2024,6125,西安建筑科技大学,021,材料类,5,564,94621
2024,6125,西安建筑科技大学,022,建筑类,5,614,39182
2024,6125,西安建筑科技大学,023,建筑环境与能源应用工程,2,568,89685
2024,6125,西安建筑科技大学,024,计算机科学与技术,2,606,47156
2024,6125,西安建筑科技大学,025,土木工程(中外合作办学),2,556,104002
2024,6125,西安建筑科技大学,026,计算机科学与技术(中外合作办学),2,579,77012
2024,6125,西安建筑科技大学,027,工程管理(中外合作办学),2,558,101615
2024,6125,西安建筑科技大学,028,建筑学,2,622,32233
2024,6125,西安建筑科技大学,029,给排水科学与工程,2,576,80648
2024,6125,西安建筑科技大学,030,法学,2,622,32001
2024,6125,西安建筑科技大学,031,汉语国际教育,2,596,58187
2024,6125,西安建筑科技大学,032,英语,2,597,56699
2024,6125,西安建筑科技大学,033,公共管理类,3,596,57715
2024,6125,西安建筑科技大学,035,交通运输,3,564,94067
2024,6125,西安建筑科技大学,036,给排水科学与工程,3,498,170696
2024,6125,西安建筑科技大学,037,材料成型及控制工程,2,565,93020
2024,6126,西安建筑科技大学华清学院,004,电气工程及其自动化,3,500,168498
2024,6126,西安建筑科技大学华清学院,005,汉语言文学,2,555,104940
2024,6126,西安建筑科技大学华清学院,006,英语,3,539,123996
2024,6127,西安交通大学,001,文科试验班类,3,667,5743
2024,6127,西安交通大学,002,能源与动力工程(钱学森班),2,679,2672
2024,6127,西安交通大学,003,自动化(钱学森班),2,680,2446
2024,6127,西安交通大学,004,计算机科学与技术（国家拔尖计划）,2,678,2787
2024,6127,西安交通大学,005,人工智能（新工科卓越计划）,2,679,2704
2024,6127,西安交通大学,006,数学与应用数学（国家拔尖计划）,3,676,3158
2024,6127,西安交通大学,007,工科试验班(医学电子信息优本班),2,674,3596
2024,6127,西安交通大学,008,理科试验班(化学优本班),2,665,6127
2024,6127,西安交通大学,009,工科试验班（电气类）,16,672,4094
2024,6127,西安交通大学,010,工科试验班（计算机科学技术类）,14,671,4425
2024,6127,西安交通大学,011,软件工程,10,669,4961
2024,6127,西安交通大学,012,信息工程,8,670,4820
2024,6127,西安交通大学,013,自动化,6,675,3545
2024,6127,西安交通大学,014,微电子科学与工程,8,671,4476
2024,6127,西安交通大学,015,电子科学与技术,7,671,4521
2024,6127,西安交通大学,016,工科试验班（智慧能源类）,22,666,5899
2024,6127,西安交通大学,017,工科试验班（智能制造类）,17,667,5630
2024,6127,西安交通大学,018,工科试验班（航天航空类）,6,668,5280
2024,6127,西安交通大学,019,工科试验班（管理类）,3,664,6531
2024,6127,西安交通大学,020,经济学类,6,662,7428
2024,6127,西安交通大学,021,理科试验班（数学类）,4,672,4283
2024,6127,西安交通大学,022,理科试验班（物理类）,3,669,5140
2024,6127,西安交通大学,023,临床医学(侯宗濂班),2,675,3373
2024,6127,西安交通大学,024,工业设计(中外合作办学),13,653,11255
2024,6127,西安交通大学,025,建筑学(中外合作办学),11,646,14600
2024,6128,西安科技大学,001,土木工程,2,549,112165
2024,6128,西安科技大学,002,建筑学,2,598,55659
2024,6128,西安科技大学,003,给排水科学与工程,2,544,117954
2024,6128,西安科技大学,004,城乡规划,2,594,60488
2024,6128,西安科技大学,005,机械设计制造及其自动化,2,592,62239
2024,6128,西安科技大学,006,自动化,2,598,55583
2024,6128,西安科技大学,007,电气工程及其自动化,2,606,47401
2024,6128,西安科技大学,008,测控技术与仪器,2,580,75335
2024,6128,西安科技大学,009,智能科学与技术,2,587,67563
2024,6128,西安科技大学,010,电子信息工程,2,596,57709
2024,6128,西安科技大学,011,信息与计算科学,2,595,58741
2024,6128,西安科技大学,012,数据科学与大数据技术,2,589,65063
2024,6128,西安科技大学,013,环境工程,2,544,117757
2024,6128,西安科技大学,014,应用化学,2,550,110512
2024,6128,西安科技大学,015,化学工程与工艺,2,559,99663
2024,6128,西安科技大学,016,工程力学,2,583,71971
2024,6128,西安科技大学,017,大数据管理与应用,2,588,66290
2024,6128,西安科技大学,018,工程管理,2,562,96549
2024,6129,西安科技大学高新学院,001,汉语国际教育,2,544,118309
2024,6129,西安科技大学高新学院,002,财务管理,2,547,114110
2024,6129,西安科技大学高新学院,003,机械设计制造及其自动化,2,494,175546
2024,6129,西安科技大学高新学院,004,电气工程及其自动化,2,496,172943
2024,6130,西安理工大学,001,材料科学与工程,2,589,64998
2024,6130,西安理工大学,002,材料成型及控制工程,2,593,61135
2024,6130,西安理工大学,003,机械设计制造及其自动化,2,605,48246
2024,6130,西安理工大学,004,数字媒体技术,2,601,52229
2024,6130,西安理工大学,005,电子信息工程,2,609,43856
2024,6130,西安理工大学,006,电气工程与智能控制,2,608,44517
2024,6130,西安理工大学,007,微电子科学与工程,2,605,48368
2024,6130,西安理工大学,008,信息管理与信息系统,2,597,56733
2024,6130,西安理工大学,009,水利水电工程,2,598,55107
2024,6130,西安理工大学,010,能源与动力工程,2,594,60067
2024,6130,西安理工大学,011,环境工程,2,584,71353
2024,6130,西安理工大学,012,给排水科学与工程,2,576,80498
2024,6130,西安理工大学,013,制药工程,2,545,116278
2024,6130,西安理工大学,014,应用物理学,2,596,58049
2024,6130,西安理工大学,015,数据科学与大数据技术,2,602,50949
2024,6130,西安理工大学,016,计算机科学与技术,2,608,44765
2024,6130,西安理工大学,017,软件工程,2,607,45603
2024,6130,西安理工大学,018,人工智能,2,606,47025
2024,6130,西安理工大学,019,工业设计,2,595,59192
2024,6130,西安理工大学,020,工程管理,2,594,59880
2024,6130,西安理工大学,021,工程力学,2,594,59715
2024,6130,西安理工大学,022,电气工程及其自动化,2,615,37862
2024,6130,西安理工大学,023,工业工程,2,596,57424
2024,6130,西安理工大学,024,印刷工程,2,568,89068
2024,6131,西安理工大学高科学院,001,机械设计制造及其自动化,3,492,
2024,6131,西安理工大学高科学院,003,计算机科学与技术,3,492,177495
2024,6131,西安理工大学高科学院,004,数字媒体技术,2,498,170967
2024,6132,西安美术学院,021,艺术史论,2,574,82659
2024,6132,西安美术学院,022,非物质文化遗产保护,3,578,78671
2024,6133,西安欧亚学院,001,经济统计学,3,505,163400
2024,6133,西安欧亚学院,002,金融学,2,535,128769
2024,6133,西安欧亚学院,003,大数据管理与应用,2,508,159444
2024,6133,西安欧亚学院,004,学前教育,8,525,140323
2024,6133,西安欧亚学院,005,小学教育,8,540,123044
2024,6133,西安欧亚学院,006,英语,6,527,138308
2024,6133,西安欧亚学院,007,新闻学,2,535,128444
2024,6133,西安欧亚学院,008,网络与新媒体,4,537,126543
2024,6133,西安欧亚学院,009,数字出版,2,529,135637
2024,6133,西安欧亚学院,010,应用心理学,2,540,122483
2024,6133,西安欧亚学院,016,工商管理,2,536,126899
2024,6133,西安欧亚学院,017,市场营销,2,530,134840
2024,6133,西安欧亚学院,018,会计学,2,549,111855
2024,6133,西安欧亚学院,019,财务管理,2,540,123191
2024,6133,西安欧亚学院,020,国际商务,5,529,135409
2024,6133,西安欧亚学院,021,人力资源管理,3,529,134896
2024,6133,西安欧亚学院,022,审计学,4,537,126255
2024,6133,西安欧亚学院,023,体育经济与管理,4,526,139216
2024,6133,西安欧亚学院,024,电子商务,5,526,138641
2024,6133,西安欧亚学院,025,旅游管理,7,527,137739
2024,6133,西安欧亚学院,026,会展经济与管理,2,529,135858
2024,6133,西安欧亚学院,027,广播电视编导,4,523,143132
2024,6133,西安欧亚学院,031,软件工程(中外合作办学),18,492,
2024,6134,西安培华学院,001,戏剧影视文学,2,529,136039
2024,6134,西安培华学院,002,广播电视编导,2,526,139380
2024,6134,西安培华学院,009,网络与新媒体,3,542,120714
2024,6134,西安培华学院,010,电子商务,3,537,126327
2024,6134,西安培华学院,012,法学,2,563,95278
2024,6134,西安培华学院,013,学前教育,2,545,117321
2024,6134,西安培华学院,014,汉语言文学,2,557,102900
2024,6134,西安培华学院,015,汉语国际教育,1,552,109167
2024,6134,西安培华学院,016,英语,2,534,130204
2024,6134,西安培华学院,017,日语,2,533,131301
2024,6134,西安培华学院,020,护理学,2,556,103876
2024,6134,西安培华学院,022,康复治疗学,1,504,163987
2024,6134,西安培华学院,023,资产评估,2,532,132354
2024,6134,西安培华学院,501,大数据与会计,4,500,169545
2024,6134,西安培华学院,502,临床医学,20,492,
2024,6134,西安培华学院,503,口腔医学技术,4,502,167002
2024,6135,西安石油大学,003,英语,2,585,70292
2024,6135,西安石油大学,004,石油工程,3,567,90743
2024,6135,西安石油大学,005,海洋油气工程,2,559,99734
2024,6135,西安石油大学,006,工业设计,2,554,105857
2024,6135,西安石油大学,007,计算机类,2,584,71411
2024,6136,西安思源学院,001,国际经济与贸易,2,533,130960
2024,6136,西安思源学院,002,艺术教育,5,520,145616
2024,6136,西安思源学院,003,小学教育,2,555,105185
2024,6136,西安思源学院,004,中国语言文学类,2,551,110271
2024,6136,西安思源学院,005,英语,2,533,130961
2024,6136,西安思源学院,006,增材制造工程,3,492,
2024,6136,西安思源学院,007,人工智能,2,499,169971
2024,6136,西安思源学院,009,建筑学,3,532,132271
2024,6136,西安思源学院,010,护理学,2,553,107308
2024,6136,西安思源学院,011,工商管理类,2,535,128501
2024,6136,西安思源学院,012,财务管理,1,546,115228
2024,6136,西安思源学院,013,电子商务,2,533,130697
2024,6136,西安思源学院,507,空中乘务,2,492,
2024,6136,西安思源学院,512,口腔医学技术,2,494,175332
2024,6136,西安思源学院,516,工商企业管理,2,492,
2024,6136,西安思源学院,519,数字媒体艺术设计,2,492,
2024,6136,西安思源学院,523,文物修复与保护,2,507,160926
2024,6136,西安思源学院,525,广播影视节目制作,2,492,
2024,6136,西安思源学院,529,应用英语,2,492,
2024,6138,西安铁路职业技术学院,502,铁道车辆技术,10,492,
2024,6138,西安铁路职业技术学院,503,动车组检修技术（驾驶与维修）,10,492,
2024,6138,西安铁路职业技术学院,505,铁道机车运用与维护,20,492,
2024,6138,西安铁路职业技术学院,506,铁道供电技术,10,492,
2024,6139,西安外国语大学,001,经济学,1,626,28362
2024,6139,西安外国语大学,002,金融学,3,616,37172
2024,6139,西安外国语大学,003,国际经济与贸易,2,610,43369
2024,6139,西安外国语大学,004,汉语言文学,3,630,25543
2024,6139,西安外国语大学,005,汉语国际教育,2,613,40605
2024,6139,西安外国语大学,006,英语,8,610,43530
2024,6139,西安外国语大学,007,德语,2,611,42402
2024,6139,西安外国语大学,008,法语,1,626,28785
2024,6139,西安外国语大学,009,西班牙语,1,620,34021
2024,6139,西安外国语大学,013,葡萄牙语,1,615,38241
2024,6139,西安外国语大学,014,意大利语,1,615,38422
2024,6139,西安外国语大学,015,翻译,3,601,52401
2024,6139,西安外国语大学,016,商务英语,1,613,40540
2024,6139,西安外国语大学,017,新闻学,2,622,32295
2024,6139,西安外国语大学,018,会计学,2,618,34947
2024,6139,西安外国语大学,019,英语(师范),4,618,35862
2024,6139,西安外国语大学,020,汉语言文学(师范),1,632,24059
2024,6140,西安外事学院,002,会计学,2,543,119534
2024,6140,西安外事学院,004,英语,2,529,135997
2024,6140,西安外事学院,006,财务管理,2,541,121739
2024,6140,西安外事学院,007,汉语国际教育,2,535,128561
2024,6140,西安外事学院,008,经济与金融,8,526,138686
2024,6140,西安外事学院,501,大数据与会计,6,492,
2024,6140,西安外事学院,502,护理,3,493,176948
2024,6140,西安外事学院,503,应用法语,3,492,
2024,6140,西安外事学院,506,学前教育,2,493,176831
2024,6141,西安文理学院,001,汉语言文学(师范),4,589,66009
2024,6141,西安文理学院,002,汉语国际教育,2,578,78322
2024,6141,西安文理学院,003,秘书学,2,579,77499
2024,6141,西安文理学院,004,英语(师范),5,582,73897
2024,6141,西安文理学院,005,翻译,2,576,80574
2024,6141,西安文理学院,006,历史学(师范),5,587,67966
2024,6141,西安文理学院,007,旅游管理,1,575,81645
2024,6141,西安文理学院,008,数学与应用数学(师范),4,520,145577
2024,6141,西安文理学院,009,计算机科学与技术,4,533,130648
2024,6141,西安文理学院,010,软件工程,4,527,137528
2024,6141,西安文理学院,011,电子信息工程,4,530,133905
2024,6141,西安文理学院,012,应用心理学,2,579,77279
2024,6142,西安音乐学院,014,艺术史论,1,554,106462
2024,6142,西安音乐学院,015,艺术管理,1,567,91360
2024,6143,西安邮电大学,001,自动化,2,601,52538
2024,6143,西安邮电大学,002,智能科学与技术,2,603,50050
2024,6143,西安邮电大学,003,信息安全,3,605,48136
2024,6143,西安邮电大学,004,信息与计算科学,2,602,51178
2024,6143,西安邮电大学,005,应用物理学,3,579,76380
2024,6143,西安邮电大学,006,工业工程,4,583,71839
2024,6143,西安邮电大学,007,通信工程,3,610,43030
2024,6143,西安邮电大学,008,电子信息工程,2,609,44230
2024,6143,西安邮电大学,009,电子科学与技术,3,606,46758
2024,6143,西安邮电大学,010,光电信息科学与工程,3,602,50880
2024,6143,西安邮电大学,011,集成电路设计与集成系统,2,607,46581
2024,6143,西安邮电大学,012,计算机科学与技术,2,617,36026
2024,6143,西安邮电大学,013,智能感知工程,2,594,59547
2024,6144,西北大学,001,经济学,2,650,12618
2024,6144,西北大学,002,社会工作,2,638,19296
2024,6144,西北大学,003,国际经济与贸易,2,643,16418
2024,6144,西北大学,004,考古学,1,661,7949
2024,6144,西北大学,005,外国语言文学类,4,640,18577
2024,6144,西北大学,006,工商管理类,4,645,15336
2024,6144,西北大学,007,公共管理类,4,639,19136
2024,6144,西北大学,008,物理学,3,634,22110
2024,6144,西北大学,009,经济统计学,2,634,22022
2024,6144,西北大学,010,文物保护技术,2,636,21182
2024,6144,西北大学,011,数学与应用数学,3,639,18667
2024,6144,西北大学,012,数学类,3,638,19270
2024,6144,西北大学,013,物理学类,5,639,18622
2024,6144,西北大学,014,地质类,3,622,31524
2024,6144,西北大学,015,电子信息类,6,643,16651
2024,6144,西北大学,016,计算机类,4,646,14539
2024,6144,西北大学,017,电子信息科学与技术(中外合作办学),12,621,32656
2024,6144,西北大学,019,戏剧影视文学,2,637,20244
2024,6145,西北工业大学,001,航空航天类（智慧三航班）,8,666,5844
2024,6145,西北工业大学,002,柔性电子学,5,664,6684
2024,6145,西北工业大学,003,航空航天类（黄玉珊航空班）,2,670,4765
2024,6145,西北工业大学,004,航空航天类（航空）,8,663,6965
2024,6145,西北工业大学,005,航空航天类（陈士橹飞天班）,2,670,4684
2024,6145,西北工业大学,006,航空航天类（航天）,6,664,6639
2024,6145,西北工业大学,007,航空航天类（民用航空）,8,660,8029
2024,6145,西北工业大学,008,海洋工程类（黄震中海洋班）,2,663,6944
2024,6145,西北工业大学,009,海洋工程类（智慧海洋试验班）,9,659,8384
2024,6145,西北工业大学,010,材料类（航宇新材料试验班）,4,661,7705
2024,6145,西北工业大学,011,机械类（航宇智能制造试验班）,8,660,8037
2024,6145,西北工业大学,012,能源动力类（航空动力与新能源试验班）,7,660,8063
2024,6145,西北工业大学,013,电子信息类,10,662,7197
2024,6145,西北工业大学,014,电子信息类（集成电路）,8,662,7333
2024,6145,西北工业大学,015,自动化类,8,661,7609
2024,6145,西北工业大学,016,计算机科学与技术（计算机科学拔尖基地班）,2,669,4940
2024,6145,西北工业大学,017,计算机类,10,664,6476
2024,6145,西北工业大学,018,计算机类（网络安全）,6,663,6948
2024,6145,西北工业大学,019,软件工程,9,662,7297
2024,6145,西北工业大学,020,物理学类（空天应用物理试验班）,5,660,8220
2024,6145,西北工业大学,021,材料科学与工程(中外合作办学),5,651,12130
2024,6145,西北工业大学,022,高分子材料与工程(中外合作办学),4,649,13286
2024,6146,西安明德理工学院,001,英语,3,529,135706
2024,6146,西安明德理工学院,002,翻译,2,526,139496
2024,6146,西安明德理工学院,003,日语,2,525,140576
2024,6146,西安明德理工学院,004,能源经济,2,534,129761
2024,6146,西安明德理工学院,005,金融学,2,531,133191
2024,6146,西安明德理工学院,006,国际经济与贸易,2,532,132125
2024,6146,西安明德理工学院,007,市场营销,2,527,138377
2024,6146,西安明德理工学院,008,会计学,2,540,122949
2024,6146,西安明德理工学院,010,电子信息工程,2,493,176286
2024,6146,西安明德理工学院,011,机械设计制造及其自动化,2,496,173307
2024,6146,西安明德理工学院,012,智能制造工程,2,492,
2024,6146,西安明德理工学院,502,工业机器人技术,2,492,
2024,6146,西安明德理工学院,506,财富管理,2,492,
2024,6147,西北农林科技大学,001,法学,2,651,11927
2024,6147,西北农林科技大学,002,社会学类,2,648,13593
2024,6147,西北农林科技大学,003,公共管理类,2,647,14041
2024,6147,西北农林科技大学,004,英语,2,645,15171
2024,6147,西北农林科技大学,005,农学（农学类）,2,644,15942
2024,6147,西北农林科技大学,006,园艺（园艺类）,2,637,20380
2024,6147,西北农林科技大学,007,智慧牧业科学与工程,2,634,22580
2024,6147,西北农林科技大学,008,草业科学,3,633,22784
2024,6147,西北农林科技大学,009,动物医学类,2,634,22070
2024,6147,西北农林科技大学,010,林学类,2,634,22043
2024,6147,西北农林科技大学,011,风景园林,2,642,17227
2024,6147,西北农林科技大学,012,资源环境科学,2,636,20847
2024,6147,西北农林科技大学,013,环境科学与工程类,2,636,20573
2024,6147,西北农林科技大学,014,水土保持与荒漠化防治,2,631,24362
2024,6147,西北农林科技大学,015,水利类,2,641,17274
2024,6147,西北农林科技大学,016,智慧水利,2,640,18403
2024,6147,西北农林科技大学,017,机械类,2,648,13594
2024,6147,西北农林科技大学,018,计算机类,2,649,12943
2024,6147,西北农林科技大学,019,食品营养与健康（卓越班）,2,641,17366
2024,6147,西北农林科技大学,020,葡萄与葡萄酒工程,2,637,20367
2024,6147,西北农林科技大学,021,生物科学类,2,644,15916
2024,6147,西北农林科技大学,022,数学与应用数学,2,645,15031
2024,6147,西北农林科技大学,023,化学类,2,644,15780
2024,6147,西北农林科技大学,024,工商管理类,3,649,13217
2024,6147,西北农林科技大学,025,经济学（基础拔尖培养班）,2,649,13030
2024,6147,西北农林科技大学,026,植物生产类（卓越班）,4,640,18295
2024,6147,西北农林科技大学,027,动物医学（卓越班）,4,634,22034
2024,6147,西北农林科技大学,028,植物保护(中外合作办学),3,623,30665
2024,6147,西北农林科技大学,029,环境科学(中外合作办学),5,625,29626
2024,6147,西北农林科技大学,030,食品科学与工程(中外合作办学),3,621,32641
2024,6148,西北政法大学,001,经济学类,4,644,16045
2024,6148,西北政法大学,002,法学（民商法）,7,656,9906
2024,6148,西北政法大学,003,法学（经济法）,7,655,10011
2024,6148,西北政法大学,004,法学（刑事法）,6,655,10400
2024,6148,西北政法大学,005,法学（行政法）,5,654,10789
2024,6148,西北政法大学,006,法学（涉外法治）,5,654,10881
2024,6148,西北政法大学,007,法学（反恐怖主义法）,1,654,10900
2024,6149,西京学院,003,广播电视编导,10,525,140710
2024,6149,西京学院,004,金融科技,2,511,157041
2024,6149,西京学院,005,国际经济与贸易,2,538,124949
2024,6149,西京学院,006,汉语国际教育,2,536,127779
2024,6149,西京学院,007,英语,4,531,133387
2024,6149,西京学院,008,新闻学,6,540,122973
2024,6149,西京学院,009,网络与新媒体,7,544,118341
2024,6149,西京学院,013,电子商务,4,532,131582
2024,6150,咸阳师范学院,001,学前教育(中外合作办学)(师范),2,549,111571
2024,6150,咸阳师范学院,002,英语(师范),2,577,79582
2024,6150,咸阳师范学院,003,材料化学,2,495,174052
2024,6150,咸阳师范学院,004,财务管理(师范),2,575,81795
2024,6150,咸阳师范学院,005,数字经济,2,536,127451
2024,6151,延安大学,001,汉语言文学(师范),2,603,50695
2024,6151,延安大学,002,英语(师范),2,593,61517
2024,6151,延安大学,003,汉语国际教育(师范),2,592,62267
2024,6151,延安大学,004,计算机科学与技术,2,564,94824
2024,6151,延安大学,005,智能制造工程,2,550,110613
2024,6151,延安大学,006,过程装备与控制工程,2,541,121159
2024,6151,延安大学,007,化学工程与工艺,2,531,132751
2024,6151,延安大学,008,生物技术,3,507,160580
2024,6151,延安大学,009,工程管理,4,544,117890
2024,6151,延安大学,010,土木类,4,514,152760
2024,6152,陕西国际商贸学院,001,国际经济与贸易,3,531,133037
2024,6152,陕西国际商贸学院,003,财务管理,1,541,121952
2024,6152,陕西国际商贸学院,004,物流管理,1,534,129331
2024,6152,陕西国际商贸学院,005,审计学,2,542,120208
2024,6152,陕西国际商贸学院,006,电子商务,1,536,127529
2024,6152,陕西国际商贸学院,008,宝石及材料工艺学,4,492,
2024,6152,陕西国际商贸学院,009,英语,2,531,133220
2024,6153,西安交通大学城市学院,001,国际经济与贸易,4,541,121472
2024,6153,西安交通大学城市学院,002,英语,2,543,119764
2024,6153,西安交通大学城市学院,003,商务英语,2,540,122769
2024,6153,西安交通大学城市学院,004,网络与新媒体,4,546,115609
2024,6153,西安交通大学城市学院,005,机械设计制造及其自动化,4,501,167448
2024,6153,西安交通大学城市学院,006,土木工程,4,492,
2024,6153,西安交通大学城市学院,007,电气工程及其自动化,4,496,173266
2024,6153,西安交通大学城市学院,008,计算机科学与技术,4,502,166291
2024,6153,西安交通大学城市学院,009,会计学,4,551,110042
2024,6154,西安交通工程学院,001,交通运输,2,500,168701
2024,6154,西安交通工程学院,002,电气工程及其自动化,2,509,158639
2024,6154,西安交通工程学院,003,轨道交通信号与控制,2,502,166910
2024,6154,西安交通工程学院,004,大数据管理与应用,2,500,168809
2024,6154,西安交通工程学院,005,财务管理,2,537,126297
2024,6154,西安交通工程学院,006,学前教育,3,534,130157
2024,6154,西安交通工程学院,501,城市轨道交通运营管理,20,492,
2024,6154,西安交通工程学院,507,大数据与会计,10,492,
2024,6156,商洛学院,001,英语(师范),2,568,89722
2024,6156,商洛学院,002,电子信息科学与技术,2,518,148097
2024,6156,商洛学院,003,网络工程,2,516,150567
2024,6156,商洛学院,004,大数据管理与应用,2,536,126909
2024,6156,商洛学院,005,电气工程及其自动化(中外合作办学),2,522,143312
2024,6157,商洛职业技术学院,502,中医学,10,492,
2024,6158,西安汽车职业大学,505,氢能技术应用,2,492,
2024,6203,兰州城市学院,001,数学与应用数学(师范),2,512,154898
2024,6203,兰州城市学院,002,地理信息科学,2,574,82518
2024,6203,兰州城市学院,003,汉语言文学(师范),2,576,80880
2024,6203,兰州城市学院,004,审计学,4,569,88371
2024,6203,兰州城市学院,005,新闻学,2,564,94738
2024,6203,兰州城市学院,006,油气储运工程,2,518,148768
2024,6203,兰州城市学院,007,石油工程,2,516,150601
2024,6203,兰州城市学院,008,新能源科学与工程,2,522,144008
2024,6203,兰州城市学院,009,通信工程,2,518,148191
2024,6203,兰州城市学院,010,软件工程,2,518,148115
2024,6203,兰州城市学院,011,英语(师范),2,567,90865
2024,6203,兰州城市学院,012,翻译,2,560,99458
2024,6203,兰州城市学院,013,学前教育(师范),2,563,95447
2024,6203,兰州城市学院,014,土木工程,2,517,149793
2024,6203,兰州城市学院,015,微电子科学与工程,6,517,149635
2024,6203,兰州城市学院,016,机器人工程,2,523,142166
2024,6203,兰州城市学院,017,环境工程,2,512,155394
2024,6204,兰州大学,001,法学,6,656,9930
2024,6204,兰州大学,002,马克思主义理论类,5,652,11408
2024,6204,兰州大学,003,汉语言文学,8,653,10964
2024,6204,兰州大学,004,历史学类,6,653,11046
2024,6204,兰州大学,005,经济学类,6,652,11673
2024,6204,兰州大学,006,新闻传播学类,6,651,12198
2024,6204,兰州大学,007,数学类,6,651,11856
2024,6204,兰州大学,008,物理学类,15,649,12872
2024,6204,兰州大学,009,化学类,10,647,14298
2024,6204,兰州大学,010,大气科学类,5,647,14156
2024,6204,兰州大学,011,生物科学（含基地班）,8,647,14305
2024,6204,兰州大学,012,理论与应用力学（基地班）,4,649,12913
2024,6204,兰州大学,013,材料类,5,648,13440
2024,6204,兰州大学,014,电子信息类,10,651,11926
2024,6204,兰州大学,015,计算机类,8,652,11603
2024,6204,兰州大学,016,口腔医学,8,649,13073
2024,6204,兰州大学,017,工商管理类,12,651,12341
2024,6205,兰州交通大学,001,交通运输,5,579,77018
2024,6205,兰州交通大学,002,交通工程,2,576,79788
2024,6205,兰州交通大学,003,给排水科学与工程,2,540,122495
2024,6205,兰州交通大学,004,工程造价,2,556,103505
2024,6205,兰州交通大学,005,水利水电工程,2,557,102023
2024,6205,兰州交通大学,006,铁道工程,2,565,92627
2024,6205,兰州交通大学,007,机械设计制造及其自动化,4,569,88226
2024,6205,兰州交通大学,008,机械电子工程,3,563,94980
2024,6205,兰州交通大学,009,车辆工程,2,573,83812
2024,6205,兰州交通大学,010,测控技术与仪器,3,561,97815
2024,6205,兰州交通大学,011,工业工程,2,560,99002
2024,6205,兰州交通大学,012,电气工程及其自动化,3,589,65744
2024,6205,兰州交通大学,013,轨道交通信号与控制,3,575,80982
2024,6205,兰州交通大学,014,电子信息工程,3,565,92728
2024,6205,兰州交通大学,015,通信工程,3,568,89039
2024,6205,兰州交通大学,016,计算机科学与技术,4,572,84478
2024,6205,兰州交通大学,017,电子科学与技术,2,566,91701
2024,6205,兰州交通大学,018,软件工程,2,566,91757
2024,6205,兰州交通大学,019,数据科学与大数据技术,3,562,96239
2024,6205,兰州交通大学,020,信息与计算科学,2,559,100550
2024,6205,兰州交通大学,021,地理信息科学,3,561,97571
2024,6205,兰州交通大学,022,生物制药,2,537,126071
2024,6205,兰州交通大学,023,国际经济与贸易,2,577,79361
2024,6205,兰州交通大学,024,工商管理,1,582,73931
2024,6205,兰州交通大学,025,市场营销,3,571,85624
2024,6205,兰州交通大学,026,会计学,2,589,65845
2024,6205,兰州交通大学,027,财务管理,2,587,68301
2024,6205,兰州交通大学,028,英语,2,573,84072
2024,6205,兰州交通大学,029,法语,1,580,76258
2024,6205,兰州交通大学,030,西班牙语,1,575,81915
2024,6205,兰州交通大学,031,应用化学,2,544,117456
2024,6205,兰州交通大学,032,化学工程与工艺,2,553,107159
2024,6205,兰州交通大学,033,过程装备与控制工程,2,548,113110
2024,6205,兰州交通大学,034,给排水科学与工程（茅以升班）,1,551,109583
2024,6205,兰州交通大学,035,车辆工程（詹天佑班）,2,582,72910
2024,6205,兰州交通大学,036,交通运输（茅以升班）,1,590,63993
2024,6205,兰州交通大学,037,土木工程（詹天佑班）,1,565,92673
2024,6205,兰州交通大学,038,土木工程（茅以升班）,1,561,97491
2024,6206,兰州博文科技学院,001,财务管理,2,535,128815
2024,6206,兰州博文科技学院,002,国际经济与贸易,2,532,132070
2024,6206,兰州博文科技学院,003,会计学,2,540,122255
2024,6206,兰州博文科技学院,004,英语,2,534,130009
2024,6206,兰州博文科技学院,005,大数据管理与应用,2,505,163281
2024,6206,兰州博文科技学院,006,工程管理,2,503,165448
2024,6206,兰州博文科技学院,009,电气工程及其自动化,2,492,
2024,6206,兰州博文科技学院,010,机械设计制造及其自动化,2,493,176757
2024,6206,兰州博文科技学院,013,土木工程,2,492,177756
2024,6206,兰州博文科技学院,014,自动化,2,492,
2024,6207,兰州理工大学,001,材料成型及控制工程,3,535,128064
2024,6207,兰州理工大学,002,金属材料工程,2,540,123214
2024,6207,兰州理工大学,003,焊接技术与工程,4,541,120981
2024,6207,兰州理工大学,004,功能材料（新能源材料方向）,4,530,133773
2024,6207,兰州理工大学,005,机械设计制造及其自动化,4,555,105206
2024,6207,兰州理工大学,006,智能制造工程,4,552,108434
2024,6207,兰州理工大学,007,能源与动力工程,3,549,111812
2024,6207,兰州理工大学,008,新能源科学与工程,4,548,113252
2024,6207,兰州理工大学,009,水利水电工程,3,540,122361
2024,6207,兰州理工大学,010,土木工程,6,516,150589
2024,6207,兰州理工大学,011,道路桥梁与渡河工程,4,527,137649
2024,6207,兰州理工大学,012,智能建造,3,539,123431
2024,6207,兰州理工大学,013,电气工程及其自动化,2,579,77264
2024,6207,兰州理工大学,014,电子信息科学与技术,4,554,106044
2024,6207,兰州理工大学,015,自动化,4,566,92264
2024,6207,兰州理工大学,016,机器人工程,3,556,103445
2024,6207,兰州理工大学,017,通信工程,4,558,101281
2024,6207,兰州理工大学,018,计算机科学与技术,4,569,88158
2024,6207,兰州理工大学,019,软件工程,10,549,111771
2024,6207,兰州理工大学,020,物联网工程,2,557,102037
2024,6207,兰州理工大学,021,网络空间安全,4,552,108522
2024,6207,兰州理工大学,022,工商管理,2,579,76713
2024,6207,兰州理工大学,023,过程装备与控制工程,2,545,116737
2024,6207,兰州理工大学,024,环境工程,2,528,136327
2024,6207,兰州理工大学,025,安全工程,2,526,138534
2024,6207,兰州理工大学,026,机械电子工程,4,552,108233
2024,6207,兰州理工大学,027,会计学,2,594,60522
2024,6207,兰州理工大学,028,金融学,3,578,78224
2024,6207,兰州理工大学,029,国际经济与贸易,4,572,85542
2024,6207,兰州理工大学,030,工业设计,2,538,124726
2024,6207,兰州理工大学,031,建筑学,4,582,73843
2024,6207,兰州理工大学,032,城乡规划,3,577,79264
2024,6207,兰州理工大学,035,制药工程,3,527,137492
2024,6207,兰州理工大学,036,微电子科学与工程,4,556,104137
2024,6207,兰州理工大学,037,信息与计算科学,3,539,123303
2024,6207,兰州理工大学,038,英语,2,573,84309
2024,6207,兰州理工大学,039,法学,2,600,53924
2024,6207,兰州理工大学,040,知识产权,3,590,64903
2024,6208,兰州信息科技学院,001,电气工程及其自动化,6,492,
2024,6208,兰州信息科技学院,002,计算机科学与技术,6,492,
2024,6208,兰州信息科技学院,003,电子信息工程,8,492,
2024,6208,兰州信息科技学院,005,金属材料工程,6,492,
2024,6208,兰州信息科技学院,006,财务管理（数智财务方向）,4,534,129776
2024,6209,兰州财经大学,001,会计学,3,592,62696
2024,6209,兰州财经大学,002,审计学,3,588,66897
2024,6209,兰州财经大学,003,金融学,3,579,77103
2024,6209,兰州财经大学,004,投资学,3,571,86424
2024,6209,兰州财经大学,005,经济统计学,3,555,104603
2024,6209,兰州财经大学,006,统计学,3,509,158249
2024,6209,兰州财经大学,007,人力资源管理,2,572,84628
2024,6209,兰州财经大学,008,经济学,2,582,73687
2024,6209,兰州财经大学,009,国际商务,3,569,88820
2024,6209,兰州财经大学,010,计算机科学与技术,3,539,123853
2024,6209,兰州财经大学,011,电子信息工程,3,533,130936
2024,6209,兰州财经大学,012,智能科学与技术,3,502,166325
2024,6209,兰州财经大学,013,劳动与社会保障,3,569,88616
2024,6209,兰州财经大学,014,社会工作,2,582,73828
2024,6209,兰州财经大学,015,法学,2,596,57491
2024,6209,兰州财经大学,016,新闻学,2,580,75944
2024,6209,兰州财经大学,017,商务英语,3,569,88311
2024,6209,兰州财经大学,018,人文地理与城乡规划,3,571,86523
2024,6209,兰州财经大学,019,金融学（121中俄实验班）,2,554,105695
2024,6209,兰州财经大学,020,会计学（121中美实验班）,2,575,82023
2024,6209,兰州财经大学,021,国际商务（中英实验班）,2,560,99276
2024,6210,兰州资源环境职业技术大学,001,智慧气象技术,2,527,137411
2024,6210,兰州资源环境职业技术大学,002,人工智能工程技术,5,522,143427
2024,6210,兰州资源环境职业技术大学,003,现代精细化工技术,2,521,145037
2024,6210,兰州资源环境职业技术大学,004,应用化工技术,2,519,147239
2024,6210,兰州资源环境职业技术大学,501,电气自动化技术,2,508,159440
2024,6210,兰州资源环境职业技术大学,502,应用电子技术,3,497,172289
2024,6211,兰州工商学院,001,金融学,2,528,136734
2024,6211,兰州工商学院,002,财政学,2,530,134450
2024,6211,兰州工商学院,003,法学,2,549,111720
2024,6211,兰州工商学院,004,法学（律师实务方向）,3,541,121522
2024,6211,兰州工商学院,005,土木工程,3,492,
2024,6211,兰州工商学院,006,风景园林,3,532,132060
2024,6211,兰州工商学院,008,大数据管理与应用,3,493,176729
2024,6211,兰州工商学院,009,物流管理,3,528,136199
2024,6211,兰州工商学院,010,养老服务管理,2,532,131971
2024,6211,兰州工商学院,011,会计学,3,538,125311
2024,6211,兰州工商学院,012,会计学（管理会计方向）,2,542,120402
2024,6211,兰州工商学院,013,会计学（数智会计方向）,2,534,129184
2024,6211,兰州工商学院,014,财务管理,2,536,127720
2024,6211,兰州工商学院,015,审计学,2,538,125385
2024,6211,兰州工商学院,016,资产评估,3,528,136774
2024,6213,天水师范学院,001,汉语言文学(师范),3,574,83036
2024,6213,天水师范学院,002,思想政治教育(师范),3,570,86906
2024,6213,天水师范学院,003,英语(师范),3,569,88650
2024,6213,天水师范学院,004,法学（法律实务）,3,572,85326
2024,6213,天水师范学院,005,化学(师范),3,494,175649
2024,6213,天水师范学院,007,电子信息工程,3,516,150551
2024,6213,天水师范学院,008,人工智能,3,516,150984
2024,6213,天水师范学院,009,数学与应用数学(师范),3,516,151088
2024,6213,天水师范学院,010,机械类,3,519,147399
2024,6214,西北民族大学,001,教育技术学,2,522,143310
2024,6214,西北民族大学,002,电子信息类,6,531,132957
2024,6214,西北民族大学,003,数字媒体技术,2,535,128388
2024,6214,西北民族大学,005,动物医学,5,525,140668
2024,6214,西北民族大学,006,食品科学与工程,3,492,
2024,6214,西北民族大学,007,计算机类,8,530,134364
2024,6214,西北民族大学,008,数学与应用数学,6,518,147987
2024,6214,西北民族大学,009,土木工程,2,537,125691
2024,6214,西北民族大学,010,无机非金属材料工程,4,496,172897
2024,6214,西北民族大学,011,道路桥梁与渡河工程,4,519,146907
2024,6214,西北民族大学,012,工商管理,4,569,88044
2024,6214,西北民族大学,013,法学,2,591,63873
2024,6214,西北民族大学,014,文物与博物馆学,2,589,65904
2024,6214,西北民族大学,015,民族学,2,571,85712
2024,6214,西北民族大学,016,社会学,3,573,84399
2024,6214,西北民族大学,017,英语,2,573,84398
2024,6214,西北民族大学,018,新闻传播学类,4,569,88512
2024,6214,西北民族大学,019,中国少数民族语言文学（零基础III）,1,585,69755
2024,6214,西北民族大学,020,汉语言文学,2,584,71671
2024,6215,西北师范大学,001,新闻学,2,587,68350
2024,6215,西北师范大学,002,英语(师范),2,606,47292
2024,6215,西北师范大学,003,材料科学与工程,2,537,125783
2024,6215,西北师范大学,004,化学工程与工艺,2,531,133165
2024,6215,西北师范大学,005,翻译,2,583,72897
2024,6215,西北师范大学,006,数学与应用数学(师范),4,559,99944
2024,6215,西北师范大学,007,哲学,1,602,51498
2024,6215,西北师范大学,008,特殊教育(师范),1,582,73785
2024,6215,西北师范大学,009,生物技术,2,492,
2024,6215,西北师范大学,010,经济学,1,586,68845
2024,6215,西北师范大学,011,物联网工程,1,542,120268
2024,6215,西北师范大学,013,汉语言文学(师范),3,615,38357
2024,6215,西北师范大学,014,数据科学与大数据技术,1,555,104867
2024,6215,西北师范大学,015,软件工程,2,553,107390
2024,6215,西北师范大学,016,汉语国际教育(师范),2,600,53705
2024,6215,西北师范大学,017,信息与计算科学,2,552,108052
2024,6215,西北师范大学,018,地理科学(师范),2,607,46387
2024,6215,西北师范大学,019,大数据管理与应用,1,575,81267
2024,6215,西北师范大学,020,计算机科学与技术,2,563,95854
2024,6215,西北师范大学,021,化学(师范),2,545,117074
2024,6215,西北师范大学,022,物理学(师范),2,569,88261
2024,6215,西北师范大学,023,广播电视编导,3,576,80529
2024,6215,西北师范大学,024,社会学类,1,608,45100
2024,6215,西北师范大学,025,文化产业管理,1,581,74611
2024,6215,西北师范大学,028,化学(中外合作办学),5,492,
2024,6217,甘肃农业大学,001,动物药学,5,504,164188
2024,6217,甘肃农业大学,002,金融学,5,568,89632
2024,6217,甘肃农业大学,003,财务管理,5,573,83614
2024,6217,甘肃农业大学,004,经济学,5,566,91451
2024,6217,甘肃农业大学,005,风景园林,5,565,93145
2024,6217,甘肃农业大学,006,数据科学与大数据技术,5,519,147323
2024,6218,甘肃政法大学,001,知识产权,1,601,52551
2024,6218,甘肃政法大学,002,政治学与行政学,2,597,56412
2024,6218,甘肃政法大学,003,社会工作,2,583,72621
2024,6218,甘肃政法大学,004,思想政治教育,1,596,58307
2024,6218,甘肃政法大学,005,人工智能,1,551,109286
2024,6218,甘肃政法大学,006,信息安全,1,538,125141
2024,6218,甘肃政法大学,007,网络空间安全,1,555,104446
2024,6218,甘肃政法大学,008,法学,15,603,50262
2024,6218,甘肃政法大学,009,国际经贸规则,1,599,54297
2024,6218,甘肃政法大学,010,侦查学,1,601,52169
2024,6218,甘肃政法大学,011,刑事科学技术,1,556,103298
2024,6218,甘肃政法大学,012,数据科学与大数据技术,1,530,133968
2024,6218,甘肃政法大学,013,密码科学与技术,1,524,141058
2024,6218,甘肃政法大学,014,司法鉴定学,1,599,54374
2024,6219,兰州石化职业技术大学,001,应用化工技术（石油化工技术）,2,516,151299
2024,6219,兰州石化职业技术大学,002,现代分析测试技术,2,513,153727
2024,6219,兰州石化职业技术大学,003,应用化工技术（化学工程与工艺）,2,517,150226
2024,6219,兰州石化职业技术大学,004,安全工程技术,2,516,150705
2024,6219,兰州石化职业技术大学,005,电气工程及自动化,2,532,131981
2024,6219,兰州石化职业技术大学,006,油气储运工程,2,521,144386
2024,6219,兰州石化职业技术大学,007,智能制造工程技术,1,528,136377
2024,6219,兰州石化职业技术大学,008,人工智能工程技术,2,526,139325
2024,6219,兰州石化职业技术大学,009,大数据与会计,3,556,104379
2024,6219,兰州石化职业技术大学,501,安全技术与管理,2,495,174840
2024,6219,兰州石化职业技术大学,502,商务英语,3,492,
2024,6219,兰州石化职业技术大学,503,大数据与会计,2,500,168720
2024,6219,兰州石化职业技术大学,505,油气储运技术,2,496,172967
2024,6219,兰州石化职业技术大学,506,电气自动化技术,2,505,163205
2024,6219,兰州石化职业技术大学,507,工业自动化仪表技术,2,492,
2024,6219,兰州石化职业技术大学,508,石油化工技术,3,514,153537
2024,6219,兰州石化职业技术大学,509,石油炼制技术,2,518,148362
2024,6219,兰州石化职业技术大学,510,分析检验技术,3,492,
2024,6219,兰州石化职业技术大学,511,材料工程技术（高分子）,3,492,
2024,6219,兰州石化职业技术大学,512,化工智能制造技术,3,492,
2024,6219,兰州石化职业技术大学,513,水环境智能监测与治理,2,492,
2024,6219,兰州石化职业技术大学,514,应用化工技术（化学工程与工艺）,2,492,
2024,6219,兰州石化职业技术大学,515,精细化工技术,2,492,
2024,6220,甘肃中医药大学,001,中医学（5+3一体化）,2,607,45953
2024,6220,甘肃中医药大学,002,中医学,4,552,108665
2024,6220,甘肃中医药大学,003,中医骨伤科学,3,529,135471
2024,6220,甘肃中医药大学,004,中西医临床医学,2,561,98341
2024,6220,甘肃中医药大学,005,针灸推拿学,2,550,110447
2024,6220,甘肃中医药大学,006,中医康复学,2,493,176107
2024,6220,甘肃中医药大学,007,康复治疗学,1,523,142187
2024,6220,甘肃中医药大学,008,临床医学,3,574,82313
2024,6220,甘肃中医药大学,009,预防医学,1,533,130302
2024,6220,甘肃中医药大学,010,中药学,3,492,
2024,6220,甘肃中医药大学,011,中药资源与开发,2,515,151741
2024,6220,甘肃中医药大学,012,药学,3,543,118878
2024,6220,甘肃中医药大学,013,护理学,4,537,125681
2024,6220,甘肃中医药大学,014,医学检验技术,1,513,154093
2024,6220,甘肃中医药大学,015,卫生检验与检疫,1,534,129821
2024,6220,甘肃中医药大学,016,医学信息工程,3,528,136949
2024,6220,甘肃中医药大学,017,智能医学工程,2,527,137314
2024,6220,甘肃中医药大学,018,运动康复,1,542,120062
2024,6221,陇东学院,001,经济学,2,566,92179
2024,6221,陇东学院,002,会计学,2,568,89614
2024,6221,陇东学院,003,统计学,2,500,168615
2024,6221,陇东学院,004,计算机科学与技术,1,523,142803
2024,6221,陇东学院,005,物联网工程,2,508,159386
2024,6221,陇东学院,006,数据科学与大数据技术,2,510,157168
2024,6221,陇东学院,007,生物科学(师范),1,510,157325
2024,6221,陇东学院,008,生物制药,2,507,160675
2024,6221,陇东学院,009,机械设计制造及其自动化,1,516,150539
2024,6221,陇东学院,010,电子信息工程,1,522,143453
2024,6221,陇东学院,011,自动化,1,518,148588
2024,6221,陇东学院,012,电气工程及其自动化,1,522,143885
2024,6221,陇东学院,013,安全工程,2,509,158325
2024,6222,兰州工业学院,001,智能建造,2,519,147312
2024,6222,兰州工业学院,002,机械设计制造及其自动化,2,529,134961
2024,6222,兰州工业学院,003,汽车服务工程,2,503,166064
2024,6222,兰州工业学院,004,智能制造工程,2,524,141169
2024,6222,兰州工业学院,005,新能源汽车工程,3,518,148374
2024,6222,兰州工业学院,006,电气工程及其自动化,2,529,134911
2024,6222,兰州工业学院,007,自动化,3,524,140862
2024,6222,兰州工业学院,008,物联网工程,2,518,148494
2024,6222,兰州工业学院,009,数字媒体技术,2,510,157455
2024,6222,兰州工业学院,010,智能科学与技术,2,516,150319
2024,6222,兰州工业学院,011,数据科学与大数据技术,2,515,151752
2024,6222,兰州工业学院,012,建筑环境与能源应用工程,2,518,148603
2024,6301,青海大学,001,经济学,2,629,25992
2024,6301,青海大学,002,信息管理与信息系统,1,611,41840
2024,6301,青海大学,003,金融学,2,625,29450
2024,6301,青海大学,004,旅游管理,2,614,39380
2024,6301,青海大学,005,工商管理类,2,621,32383
2024,6301,青海大学,006,临床医学,1,618,35375
2024,6301,青海大学,007,口腔医学,1,635,21527
2024,6301,青海大学,008,麻醉学,1,591,63408
2024,6301,青海大学,009,医学检验技术,1,583,71982
2024,6301,青海大学,010,护理学,1,555,105161
2024,6301,青海大学,011,中医学,1,570,87515
2024,6301,青海大学,012,药学,1,606,46643
2024,6301,青海大学,013,预防医学,1,614,39131
2024,6301,青海大学,014,草业科学,1,581,74347
2024,6301,青海大学,015,林学,1,558,101340
2024,6301,青海大学,016,植物生产类,3,578,78303
2024,6301,青海大学,017,动物科学,2,568,89250
2024,6301,青海大学,018,食品科学与工程,2,575,81367
2024,6301,青海大学,019,化工与制药类,2,589,66049
2024,6301,青海大学,020,应用化学,1,602,51411
2024,6301,青海大学,021,自动化,1,617,35940
2024,6301,青海大学,022,过程装备与控制工程,1,596,57771
2024,6301,青海大学,023,水利水电工程,2,592,62121
2024,6301,青海大学,024,土木工程,2,597,56474
2024,6301,青海大学,025,城乡规划,1,621,33040
2024,6301,青海大学,026,机械设计制造及其自动化,2,610,43034
2024,6301,青海大学,027,机械电子工程,1,596,57473
2024,6301,青海大学,028,材料科学与工程,1,603,50603
2024,6301,青海大学,029,生物工程,1,599,54005
2024,6301,青海大学,030,环境生态工程,1,580,75252
2024,6301,青海大学,031,生物技术,1,603,50142
2024,6301,青海大学,032,生态学,1,602,51873
2024,6301,青海大学,033,测绘工程,1,591,63340
2024,6301,青海大学,034,电气工程及其自动化,2,626,28086
2024,6301,青海大学,035,环境工程,2,587,67965
2024,6301,青海大学,036,临床医学（卓越医师）,1,628,26566
2024,6301,青海大学,037,动物医学（卓越兽医师）,2,604,48788
2024,6301,青海大学,038,水利水电工程（卓越工程师）,1,592,62591
2024,6301,青海大学,039,土木工程（创新实验班）,1,590,63953
2024,6301,青海大学,040,材料成型及控制工程（卓越工程师）,1,588,66404
2024,6301,青海大学,041,计算机科学与技术（绿色算力创新班）,1,617,36079
2024,6301,青海大学,042,新能源材料与器件（计算材料创新班）,2,610,42899
2024,6303,青海民族大学,001,法学,2,583,72357
2024,6303,青海民族大学,002,汉语言文学,2,580,76266
2024,6303,青海民族大学,003,秘书学,2,567,90960
2024,6303,青海民族大学,004,数学与应用数学(师范),2,512,155237
2024,6303,青海民族大学,005,物理学(师范),2,492,
2024,6303,青海民族大学,006,应用化学,2,504,164153
2024,6303,青海民族大学,007,生物科学,2,502,166457
2024,6303,青海民族大学,008,应用心理学,2,569,88667
2024,6303,青海民族大学,009,水利水电工程,2,524,141403
2024,6303,青海民族大学,010,交通运输,2,500,168683
2024,6303,青海民族大学,011,会计学,2,572,85311
2024,6303,青海民族大学,012,行政管理,2,563,95249
2024,6303,青海民族大学,013,土地资源管理(中外合作办学),6,492,
2024,6305,青海理工学院,001,环境生态工程,2,515,151581
2024,6305,青海理工学院,002,大气科学,2,515,152223
2024,6305,青海理工学院,003,计算机科学与技术,4,515,151455
2024,6305,青海理工学院,004,信息工程,2,518,148737
2024,6305,青海理工学院,005,自动化,2,518,148196
2024,6305,青海理工学院,006,新能源科学与工程,2,523,142307
2024,6305,青海理工学院,007,遥感科学与技术,4,510,157346
2024,6305,青海理工学院,008,金融科技,2,518,148034
2024,6404,北方民族大学,001,电子信息类,1,531,133048
2024,6404,北方民族大学,002,生物科学类,2,492,
2024,6404,北方民族大学,003,新闻传播学类,1,580,76224
2024,6404,北方民族大学,004,数学类,1,542,119838
2024,6404,北方民族大学,012,电气工程及其自动化,1,552,108188
2024,6404,北方民族大学,013,软件工程(中外合作办学),3,512,155164
2024,6405,宁夏大学,001,英语,2,611,42299
2024,6405,宁夏大学,002,工商管理（英国高等教育文凭项目）,2,608,45524
2024,6405,宁夏大学,003,会计学（英国高等教育文凭项目）,2,614,39255
2024,6405,宁夏大学,004,数学与应用数学(师范),2,611,42044
2024,6405,宁夏大学,005,城乡规划,2,616,37322
2024,6405,宁夏大学,006,葡萄与葡萄酒工程(中外合作办学),4,550,111058
2024,6405,宁夏大学,007,化学,4,585,70566
2024,6405,宁夏大学,008,化学工程与工艺,2,593,61206
2024,6405,宁夏大学,009,过程装备与控制工程,2,594,59593
2024,6405,宁夏大学,010,新能源材料与器件,3,607,46290
2024,6406,宁夏大学新华学院,001,计算机科学与技术,2,492,
2024,6406,宁夏大学新华学院,004,财务管理,2,538,125405
2024,6408,宁夏理工学院,001,会计学（智能会计）,6,535,129014
2024,6408,宁夏理工学院,002,财务管理（大数据财务）,6,530,134447
2024,6408,宁夏理工学院,003,电子商务（数智电商）,8,523,142542
2024,6408,宁夏理工学院,004,国际经济与贸易（数字贸易）,4,522,144223
2024,6408,宁夏理工学院,005,金融学,8,525,140003
2024,6408,宁夏理工学院,006,农村区域发展,4,527,137827
2024,6408,宁夏理工学院,007,电气工程及其自动化,16,492,
2024,6408,宁夏理工学院,008,电子信息工程,5,492,
2024,6408,宁夏理工学院,012,计算机类,14,492,
2024,6408,宁夏理工学院,013,机械工程,4,492,
2024,6408,宁夏理工学院,015,能源与动力工程,5,492,
2024,6408,宁夏理工学院,019,给排水科学与工程,4,492,
2024,6408,宁夏理工学院,020,智能建造,4,492,
2024,6408,宁夏理工学院,021,环境工程,4,492,
2024,6408,宁夏理工学院,023,制药工程（绿色智能制药）,6,492,
2024,6408,宁夏理工学院,026,英语,17,521,144989
2024,6408,宁夏理工学院,027,日语,4,523,142429
2024,6408,宁夏理工学院,029,交通运输（机场运行）,3,492,
2024,6408,宁夏理工学院,031,汉语言文学,9,540,122148
2024,6408,宁夏理工学院,032,学前教育,7,522,143979
2024,6409,宁夏医科大学,001,临床医学,12,583,72135
2024,6409,宁夏医科大学,002,麻醉学,1,599,54111
2024,6409,宁夏医科大学,003,医学影像学,1,587,67518
2024,6409,宁夏医科大学,004,眼视光医学,1,595,58492
2024,6409,宁夏医科大学,005,儿科学,1,577,79302
2024,6409,宁夏医科大学,006,临床医学,1,610,43191
2024,6409,宁夏医科大学,007,康复治疗学,1,528,136079
2024,6409,宁夏医科大学,008,基础医学,1,543,119005
2024,6409,宁夏医科大学,009,口腔医学,1,605,48412
2024,6409,宁夏医科大学,010,口腔医学,1,606,47087
2024,6409,宁夏医科大学,011,预防医学,2,492,
2024,6409,宁夏医科大学,012,卫生检验与检疫,1,523,142029
2024,6409,宁夏医科大学,013,中医学,2,566,92002
2024,6409,宁夏医科大学,014,针灸推拿学,1,559,100234
2024,6409,宁夏医科大学,015,中西医临床医学,1,572,84469
2024,6409,宁夏医科大学,016,中医康复学,1,553,106864
2024,6409,宁夏医科大学,017,护理学,8,519,147448
2024,6409,宁夏医科大学,018,药学,1,552,108826
2024,6409,宁夏医科大学,019,临床药学,1,587,68097
2024,6409,宁夏医科大学,020,中药学,1,547,114315
2024,6409,宁夏医科大学,021,医学信息工程,1,519,147361
2024,6409,宁夏医科大学,022,公共事业管理,1,570,87091
2024,6409,宁夏医科大学,023,医学检验技术,2,494,175376
2024,6417,银川科技学院,503,工程造价,2,492,
2024,6417,银川科技学院,505,计算机应用技术,2,492,
2024,6417,银川科技学院,510,网络新闻与传播,1,506,162272
2024,6501,石河子大学,001,环境工程,2,575,81058
2024,6501,石河子大学,002,机械设计制造及其自动化,4,587,67876
2024,6501,石河子大学,003,电子信息工程,2,598,55099
2024,6501,石河子大学,004,电气工程及其自动化,4,610,42877
2024,6501,石河子大学,005,计算机类,4,592,62219
2024,6501,石河子大学,006,软件工程（NIIT班）,10,576,80169
2024,6501,石河子大学,007,临床医学,4,593,61035
2024,6501,石河子大学,008,护理学,2,571,86260
2024,6501,石河子大学,009,口腔医学,2,601,52022
2024,6501,石河子大学,010,健康服务与管理,2,595,59362
2024,6501,石河子大学,011,制药工程,2,582,73512
2024,6501,石河子大学,012,工商管理类,4,601,52863
2024,6501,石河子大学,013,经济学类,4,579,77251
2024,6501,石河子大学,014,会计学,2,615,38544
2024,6501,石河子大学,015,审计学,4,609,44482
2024,6501,石河子大学,016,法学,2,624,30478
2024,6501,石河子大学,017,社会工作,2,596,58325
2024,6502,新疆财经大学,001,金融学,1,568,89179
2024,6502,新疆财经大学,002,金融科技,1,541,121236
2024,6502,新疆财经大学,003,金融工程,2,528,136210
2024,6502,新疆财经大学,004,保险学,2,562,96771
2024,6502,新疆财经大学,005,经济统计学,1,494,175387
2024,6502,新疆财经大学,006,统计学,1,510,157196
2024,6502,新疆财经大学,007,金融数学,2,495,173961
2024,6502,新疆财经大学,008,数据科学与大数据技术,1,514,152666
2024,6502,新疆财经大学,009,工商管理,2,568,89385
2024,6502,新疆财经大学,010,人力资源管理,1,566,92399
2024,6502,新疆财经大学,011,市场营销,1,562,97054
2024,6502,新疆财经大学,012,物流管理,1,520,146087
2024,6502,新疆财经大学,013,会计学,3,576,80580
2024,6502,新疆财经大学,014,财务管理,2,571,86105
2024,6502,新疆财经大学,015,审计学,1,576,80852
2024,6502,新疆财经大学,016,经济学,1,572,84850
2024,6502,新疆财经大学,017,数字经济,2,531,132746
2024,6502,新疆财经大学,018,财政学,1,571,85986
2024,6502,新疆财经大学,019,税收学,1,568,89922
2024,6502,新疆财经大学,020,行政管理,1,564,94814
2024,6502,新疆财经大学,021,会展经济与管理,1,562,96661
2024,6502,新疆财经大学,022,国际商务,1,558,101290
2024,6502,新疆财经大学,023,商务英语,1,562,96981
2024,6502,新疆财经大学,024,法学,2,571,86541
2024,6502,新疆财经大学,025,新闻学,3,560,98927
2024,6502,新疆财经大学,026,网络与新媒体,1,566,92543
2024,6502,新疆财经大学,027,信息管理与信息系统,2,529,135024
2024,6502,新疆财经大学,028,电子商务,2,492,
2024,6502,新疆财经大学,029,计算机科学与技术,2,518,148117
2024,6502,新疆财经大学,030,网络空间安全,2,499,169583
2024,6502,新疆财经大学,031,工程造价,1,520,146053
2024,6502,新疆财经大学,032,汉语言文学,1,572,84977
2024,6502,新疆财经大学,033,汉语国际教育,1,564,94810
2024,6502,新疆财经大学,034,人工智能,2,508,160037
2024,6503,新疆科技学院,001,会计学,3,566,91443
2024,6503,新疆科技学院,002,计算机科学与技术,4,503,165647
2024,6503,新疆科技学院,003,信息安全,4,499,170020
2024,6503,新疆科技学院,004,软件工程,4,507,160659
2024,6503,新疆科技学院,005,数字媒体技术,4,499,169706
2024,6503,新疆科技学院,006,医学信息工程,4,504,164684
2024,6503,新疆科技学院,007,物联网工程,4,500,168571
2024,6503,新疆科技学院,008,化学工程与工艺,4,507,160848
2024,6503,新疆科技学院,009,纺织工程,4,502,166658
2024,6503,新疆科技学院,010,轻化工程,4,500,168585
2024,6503,新疆科技学院,011,精细化工,4,502,166603
2024,6503,新疆科技学院,012,非织造材料与工程,4,497,171964
2024,6503,新疆科技学院,013,药学,4,512,155015
2024,6503,新疆科技学院,014,医疗保险,3,551,109229
2024,6503,新疆科技学院,015,养老服务管理,3,551,109234
2024,6504,新疆大学,001,工商管理类,4,602,51603
2024,6504,新疆大学,002,国际经济与贸易,1,607,46157
2024,6504,新疆大学,003,经济学,1,622,32076
2024,6504,新疆大学,004,物流管理,1,602,51437
2024,6504,新疆大学,005,法学,3,630,24980
2024,6504,新疆大学,006,汉语言文学,3,618,35432
2024,6504,新疆大学,007,新闻传播学类,4,602,51852
2024,6504,新疆大学,008,俄语,1,606,47443
2024,6504,新疆大学,009,英语,2,604,49081
2024,6504,新疆大学,010,汉语国际教育,3,601,52914
2024,6504,新疆大学,011,数据科学与大数据技术,1,600,53731
2024,6504,新疆大学,012,数学与应用数学,2,600,53455
2024,6504,新疆大学,013,信息与计算科学,1,590,64750
2024,6504,新疆大学,014,物理学,2,585,69641
2024,6504,新疆大学,015,材料成型及控制工程,1,563,95078
2024,6504,新疆大学,016,化学工程与工艺,2,584,70680
2024,6504,新疆大学,017,能源化学工程,1,584,70940
2024,6504,新疆大学,018,生物科学,1,568,89855
2024,6504,新疆大学,019,智慧农业,1,580,75659
2024,6504,新疆大学,020,制药工程,2,568,89995
2024,6504,新疆大学,021,环境科学,2,563,95437
2024,6504,新疆大学,022,生态学,3,574,82647
2024,6504,新疆大学,023,地理信息科学,1,631,24409
2024,6504,新疆大学,024,遥感科学与技术,3,583,71795
2024,6504,新疆大学,025,自然地理与资源环境,2,610,43257
2024,6504,新疆大学,026,电子信息工程,3,601,52247
2024,6504,新疆大学,027,计算机科学与技术,3,605,47829
2024,6504,新疆大学,028,通信工程,1,606,46865
2024,6504,新疆大学,029,信息安全,2,592,62413
2024,6504,新疆大学,030,机器人工程,3,593,61026
2024,6504,新疆大学,031,机械工程,1,610,43441
2024,6504,新疆大学,032,机械工程,2,593,61172
2024,6504,新疆大学,033,机械工程（智能制造方向）,2,595,58763
2024,6504,新疆大学,034,交通工程,3,583,72040
2024,6504,新疆大学,035,电气工程及其自动化,3,619,34278
2024,6504,新疆大学,036,工程管理,1,588,66276
2024,6504,新疆大学,037,土木工程（含建筑工程、道路与桥梁工程、隧道与地下工程方向）,3,577,79156
2024,6504,新疆大学,038,纺织工程,2,585,70342
2024,6504,新疆大学,039,资源勘查工程,2,579,77066
2024,6504,新疆大学,040,软件工程,18,581,74776
2024,6504,新疆大学,041,自动化,1,604,48734
2024,6505,新疆理工学院,001,国际经济与贸易,1,556,103825
2024,6505,新疆理工学院,002,英语,3,556,104059
2024,6505,新疆理工学院,003,商务英语,2,555,105159
2024,6505,新疆理工学院,004,机械设计制造及其自动化,4,503,165391
2024,6505,新疆理工学院,005,机械电子工程,3,502,166510
2024,6505,新疆理工学院,006,机器人工程,2,514,152816
2024,6505,新疆理工学院,007,土木工程,2,502,166698
2024,6505,新疆理工学院,008,电气工程及其自动化,3,515,151464
2024,6505,新疆理工学院,009,测控技术与仪器,2,502,166951
2024,6505,新疆理工学院,010,物流工程,3,516,150917
2024,6505,新疆理工学院,011,材料成型及控制工程,2,511,156086
2024,6505,新疆理工学院,012,通信工程,3,497,171858
2024,6505,新疆理工学院,013,计算机科学与技术,2,511,156079
2024,6505,新疆理工学院,014,软件工程,2,505,163135
2024,6505,新疆理工学院,015,智能科学与技术,3,505,163464
2024,6505,新疆理工学院,016,数字媒体技术,2,501,167527
2024,6505,新疆理工学院,017,信息管理与信息系统,2,522,143921
2024,6505,新疆理工学院,018,医学信息工程,2,507,160509
2024,6505,新疆理工学院,019,过程装备与控制工程,6,505,163688
2024,6505,新疆理工学院,020,能源化学工程,2,500,169065
2024,6505,新疆理工学院,021,能源服务工程,2,511,156179
2024,6505,新疆理工学院,022,储能科学与工程,2,509,158267
2024,6505,新疆理工学院,023,食品营养与检验教育,3,492,
2024,6506,新疆工程学院,001,安全工程,3,510,157920
2024,6506,新疆工程学院,002,消防工程,2,501,167692
2024,6506,新疆工程学院,003,机械电子工程,2,510,157272
2024,6506,新疆工程学院,004,机械设计制造及其自动化,2,514,152716
2024,6506,新疆工程学院,005,测控技术与仪器,3,492,
2024,6506,新疆工程学院,006,自动化,4,512,155560
2024,6506,新疆工程学院,007,能源与动力工程,2,508,159413
2024,6506,新疆工程学院,008,新能源科学与工程,2,509,158798
2024,6506,新疆工程学院,009,土木工程,2,495,174259
2024,6506,新疆工程学院,010,通信工程,3,504,164093
2024,6506,新疆工程学院,011,物联网工程,2,511,156354
2024,6506,新疆工程学院,012,飞行器运维工程,3,505,163188
2024,6507,新疆农业大学,001,经济学,5,561,97821
2024,6507,新疆农业大学,002,经济与贸易类,15,549,112493
2024,6507,新疆农业大学,003,国际经济与贸易,10,558,101888
2024,6507,新疆农业大学,004,英语,10,557,102995
2024,6507,新疆农业大学,005,数学与应用数学,10,510,157953
2024,6507,新疆农业大学,006,应用化学,5,492,
2024,6507,新疆农业大学,007,人文地理与城乡规划,5,492,
2024,6507,新疆农业大学,008,电子信息科学与技术,5,520,145777
2024,6507,新疆农业大学,009,计算机科学与技术,5,524,140945
2024,6507,新疆农业大学,010,物联网工程,5,513,153726
2024,6507,新疆农业大学,011,土木工程,10,499,169779
2024,6507,新疆农业大学,012,水利水电工程,10,503,165637
2024,6507,新疆农业大学,013,智慧水利,5,505,162973
2024,6507,新疆农业大学,014,化学工程与工艺,5,492,
2024,6507,新疆农业大学,015,食品科学与工程,4,498,171190
2024,6507,新疆农业大学,016,食品质量与安全,4,492,
2024,6507,新疆农业大学,017,葡萄与葡萄酒工程,5,495,173881
2024,6507,新疆农业大学,018,土地科学与技术,5,504,164667
2024,6507,新疆农业大学,019,动物科学,10,492,
2024,6507,新疆农业大学,020,动物医学,10,503,165508
2024,6507,新疆农业大学,021,水产养殖学,5,499,170176
2024,6507,新疆农业大学,022,草坪科学与工程,5,494,175209
2024,6507,新疆农业大学,023,药学,5,492,
2024,6507,新疆农业大学,024,工商管理类,15,552,108511
2024,6507,新疆农业大学,025,市场营销,5,556,103369
2024,6507,新疆农业大学,026,会计学,5,566,91780
2024,6507,新疆农业大学,027,人力资源管理,5,561,98420
2024,6507,新疆农业大学,028,农林经济管理,5,559,100258
2024,6507,新疆农业大学,029,公共事业管理,5,557,102812
2024,6507,新疆农业大学,030,土地资源管理,10,556,103726
2024,6507,新疆农业大学,031,土木工程(中外合作办学),5,492,177041
2024,6509,新疆师范大学,001,思想政治教育(师范),1,579,77495
2024,6509,新疆师范大学,002,公共事业管理,3,565,93440
2024,6509,新疆师范大学,003,经济学,6,562,97239
2024,6509,新疆师范大学,004,数字经济,7,515,152194
2024,6509,新疆师范大学,005,小学教育(师范),2,579,77454
2024,6509,新疆师范大学,006,特殊教育(师范),2,572,84983
2024,6509,新疆师范大学,007,学前教育(师范),1,575,81843
2024,6509,新疆师范大学,008,汉语言文学(师范),10,581,74670
2024,6509,新疆师范大学,009,历史学(师范),6,580,76344
2024,6509,新疆师范大学,010,社会工作,4,567,91346
2024,6509,新疆师范大学,011,英语(师范),1,581,74823
2024,6509,新疆师范大学,012,俄语,7,562,96888
2024,6509,新疆师范大学,013,汉语国际教育,2,576,80373
2024,6509,新疆师范大学,014,数学与应用数学(师范),4,495,173901
2024,6509,新疆师范大学,015,信息与计算科学,4,497,172483
2024,6509,新疆师范大学,017,电子信息科学与技术,4,503,165231
2024,6509,新疆师范大学,018,光电信息科学与工程,1,517,149401
2024,6509,新疆师范大学,019,计算机科学与技术(师范),1,503,165442
2024,6509,新疆师范大学,020,软件工程,5,493,176040
2024,6509,新疆师范大学,021,生物科学(师范),1,497,171785
2024,6510,新疆第二医学院,001,临床医学,17,492,
2024,6510,新疆第二医学院,002,口腔医学,2,539,124115
2024,6510,新疆第二医学院,003,中西医临床医学,3,492,
2024,6510,新疆第二医学院,005,护理学,1,533,130884
2024,6510,新疆第二医学院,006,康复治疗学,1,510,158069
2024,6510,新疆第二医学院,007,预防医学,2,496,173290
2024,6510,新疆第二医学院,008,麻醉学,3,510,157603
2024,6515,塔里木大学,001,建筑学,3,560,99221
2024,6515,塔里木大学,002,道路桥梁与渡河工程,2,513,153885
2024,6515,塔里木大学,003,机械电子工程,5,518,148361
2024,6515,塔里木大学,004,电气工程及其自动化,3,524,141317
2024,6515,塔里木大学,005,纺织工程,7,492,177196
2024,6515,塔里木大学,006,网络空间安全,5,516,150408
2024,6515,塔里木大学,007,工商管理类,5,564,94744
2024,6515,塔里木大学,008,物流管理,5,559,100701
2024,6516,新疆医科大学,001,临床医学（5+3一体化）,1,618,35014
2024,6516,新疆医科大学,002,临床医学（5+3一体化，儿科学）,1,604,48969
2024,6516,新疆医科大学,003,临床医学,10,559,99802
2024,6516,新疆医科大学,004,口腔医学,3,588,66762
2024,6516,新疆医科大学,005,中西医临床医学,3,552,108642
2024,6516,新疆医科大学,006,中医学,6,492,
2024,6516,新疆医科大学,007,针灸推拿学,2,496,173281
2024,6516,新疆医科大学,008,麻醉学,2,562,96619
2024,6516,新疆医科大学,009,医学影像学,1,561,98364
2024,6516,新疆医科大学,010,医学检验技术,1,519,147005
2024,6516,新疆医科大学,011,药学,4,492,
2024,6516,新疆医科大学,012,预防医学,2,492,
2024,6516,新疆医科大学,014,精神医学,1,557,102464
2024,6516,新疆医科大学,015,中医康复学,1,496,173021
2024,6516,新疆医科大学,016,中药学,3,528,136966
2024,6516,新疆医科大学,017,公共事业管理,3,567,91191
2024,6517,中国石油大学(北京)克拉玛依校区,001,石油工程,2,604,49084
2024,6517,中国石油大学(北京)克拉玛依校区,002,计算机类,3,608,45377
2024,6517,中国石油大学(北京)克拉玛依校区,003,化学工程与工艺,3,586,68866
2024,6517,中国石油大学(北京)克拉玛依校区,004,能源化学工程,2,596,58248
2024,6517,中国石油大学(北京)克拉玛依校区,005,油气储运工程,2,597,56227
2024,6517,中国石油大学(北京)克拉玛依校区,006,机械设计制造及其自动化,2,602,51278
2024,6517,中国石油大学(北京)克拉玛依校区,007,过程装备与控制工程,2,594,59563
2024,6517,中国石油大学(北京)克拉玛依校区,008,环境工程,2,587,68002
2024,6517,中国石油大学(北京)克拉玛依校区,009,自动化,2,600,53844
2024,6517,中国石油大学(北京)克拉玛依校区,010,新能源科学与工程,2,602,51286
2024,6517,中国石油大学(北京)克拉玛依校区,011,数学与应用数学,2,595,58517
2024,6517,中国石油大学(北京)克拉玛依校区,012,统计学,2,598,56089
2024,6517,中国石油大学(北京)克拉玛依校区,013,会计学,2,623,31331
2024,6517,中国石油大学(北京)克拉玛依校区,014,经济学,2,607,46542
2024,6517,中国石油大学(北京)克拉玛依校区,015,金融学,2,607,46511
2024,6518,喀什大学,001,思想政治教育(师范),2,572,84508
2024,6518,喀什大学,002,汉语言文学(师范),2,577,79750
2024,6518,喀什大学,003,土木工程,3,504,164287
2024,6518,喀什大学,004,食品科学与工程,3,507,160831
2024,6519,新疆政法学院,002,法学,8,569,88957
2024,6519,新疆政法学院,003,工商管理,4,557,102992
2024,6519,新疆政法学院,004,公共事业管理,4,556,103456
2024,6519,新疆政法学院,005,国际经济与贸易,4,556,103508
2024,6519,新疆政法学院,006,计算机科学与技术,6,498,171152
2024,6519,新疆政法学院,007,英语,4,557,103100
2024,6519,新疆政法学院,008,监狱学,4,568,89871
2024,6519,新疆政法学院,009,社区矫正,2,560,99063
2024,6519,新疆政法学院,010,财务管理,4,565,93040
2024,6519,新疆政法学院,011,学前教育,2,557,103151
2024,6519,新疆政法学院,012,历史学,2,568,90164
2024,6519,新疆政法学院,013,政治学与行政学,3,559,99947
2024,6519,新疆政法学院,014,知识产权,4,561,97731
2024,6519,新疆政法学院,015,国家安全学,4,565,93402
2024,6519,新疆政法学院,016,马克思主义理论,2,561,98311
2024,6519,新疆政法学院,017,数学与应用数学,6,494,174924
2024,6520,新疆和田学院,001,思想政治教育(师范),2,560,99052
2024,6520,新疆和田学院,002,学前教育(师范),2,544,117575
2024,6520,新疆和田学院,003,小学教育(师范),2,557,102778
2024,6520,新疆和田学院,004,计算机科学与技术,2,508,159349
2024,6520,新疆和田学院,005,数据科学与大数据技术,2,499,169657
2024,6520,新疆和田学院,006,医学检验技术,2,501,167504
2024,6520,新疆和田学院,509,现代文秘,1,503,166245
2024,6520,新疆和田学院,520,计算机应用技术,1,500,168835
2024,6521,伊犁师范大学,001,人工智能,5,503,165349
2024,6521,伊犁师范大学,002,网络工程,5,496,173166
2024,6522,昌吉学院,001,英语(师范),1,555,105520
2024,6522,昌吉学院,002,数学与应用数学(师范),1,499,169582
2024,6522,昌吉学院,003,科学教育(师范),1,530,134318
2024,6522,昌吉学院,004,化工安全工程,1,512,154967
2024,8103,香港珠海学院,001,文学与社会科学院,4,578,78419
2024,8103,香港珠海学院,002,商学院,7,573,84329
2024,8103,香港珠海学院,003,理工学院,3,529,135447
2024,9001,海军军医大学,011,临床医学（高级临床医师）,5,669,5166
2024,9001,海军军医大学,012,临床医学（临床医师）,10,648,13369
2024,9001,海军军医大学,013,麻醉学（临床麻醉医师）,1,652,11846
2024,9001,海军军医大学,014,医学影像学（临床影像医师）,1,648,13418
2024,9001,海军军医大学,015,中医学（中医临床医师）,1,648,13618
2024,9001,海军军医大学,016,药学（药剂师）,2,639,18693
2024,9001,海军军医大学,017,中药学（药剂师）,1,645,15052
2024,9001,海军军医大学,018,生物技术,1,643,16474
2024,9001,海军军医大学,019,护理学（护师）,2,633,22774
2024,9031,中国人民警察大学,001,消防工程,2,592,62399
2024,9031,中国人民警察大学,009,火灾勘查,2,576,80538
2024,9031,中国人民警察大学,013,抢险救援指挥与技术,2,588,66759
2024,9031,中国人民警察大学,015,核生化消防,3,588,66802
2024,9031,中国人民警察大学,016,海外安全管理,4,612,41250
2024,9034,中国人民公安大学,001,法学,3,660,8262
