year,college_code,college_name,major_code,major_name,plan_count,min_score,min_rank
2021,0001,浙江大学(一流大学建设高校),001,人文科学试验班,201,662,3548
2021,0001,浙江大学(一流大学建设高校),002,社会科学试验班,188,667,2356
2021,0001,浙江大学(一流大学建设高校),003,社会科学试验班(竺可桢学院人文社科实验班、智能财务班),3,686,350
2021,0001,浙江大学(一流大学建设高校),004,理科试验班类,108,667,2397
2021,0001,浙江大学(一流大学建设高校),005,理科试验班(生命、环境、化学与地学),114,657,4733
2021,0001,浙江大学(一流大学建设高校),006,工科试验班,533,659,4180
2021,0001,浙江大学(一流大学建设高校),007,工科试验班(信息),243,671,1694
2021,0001,浙江大学(一流大学建设高校),008,工科试验班(材料、化工与高分子),166,654,5661
2021,0001,浙江大学(一流大学建设高校),009,工科试验班(竺可桢学院图灵班),3,686,337
2021,0001,浙江大学(一流大学建设高校),010,医学试验班(竺可桢学院巴德年医学班),26,678,867
2021,0001,浙江大学(一流大学建设高校),011,工科试验班(海洋),108,647,8223
2021,0001,浙江大学(一流大学建设高校),012,应用生物科学(农学),188,649,7583
2021,0001,浙江大学(一流大学建设高校),013,应用生物科学(生工食品),24,654,5923
2021,0002,中国美术学院(一流学科建设高校)(省重点建设高校),013,工业设计,50,610,32889
2021,0003,浙江工业大学(入选“2011计划”高校)(省重点建设高校),001,健行学院实验班,40,639,
2021,0003,浙江工业大学(入选“2011计划”高校)(省重点建设高校),002,化工与制药类(化学工程类),165,603,39160
2021,0003,浙江工业大学(入选“2011计划”高校)(省重点建设高校),003,安全工程,14,610,32698
2021,0003,浙江工业大学(入选“2011计划”高校)(省重点建设高校),004,生物工程类,64,607,35790
2021,0003,浙江工业大学(入选“2011计划”高校)(省重点建设高校),005,药学类(“2011计划”创新实验区),160,613,30308
2021,0003,浙江工业大学(入选“2011计划”高校)(省重点建设高校),006,环境科学与工程类,51,605,36986
2021,0003,浙江工业大学(入选“2011计划”高校)(省重点建设高校),007,材料类,40,600,41569
2021,0003,浙江工业大学(入选“2011计划”高校)(省重点建设高校),008,食品科学与工程类,52,604,38123
2021,0003,浙江工业大学(入选“2011计划”高校)(省重点建设高校),009,机械类,144,606,36742
2021,0003,浙江工业大学(入选“2011计划”高校)(省重点建设高校),010,机器人工程,65,615,28278
2021,0003,浙江工业大学(入选“2011计划”高校)(省重点建设高校),011,电气类,66,613,29877
2021,0003,浙江工业大学(入选“2011计划”高校)(省重点建设高校),012,电子信息类,82,615,28443
2021,0003,浙江工业大学(入选“2011计划”高校)(省重点建设高校),013,计算机类,238,619,25028
2021,0003,浙江工业大学(入选“2011计划”高校)(省重点建设高校),014,土木类,62,608,34662
2021,0003,浙江工业大学(入选“2011计划”高校)(省重点建设高校),015,数学类,43,613,29733
2021,0003,浙江工业大学(入选“2011计划”高校)(省重点建设高校),016,物理学类(物理与光电信息类),43,612,31238
2021,0003,浙江工业大学(入选“2011计划”高校)(省重点建设高校),017,工商管理类,118,615,28056
2021,0003,浙江工业大学(入选“2011计划”高校)(省重点建设高校),018,管理科学与工程类,44,609,33147
2021,0003,浙江工业大学(入选“2011计划”高校)(省重点建设高校),019,经济与贸易类,112,619,25515
2021,0003,浙江工业大学(入选“2011计划”高校)(省重点建设高校),020,应用心理学,18,614,28878
2021,0003,浙江工业大学(入选“2011计划”高校)(省重点建设高校),021,外国语言文学类,166,612,31156
2021,0003,浙江工业大学(入选“2011计划”高校)(省重点建设高校),022,汉语言文学,69,623,22497
2021,0003,浙江工业大学(入选“2011计划”高校)(省重点建设高校),023,新闻传播学类,75,621,23829
2021,0003,浙江工业大学(入选“2011计划”高校)(省重点建设高校),024,建筑类,95,616,27206
2021,0003,浙江工业大学(入选“2011计划”高校)(省重点建设高校),025,工业设计,39,617,26494
2021,0003,浙江工业大学(入选“2011计划”高校)(省重点建设高校),026,法学类,91,623,21870
2021,0003,浙江工业大学(入选“2011计划”高校)(省重点建设高校),027,公共管理类,66,611,31662
2021,0003,浙江工业大学(入选“2011计划”高校)(省重点建设高校),028,软件工程(中外合作办学),64,601,41326
2021,0003,浙江工业大学(入选“2011计划”高校)(省重点建设高校),029,土木工程(中外合作办学),32,590,52185
2021,0004,浙江师范大学(省重点建设高校),001,文科试验班类(师范),29,647,8156
2021,0004,浙江师范大学(省重点建设高校),002,理科试验班类(自然科学)(师范),57,637,13320
2021,0004,浙江师范大学(省重点建设高校),003,理科试验班类(工程技术),30,613,30400
2021,0004,浙江师范大学(省重点建设高校),004,工商管理类,133,598,43892
2021,0004,浙江师范大学(省重点建设高校),005,经济与贸易类,63,598,44533
2021,0004,浙江师范大学(省重点建设高校),006,法学类,88,615,28615
2021,0004,浙江师范大学(省重点建设高校),007,思想政治教育(师范),36,636,13489
2021,0004,浙江师范大学(省重点建设高校),008,小学教育(师范),9,641,11270
2021,0004,浙江师范大学(省重点建设高校),009,教育技术学(师范),33,620,24180
2021,0004,浙江师范大学(省重点建设高校),010,应用心理学(师范),44,623,22149
2021,0004,浙江师范大学(省重点建设高校),011,学前教育(师范),115,608,34582
2021,0004,浙江师范大学(省重点建设高校),014,汉语言文学(师范),62,641,10868
2021,0004,浙江师范大学(省重点建设高校),015,历史学(师范),26,638,12548
2021,0004,浙江师范大学(省重点建设高校),016,外国语言文学类,157,627,19101
2021,0004,浙江师范大学(省重点建设高校),017,法语,20,616,27661
2021,0004,浙江师范大学(省重点建设高校),024,文化产业管理,15,610,32881
2021,0004,浙江师范大学(省重点建设高校),027,数学类,83,626,19799
2021,0004,浙江师范大学(省重点建设高校),028,计算机类,108,598,44136
2021,0004,浙江师范大学(省重点建设高校),029,软件工程(中外合作办学),31,583,60653
2021,0004,浙江师范大学(省重点建设高校),030,物理学类,109,604,37960
2021,0004,浙江师范大学(省重点建设高校),031,电子信息类,63,594,47762
2021,0004,浙江师范大学(省重点建设高校),032,化学类,104,616,27671
2021,0004,浙江师范大学(省重点建设高校),033,生物科学类,121,625,20947
2021,0004,浙江师范大学(省重点建设高校),034,地理科学(师范),22,635,14152
2021,0004,浙江师范大学(省重点建设高校),035,城乡规划,30,599,42749
2021,0004,浙江师范大学(省重点建设高校),036,环境科学与工程,34,597,44729
2021,0004,浙江师范大学(省重点建设高校),037,机械类,65,586,56861
2021,0004,浙江师范大学(省重点建设高校),038,交通运输,56,592,50548
2021,0004,浙江师范大学(省重点建设高校),039,汉语国际教育(师范),51,624,21310
2021,0005,宁波大学(一流学科建设高校)(省重点建设高校),001,阳明创新班(人文),10,641,11168
2021,0005,宁波大学(一流学科建设高校)(省重点建设高校),002,工程力学(拔尖人才创新班),5,622,22905
2021,0005,宁波大学(一流学科建设高校)(省重点建设高校),003,通信工程(拔尖人才创新班),20,623,22420
2021,0005,宁波大学(一流学科建设高校)(省重点建设高校),004,水产养殖学(拔尖人才创新班),5,609,33512
2021,0005,宁波大学(一流学科建设高校)(省重点建设高校),005,经济学类,196,606,36606
2021,0005,宁波大学(一流学科建设高校)(省重点建设高校),006,工商管理类,190,607,35766
2021,0005,宁波大学(一流学科建设高校)(省重点建设高校),007,信息管理与信息系统,15,607,34987
2021,0005,宁波大学(一流学科建设高校)(省重点建设高校),008,金融学(全英文班),28,619,25526
2021,0005,宁波大学(一流学科建设高校)(省重点建设高校),009,国际经济与贸易(全英文班),28,616,27930
2021,0005,宁波大学(一流学科建设高校)(省重点建设高校),010,工商管理(中加学分互认),32,598,44497
2021,0005,宁波大学(一流学科建设高校)(省重点建设高校),011,法学类,154,625,20976
2021,0005,宁波大学(一流学科建设高校)(省重点建设高校),012,行政管理,33,608,34023
2021,0005,宁波大学(一流学科建设高校)(省重点建设高校),013,应用心理学,36,613,30193
2021,0005,宁波大学(一流学科建设高校)(省重点建设高校),014,小学教育(师范),22,625,20496
2021,0005,宁波大学(一流学科建设高校)(省重点建设高校),015,英语(小学师资)(师范),25,625,20768
2021,0005,宁波大学(一流学科建设高校)(省重点建设高校),017,思想政治教育(师范),21,627,19092
2021,0005,宁波大学(一流学科建设高校)(省重点建设高校),018,中国语言文学类,45,627,19534
2021,0005,宁波大学(一流学科建设高校)(省重点建设高校),019,传播学,45,620,24516
2021,0005,宁波大学(一流学科建设高校)(省重点建设高校),020,历史学,45,619,25534
2021,0005,宁波大学(一流学科建设高校)(省重点建设高校),021,人文地理与城乡规划(中外合作办学)(中法合作),20,595,47611
2021,0005,宁波大学(一流学科建设高校)(省重点建设高校),022,旅游管理(中外合作办学)(中法合作),24,587,55699
2021,0005,宁波大学(一流学科建设高校)(省重点建设高校),024,英语,144,616,27460
2021,0005,宁波大学(一流学科建设高校)(省重点建设高校),025,德语,42,606,36703
2021,0005,宁波大学(一流学科建设高校)(省重点建设高校),026,日语,47,608,34806
2021,0005,宁波大学(一流学科建设高校)(省重点建设高校),027,英语(师范),25,629,18263
2021,0005,宁波大学(一流学科建设高校)(省重点建设高校),028,建筑学,22,607,35505
2021,0005,宁波大学(一流学科建设高校)(省重点建设高校),029,工业设计,21,604,38609
2021,0005,宁波大学(一流学科建设高校)(省重点建设高校),033,物理学类,23,602,39701
2021,0005,宁波大学(一流学科建设高校)(省重点建设高校),034,数学类,28,617,26328
2021,0005,宁波大学(一流学科建设高校)(省重点建设高校),035,数学与应用数学(中外合作办学)(中美合作精算科学与风险管理),15,593,48850
2021,0005,宁波大学(一流学科建设高校)(省重点建设高校),036,化学类,35,599,43018
2021,0005,宁波大学(一流学科建设高校)(省重点建设高校),037,化学工程与工艺,13,602,39674
2021,0005,宁波大学(一流学科建设高校)(省重点建设高校),038,机械类,43,600,41986
2021,0005,宁波大学(一流学科建设高校)(省重点建设高校),039,智能制造工程,15,611,31964
2021,0005,宁波大学(一流学科建设高校)(省重点建设高校),040,机械设计制造及其自动化(国际贸易班),24,598,44379
2021,0005,宁波大学(一流学科建设高校)(省重点建设高校),041,电子信息类,163,604,38371
2021,0005,宁波大学(一流学科建设高校)(省重点建设高校),042,计算机科学与技术,56,613,29752
2021,0005,宁波大学(一流学科建设高校)(省重点建设高校),043,土木工程,51,597,45323
2021,0005,宁波大学(一流学科建设高校)(省重点建设高校),044,环境工程,4,607,34947
2021,0005,宁波大学(一流学科建设高校)(省重点建设高校),047,船舶与海洋工程,8,595,46818
2021,0005,宁波大学(一流学科建设高校)(省重点建设高校),048,物流管理,75,598,43829
2021,0005,宁波大学(一流学科建设高校)(省重点建设高校),049,生物科学类,30,600,41676
2021,0005,宁波大学(一流学科建设高校)(省重点建设高校),050,海洋药学,11,600,42456
2021,0005,宁波大学(一流学科建设高校)(省重点建设高校),051,食品科学与工程,30,600,41660
2021,0005,宁波大学(一流学科建设高校)(省重点建设高校),052,临床医学,175,606,36022
2021,0005,宁波大学(一流学科建设高校)(省重点建设高校),053,预防医学,45,607,35254
2021,0005,宁波大学(一流学科建设高校)(省重点建设高校),054,阳明创新班(理工),20,628,18381
2021,0006,杭州电子科技大学(省重点建设高校),001,法学,67,611,32213
2021,0006,杭州电子科技大学(省重点建设高校),002,英语,97,605,37627
2021,0006,杭州电子科技大学(省重点建设高校),003,工商管理类,107,604,38476
2021,0006,杭州电子科技大学(省重点建设高校),004,会计学,148,617,26389
2021,0006,杭州电子科技大学(省重点建设高校),005,财务管理,30,613,30346
2021,0006,杭州电子科技大学(省重点建设高校),006,审计学,30,615,28018
2021,0006,杭州电子科技大学(省重点建设高校),007,经济学类,119,602,39890
2021,0006,杭州电子科技大学(省重点建设高校),008,统计学,58,607,35467
2021,0006,杭州电子科技大学(省重点建设高校),009,智能制造工程,60,619,24939
2021,0006,杭州电子科技大学(省重点建设高校),010,电子信息类(电子信息学院),179,615,28201
2021,0006,杭州电子科技大学(省重点建设高校),011,电子信息类(通信学院),114,613,29862
2021,0006,杭州电子科技大学(省重点建设高校),012,智能科学与技术,80,624,21322
2021,0006,杭州电子科技大学(省重点建设高校),013,自动化,67,612,30997
2021,0006,杭州电子科技大学(省重点建设高校),014,计算机类,178,629,18007
2021,0006,杭州电子科技大学(省重点建设高校),015,数字媒体技术,45,618,25598
2021,0006,杭州电子科技大学(省重点建设高校),016,网络空间安全,55,622,22610
2021,0006,杭州电子科技大学(省重点建设高校),017,环境工程,12,604,38125
2021,0006,杭州电子科技大学(省重点建设高校),018,管理科学与工程类,27,606,35917
2021,0006,杭州电子科技大学(省重点建设高校),019,经管类实验班,20,633,15676
2021,0006,杭州电子科技大学(省重点建设高校),020,理工类实验班,30,636,13652
2021,0006,杭州电子科技大学(省重点建设高校),021,自动化(中外合作办学),30,601,41435
2021,0006,杭州电子科技大学(省重点建设高校),022,计算机科学与技术(中外合作办学),50,611,32146
2021,0007,浙江工商大学(省重点建设高校),001,哲学,11,604,38569
2021,0007,浙江工商大学(省重点建设高校),002,经济学类,195,599,42966
2021,0007,浙江工商大学(省重点建设高校),003,经济统计学,45,620,24773
2021,0007,浙江工商大学(省重点建设高校),004,金融学类,157,609,33842
2021,0007,浙江工商大学(省重点建设高校),005,保险学,11,599,43153
2021,0007,浙江工商大学(省重点建设高校),006,法学类,134,628,18748
2021,0007,浙江工商大学(省重点建设高校),007,社会工作,14,605,36901
2021,0007,浙江工商大学(省重点建设高校),008,汉语言文学,19,619,25243
2021,0007,浙江工商大学(省重点建设高校),009,法语,10,612,31276
2021,0007,浙江工商大学(省重点建设高校),010,阿拉伯语,15,586,57269
2021,0007,浙江工商大学(省重点建设高校),011,日语,47,601,41148
2021,0007,浙江工商大学(省重点建设高校),012,新闻传播学类,50,610,32800
2021,0007,浙江工商大学(省重点建设高校),013,历史学,9,620,24733
2021,0007,浙江工商大学(省重点建设高校),014,数学与应用数学,12,599,42746
2021,0007,浙江工商大学(省重点建设高校),015,应用统计学,29,617,26527
2021,0007,浙江工商大学(省重点建设高校),016,电子信息类,49,597,44989
2021,0007,浙江工商大学(省重点建设高校),017,计算机类,106,601,41359
2021,0007,浙江工商大学(省重点建设高校),018,物联网工程,4,601,41538
2021,0007,浙江工商大学(省重点建设高校),019,给排水科学与工程,2,594,48040
2021,0007,浙江工商大学(省重点建设高校),020,环境科学与工程类,36,590,51997
2021,0007,浙江工商大学(省重点建设高校),021,食品科学与工程类,61,591,51704
2021,0007,浙江工商大学(省重点建设高校),022,城乡规划,29,597,45556
2021,0007,浙江工商大学(省重点建设高校),023,生物工程,29,593,49531
2021,0007,浙江工商大学(省重点建设高校),024,工商管理类,208,601,41315
2021,0007,浙江工商大学(省重点建设高校),025,会计学,190,615,28817
2021,0007,浙江工商大学(省重点建设高校),026,公共管理类,164,592,50086
2021,0007,浙江工商大学(省重点建设高校),027,电子商务类,55,587,55942
2021,0007,浙江工商大学(省重点建设高校),028,旅游管理类,53,591,51864
2021,0007,浙江工商大学(省重点建设高校),033,数据科学与大数据技术,44,599,42737
2021,0007,浙江工商大学(省重点建设高校),034,外国语言文学类,133,601,40875
2021,0007,浙江工商大学(省重点建设高校),035,金融学(培养小微、普惠金融人才),100,594,48401
2021,0007,浙江工商大学(省重点建设高校),036,电子信息工程(中外合作办学),65,579,64298
2021,0007,浙江工商大学(省重点建设高校),037,通信工程(中外合作办学),64,574,69954
2021,0008,浙江理工大学(省重点建设高校),001,启新卓越实验班,30,620,24114
2021,0008,浙江理工大学(省重点建设高校),002,国际经济与贸易(英文授课班),26,594,48754
2021,0008,浙江理工大学(省重点建设高校),003,工商管理(英文授课班),26,590,52274
2021,0008,浙江理工大学(省重点建设高校),004,经济与贸易类,138,593,49053
2021,0008,浙江理工大学(省重点建设高校),005,工商管理类,113,595,47373
2021,0008,浙江理工大学(省重点建设高校),006,信息管理与信息系统,8,599,42633
2021,0008,浙江理工大学(省重点建设高校),007,大数据管理与应用,15,601,40591
2021,0008,浙江理工大学(省重点建设高校),008,电子信息类,27,603,38816
2021,0008,浙江理工大学(省重点建设高校),009,计算机类,141,605,37398
2021,0008,浙江理工大学(省重点建设高校),010,机械类,97,591,51138
2021,0008,浙江理工大学(省重点建设高校),011,电气类,76,592,50506
2021,0008,浙江理工大学(省重点建设高校),012,纺织类,15,592,50830
2021,0008,浙江理工大学(省重点建设高校),013,数学类(按数理类培养),38,598,44441
2021,0008,浙江理工大学(省重点建设高校),014,化学类,47,591,51638
2021,0008,浙江理工大学(省重点建设高校),015,生物科学类,32,593,49220
2021,0008,浙江理工大学(省重点建设高校),016,土木类,30,591,51575
2021,0008,浙江理工大学(省重点建设高校),017,工业设计,10,602,40117
2021,0008,浙江理工大学(省重点建设高校),018,外国语言文学类,88,597,44979
2021,0008,浙江理工大学(省重点建设高校),019,新闻传播学类,57,605,37316
2021,0008,浙江理工大学(省重点建设高校),020,法学类,63,609,33993
2021,0008,浙江理工大学(省重点建设高校),021,应用心理学,22,605,37404
2021,0008,浙江理工大学(省重点建设高校),022,服装设计与工程,31,595,46798
2021,0008,浙江理工大学(省重点建设高校),023,建筑类,71,595,47505
2021,0008,浙江理工大学(省重点建设高校),024,丝绸设计与工程,5,594,48004
2021,0008,浙江理工大学(省重点建设高校),025,行政管理,23,595,47102
2021,0008,浙江理工大学(省重点建设高校),026,新能源材料与器件,6,599,43068
2021,0008,浙江理工大学(省重点建设高校),027,能源与动力工程,6,600,41829
2021,0008,浙江理工大学(省重点建设高校),028,服装设计与工程(中外合作办学),29,578,65644
2021,0008,浙江理工大学(省重点建设高校),029,材料类,57,589,53607
2021,0009,温州医科大学(省重点建设高校),001,眼视光医学(5+3一体化),10,654,5697
2021,0009,温州医科大学(省重点建设高校),002,眼视光医学,30,641,10916
2021,0009,温州医科大学(省重点建设高校),003,眼视光医学(新医科班),9,652,6631
2021,0009,温州医科大学(省重点建设高校),004,生物医学工程(眼视光工程新工科班),6,635,14312
2021,0009,温州医科大学(省重点建设高校),005,临床医学(5+3一体化),47,645,9130
2021,0009,温州医科大学(省重点建设高校),006,临床医学,326,627,19157
2021,0009,温州医科大学(省重点建设高校),007,临床医学(5+3一体化，老年医学方向),5,640,11440
2021,0009,温州医科大学(省重点建设高校),008,临床医学(新医科班),14,644,9778
2021,0009,温州医科大学(省重点建设高校),009,临床医学(5+3一体化，儿科学方向),13,643,10272
2021,0009,温州医科大学(省重点建设高校),010,儿科学,58,621,23636
2021,0009,温州医科大学(省重点建设高校),011,临床医学(5+3一体化，麻醉学方向),5,643,9990
2021,0009,温州医科大学(省重点建设高校),012,麻醉学,57,622,22673
2021,0009,温州医科大学(省重点建设高校),013,临床医学(5+3一体化，精神医学方向),5,640,11426
2021,0009,温州医科大学(省重点建设高校),014,精神医学,49,607,35504
2021,0009,温州医科大学(省重点建设高校),015,临床医学(5+3一体化，放射医学方向),5,640,11433
2021,0009,温州医科大学(省重点建设高校),016,放射医学,29,607,35374
2021,0009,温州医科大学(省重点建设高校),017,口腔医学,29,643,10231
2021,0009,温州医科大学(省重点建设高校),018,中医学,24,621,23314
2021,0009,温州医科大学(省重点建设高校),019,临床医学(中外合作办学),53,615,28114
2021,0009,温州医科大学(省重点建设高校),020,预防医学,58,612,30841
2021,0009,温州医科大学(省重点建设高校),021,医学影像学,94,612,31185
2021,0009,温州医科大学(省重点建设高校),022,临床药学,46,609,33987
2021,0009,温州医科大学(省重点建设高校),023,基础医学,15,606,36532
2021,0009,温州医科大学(省重点建设高校),024,卫生检验与检疫,11,605,37433
2021,0009,温州医科大学(省重点建设高校),025,医学检验技术,90,602,39659
2021,0009,温州医科大学(省重点建设高校),026,应用心理学,40,598,44462
2021,0009,温州医科大学(省重点建设高校),027,药学类,143,592,50697
2021,0009,温州医科大学(省重点建设高校),028,生物技术,14,590,52858
2021,0009,温州医科大学(省重点建设高校),029,康复治疗学,53,588,54426
2021,0009,温州医科大学(省重点建设高校),030,生物医学工程,36,587,55756
2021,0009,温州医科大学(省重点建设高校),031,助产学,41,586,56550
2021,0009,温州医科大学(省重点建设高校),032,信息管理与信息系统,38,578,65714
2021,0009,温州医科大学(省重点建设高校),033,公共管理类,196,574,70889
2021,0009,温州医科大学(省重点建设高校),034,护理学,450,570,75244
2021,0009,温州医科大学(省重点建设高校),501,眼视光技术,60,540,109892
2021,0009,温州医科大学(省重点建设高校),502,护理,90,535,115309
2021,0010,浙江海洋大学(省市共建重点高校),001,海洋科学类(星颉实验班),30,584,58722
2021,0010,浙江海洋大学(省市共建重点高校),002,海洋科学类,85,573,72091
2021,0010,浙江海洋大学(省市共建重点高校),003,生物科学,70,572,72294
2021,0010,浙江海洋大学(省市共建重点高校),004,水产养殖学,24,569,76240
2021,0010,浙江海洋大学(省市共建重点高校),005,海洋渔业科学与技术,50,565,80740
2021,0010,浙江海洋大学(省市共建重点高校),006,海洋资源与环境,45,570,75503
2021,0010,浙江海洋大学(省市共建重点高校),007,食品科学与工程,58,570,74556
2021,0010,浙江海洋大学(省市共建重点高校),008,食品质量与安全,30,573,72029
2021,0010,浙江海洋大学(省市共建重点高校),009,药学,75,573,71281
2021,0010,浙江海洋大学(省市共建重点高校),010,船舶与海洋工程,25,567,78561
2021,0010,浙江海洋大学(省市共建重点高校),011,船舶与海洋工程(中外合作办学),7,562,83653
2021,0010,浙江海洋大学(省市共建重点高校),012,海洋工程与技术,15,567,78354
2021,0010,浙江海洋大学(省市共建重点高校),013,轮机工程(船机修造方向),12,574,70976
2021,0010,浙江海洋大学(省市共建重点高校),014,能源与动力工程,25,572,72161
2021,0010,浙江海洋大学(省市共建重点高校),015,交通管理,25,575,69492
2021,0010,浙江海洋大学(省市共建重点高校),018,电气工程及其自动化,45,571,73350
2021,0010,浙江海洋大学(省市共建重点高校),019,机械设计制造及其自动化,35,569,75737
2021,0010,浙江海洋大学(省市共建重点高校),020,机械电子工程,15,571,73487
2021,0010,浙江海洋大学(省市共建重点高校),021,土木工程,40,568,77712
2021,0010,浙江海洋大学(省市共建重点高校),022,港口航道与海岸工程,35,566,79267
2021,0010,浙江海洋大学(省市共建重点高校),023,油气储运工程,25,566,79797
2021,0010,浙江海洋大学(省市共建重点高校),024,海洋油气工程,10,568,77064
2021,0010,浙江海洋大学(省市共建重点高校),025,化学工程与工艺,25,570,75290
2021,0010,浙江海洋大学(省市共建重点高校),026,环境科学与工程,45,570,74589
2021,0010,浙江海洋大学(省市共建重点高校),027,安全工程,25,564,81533
2021,0010,浙江海洋大学(省市共建重点高校),028,数据科学与大数据技术,45,576,68420
2021,0010,浙江海洋大学(省市共建重点高校),029,机器人工程,20,573,71320
2021,0010,浙江海洋大学(省市共建重点高校),030,计算机科学与技术,50,578,65936
2021,0010,浙江海洋大学(省市共建重点高校),031,电子信息工程,30,574,70414
2021,0010,浙江海洋大学(省市共建重点高校),032,数学与应用数学(师范),50,580,63348
2021,0010,浙江海洋大学(省市共建重点高校),033,物理学(师范),40,575,69070
2021,0010,浙江海洋大学(省市共建重点高校),034,行政管理,70,578,66416
2021,0010,浙江海洋大学(省市共建重点高校),035,经济学,65,580,63043
2021,0010,浙江海洋大学(省市共建重点高校),036,财务管理,75,580,63897
2021,0010,浙江海洋大学(省市共建重点高校),037,旅游管理,15,576,67940
2021,0010,浙江海洋大学(省市共建重点高校),038,物流管理,50,574,69924
2021,0010,浙江海洋大学(省市共建重点高校),039,汉语言文学(师范),104,591,51884
2021,0010,浙江海洋大学(省市共建重点高校),040,汉语言文学(高级文秘方向),30,585,57575
2021,0010,浙江海洋大学(省市共建重点高校),041,历史学(师范),60,592,50144
2021,0010,浙江海洋大学(省市共建重点高校),042,小学教育(师范),84,597,45586
2021,0010,浙江海洋大学(省市共建重点高校),043,英语(师范),80,589,53422
2021,0010,浙江海洋大学(省市共建重点高校),044,英语,45,583,60048
2021,0010,浙江海洋大学(省市共建重点高校),045,商务英语,45,580,64074
2021,0011,浙江农林大学(省重点建设高校),001,农学,45,578,65956
2021,0011,浙江农林大学(省重点建设高校),002,植物保护,20,575,68997
2021,0011,浙江农林大学(省重点建设高校),003,林学,56,577,67428
2021,0011,浙江农林大学(省重点建设高校),004,动物科学,24,570,74619
2021,0011,浙江农林大学(省重点建设高校),005,动物医学,57,576,68744
2021,0011,浙江农林大学(省重点建设高校),006,园艺,65,573,71655
2021,0011,浙江农林大学(省重点建设高校),007,茶学,20,575,69441
2021,0011,浙江农林大学(省重点建设高校),008,新农科求真实验班,25,594,48683
2021,0011,浙江农林大学(省重点建设高校),009,林学(中外合作办学)(中加合作办学项目),10,572,73119
2021,0011,浙江农林大学(省重点建设高校),010,生物技术,15,583,60716
2021,0011,浙江农林大学(省重点建设高校),011,生态学(生态工程技术),37,578,66098
2021,0011,浙江农林大学(省重点建设高校),012,农业资源与环境,25,578,65375
2021,0011,浙江农林大学(省重点建设高校),013,地理信息科学,68,586,57212
2021,0011,浙江农林大学(省重点建设高校),015,测绘工程,14,583,59954
2021,0011,浙江农林大学(省重点建设高校),016,环境科学与工程,35,577,66874
2021,0011,浙江农林大学(省重点建设高校),017,木材科学与工程,46,573,71791
2021,0011,浙江农林大学(省重点建设高校),018,家具设计与工程,64,575,68919
2021,0011,浙江农林大学(省重点建设高校),019,应用化学,27,578,66334
2021,0011,浙江农林大学(省重点建设高校),020,高分子材料与工程,9,580,63611
2021,0011,浙江农林大学(省重点建设高校),021,园林,62,587,55472
2021,0011,浙江农林大学(省重点建设高校),022,风景园林,70,588,54586
2021,0011,浙江农林大学(省重点建设高校),023,城乡规划,40,584,58622
2021,0011,浙江农林大学(省重点建设高校),024,建筑学,44,586,57145
2021,0011,浙江农林大学(省重点建设高校),025,土木工程,29,577,66776
2021,0011,浙江农林大学(省重点建设高校),026,农林经济管理,35,583,60061
2021,0011,浙江农林大学(省重点建设高校),027,会计学,83,589,53496
2021,0011,浙江农林大学(省重点建设高校),028,国际经济与贸易,22,584,58895
2021,0011,浙江农林大学(省重点建设高校),032,工商管理,49,584,59336
2021,0011,浙江农林大学(省重点建设高校),033,电子商务,20,584,59403
2021,0011,浙江农林大学(省重点建设高校),034,金融工程,31,583,60053
2021,0011,浙江农林大学(省重点建设高校),035,法学,91,591,51807
2021,0011,浙江农林大学(省重点建设高校),036,城市管理,11,584,59256
2021,0011,浙江农林大学(省重点建设高校),037,广告学,45,586,56373
2021,0011,浙江农林大学(省重点建设高校),038,汉语言文学,69,592,50846
2021,0011,浙江农林大学(省重点建设高校),039,英语,103,584,59360
2021,0011,浙江农林大学(省重点建设高校),040,工业设计,7,580,63772
2021,0011,浙江农林大学(省重点建设高校),041,应用统计学,43,584,59314
2021,0011,浙江农林大学(省重点建设高校),042,数据科学与大数据技术,29,582,61045
2021,0011,浙江农林大学(省重点建设高校),043,计算机科学与技术,91,584,59039
2021,0011,浙江农林大学(省重点建设高校),044,智能科学与技术,12,581,62370
2021,0011,浙江农林大学(省重点建设高校),045,物联网工程,8,583,59811
2021,0011,浙江农林大学(省重点建设高校),046,机械设计制造及其自动化,18,579,64974
2021,0011,浙江农林大学(省重点建设高校),047,电子信息工程,59,579,64297
2021,0011,浙江农林大学(省重点建设高校),048,食品科学与工程,11,582,60960
2021,0011,浙江农林大学(省重点建设高校),049,食品质量与安全,29,580,63236
2021,0011,浙江农林大学(省重点建设高校),050,中药学,28,583,60153
2021,0011,浙江农林大学(省重点建设高校),051,生物制药,10,585,57803
2021,0011,浙江农林大学(省重点建设高校),052,文化产业管理(茶文化),20,583,60717
2021,0011,浙江农林大学(省重点建设高校),053,新工科求真实验班,25,599,42987
2021,0011,浙江农林大学(省重点建设高校),054,新文科求真实验班,25,601,40749
2021,0011,浙江农林大学(省重点建设高校),055,旅游管理,15,582,61756
2021,0012,浙江中医药大学(省重点建设高校),001,中医学(5+3一体化),99,627,19257
2021,0012,浙江中医药大学(省重点建设高校),002,中医学,95,617,26599
2021,0012,浙江中医药大学(省重点建设高校),003,中医骨伤科学,60,607,35258
2021,0012,浙江中医药大学(省重点建设高校),004,医学影像学,16,595,46836
2021,0012,浙江中医药大学(省重点建设高校),005,医学影像技术,13,579,64689
2021,0012,浙江中医药大学(省重点建设高校),006,临床医学,262,607,35225
2021,0012,浙江中医药大学(省重点建设高校),007,针灸推拿学,119,592,50140
2021,0012,浙江中医药大学(省重点建设高校),008,中医康复学,50,587,56086
2021,0012,浙江中医药大学(省重点建设高校),009,康复治疗学,44,583,59939
2021,0012,浙江中医药大学(省重点建设高校),010,儿科学,23,605,37540
2021,0012,浙江中医药大学(省重点建设高校),011,预防医学,58,597,45161
2021,0012,浙江中医药大学(省重点建设高校),012,口腔医学,47,626,19902
2021,0012,浙江中医药大学(省重点建设高校),013,中药学,102,597,45502
2021,0012,浙江中医药大学(省重点建设高校),014,药学,121,584,58514
2021,0012,浙江中医药大学(省重点建设高校),015,中草药栽培与鉴定,10,581,62960
2021,0012,浙江中医药大学(省重点建设高校),016,食品卫生与营养学,47,579,64846
2021,0012,浙江中医药大学(省重点建设高校),017,护理学,74,579,64999
2021,0012,浙江中医药大学(省重点建设高校),018,助产学,40,577,66764
2021,0012,浙江中医药大学(省重点建设高校),019,听力与言语康复学,79,575,69647
2021,0012,浙江中医药大学(省重点建设高校),020,医学检验技术,108,584,58604
2021,0012,浙江中医药大学(省重点建设高校),021,卫生检验与检疫,44,582,61143
2021,0012,浙江中医药大学(省重点建设高校),022,医学信息工程,30,574,70074
2021,0012,浙江中医药大学(省重点建设高校),023,生物科学,57,578,65587
2021,0012,浙江中医药大学(省重点建设高校),024,医学实验技术,46,580,63351
2021,0012,浙江中医药大学(省重点建设高校),025,公共事业管理,19,581,62602
2021,0012,浙江中医药大学(省重点建设高校),026,健康服务与管理,44,576,68260
2021,0012,浙江中医药大学(省重点建设高校),027,数据科学与大数据技术,19,580,63697
2021,0012,浙江中医药大学(省重点建设高校),028,中西医临床医学,53,607,35750
2021,0013,中国计量大学(省市共建重点高校),001,自动化类,51,589,53302
2021,0013,中国计量大学(省市共建重点高校),002,机械类,23,588,54622
2021,0013,中国计量大学(省市共建重点高校),003,测控技术与仪器,34,587,56179
2021,0013,中国计量大学(省市共建重点高校),004,能源与动力工程,6,592,50714
2021,0013,中国计量大学(省市共建重点高校),005,智能感知工程,10,588,54279
2021,0013,中国计量大学(省市共建重点高校),006,电子信息类,17,592,50894
2021,0013,中国计量大学(省市共建重点高校),007,计算机科学与技术,83,593,49368
2021,0013,中国计量大学(省市共建重点高校),008,计算机科学与技术(中外合作办学),120,571,73391
2021,0013,中国计量大学(省市共建重点高校),009,人工智能,49,589,53256
2021,0013,中国计量大学(省市共建重点高校),010,光电信息科学与工程,49,587,55266
2021,0013,中国计量大学(省市共建重点高校),011,电子科学与技术,8,590,52224
2021,0013,中国计量大学(省市共建重点高校),012,微电子科学与工程,2,597,45384
2021,0013,中国计量大学(省市共建重点高校),013,功能材料,2,588,54643
2021,0013,中国计量大学(省市共建重点高校),014,材料科学与工程,35,584,59260
2021,0013,中国计量大学(省市共建重点高校),015,应用化学,4,590,52329
2021,0013,中国计量大学(省市共建重点高校),016,质量管理工程,29,583,60037
2021,0013,中国计量大学(省市共建重点高校),017,工业工程,5,592,50804
2021,0013,中国计量大学(省市共建重点高校),018,安全工程,10,585,57680
2021,0013,中国计量大学(省市共建重点高校),019,环境工程,18,586,56509
2021,0013,中国计量大学(省市共建重点高校),020,信息管理与信息系统,6,590,52764
2021,0013,中国计量大学(省市共建重点高校),021,工商管理类,193,587,55555
2021,0013,中国计量大学(省市共建重点高校),022,金融学类,108,591,51746
2021,0013,中国计量大学(省市共建重点高校),023,金融工程(中外合作办学),100,576,67944
2021,0013,中国计量大学(省市共建重点高校),024,数学与应用数学,11,591,51009
2021,0013,中国计量大学(省市共建重点高校),025,数据科学与大数据技术,32,590,52771
2021,0013,中国计量大学(省市共建重点高校),026,食品质量与安全,66,585,58130
2021,0013,中国计量大学(省市共建重点高校),027,生物工程,25,587,55835
2021,0013,中国计量大学(省市共建重点高校),028,药学,10,591,51568
2021,0013,中国计量大学(省市共建重点高校),029,卫生检验与检疫,9,589,53269
2021,0013,中国计量大学(省市共建重点高校),030,法学类,175,596,46020
2021,0013,中国计量大学(省市共建重点高校),031,公共管理类,60,589,53889
2021,0013,中国计量大学(省市共建重点高校),032,汉语国际教育,33,592,50115
2021,0013,中国计量大学(省市共建重点高校),033,汉语言文学,76,597,44802
2021,0013,中国计量大学(省市共建重点高校),034,外国语言文学类,95,590,52873
2021,0013,中国计量大学(省市共建重点高校),035,工业设计,7,592,50537
2021,0013,中国计量大学(省市共建重点高校),036,广告学,46,592,49841
2021,0013,中国计量大学(省市共建重点高校),038,标准化工程,91,585,57585
2021,0014,浙江万里学院,001,会展经济与管理(中德2+2双学位班),50,542,107443
2021,0014,浙江万里学院,002,广告学(中德2+2双学位班),30,546,103521
2021,0014,浙江万里学院,003,国际经济与贸易(中外2+2双学位班),30,545,104525
2021,0014,浙江万里学院,006,电气工程及其自动化,22,535,115335
2021,0014,浙江万里学院,007,电子信息类,43,536,114470
2021,0014,浙江万里学院,008,机械电子工程,20,535,115963
2021,0014,浙江万里学院,009,网络空间安全,20,534,116319
2021,0014,浙江万里学院,010,人工智能,20,537,113140
2021,0014,浙江万里学院,011,计算机类,73,539,110586
2021,0014,浙江万里学院,012,统计学,41,546,102545
2021,0014,浙江万里学院,013,区块链工程,18,534,116889
2021,0014,浙江万里学院,014,法学,166,553,95387
2021,0014,浙江万里学院,015,电子商务及法律,35,549,100006
2021,0014,浙江万里学院,016,社会工作,28,548,101225
2021,0014,浙江万里学院,017,财务管理,75,550,98237
2021,0014,浙江万里学院,018,经济与贸易类,111,546,103338
2021,0014,浙江万里学院,019,会计学,103,553,94351
2021,0014,浙江万里学院,020,金融学类,95,549,99069
2021,0014,浙江万里学院,021,会展经济与管理,34,551,97452
2021,0014,浙江万里学院,022,资产评估,30,548,101116
2021,0014,浙江万里学院,023,生物工程类,96,545,104627
2021,0014,浙江万里学院,024,环境科学与工程类,58,543,106209
2021,0014,浙江万里学院,025,食品营养与健康,20,547,102405
2021,0014,浙江万里学院,026,食品科学与工程类,40,544,105261
2021,0014,浙江万里学院,027,日语,55,548,101268
2021,0014,浙江万里学院,028,商务英语,47,550,98713
2021,0014,浙江万里学院,029,英语,97,553,95265
2021,0014,浙江万里学院,030,汉语言文学,62,558,89093
2021,0014,浙江万里学院,031,新闻传播学类,166,551,97038
2021,0014,浙江万里学院,032,电子商务类,127,544,105296
2021,0014,浙江万里学院,033,物流管理,49,545,104705
2021,0014,浙江万里学院,034,工商管理,70,547,102283
2021,0014,浙江万里学院,035,供应链管理,31,546,103600
2021,0014,浙江万里学院,036,风景园林,35,550,98757
2021,0014,浙江万里学院,037,建筑学,32,552,96328
2021,0015,浙江科技学院,001,机械类,30,562,83866
2021,0015,浙江科技学院,002,能源与环境系统工程,44,567,78702
2021,0015,浙江科技学院,003,自动化类,47,565,81298
2021,0015,浙江科技学院,004,电气工程及其自动化,40,568,77661
2021,0015,浙江科技学院,005,机器人工程,47,566,79414
2021,0015,浙江科技学院,006,计算机类,133,573,71857
2021,0015,浙江科技学院,007,电子信息类,120,566,79582
2021,0015,浙江科技学院,008,土木工程,26,567,78809
2021,0015,浙江科技学院,009,城乡规划,32,575,69544
2021,0015,浙江科技学院,010,给排水科学与工程,13,563,82647
2021,0015,浙江科技学院,011,建筑学,47,577,66690
2021,0015,浙江科技学院,012,工程造价,44,561,84933
2021,0015,浙江科技学院,013,土木工程(中外合作办学)(中法合作),32,543,106459
2021,0015,浙江科技学院,014,化工与制药类,65,563,83188
2021,0015,浙江科技学院,015,食品科学与工程,39,565,80697
2021,0015,浙江科技学院,016,生物工程,42,564,82068
2021,0015,浙江科技学院,017,材料科学与工程,35,562,83902
2021,0015,浙江科技学院,018,轻化工程,24,562,84172
2021,0015,浙江科技学院,019,环境工程,34,567,78713
2021,0015,浙江科技学院,020,工业设计,26,566,79046
2021,0015,浙江科技学院,021,服装设计与工程,46,568,76727
2021,0015,浙江科技学院,024,信息管理与信息系统,23,565,80248
2021,0015,浙江科技学院,025,工商管理类,290,570,75563
2021,0015,浙江科技学院,026,国际商务(国际班),15,571,74459
2021,0015,浙江科技学院,027,经济与贸易类,47,575,69299
2021,0015,浙江科技学院,028,经济学(中外合作办学)(中美合作),90,561,85621
2021,0015,浙江科技学院,029,汉语言文学,29,582,61173
2021,0015,浙江科技学院,030,信息与计算科学,29,570,75015
2021,0015,浙江科技学院,031,数据科学与大数据技术,31,572,72554
2021,0015,浙江科技学院,032,应用物理学,19,561,84987
2021,0015,浙江科技学院,033,数据科学与大数据技术(中外合作办学)(中法合作),55,552,96058
2021,0015,浙江科技学院,034,英语,54,578,65629
2021,0015,浙江科技学院,035,德语,49,571,74292
2021,0015,浙江科技学院,036,机械类(中德2+3联合培养),14,558,89305
2021,0015,浙江科技学院,037,电气类(中德2+3联合培养),15,555,91942
2021,0015,浙江科技学院,038,土木类(中德2+3联合培养),11,548,101009
2021,0015,浙江科技学院,039,生物工程类(中德2+3联合培养),8,567,79028
2021,0015,浙江科技学院,040,工业工程类(中德2+3联合培养),8,572,72913
2021,0015,浙江科技学院,041,计算机类(中德2+3联合培养),7,570,75170
2021,0015,浙江科技学院,043,土木工程(中外合作办学)(中德合作),9,548,100366
2021,0015,浙江科技学院,044,工业工程(中外合作办学)(中德合作),30,555,92735
2021,0015,浙江科技学院,045,智能制造工程,49,564,81352
2021,0016,浙江财经大学(省重点建设高校),001,财政学类,199,606,36245
2021,0016,浙江财经大学(省重点建设高校),002,公共管理类,23,599,43479
2021,0016,浙江财经大学(省重点建设高校),003,管理科学与工程类,6,590,52262
2021,0016,浙江财经大学(省重点建设高校),004,建筑类,9,598,44042
2021,0016,浙江财经大学(省重点建设高校),005,工商管理类(财会类方向),434,602,39835
2021,0016,浙江财经大学(省重点建设高校),006,会计学(中外合作办学),70,594,48512
2021,0016,浙江财经大学(省重点建设高校),007,金融学类,224,609,33845
2021,0016,浙江财经大学(省重点建设高校),008,金融学(中外合作办学),60,592,50288
2021,0016,浙江财经大学(省重点建设高校),009,工商管理类,121,596,46244
2021,0016,浙江财经大学(省重点建设高校),010,市场营销(中外合作办学),10,590,52850
2021,0016,浙江财经大学(省重点建设高校),011,计算机类,97,595,46892
2021,0016,浙江财经大学(省重点建设高校),012,电子商务类,32,596,46188
2021,0016,浙江财经大学(省重点建设高校),013,经济与贸易类,218,597,44805
2021,0016,浙江财经大学(省重点建设高校),014,法学类,119,614,29433
2021,0016,浙江财经大学(省重点建设高校),015,外国语言文学类,82,595,47025
2021,0016,浙江财经大学(省重点建设高校),016,统计学类,107,599,42673
2021,0016,浙江财经大学(省重点建设高校),017,计算机类(大数据),34,600,41684
2021,0016,浙江财经大学(省重点建设高校),018,中国语言文学类,29,610,32503
2021,0016,浙江财经大学(省重点建设高校),019,新闻传播学类,31,608,34494
2021,0017,嘉兴学院,001,经济学,67,571,73980
2021,0017,嘉兴学院,002,金融学,62,569,75887
2021,0017,嘉兴学院,003,国际经济与贸易,75,565,80247
2021,0017,嘉兴学院,004,会计学,118,575,69542
2021,0017,嘉兴学院,005,财务管理,43,571,74466
2021,0017,嘉兴学院,006,工商管理,38,569,76413
2021,0017,嘉兴学院,007,人力资源管理,45,567,78242
2021,0017,嘉兴学院,008,物流管理,24,564,82109
2021,0017,嘉兴学院,009,市场营销,46,563,83527
2021,0017,嘉兴学院,010,信息管理与信息系统,10,560,86675
2021,0017,嘉兴学院,011,金融数学,33,565,80319
2021,0017,嘉兴学院,012,应用统计学,54,564,81994
2021,0017,嘉兴学院,013,数学与应用数学,18,566,79073
2021,0017,嘉兴学院,014,数据科学与大数据技术,9,564,81454
2021,0017,嘉兴学院,015,汉语言文学,60,579,65179
2021,0017,嘉兴学院,016,汉语国际教育,24,573,71460
2021,0017,嘉兴学院,017,法学,41,578,66301
2021,0017,嘉兴学院,018,知识产权,20,572,72524
2021,0017,嘉兴学院,019,英语,77,573,71531
2021,0017,嘉兴学院,020,日语,52,565,81235
2021,0017,嘉兴学院,021,临床医学,72,576,67935
2021,0017,嘉兴学院,022,药学,48,567,78974
2021,0017,嘉兴学院,023,护理学,77,564,81478
2021,0017,嘉兴学院,024,电子信息工程,6,561,85263
2021,0017,嘉兴学院,025,电气工程及其自动化,7,562,84698
2021,0017,嘉兴学院,026,机械设计制造及其自动化,4,563,83514
2021,0017,嘉兴学院,027,计算机科学与技术,26,565,81175
2021,0017,嘉兴学院,028,软件工程,28,562,84859
2021,0017,嘉兴学院,029,网络工程,24,559,87821
2021,0017,嘉兴学院,030,生物工程,22,562,84709
2021,0017,嘉兴学院,031,环境工程,34,560,86528
2021,0017,嘉兴学院,032,制药工程,20,561,85869
2021,0017,嘉兴学院,033,应用化学,15,559,87377
2021,0017,嘉兴学院,034,化学工程与工艺,10,559,88189
2021,0017,嘉兴学院,035,高分子材料与工程,10,560,86361
2021,0017,嘉兴学院,036,轻化工程,10,560,86722
2021,0017,嘉兴学院,037,纺织工程,20,559,87451
2021,0017,嘉兴学院,038,建筑学,36,567,78923
2021,0017,嘉兴学院,039,服装设计与工程,45,561,85117
2021,0017,嘉兴学院,044,小学教育(师范),64,585,57761
2021,0017,嘉兴学院,045,学前教育(师范),34,578,65485
2021,0017,嘉兴学院,501,大数据与会计,60,520,133309
2021,0017,嘉兴学院,502,商务英语,60,517,136295
2021,0017,嘉兴学院,503,应用日语,60,511,142649
2021,0018,浙大城市学院,001,计算机类,110,584,59596
2021,0018,浙大城市学院,002,数据科学与大数据技术,12,583,59664
2021,0018,浙大城市学院,003,人工智能,17,582,60817
2021,0018,浙大城市学院,004,统计学,18,582,61394
2021,0018,浙大城市学院,005,电子信息类,52,581,62840
2021,0018,浙大城市学院,006,自动化,15,580,63597
2021,0018,浙大城市学院,007,土木工程,24,577,67449
2021,0018,浙大城市学院,008,建筑学,58,582,61828
2021,0018,浙大城市学院,009,机械类,15,578,65891
2021,0018,浙大城市学院,010,临床医学,125,592,50675
2021,0018,浙大城市学院,011,药学,53,579,64167
2021,0018,浙大城市学院,012,金融学,83,583,59791
2021,0018,浙大城市学院,013,工商管理类,198,578,65612
2021,0018,浙大城市学院,014,旅游管理,27,577,67039
2021,0018,浙大城市学院,015,汉语言文学,66,587,55886
2021,0018,浙大城市学院,016,新闻传播学类,121,583,60668
2021,0018,浙大城市学院,017,英语,71,582,60927
2021,0018,浙大城市学院,018,商务英语,47,580,63893
2021,0018,浙大城市学院,019,日语,23,579,64193
2021,0018,浙大城市学院,020,法学,104,587,56168
2021,0018,浙大城市学院,021,行政管理,50,579,64159
2021,0018,浙大城市学院,022,金融学(中外合作办学),55,570,74645
2021,0018,浙大城市学院,023,会展经济与管理(中外合作办学),23,569,76331
2021,0019,浙大宁波理工学院,001,金融学,90,570,75165
2021,0019,浙大宁波理工学院,002,国际经济与贸易,70,568,77265
2021,0019,浙大宁波理工学院,003,财务管理,95,570,75180
2021,0019,浙大宁波理工学院,004,物流管理,58,563,83031
2021,0019,浙大宁波理工学院,005,电子商务,70,566,79077
2021,0019,浙大宁波理工学院,006,国际商务,74,564,81558
2021,0019,浙大宁波理工学院,007,法学,96,577,66998
2021,0019,浙大宁波理工学院,008,新闻学,67,573,71913
2021,0019,浙大宁波理工学院,009,网络与新媒体,96,574,70696
2021,0019,浙大宁波理工学院,010,英语,121,571,73436
2021,0019,浙大宁波理工学院,011,日语,60,566,79413
2021,0019,浙大宁波理工学院,012,工业设计,16,562,83839
2021,0019,浙大宁波理工学院,013,建筑学,50,570,75542
2021,0019,浙大宁波理工学院,014,机械设计制造及其自动化,21,563,83157
2021,0019,浙大宁波理工学院,015,能源与环境系统工程,40,563,82507
2021,0019,浙大宁波理工学院,016,电气工程及其自动化,17,564,81774
2021,0019,浙大宁波理工学院,017,自动化,17,563,82704
2021,0019,浙大宁波理工学院,018,电子信息工程,35,564,81344
2021,0019,浙大宁波理工学院,019,计算机科学与技术,60,569,75809
2021,0019,浙大宁波理工学院,020,数据科学与大数据技术,20,569,76346
2021,0019,浙大宁波理工学院,021,信息与计算科学,17,566,79907
2021,0019,浙大宁波理工学院,022,土木工程,18,562,83713
2021,0019,浙大宁波理工学院,023,高分子材料与工程,18,562,83984
2021,0019,浙大宁波理工学院,024,化学工程与工艺,44,560,86332
2021,0019,浙大宁波理工学院,025,生物工程,50,563,83348
2021,0019,浙大宁波理工学院,026,国际经济与贸易(中外合作办学),21,557,90651
2021,0019,浙大宁波理工学院,027,金融学(中外合作办学),41,555,92468
2021,0020,杭州师范大学(省重点建设高校),001,中国语言文学类,169,626,20064
2021,0020,杭州师范大学(省重点建设高校),002,历史学(师范),60,628,18654
2021,0020,杭州师范大学(省重点建设高校),003,物理学(师范),50,610,32318
2021,0020,杭州师范大学(省重点建设高校),004,科学教育(师范),17,627,19384
2021,0020,杭州师范大学(省重点建设高校),005,地理信息科学,11,613,29924
2021,0020,杭州师范大学(省重点建设高校),006,生物科学类,155,611,31845
2021,0020,杭州师范大学(省重点建设高校),007,环境工程,6,595,47048
2021,0020,杭州师范大学(省重点建设高校),012,文化产业管理,37,595,46898
2021,0020,杭州师范大学(省重点建设高校),013,经济学类,136,594,48012
2021,0020,杭州师范大学(省重点建设高校),014,法学类,94,613,30263
2021,0020,杭州师范大学(省重点建设高校),015,小学教育(师范),76,634,15130
2021,0020,杭州师范大学(省重点建设高校),016,教育技术学(师范),36,610,32445
2021,0020,杭州师范大学(省重点建设高校),017,应用心理学,31,610,33068
2021,0020,杭州师范大学(省重点建设高校),018,临床医学,206,600,42394
2021,0020,杭州师范大学(省重点建设高校),019,口腔医学,47,621,23846
2021,0020,杭州师范大学(省重点建设高校),020,预防医学,47,594,47938
2021,0020,杭州师范大学(省重点建设高校),021,药学,35,593,49731
2021,0020,杭州师范大学(省重点建设高校),022,护理学,6,595,47318
2021,0020,杭州师范大学(省重点建设高校),023,大数据管理与应用,12,596,45673
2021,0020,杭州师范大学(省重点建设高校),024,电子商务(数字商务创新实验班),27,594,48381
2021,0020,杭州师范大学(省重点建设高校),025,应用化学(中外合作办学),14,578,66400
2021,0020,杭州师范大学(省重点建设高校),026,高分子材料与工程(中外合作办学),14,574,70248
2021,0020,杭州师范大学(省重点建设高校),027,地理信息科学(中外合作办学),28,587,55567
2021,0020,杭州师范大学(省重点建设高校),028,国际商务,30,594,48248
2021,0020,杭州师范大学(省重点建设高校),031,社会工作,4,616,27297
2021,0020,杭州师范大学(省重点建设高校),032,电子商务,72,579,64981
2021,0020,杭州师范大学(省重点建设高校),033,日语,45,602,40434
2021,0020,杭州师范大学(省重点建设高校),034,朝鲜语,7,596,46479
2021,0020,杭州师范大学(省重点建设高校),035,翻译,30,609,33892
2021,0020,杭州师范大学(省重点建设高校),036,统计学,14,597,44880
2021,0020,杭州师范大学(省重点建设高校),037,高分子材料与工程,23,586,56673
2021,0020,杭州师范大学(省重点建设高校),038,公共管理类,45,595,47268
2021,0020,杭州师范大学(省重点建设高校),039,汉语言文学(经亨颐实验班)(师范),96,632,16056
2021,0020,杭州师范大学(省重点建设高校),040,数学类,163,610,32661
2021,0020,杭州师范大学(省重点建设高校),041,化学类,202,596,45705
2021,0020,杭州师范大学(省重点建设高校),042,数学与应用数学(经亨颐实验班)(师范),96,622,23014
2021,0020,杭州师范大学(省重点建设高校),043,英语(经亨颐实验班)(师范),98,627,19236
2021,0020,杭州师范大学(省重点建设高校),044,计算机类,159,589,53117
2021,0020,杭州师范大学(省重点建设高校),045,外国语言文学类,184,620,24732
2021,0020,杭州师范大学(省重点建设高校),046,社会学类,101,619,25313
2021,0021,湖州师范学院,001,小学教育(胡瑗班)(师范),10,616,27693
2021,0021,湖州师范学院,002,计算机科学与技术(图灵班),10,574,70551
2021,0021,湖州师范学院,003,电子信息类,8,564,82179
2021,0021,湖州师范学院,004,国际经济与贸易,18,571,74416
2021,0021,湖州师范学院,005,思想政治教育(师范),23,605,37641
2021,0021,湖州师范学院,006,中国语言文学类,96,589,53835
2021,0021,湖州师范学院,007,英语(师范),101,592,50837
2021,0021,湖州师范学院,008,日语,14,579,64830
2021,0021,湖州师范学院,009,俄语,10,571,74398
2021,0021,湖州师范学院,010,数学与应用数学(师范),59,583,60734
2021,0021,湖州师范学院,011,物理学(师范),17,579,64612
2021,0021,湖州师范学院,012,化学(师范),14,587,55962
2021,0021,湖州师范学院,013,生物工程类,8,564,82004
2021,0021,湖州师范学院,014,材料化学,5,563,82510
2021,0021,湖州师范学院,015,电气工程及其自动化,4,562,83729
2021,0021,湖州师范学院,016,建筑学,12,569,76086
2021,0021,湖州师范学院,017,临床医学,69,574,70077
2021,0021,湖州师范学院,018,口腔医学,47,590,52699
2021,0021,湖州师范学院,019,护理学,54,566,79523
2021,0021,湖州师范学院,020,历史学(师范),49,594,48231
2021,0021,湖州师范学院,021,应用心理学(师范),11,587,55307
2021,0021,湖州师范学院,022,学前教育(师范),5,595,47255
2021,0021,湖州师范学院,027,小学教育(师范),53,608,34786
2021,0021,湖州师范学院,028,教育技术学(师范),8,586,56387
2021,0021,湖州师范学院,029,知识产权,21,574,70515
2021,0021,湖州师范学院,030,数据科学与大数据技术,6,572,72679
2021,0021,湖州师范学院,031,计算机类,12,567,78135
2021,0021,湖州师范学院,032,科学教育(师范),29,593,49088
2021,0021,湖州师范学院,033,行政管理,18,577,67481
2021,0021,湖州师范学院,034,旅游管理,12,566,79184
2021,0021,湖州师范学院,035,机械设计制造及其自动化(师范),11,563,82888
2021,0021,湖州师范学院,036,生物科学(师范),41,587,55363
2021,0021,湖州师范学院,037,电子商务,15,567,78019
2021,0021,湖州师范学院,038,新闻学,18,582,61391
2021,0021,湖州师范学院,039,财务管理,45,568,77489
2021,0021,湖州师范学院,040,金融工程,22,566,79617
2021,0021,湖州师范学院,041,物流管理,17,563,82845
2021,0021,湖州师范学院,042,学前教育(中外合作办学)(师范),40,568,77808
2021,0021,湖州师范学院,501,学前教育(师范),47,533,117995
2021,0022,绍兴文理学院,001,汉语言文学(师范),136,596,46210
2021,0022,绍兴文理学院,002,小学教育(师范),70,592,50120
2021,0022,绍兴文理学院,003,英语(师范),60,588,54836
2021,0022,绍兴文理学院,004,数学与应用数学(师范),86,574,70419
2021,0022,绍兴文理学院,005,科学教育(师范),80,584,59369
2021,0022,绍兴文理学院,006,思想政治教育(师范),20,592,50753
2021,0022,绍兴文理学院,007,中国语言文学类,37,586,56818
2021,0022,绍兴文理学院,008,英语,22,582,61203
2021,0022,绍兴文理学院,009,日语,10,573,72061
2021,0022,绍兴文理学院,010,工商管理,77,568,77588
2021,0022,绍兴文理学院,011,会计学,97,574,71020
2021,0022,绍兴文理学院,012,国际经济与贸易,23,572,72709
2021,0022,绍兴文理学院,013,国际商务,41,565,80642
2021,0022,绍兴文理学院,014,法学,30,583,60679
2021,0022,绍兴文理学院,015,公共事业管理,50,567,78662
2021,0022,绍兴文理学院,016,临床医学,111,572,72802
2021,0022,绍兴文理学院,017,医学检验技术,18,574,70642
2021,0022,绍兴文理学院,018,医学影像学,30,575,69199
2021,0022,绍兴文理学院,019,康复治疗学,15,569,76046
2021,0022,绍兴文理学院,020,护理学,40,567,78431
2021,0022,绍兴文理学院,021,物理学,15,560,86674
2021,0022,绍兴文理学院,022,电子信息类,54,560,86074
2021,0022,绍兴文理学院,023,应用统计学,15,572,72839
2021,0022,绍兴文理学院,024,生物科学,15,571,73696
2021,0022,绍兴文理学院,025,环境科学,31,563,82558
2021,0022,绍兴文理学院,026,应用化学,25,561,85865
2021,0022,绍兴文理学院,027,高分子材料与工程,20,560,86519
2021,0022,绍兴文理学院,028,新能源材料与器件,15,560,86086
2021,0022,绍兴文理学院,029,药学,32,570,75458
2021,0022,绍兴文理学院,030,纺织工程,30,560,86949
2021,0022,绍兴文理学院,031,轻化工程,10,562,84199
2021,0022,绍兴文理学院,032,智能制造工程,15,559,87852
2021,0022,绍兴文理学院,033,数据科学与大数据技术,15,562,83838
2021,0022,绍兴文理学院,034,计算机类,58,564,81725
2021,0022,绍兴文理学院,035,机械电子工程,10,559,87702
2021,0022,绍兴文理学院,036,电气类,38,556,90766
2021,0022,绍兴文理学院,037,土木类,42,555,92407
2021,0022,绍兴文理学院,038,建筑学,15,572,73252
2021,0022,绍兴文理学院,039,工程管理,45,553,95149
2021,0022,绍兴文理学院,501,学前教育(师范),60,529,123007
2021,0022,绍兴文理学院,502,大数据与会计,80,516,137267
2021,0022,绍兴文理学院,503,酒店管理与数字化运营,80,509,145403
2021,0022,绍兴文理学院,504,商务英语,80,515,138951
2021,0023,台州学院,001,机械电子工程(杰克卓越工程师班),12,546,102824
2021,0023,台州学院,002,汉语言文学,66,578,66208
2021,0023,台州学院,003,汉语言文学(师范),72,586,56810
2021,0023,台州学院,004,思想政治教育(师范),30,584,59471
2021,0023,台州学院,005,历史学(师范),19,585,57881
2021,0023,台州学院,006,工商管理,24,564,81365
2021,0023,台州学院,007,国际经济与贸易,71,560,86339
2021,0023,台州学院,008,财务管理,69,565,80355
2021,0023,台州学院,009,旅游管理(创新实验班),40,558,88646
2021,0023,台州学院,010,金融学,21,566,79664
2021,0023,台州学院,011,英语,41,574,70652
2021,0023,台州学院,012,英语(师范),50,583,60130
2021,0023,台州学院,013,商务英语,85,562,84757
2021,0023,台州学院,014,俄语,25,557,90050
2021,0023,台州学院,015,计算机科学与技术,84,553,94356
2021,0023,台州学院,016,数学与应用数学(师范),54,569,76091
2021,0023,台州学院,017,电子信息工程,53,551,97643
2021,0023,台州学院,018,电气工程及其自动化,39,547,101768
2021,0023,台州学院,019,数据科学与大数据技术,30,552,96472
2021,0023,台州学院,020,生物科学,37,564,82353
2021,0023,台州学院,021,科学教育(师范),80,578,65839
2021,0023,台州学院,022,环境工程,36,558,88789
2021,0023,台州学院,023,生物制药,24,557,89708
2021,0023,台州学院,024,材料成型及控制工程,5,548,100217
2021,0023,台州学院,025,化学工程与工艺,18,556,90685
2021,0023,台州学院,026,制药工程,75,556,90826
2021,0023,台州学院,027,高分子材料与工程,33,554,93137
2021,0023,台州学院,028,材料科学与工程,4,545,103961
2021,0023,台州学院,029,材料物理,4,548,100762
2021,0023,台州学院,034,小学教育(师范),15,591,51030
2021,0023,台州学院,035,学前教育(师范),58,573,71299
2021,0023,台州学院,037,机械设计制造及其自动化,40,544,105553
2021,0023,台州学院,038,机械电子工程,24,545,104798
2021,0023,台州学院,039,无人驾驶航空器系统工程,20,544,105473
2021,0023,台州学院,040,智能制造工程,20,548,100466
2021,0023,台州学院,041,土木工程,5,549,99673
2021,0023,台州学院,042,给排水科学与工程,11,544,105245
2021,0023,台州学院,043,道路桥梁与渡河工程,13,542,107261
2021,0023,台州学院,044,建筑学,22,564,82351
2021,0023,台州学院,045,土木工程(中外合作办学),67,523,129885
2021,0023,台州学院,046,护理学,108,559,87479
2021,0023,台州学院,047,临床医学,83,568,77328
2021,0023,台州学院,048,医学检验技术,34,568,77876
2021,0023,台州学院,049,康复治疗学,51,561,85806
2021,0023,台州学院,050,助产学,53,557,89864
2021,0023,台州学院,051,金融学(小微金融),15,562,83666
2021,0024,温州大学(省市共建重点高校),001,财务管理,71,587,56167
2021,0024,温州大学(省市共建重点高校),002,工商管理,31,586,56730
2021,0024,温州大学(省市共建重点高校),003,国际经济与贸易,36,587,56259
2021,0024,温州大学(省市共建重点高校),004,金融工程,80,584,59258
2021,0024,温州大学(省市共建重点高校),005,法学,100,593,49062
2021,0024,温州大学(省市共建重点高校),006,行政管理,23,586,56616
2021,0024,温州大学(省市共建重点高校),007,思想政治教育(师范),32,612,30993
2021,0024,温州大学(省市共建重点高校),008,应用心理学(师范),35,595,47077
2021,0024,温州大学(省市共建重点高校),009,学前教育(师范),58,599,42666
2021,0024,温州大学(省市共建重点高校),010,小学教育(师范),56,615,28259
2021,0024,温州大学(省市共建重点高校),011,教育技术学(师范),10,594,48028
2021,0024,温州大学(省市共建重点高校),013,广告学,38,586,56506
2021,0024,温州大学(省市共建重点高校),014,汉语言文学(创意中文实验班),33,602,39862
2021,0024,温州大学(省市共建重点高校),015,汉语言文学(师范),42,617,26729
2021,0024,温州大学(省市共建重点高校),016,历史学(师范),26,612,30697
2021,0024,温州大学(省市共建重点高校),017,翻译,32,589,52995
2021,0024,温州大学(省市共建重点高校),018,英语(师范),67,610,32917
2021,0024,温州大学(省市共建重点高校),019,日语,19,588,54515
2021,0024,温州大学(省市共建重点高校),022,服装设计与工程(卓工超豪示范班),17,580,63248
2021,0024,温州大学(省市共建重点高校),024,数学与应用数学(师范),64,598,43775
2021,0024,温州大学(省市共建重点高校),025,物理学(师范),33,588,54206
2021,0024,温州大学(省市共建重点高校),026,信息与计算科学,23,578,65371
2021,0024,温州大学(省市共建重点高校),027,应用统计学,45,583,59946
2021,0024,温州大学(省市共建重点高校),028,化学(师范),63,591,50933
2021,0024,温州大学(省市共建重点高校),029,能源化学,27,574,70796
2021,0024,温州大学(省市共建重点高校),030,环境工程,23,581,63009
2021,0024,温州大学(省市共建重点高校),031,生物技术,24,583,59765
2021,0024,温州大学(省市共建重点高校),032,生物科学(师范),59,602,40150
2021,0024,温州大学(省市共建重点高校),033,生物制药,24,583,60015
2021,0024,温州大学(省市共建重点高校),034,生态学,29,574,70462
2021,0024,温州大学(省市共建重点高校),035,车辆工程,11,573,71563
2021,0024,温州大学(省市共建重点高校),036,工业工程,28,582,61086
2021,0024,温州大学(省市共建重点高校),037,机械工程(卓工超豪示范班),51,573,71215
2021,0024,温州大学(省市共建重点高校),038,智能制造工程,20,578,65782
2021,0024,温州大学(省市共建重点高校),039,建筑学,29,584,59364
2021,0024,温州大学(省市共建重点高校),040,土木工程,41,572,72448
2021,0024,温州大学(省市共建重点高校),041,电气工程及其自动化,63,577,67153
2021,0024,温州大学(省市共建重点高校),042,电子信息工程(内地与港澳台合作办学),60,562,83884
2021,0024,温州大学(省市共建重点高校),043,电子信息科学与技术,62,577,66500
2021,0024,温州大学(省市共建重点高校),044,计算机科学与技术,52,586,57298
2021,0024,温州大学(省市共建重点高校),045,人工智能,43,580,63482
2021,0024,温州大学(省市共建重点高校),046,数据科学与大数据技术,48,580,63457
2021,0024,温州大学(省市共建重点高校),047,网络工程(卓工超豪示范班),45,582,61015
2021,0024,温州大学(省市共建重点高校),048,化学类,105,573,71502
2021,0025,浙江外国语学院,001,英语(师范),98,597,44782
2021,0025,浙江外国语学院,002,英语,29,593,49403
2021,0025,浙江外国语学院,003,商务英语,26,582,60923
2021,0025,浙江外国语学院,004,翻译,60,583,60393
2021,0025,浙江外国语学院,005,日语,17,583,60348
2021,0025,浙江外国语学院,006,阿拉伯语,12,574,70481
2021,0025,浙江外国语学院,007,朝鲜语,19,573,71220
2021,0025,浙江外国语学院,008,土耳其语,5,573,72134
2021,0025,浙江外国语学院,009,法语,22,588,54721
2021,0025,浙江外国语学院,010,西班牙语,13,579,64218
2021,0025,浙江外国语学院,011,西班牙语(中外合作办学)(旅游方向),26,564,82254
2021,0025,浙江外国语学院,012,意大利语,17,576,68161
2021,0025,浙江外国语学院,013,葡萄牙语,17,575,69706
2021,0025,浙江外国语学院,014,俄语,22,576,68397
2021,0025,浙江外国语学院,015,德语,32,580,63861
2021,0025,浙江外国语学院,016,捷克语,6,571,74059
2021,0025,浙江外国语学院,017,波兰语,6,570,74833
2021,0025,浙江外国语学院,018,汉语言文学(师范),49,594,47926
2021,0025,浙江外国语学院,019,汉语言文学(涉外文秘),12,585,58487
2021,0025,浙江外国语学院,020,汉语国际教育,11,586,57216
2021,0025,浙江外国语学院,021,网络与新媒体,9,586,56935
2021,0025,浙江外国语学院,022,国际经济与贸易,25,580,63992
2021,0025,浙江外国语学院,023,国际经济与贸易(全英教学),37,576,68499
2021,0025,浙江外国语学院,024,国际商务(国际财务方向),10,581,62901
2021,0025,浙江外国语学院,025,旅游管理(全英教学),35,568,77488
2021,0025,浙江外国语学院,026,旅游管理(日语方向),10,571,74225
2021,0025,浙江外国语学院,027,会展经济与管理,15,576,68076
2021,0025,浙江外国语学院,028,小学教育(师范),72,593,49685
2021,0025,浙江外国语学院,029,学前教育(师范),27,584,59086
2021,0025,浙江外国语学院,030,科学教育(师范),27,587,56245
2021,0025,浙江外国语学院,031,数学与应用数学(师范),28,578,65858
2021,0025,浙江外国语学院,032,金融工程,17,578,66188
2021,0025,浙江外国语学院,033,计算机科学与技术,17,569,75815
2021,0025,浙江外国语学院,034,电子商务,19,576,68117
2021,0025,浙江外国语学院,035,跨境电子商务,34,573,71995
2021,0025,浙江外国语学院,036,国际商务,17,577,66584
2021,0025,浙江外国语学院,041,旅游管理(西语方向),11,568,77740
2021,0025,浙江外国语学院,501,大数据与会计,45,523,129526
2021,0025,浙江外国语学院,502,应用电子技术,45,520,132928
2021,0027,浙江传媒学院,028,新闻学,22,603,39072
2021,0027,浙江传媒学院,029,广播电视学,20,610,33011
2021,0027,浙江传媒学院,030,传播学,21,600,42153
2021,0027,浙江传媒学院,031,编辑出版学,22,594,48684
2021,0027,浙江传媒学院,032,汉语言文学(网络文学与创意写作),6,586,57322
2021,0027,浙江传媒学院,033,汉语言文学,20,584,58749
2021,0027,浙江传媒学院,034,经济学,20,579,65223
2021,0027,浙江传媒学院,035,广告学,32,587,56110
2021,0027,浙江传媒学院,036,网络与新媒体,36,591,51715
2021,0027,浙江传媒学院,037,文化产业管理,20,582,61734
2021,0027,浙江传媒学院,038,会展经济与管理,19,579,65294
2021,0027,浙江传媒学院,039,电子科学与技术(演艺工程与舞台技术),12,570,74897
2021,0027,浙江传媒学院,040,广播电视工程,21,572,72236
2021,0027,浙江传媒学院,041,软件工程(传媒大数据),13,578,65515
2021,0027,浙江传媒学院,042,网络工程,13,574,70410
2021,0027,浙江传媒学院,043,数字媒体技术,28,580,63082
2021,0027,浙江传媒学院,044,英语,15,584,59432
2021,0027,浙江传媒学院,045,传播学(中外合作办学),22,582,61708
2021,0028,宁波工程学院,001,机械设计制造及其自动化,52,550,98425
2021,0028,宁波工程学院,002,材料成型及控制工程,28,538,111780
2021,0028,宁波工程学院,003,汽车服务工程,20,537,113768
2021,0028,宁波工程学院,004,车辆工程,19,546,103223
2021,0028,宁波工程学院,005,计算机科学与技术,22,562,84111
2021,0028,宁波工程学院,006,电子信息工程,63,554,93859
2021,0028,宁波工程学院,007,电子科学与技术,19,554,93158
2021,0028,宁波工程学院,008,电气工程及其自动化,27,557,90502
2021,0028,宁波工程学院,009,网络工程,30,556,91059
2021,0028,宁波工程学院,010,人工智能,24,560,86203
2021,0028,宁波工程学院,011,土木工程,80,546,102728
2021,0028,宁波工程学院,012,交通工程,24,543,107220
2021,0028,宁波工程学院,013,工程管理,27,542,107703
2021,0028,宁波工程学院,014,道路桥梁与渡河工程,17,541,108458
2021,0028,宁波工程学院,015,建筑环境与能源应用工程,22,540,109505
2021,0028,宁波工程学院,016,建筑学,9,573,71727
2021,0028,宁波工程学院,017,化学工程与工艺,77,552,96017
2021,0028,宁波工程学院,018,油气储运工程,26,552,95868
2021,0028,宁波工程学院,019,应用化学,35,557,90412
2021,0028,宁波工程学院,020,安全工程,23,538,111758
2021,0028,宁波工程学院,021,材料科学与工程,5,544,105627
2021,0028,宁波工程学院,022,材料物理,9,544,104979
2021,0028,宁波工程学院,023,会计学,87,568,77315
2021,0028,宁波工程学院,024,国际经济与贸易,44,563,83417
2021,0028,宁波工程学院,025,电子商务,42,562,83651
2021,0028,宁波工程学院,026,市场营销,47,559,88060
2021,0028,宁波工程学院,027,国际商务,50,559,87248
2021,0028,宁波工程学院,028,物流管理,46,559,88006
2021,0028,宁波工程学院,029,物流工程,37,558,88813
2021,0028,宁波工程学院,030,英语,55,568,77756
2021,0028,宁波工程学院,031,商务英语,90,560,86089
2021,0028,宁波工程学院,032,日语,48,560,87163
2021,0028,宁波工程学院,033,德语,26,561,85884
2021,0028,宁波工程学院,034,汉语言文学,41,572,72955
2021,0028,宁波工程学院,035,广告学,74,564,81752
2021,0028,宁波工程学院,036,工业设计,27,555,93010
2021,0028,宁波工程学院,037,文化产业管理,6,564,82140
2021,0028,宁波工程学院,038,城市管理,24,561,85448
2021,0028,宁波工程学院,039,金融工程,52,556,91512
2021,0028,宁波工程学院,040,信息与计算科学,25,556,90936
2021,0028,宁波工程学院,041,应用统计学,55,557,89941
2021,0028,宁波工程学院,042,数据科学与大数据技术,26,559,87996
2021,0028,宁波工程学院,043,会计学(中外合作办学)(4+0),90,553,95401
2021,0028,宁波工程学院,044,会计学(中外合作办学)(3+1),15,555,92972
2021,0028,宁波工程学院,045,机械设计制造及其自动化(中外合作办学)(4+0),64,524,128035
2021,0028,宁波工程学院,046,网络工程,10,555,91966
2021,0028,宁波工程学院,047,机械设计制造及其自动化,10,552,96172
2021,0029,衢州学院,001,化学工程与工艺,34,554,93265
2021,0029,衢州学院,002,环境工程,34,555,92257
2021,0029,衢州学院,003,材料科学与工程,17,552,95486
2021,0029,衢州学院,004,高分子材料与工程,16,554,94182
2021,0029,衢州学院,005,机械设计制造及其自动化,39,541,109048
2021,0029,衢州学院,006,材料成型及控制工程,6,538,112163
2021,0029,衢州学院,007,机械电子工程,40,537,113525
2021,0029,衢州学院,008,机器人工程,65,537,112878
2021,0029,衢州学院,009,智能制造工程,24,538,112079
2021,0029,衢州学院,010,土木工程,59,536,114059
2021,0029,衢州学院,011,工程管理,28,536,114623
2021,0029,衢州学院,012,建筑学,20,562,84223
2021,0029,衢州学院,013,电气工程及其自动化,32,541,108502
2021,0029,衢州学院,014,自动化,32,539,110902
2021,0029,衢州学院,015,数据科学与大数据技术,61,543,106131
2021,0029,衢州学院,016,人工智能,30,540,109661
2021,0029,衢州学院,017,人力资源管理,45,560,87103
2021,0029,衢州学院,018,电子商务,37,559,87922
2021,0029,衢州学院,019,互联网金融,55,552,95777
2021,0029,衢州学院,020,学前教育(师范),12,573,71161
2021,0029,衢州学院,021,小学教育(师范),13,581,62200
2021,0029,衢州学院,022,汉语言文学(师范),35,581,62039
2021,0029,衢州学院,023,数学与应用数学(师范),35,562,84019
2021,0029,衢州学院,024,英语(师范),25,580,63708
2021,0029,衢州学院,025,商务英语,47,560,86969
2021,0029,衢州学院,501,建筑工程技术,70,506,148815
2021,0029,衢州学院,502,商务英语,30,516,137292
2021,0030,浙江水利水电学院,001,水利水电工程,73,567,78385
2021,0030,浙江水利水电学院,002,农业水利工程,45,560,86885
2021,0030,浙江水利水电学院,003,水文与水资源工程,48,562,84328
2021,0030,浙江水利水电学院,004,环境生态工程,38,560,86669
2021,0030,浙江水利水电学院,005,港口航道与海岸工程,41,560,87165
2021,0030,浙江水利水电学院,006,测绘工程,26,545,104123
2021,0030,浙江水利水电学院,007,给排水科学与工程,46,546,103281
2021,0030,浙江水利水电学院,008,道路桥梁与渡河工程,24,543,106333
2021,0030,浙江水利水电学院,009,地理信息科学,70,563,83392
2021,0030,浙江水利水电学院,010,土木工程,37,549,99546
2021,0030,浙江水利水电学院,011,工程造价,58,550,98383
2021,0030,浙江水利水电学院,012,工程管理,35,544,104887
2021,0030,浙江水利水电学院,013,建筑环境与能源应用工程,30,543,106616
2021,0030,浙江水利水电学院,014,电气工程及其自动化,34,555,92164
2021,0030,浙江水利水电学院,015,新能源科学与工程,22,550,98743
2021,0030,浙江水利水电学院,016,智能电网信息工程,48,549,99856
2021,0030,浙江水利水电学院,017,自动化,28,552,96035
2021,0030,浙江水利水电学院,018,机械设计制造及其自动化,40,550,98336
2021,0030,浙江水利水电学院,019,材料成型及控制工程,5,548,100308
2021,0030,浙江水利水电学院,020,机器人工程,45,552,95774
2021,0030,浙江水利水电学院,021,车辆工程,6,549,99717
2021,0030,浙江水利水电学院,022,人力资源管理,23,567,78089
2021,0030,浙江水利水电学院,023,国际商务,44,561,85623
2021,0030,浙江水利水电学院,024,物流工程,33,560,86425
2021,0030,浙江水利水电学院,025,金融工程,20,565,80384
2021,0030,浙江水利水电学院,026,软件工程,55,558,88362
2021,0030,浙江水利水电学院,027,物联网工程,37,556,91772
2021,0030,浙江水利水电学院,028,数字媒体技术,47,554,93246
2021,0030,浙江水利水电学院,029,商务英语,71,562,84035
2021,0030,浙江水利水电学院,030,机械设计制造及其自动化(中外合作办学),53,530,121565
2021,0030,浙江水利水电学院,501,市政工程技术,110,509,145127
2021,0030,浙江水利水电学院,502,电子信息工程技术,80,507,147181
2021,0030,浙江水利水电学院,503,机电一体化技术,40,508,146415
2021,0030,浙江水利水电学院,504,工商企业管理,120,512,141905
2021,0030,浙江水利水电学院,505,计算机应用技术,80,521,132265
2021,0030,浙江水利水电学院,506,建筑装饰工程技术,120,509,144686
2021,0033,浙江树人学院（浙江树人大学）(民办),001,工商管理,33,537,113560
2021,0033,浙江树人学院（浙江树人大学）(民办),002,市场营销,48,529,122272
2021,0033,浙江树人学院（浙江树人大学）(民办),003,财务管理,39,538,112396
2021,0033,浙江树人学院（浙江树人大学）(民办),004,物业管理,54,527,124572
2021,0033,浙江树人学院（浙江树人大学）(民办),005,公共事业管理,20,534,116821
2021,0033,浙江树人学院（浙江树人大学）(民办),006,城乡规划,28,534,116609
2021,0033,浙江树人学院（浙江树人大学）(民办),007,土木工程,131,497,157728
2021,0033,浙江树人学院（浙江树人大学）(民办),008,交通运输,38,527,124935
2021,0033,浙江树人学院（浙江树人大学）(民办),009,建筑学,50,536,114592
2021,0033,浙江树人学院（浙江树人大学）(民办),010,风景园林,55,531,120452
2021,0033,浙江树人学院（浙江树人大学）(民办),011,日语,32,534,116298
2021,0033,浙江树人学院（浙江树人大学）(民办),012,英语,42,540,110538
2021,0033,浙江树人学院（浙江树人大学）(民办),013,朝鲜语,26,529,123096
2021,0033,浙江树人学院（浙江树人大学）(民办),014,商务英语,2,542,107804
2021,0033,浙江树人学院（浙江树人大学）(民办),015,汉语言文学,49,545,104387
2021,0033,浙江树人学院（浙江树人大学）(民办),016,新闻学,20,540,109580
2021,0033,浙江树人学院（浙江树人大学）(民办),017,秘书学,27,533,118489
2021,0033,浙江树人学院（浙江树人大学）(民办),018,网络与新媒体,40,542,107840
2021,0033,浙江树人学院（浙江树人大学）(民办),019,汉语国际教育,1,550,98513
2021,0033,浙江树人学院（浙江树人大学）(民办),020,国际经济与贸易,48,535,115586
2021,0033,浙江树人学院（浙江树人大学）(民办),021,国际经济与贸易(茶文化贸易),23,529,122578
2021,0033,浙江树人学院（浙江树人大学）(民办),022,会展经济与管理,58,528,123665
2021,0033,浙江树人学院（浙江树人大学）(民办),023,旅游管理,21,528,123620
2021,0033,浙江树人学院（浙江树人大学）(民办),024,物流管理,24,530,121554
2021,0033,浙江树人学院（浙江树人大学）(民办),025,投资学,53,529,123085
2021,0033,浙江树人学院（浙江树人大学）(民办),026,国际商务,43,529,122657
2021,0033,浙江树人学院（浙江树人大学）(民办),027,社会工作,18,534,117327
2021,0033,浙江树人学院（浙江树人大学）(民办),028,家政学,12,530,121345
2021,0033,浙江树人学院（浙江树人大学）(民办),029,计算机科学与技术,80,514,139402
2021,0033,浙江树人学院（浙江树人大学）(民办),030,电子信息工程,58,506,148931
2021,0033,浙江树人学院（浙江树人大学）(民办),031,通信工程,59,501,153706
2021,0033,浙江树人学院（浙江树人大学）(民办),032,数字媒体技术,53,506,148267
2021,0033,浙江树人学院（浙江树人大学）(民办),033,物联网工程,58,502,152447
2021,0033,浙江树人学院（浙江树人大学）(民办),034,数据科学与大数据技术,27,516,136987
2021,0033,浙江树人学院（浙江树人大学）(民办),035,环境工程,97,527,124563
2021,0033,浙江树人学院（浙江树人大学）(民办),036,环境生态工程,45,529,123161
2021,0033,浙江树人学院（浙江树人大学）(民办),037,生物工程,40,531,120293
2021,0033,浙江树人学院（浙江树人大学）(民办),038,应用化学,75,528,124072
2021,0033,浙江树人学院（浙江树人大学）(民办),039,食品科学与工程,35,529,122100
2021,0033,浙江树人学院（浙江树人大学）(民办),040,食品质量与安全,20,534,116362
2021,0033,浙江树人学院（浙江树人大学）(民办),046,护理学,140,540,110410
2021,0033,浙江树人学院（浙江树人大学）(民办),047,临床医学,94,548,100453
2021,0033,浙江树人学院（浙江树人大学）(民办),048,医学检验技术,30,550,98235
2021,0033,浙江树人学院（浙江树人大学）(民办),501,护理,285,495,
2021,0033,浙江树人学院（浙江树人大学）(民办),502,国际金融,50,496,158990
2021,0033,浙江树人学院（浙江树人大学）(民办),503,大数据与会计,92,499,155456
2021,0033,浙江树人学院（浙江树人大学）(民办),504,市场营销,50,495,
2021,0033,浙江树人学院（浙江树人大学）(民办),505,电子商务,60,501,153367
2021,0033,浙江树人学院（浙江树人大学）(民办),506,应用英语,30,506,148694
2021,0033,浙江树人学院（浙江树人大学）(民办),507,现代文秘(涉外),50,495,
2021,0036,杭州医学院,001,临床医学,181,586,56343
2021,0036,杭州医学院,002,儿科学,13,586,56815
2021,0036,杭州医学院,003,预防医学,60,580,63485
2021,0036,杭州医学院,004,医学影像学,100,565,80532
2021,0036,杭州医学院,005,口腔医学,52,599,43212
2021,0036,杭州医学院,006,法医学,17,581,62257
2021,0036,杭州医学院,007,康复治疗学,45,570,75349
2021,0036,杭州医学院,008,医学影像技术,30,580,63407
2021,0036,杭州医学院,009,医学检验技术,84,575,69233
2021,0036,杭州医学院,010,卫生检验与检疫,17,574,70315
2021,0036,杭州医学院,011,药学,36,577,66692
2021,0036,杭州医学院,012,应用物理学,30,556,91155
2021,0036,杭州医学院,013,医学信息工程,12,564,81332
2021,0036,杭州医学院,014,护理学,16,571,73561
2021,0036,杭州医学院,015,助产学,20,569,76109
2021,0036,杭州医学院,016,生物技术,18,568,77278
2021,0036,杭州医学院,017,智能医学工程,18,573,71378
2021,0036,杭州医学院,018,精神医学,25,575,69637
2021,0036,杭州医学院,501,口腔医学,45,550,98583
2021,0036,杭州医学院,502,医学影像技术,32,539,110891
2021,0036,杭州医学院,503,医学检验技术,33,535,115191
2021,0036,杭州医学院,504,卫生检验与检疫技术,42,526,125976
2021,0036,杭州医学院,505,护理,40,534,117156
2021,0036,杭州医学院,506,药学,102,527,124768
2021,0036,杭州医学院,507,卫生信息管理,32,522,131131
2021,0038,丽水学院,001,英语,28,570,75359
2021,0038,丽水学院,002,汉语言文学,28,576,68371
2021,0038,丽水学院,004,思想政治教育(师范),13,581,62383
2021,0038,丽水学院,005,民族学,4,564,81385
2021,0038,丽水学院,007,学前教育(师范),16,577,67137
2021,0038,丽水学院,008,小学教育(师范),52,582,60898
2021,0038,丽水学院,009,应用化学,19,557,89969
2021,0038,丽水学院,010,生态学,14,556,90768
2021,0038,丽水学院,011,化学工程与工艺,15,555,92198
2021,0038,丽水学院,012,环境工程,18,556,91344
2021,0038,丽水学院,013,生物制药,25,558,88750
2021,0038,丽水学院,014,园艺,11,557,90171
2021,0038,丽水学院,015,园林,17,558,88571
2021,0038,丽水学院,016,数学与应用数学,35,546,102622
2021,0038,丽水学院,017,物理学,12,544,104940
2021,0038,丽水学院,018,机械设计制造及其自动化,35,539,110865
2021,0038,丽水学院,019,光源与照明,6,538,112288
2021,0038,丽水学院,020,电子信息工程,34,544,105222
2021,0038,丽水学院,021,自动化,17,542,107740
2021,0038,丽水学院,022,计算机科学与技术,50,548,100290
2021,0038,丽水学院,023,数字媒体技术,24,547,101478
2021,0038,丽水学院,024,土木工程,19,540,109923
2021,0038,丽水学院,025,护理学(中外合作办学),90,548,101272
2021,0038,丽水学院,026,口腔医学,27,585,58511
2021,0038,丽水学院,027,康复治疗学,16,561,85599
2021,0038,丽水学院,028,护理学,37,565,80452
2021,0038,丽水学院,029,临床医学,19,570,75024
2021,0038,丽水学院,030,国际商务,12,559,87445
2021,0038,丽水学院,031,国际经济与贸易,17,560,86473
2021,0038,丽水学院,032,财务管理,45,564,82315
2021,0038,丽水学院,033,电子商务,22,560,86802
2021,0038,丽水学院,034,旅游管理,11,558,89274
2021,0038,丽水学院,035,工业设计,19,543,107040
2021,0038,丽水学院,041,英语(少数民族班),3,557,90318
2021,0038,丽水学院,042,汉语言文学(少数民族班),3,562,84878
2021,0038,丽水学院,043,思想政治教育(少数民族班)(师范),3,567,79035
2021,0038,丽水学院,044,民族学(少数民族班),3,551,97704
2021,0038,丽水学院,045,小学教育(少数民族班)(师范),3,574,70709
2021,0038,丽水学院,046,应用化学(少数民族班),3,537,113087
2021,0038,丽水学院,047,生态学(少数民族班),3,550,98209
2021,0038,丽水学院,048,化学工程与工艺(少数民族班),3,541,109439
2021,0038,丽水学院,049,环境工程(少数民族班),3,542,108387
2021,0038,丽水学院,050,生物制药(少数民族班),3,549,99441
2021,0038,丽水学院,051,园艺(少数民族班),3,540,110141
2021,0038,丽水学院,052,园林(少数民族班),3,542,107431
2021,0038,丽水学院,053,口腔医学(少数民族班),3,562,83927
2021,0038,丽水学院,054,康复治疗学(少数民族班),3,553,94383
2021,0038,丽水学院,055,护理学(少数民族班),3,557,90597
2021,0038,丽水学院,056,国际商务(少数民族班),3,553,95122
2021,0038,丽水学院,057,国际经济与贸易(少数民族班),3,550,98930
2021,0038,丽水学院,058,财务管理(少数民族班),3,555,92292
2021,0038,丽水学院,059,电子商务(少数民族班),3,547,102378
2021,0038,丽水学院,060,旅游管理(少数民族班),3,546,103710
2021,0038,丽水学院,062,学前教育(少数民族班)(师范),3,562,84830
2021,0038,丽水学院,501,护理,110,517,136004
2021,0038,丽水学院,502,学前教育(师范),44,523,128993
2021,0038,丽水学院,503,社会工作,53,510,143925
2021,0038,丽水学院,504,现代文秘,43,511,142889
2021,0038,丽水学院,505,护理(少数民族班),10,501,154367
2021,0038,丽水学院,506,学前教育(少数民族班)(师范),6,508,146860
2021,0038,丽水学院,507,社会工作(少数民族班),2,504,150667
2021,0038,丽水学院,508,现代文秘(少数民族班),2,511,142923
2021,0038,丽水学院,509,临床医学,22,520,132477
2021,0041,浙江艺术职业学院,511,影视编导,45,495,
2021,0041,浙江艺术职业学院,512,影视制片管理,26,495,
2021,0041,浙江艺术职业学院,513,影视多媒体技术,59,495,
2021,0041,浙江艺术职业学院,514,音像技术,21,495,
2021,0041,浙江艺术职业学院,515,摄影摄像技术,23,495,
2021,0041,浙江艺术职业学院,518,文化创意与策划,37,495,
2021,0041,浙江艺术职业学院,519,公共文化服务与管理,40,495,
2021,0041,浙江艺术职业学院,520,学前教育(师范),40,500,154799
2021,0042,浙江交通职业技术学院,501,道路与桥梁工程技术,80,495,
2021,0042,浙江交通职业技术学院,502,市政工程技术,20,495,
2021,0042,浙江交通职业技术学院,503,工程造价,43,501,153673
2021,0042,浙江交通职业技术学院,504,铁道工程技术,40,495,
2021,0042,浙江交通职业技术学院,506,新能源汽车检测与维修技术,20,495,
2021,0042,浙江交通职业技术学院,508,智能控制技术,25,495,
2021,0042,浙江交通职业技术学院,509,港口与航运管理,15,495,
2021,0042,浙江交通职业技术学院,510,国际邮轮乘务管理,15,495,
2021,0042,浙江交通职业技术学院,511,飞机机电设备维修,20,495,
2021,0042,浙江交通职业技术学院,512,无人机应用技术,10,495,
2021,0042,浙江交通职业技术学院,513,城市轨道交通运营管理,135,497,158167
2021,0042,浙江交通职业技术学院,514,城市轨道车辆应用技术,90,495,
2021,0042,浙江交通职业技术学院,515,城市轨道交通机电技术,45,495,
2021,0042,浙江交通职业技术学院,516,机电一体化技术,30,495,
2021,0042,浙江交通职业技术学院,517,现代通信技术,25,495,
2021,0042,浙江交通职业技术学院,518,大数据技术,40,495,
2021,0042,浙江交通职业技术学院,519,物联网应用技术,25,495,
2021,0042,浙江交通职业技术学院,520,智能交通技术,25,495,
2021,0042,浙江交通职业技术学院,521,现代物流管理,15,495,
2021,0042,浙江交通职业技术学院,522,商务英语,15,508,146780
2021,0042,浙江交通职业技术学院,523,人力资源管理,35,495,
2021,0043,浙江工商职业技术学院,501,建筑工程技术,16,495,
2021,0043,浙江工商职业技术学院,502,工程造价,25,495,
2021,0043,浙江工商职业技术学院,503,工业设计,25,495,
2021,0043,浙江工商职业技术学院,505,机电一体化技术,25,495,
2021,0043,浙江工商职业技术学院,507,电气自动化技术,20,495,
2021,0043,浙江工商职业技术学院,509,计算机应用技术,45,495,
2021,0043,浙江工商职业技术学院,510,计算机网络技术,95,495,
2021,0043,浙江工商职业技术学院,511,软件技术,95,495,
2021,0043,浙江工商职业技术学院,512,金融服务与管理,60,495,
2021,0043,浙江工商职业技术学院,514,大数据与会计,73,495,
2021,0043,浙江工商职业技术学院,516,国际经济与贸易,52,495,
2021,0043,浙江工商职业技术学院,519,市场营销,43,495,
2021,0043,浙江工商职业技术学院,520,电子商务,52,495,
2021,0043,浙江工商职业技术学院,526,传播与策划,90,495,
2021,0043,浙江工商职业技术学院,527,应用英语,106,497,158273
2021,0044,浙江工贸职业技术学院,501,汽车检测与维修技术,10,495,
2021,0044,浙江工贸职业技术学院,504,工业机器人技术,60,495,
2021,0044,浙江工贸职业技术学院,505,机电一体化技术,25,495,
2021,0044,浙江工贸职业技术学院,508,环境工程技术,65,495,
2021,0044,浙江工贸职业技术学院,509,机械制造及自动化,17,495,
2021,0044,浙江工贸职业技术学院,510,商务英语,120,495,
2021,0044,浙江工贸职业技术学院,511,市场营销,39,495,
2021,0044,浙江工贸职业技术学院,512,国际经济与贸易,32,495,
2021,0044,浙江工贸职业技术学院,513,电子商务,28,495,
2021,0044,浙江工贸职业技术学院,514,现代物流管理,20,495,
2021,0044,浙江工贸职业技术学院,515,应用法语,66,495,
2021,0044,浙江工贸职业技术学院,518,计算机应用技术,20,495,
2021,0044,浙江工贸职业技术学院,519,软件技术,155,495,
2021,0044,浙江工贸职业技术学院,520,人工智能技术应用,55,495,
2021,0044,浙江工贸职业技术学院,522,动漫制作技术,35,495,
2021,0044,浙江工贸职业技术学院,524,工业设计,42,495,
2021,0044,浙江工贸职业技术学院,525,眼视光技术,135,495,
2021,0044,浙江工贸职业技术学院,529,大数据与会计,90,495,
2021,0044,浙江工贸职业技术学院,532,人力资源管理,116,495,
2021,0044,浙江工贸职业技术学院,533,金融服务与管理,102,495,
2021,0044,浙江工贸职业技术学院,534,知识产权管理,55,495,
2021,0045,浙江机电职业技术学院,502,机械制造及自动化,20,495,
2021,0045,浙江机电职业技术学院,503,工业设计,20,495,
2021,0045,浙江机电职业技术学院,505,模具设计与制造,18,495,
2021,0045,浙江机电职业技术学院,506,理化测试与质检技术,15,495,
2021,0045,浙江机电职业技术学院,507,智能制造装备技术,19,495,
2021,0045,浙江机电职业技术学院,508,机电一体化技术,36,495,
2021,0045,浙江机电职业技术学院,509,智能控制技术,18,495,
2021,0045,浙江机电职业技术学院,511,电气自动化技术,21,495,
2021,0045,浙江机电职业技术学院,513,城市轨道交通机电技术,24,495,
2021,0045,浙江机电职业技术学院,514,物联网应用技术,24,495,
2021,0045,浙江机电职业技术学院,515,应用电子技术,20,495,
2021,0045,浙江机电职业技术学院,516,汽车智能技术,20,495,
2021,0045,浙江机电职业技术学院,517,计算机应用技术,23,501,153777
2021,0045,浙江机电职业技术学院,518,计算机网络技术,24,497,157851
2021,0045,浙江机电职业技术学院,519,大数据技术,40,495,
2021,0045,浙江机电职业技术学院,520,市场营销,56,495,
2021,0045,浙江机电职业技术学院,521,电子商务,39,495,
2021,0045,浙江机电职业技术学院,522,跨境电子商务,38,495,
2021,0045,浙江机电职业技术学院,523,云计算技术应用,20,495,
2021,0045,浙江机电职业技术学院,524,虚拟现实技术应用,21,495,
2021,0045,浙江机电职业技术学院,526,产品艺术设计,20,495,
2021,0045,浙江机电职业技术学院,529,大数据与会计,51,495,
2021,0045,浙江机电职业技术学院,531,机电一体化技术(中外合作办学),80,495,
2021,0046,浙江商业职业技术学院,501,财富管理,35,495,
2021,0046,浙江商业职业技术学院,502,大数据与会计,110,495,
2021,0046,浙江商业职业技术学院,503,大数据与会计(注册会计),101,495,
2021,0046,浙江商业职业技术学院,504,金融服务与管理,26,495,
2021,0046,浙江商业职业技术学院,505,电子商务,87,495,
2021,0046,浙江商业职业技术学院,506,电子商务(中外合作办学)(中美合作),50,495,
2021,0046,浙江商业职业技术学院,508,商务数据分析与应用,12,495,
2021,0046,浙江商业职业技术学院,509,跨境电子商务,18,495,
2021,0046,浙江商业职业技术学院,510,商务英语,55,495,
2021,0046,浙江商业职业技术学院,511,导游,6,495,
2021,0046,浙江商业职业技术学院,512,酒店管理与数字化运营,30,495,
2021,0046,浙江商业职业技术学院,513,旅游英语,45,495,
2021,0046,浙江商业职业技术学院,514,餐饮类,22,495,
2021,0046,浙江商业职业技术学院,515,工商企业管理,33,495,
2021,0046,浙江商业职业技术学院,517,市场营销,16,495,
2021,0046,浙江商业职业技术学院,520,现代物流管理,37,495,
2021,0046,浙江商业职业技术学院,523,计算机网络技术,139,495,
2021,0046,浙江商业职业技术学院,524,电子信息工程技术,49,495,
2021,0046,浙江商业职业技术学院,525,应用电子技术,20,495,
2021,0046,浙江商业职业技术学院,526,物联网应用技术,22,495,
2021,0046,浙江商业职业技术学院,528,国际经济与贸易,33,495,
2021,0047,浙江警官职业学院,503,司法警务,28,535,115162
2021,0047,浙江警官职业学院,504,法律事务,44,515,138477
2021,0047,浙江警官职业学院,505,法律文秘,44,510,143713
2021,0047,浙江警官职业学院,506,社区矫正,40,508,146586
2021,0047,浙江警官职业学院,507,建筑消防技术,59,495,159616
2021,0047,浙江警官职业学院,508,安全防范技术,58,495,159814
2021,0048,浙江工业职业技术学院,501,机电一体化技术,77,495,
2021,0048,浙江工业职业技术学院,503,电子信息工程技术,40,495,
2021,0048,浙江工业职业技术学院,504,工业机器人技术,35,495,
2021,0048,浙江工业职业技术学院,509,信息安全技术应用,29,495,
2021,0048,浙江工业职业技术学院,510,计算机应用技术(智能移动终端软件开发),68,495,
2021,0048,浙江工业职业技术学院,512,视觉传达设计,35,495,
2021,0048,浙江工业职业技术学院,516,大数据与会计,120,495,
2021,0048,浙江工业职业技术学院,522,市场营销,30,495,
2021,0048,浙江工业职业技术学院,526,工程造价,115,495,
2021,0048,浙江工业职业技术学院,528,建筑装饰工程技术(室内装饰设计与施工),90,495,
2021,0048,浙江工业职业技术学院,533,无人机应用技术,56,495,
2021,0048,浙江工业职业技术学院,534,护理,55,495,
2021,0048,浙江工业职业技术学院,535,康复治疗技术,50,495,
2021,0048,浙江工业职业技术学院,536,食品检验检测技术,30,495,
2021,0049,浙江旅游职业学院,501,大数据与会计,80,495,
2021,0049,浙江旅游职业学院,503,电子商务,9,495,
2021,0049,浙江旅游职业学院,504,旅游管理(规划设计方向),40,495,
2021,0049,浙江旅游职业学院,505,导游(国际导游方向),61,495,
2021,0049,浙江旅游职业学院,509,会展策划与管理,49,495,
2021,0049,浙江旅游职业学院,510,休闲服务与管理(茶文化方向),35,495,
2021,0049,浙江旅游职业学院,514,商务英语,81,495,
2021,0049,浙江旅游职业学院,515,旅游英语(国际旅游方向),55,495,
2021,0049,浙江旅游职业学院,516,应用韩语,40,495,
2021,0049,浙江旅游职业学院,517,旅游日语,35,495,
2021,0049,浙江旅游职业学院,521,人力资源管理,67,495,
2021,0049,浙江旅游职业学院,526,西式烹饪工艺(中外合作办学),30,495,
2021,0050,浙江金融职业学院,501,金融服务与管理,312,496,159343
2021,0050,浙江金融职业学院,502,农村金融,50,496,159057
2021,0050,浙江金融职业学院,503,国际金融,75,497,158060
2021,0050,浙江金融职业学院,504,财富管理,102,499,156219
2021,0050,浙江金融职业学院,505,保险实务,90,495,
2021,0050,浙江金融职业学院,506,大数据与会计,218,507,147894
2021,0050,浙江金融职业学院,507,大数据与会计(中外合作办学),80,495,
2021,0050,浙江金融职业学院,508,大数据与财务管理,65,509,145713
2021,0050,浙江金融职业学院,509,信用管理,30,495,
2021,0050,浙江金融职业学院,510,市场营销,112,495,
2021,0050,浙江金融职业学院,511,工商企业管理,22,509,145239
2021,0050,浙江金融职业学院,512,房地产经营与管理,30,495,
2021,0050,浙江金融职业学院,513,电子商务,31,511,142449
2021,0050,浙江金融职业学院,514,跨境电子商务,19,508,146043
2021,0050,浙江金融职业学院,515,国际经济与贸易,84,498,156961
2021,0050,浙江金融职业学院,516,国际商务,45,495,159947
2021,0050,浙江金融职业学院,517,国际商务(中外合作办学),80,495,
2021,0050,浙江金融职业学院,518,商务英语,41,513,141210
2021,0050,浙江金融职业学院,519,会展策划与管理,52,496,159023
2021,0050,浙江金融职业学院,520,金融科技应用,77,498,156755
2021,0050,浙江金融职业学院,521,大数据技术,84,506,148654
2021,0050,浙江金融职业学院,522,数字媒体技术,34,511,143418
2021,0050,浙江金融职业学院,523,人工智能技术应用,77,502,152408
2021,0051,浙江经济职业技术学院,501,现代物流管理(跨境物流),7,506,148265
2021,0051,浙江经济职业技术学院,502,新能源汽车技术,8,502,152899
2021,0051,浙江经济职业技术学院,503,商务管理,15,495,160378
2021,0051,浙江经济职业技术学院,504,工商企业管理,22,495,159985
2021,0051,浙江经济职业技术学院,505,电子商务,50,498,157274
2021,0051,浙江经济职业技术学院,506,国际经济与贸易,53,495,
2021,0051,浙江经济职业技术学院,507,跨境电子商务,23,495,
2021,0051,浙江经济职业技术学院,508,大数据与会计,96,502,152906
2021,0051,浙江经济职业技术学院,509,大数据与财务管理,51,497,157711
2021,0051,浙江经济职业技术学院,510,金融服务与管理,48,495,
2021,0051,浙江经济职业技术学院,511,金融科技应用,48,495,
2021,0051,浙江经济职业技术学院,512,大数据技术,6,505,149860
2021,0051,浙江经济职业技术学院,513,应用英语,49,506,148966
2021,0051,浙江经济职业技术学院,514,现代物流管理(中外合作办学)(中英合作),10,495,
2021,0051,浙江经济职业技术学院,515,金融服务与管理(中外合作办学)(中加合作),30,495,
2021,0052,浙江建设职业技术学院,501,建筑工程技术,44,495,
2021,0052,浙江建设职业技术学院,502,建筑钢结构工程技术,30,495,
2021,0052,浙江建设职业技术学院,505,建设工程管理,20,495,
2021,0052,浙江建设职业技术学院,506,市政工程技术,34,495,
2021,0052,浙江建设职业技术学院,507,地籍测绘与土地管理,15,495,
2021,0052,浙江建设职业技术学院,508,工程造价,102,495,159635
2021,0052,浙江建设职业技术学院,510,建设工程管理(BIM设计与应用),25,495,
2021,0052,浙江建设职业技术学院,513,给排水工程技术,25,495,
2021,0052,浙江建设职业技术学院,515,建筑智能化工程技术,20,495,
2021,0052,浙江建设职业技术学院,519,城乡规划,26,495,
2021,0052,浙江建设职业技术学院,520,建筑设计,35,495,
2021,0052,浙江建设职业技术学院,521,建筑装饰工程技术,70,495,
2021,0052,浙江建设职业技术学院,522,园林工程技术,25,495,
2021,0052,浙江建设职业技术学院,523,人力资源管理,30,495,
2021,0052,浙江建设职业技术学院,524,现代文秘(建筑文秘与管理),20,495,
2021,0053,浙江经贸职业技术学院,501,计算机应用技术,45,509,145284
2021,0053,浙江经贸职业技术学院,502,计算机网络技术,30,506,148722
2021,0053,浙江经贸职业技术学院,503,电子商务,43,504,150587
2021,0053,浙江经贸职业技术学院,504,软件技术,20,506,148425
2021,0053,浙江经贸职业技术学院,505,动漫制作技术,26,507,147657
2021,0053,浙江经贸职业技术学院,506,商务数据分析与应用,20,495,
2021,0053,浙江经贸职业技术学院,507,大数据与会计,52,504,150824
2021,0053,浙江经贸职业技术学院,508,财税大数据应用,20,495,
2021,0053,浙江经贸职业技术学院,509,金融科技应用,16,495,160349
2021,0053,浙江经贸职业技术学院,510,国际经济与贸易,28,495,
2021,0053,浙江经贸职业技术学院,511,应用英语,80,500,154617
2021,0053,浙江经贸职业技术学院,512,应用日语,45,495,
2021,0053,浙江经贸职业技术学院,513,跨境电子商务,10,497,157701
2021,0053,浙江经贸职业技术学院,514,市场营销,66,495,
2021,0053,浙江经贸职业技术学院,515,现代物流管理,15,495,
2021,0053,浙江经贸职业技术学院,516,工商企业管理,35,495,
2021,0053,浙江经贸职业技术学院,517,会展策划与管理,25,495,
2021,0053,浙江经贸职业技术学院,518,酒店管理与数字化运营,10,495,
2021,0053,浙江经贸职业技术学院,519,传播与策划,40,506,148043
2021,0053,浙江经贸职业技术学院,520,食品检验检测技术,8,495,160180
2021,0053,浙江经贸职业技术学院,521,食品质量与安全,18,495,
2021,0053,浙江经贸职业技术学院,522,生物制药技术,18,504,150924
2021,0054,浙江育英职业技术学院(民办),501,民航安全技术管理,55,495,
2021,0054,浙江育英职业技术学院(民办),502,城市轨道交通运营管理,223,495,
2021,0058,浙江纺织服装职业技术学院,504,数字化染整技术,45,495,
2021,0058,浙江纺织服装职业技术学院,507,服装与服饰设计,80,495,
2021,0058,浙江纺织服装职业技术学院,508,服装设计与工艺,68,495,
2021,0058,浙江纺织服装职业技术学院,512,人物形象设计,15,495,
2021,0058,浙江纺织服装职业技术学院,522,动漫制作技术,24,495,
2021,0058,浙江纺织服装职业技术学院,525,城市轨道交通机电技术,42,495,
2021,0058,浙江纺织服装职业技术学院,526,城市轨道交通机电技术(中铁通),25,500,154787
2021,0058,浙江纺织服装职业技术学院,528,机电一体化技术(宁波水务),25,504,150706
2021,0058,浙江纺织服装职业技术学院,539,机电一体化技术(智能化工装备),50,495,
2021,0058,浙江纺织服装职业技术学院,540,机电一体化技术,21,495,
2021,0058,浙江纺织服装职业技术学院,543,服装与服饰设计(中外合作办学)(中英合作),47,495,
2021,0058,浙江纺织服装职业技术学院,546,城市轨道交通机电技术(站务管理),40,496,158564
2021,0059,浙江广厦建设职业技术大学(民办),001,建筑工程,126,495,
2021,0059,浙江广厦建设职业技术大学(民办),002,园林景观工程,146,515,138883
2021,0059,浙江广厦建设职业技术大学(民办),003,建筑设计,90,515,138684
2021,0059,浙江广厦建设职业技术大学(民办),004,工程造价,121,495,
2021,0059,浙江广厦建设职业技术大学(民办),005,大数据与会计,88,516,136983
2021,0059,浙江广厦建设职业技术大学(民办),006,软件工程技术,89,495,
2021,0059,浙江广厦建设职业技术大学(民办),007,电子商务,233,515,138590
2021,0059,浙江广厦建设职业技术大学(民办),010,机器人技术,60,495,
2021,0059,浙江广厦建设职业技术大学(民办),504,建筑设计,15,495,
2021,0059,浙江广厦建设职业技术大学(民办),506,道路与桥梁工程技术,30,495,
2021,0059,浙江广厦建设职业技术大学(民办),507,工程造价,24,495,
2021,0059,浙江广厦建设职业技术大学(民办),510,金融科技应用,10,495,
2021,0059,浙江广厦建设职业技术大学(民办),511,大数据与财务管理,10,495,
2021,0059,浙江广厦建设职业技术大学(民办),512,城市轨道交通运营管理,25,495,
2021,0059,浙江广厦建设职业技术大学(民办),515,大数据技术,10,495,
2021,0059,浙江广厦建设职业技术大学(民办),516,虚拟现实技术应用,60,495,
2021,0059,浙江广厦建设职业技术大学(民办),519,商务英语,58,495,
2021,0059,浙江广厦建设职业技术大学(民办),524,动漫制作技术,10,495,
2021,0059,浙江广厦建设职业技术大学(民办),525,大数据与会计,10,495,
2021,0059,浙江广厦建设职业技术大学(民办),526,建筑工程技术,85,495,
2021,0060,杭州职业技术学院,501,模具设计与制造(精密模具智能制造),29,495,
2021,0060,杭州职业技术学院,502,电气自动化技术,42,495,
2021,0060,杭州职业技术学院,503,工业设计,50,495,160197
2021,0060,杭州职业技术学院,504,城市轨道交通机电技术,45,495,
2021,0060,杭州职业技术学院,505,智能控制技术,45,495,
2021,0060,杭州职业技术学院,506,现代物业管理(智能楼宇管理),21,495,
2021,0060,杭州职业技术学院,507,大数据与会计,23,513,140940
2021,0060,杭州职业技术学院,508,电子商务,25,508,146722
2021,0060,杭州职业技术学院,509,跨境电子商务,48,495,
2021,0060,杭州职业技术学院,510,智慧旅游技术应用,44,495,
2021,0060,杭州职业技术学院,511,市场营销,72,495,
2021,0060,杭州职业技术学院,512,服装设计与工艺(时装零售与管理),20,497,157602
2021,0060,杭州职业技术学院,513,针织技术与针织服装,17,495,
2021,0060,杭州职业技术学院,514,服装设计与工艺(中外合作办学),30,495,
2021,0060,杭州职业技术学院,515,精细化工技术,28,495,
2021,0060,杭州职业技术学院,516,环境工程技术,49,495,
2021,0060,杭州职业技术学院,517,食品检验检测技术,51,495,
2021,0060,杭州职业技术学院,518,生物制药技术,47,499,156349
2021,0060,杭州职业技术学院,519,软件技术,69,502,152696
2021,0060,杭州职业技术学院,520,信息安全技术应用,46,495,
2021,0060,杭州职业技术学院,521,物联网应用技术,46,495,159804
2021,0060,杭州职业技术学院,522,大数据技术,46,497,157638
2021,0060,杭州职业技术学院,523,新能源汽车技术,30,495,
2021,0060,杭州职业技术学院,525,园艺技术,45,497,157569
2021,0060,杭州职业技术学院,526,工业机器人技术,47,495,
2021,0060,杭州职业技术学院,527,机械设计与制造,49,495,
2021,0060,杭州职业技术学院,528,机电一体化技术,73,495,
2021,0060,杭州职业技术学院,529,电梯工程技术,8,495,
2021,0061,金华职业技术学院,501,物联网应用技术,20,518,134820
2021,0061,金华职业技术学院,502,应用电子技术,34,510,144250
2021,0061,金华职业技术学院,503,计算机应用技术,34,519,134291
2021,0061,金华职业技术学院,504,计算机网络技术,23,512,141679
2021,0061,金华职业技术学院,505,软件技术,34,514,139427
2021,0061,金华职业技术学院,506,人工智能技术应用,36,511,143377
2021,0061,金华职业技术学院,507,应用电子技术(中外合作办学),4,505,149895
2021,0061,金华职业技术学院,508,计算机应用技术(中外合作办学),10,507,147549
2021,0061,金华职业技术学院,509,计算机网络技术(中外合作办学),10,501,153598
2021,0061,金华职业技术学院,510,机械制造及自动化,70,507,147442
2021,0061,金华职业技术学院,511,工业设计,82,504,150907
2021,0061,金华职业技术学院,512,机电一体化技术,44,505,149751
2021,0061,金华职业技术学院,513,工业机器人技术,43,502,152938
2021,0061,金华职业技术学院,514,电气自动化技术,70,505,149289
2021,0061,金华职业技术学院,515,汽车制造与试验技术,25,499,155605
2021,0061,金华职业技术学院,516,新能源汽车技术,43,504,150433
2021,0061,金华职业技术学院,517,飞机机电设备维修,48,497,157549
2021,0061,金华职业技术学院,518,数字化设计与制造技术,43,501,153340
2021,0061,金华职业技术学院,519,建筑装饰工程技术,15,508,145883
2021,0061,金华职业技术学院,520,建筑工程技术,80,500,155234
2021,0061,金华职业技术学院,521,工程造价,65,509,145159
2021,0061,金华职业技术学院,522,市政工程技术,45,498,157388
2021,0061,金华职业技术学院,523,建筑工程技术(中外合作办学),25,495,
2021,0061,金华职业技术学院,524,大数据与会计,60,514,139568
2021,0061,金华职业技术学院,525,国际经济与贸易,35,510,144253
2021,0061,金华职业技术学院,526,市场营销,28,509,145285
2021,0061,金华职业技术学院,527,电子商务,45,510,143824
2021,0061,金华职业技术学院,528,商务数据分析与应用,35,507,147841
2021,0061,金华职业技术学院,529,现代物流管理,18,507,147373
2021,0061,金华职业技术学院,530,商务英语,50,514,139946
2021,0061,金华职业技术学院,531,应用阿拉伯语,40,499,156078
2021,0061,金华职业技术学院,532,学前教育(师范),53,525,126786
2021,0061,金华职业技术学院,533,小学教育(师范),15,543,106096
2021,0061,金华职业技术学院,534,美术教育(师范),35,513,140608
2021,0061,金华职业技术学院,535,现代文秘,50,508,146320
2021,0061,金华职业技术学院,536,体育运营与管理(中外合作办学),10,497,157992
2021,0061,金华职业技术学院,537,园艺技术,26,510,144528
2021,0061,金华职业技术学院,538,绿色食品生产技术,26,508,146556
2021,0061,金华职业技术学院,539,园林技术,40,506,148785
2021,0061,金华职业技术学院,540,动物医学,109,507,147461
2021,0061,金华职业技术学院,541,畜牧兽医,115,500,155255
2021,0061,金华职业技术学院,542,临床医学,50,523,129585
2021,0061,金华职业技术学院,543,护理,257,510,143616
2021,0061,金华职业技术学院,544,助产,35,509,145355
2021,0061,金华职业技术学院,545,中药学,67,512,141479
2021,0061,金华职业技术学院,546,医学检验技术,35,518,135277
2021,0061,金华职业技术学院,547,康复治疗技术,35,509,144683
2021,0061,金华职业技术学院,548,旅游管理,74,501,154364
2021,0061,金华职业技术学院,549,酒店管理与数字化运营,75,498,157343
2021,0061,金华职业技术学院,556,环境监测技术,50,499,155732
2021,0061,金华职业技术学院,557,应用化工技术,20,504,150692
2021,0061,金华职业技术学院,558,药品生产技术,10,510,144441
2021,0061,金华职业技术学院,559,生物制药技术,24,509,144924
2021,0061,金华职业技术学院,560,药学,30,513,140198
2021,0062,义乌工商职业技术学院,505,社会工作,2,497,158462
2021,0062,义乌工商职业技术学院,507,电气自动化技术,40,495,
2021,0062,义乌工商职业技术学院,509,计算机应用技术,50,495,
2021,0062,义乌工商职业技术学院,511,金融服务与管理,60,495,
2021,0062,义乌工商职业技术学院,514,市场营销,76,495,
2021,0062,义乌工商职业技术学院,516,国际商务,49,495,
2021,0062,义乌工商职业技术学院,518,应用英语,161,495,
2021,0062,义乌工商职业技术学院,529,电子商务,22,495,
2021,0062,义乌工商职业技术学院,531,跨境电子商务,26,495,
2021,0062,义乌工商职业技术学院,532,网络营销与直播电商,35,495,
2021,0063,宁波职业技术学院,501,商务日语,62,495,
2021,0063,宁波职业技术学院,502,旅游管理(中外合作办学),25,495,
2021,0063,宁波职业技术学院,503,旅游管理,14,495,159665
2021,0063,宁波职业技术学院,504,商务英语,108,499,156242
2021,0063,宁波职业技术学院,505,国际经济与贸易,52,495,
2021,0063,宁波职业技术学院,506,国际经济与贸易(西班牙语方向),33,495,
2021,0063,宁波职业技术学院,507,国际经济与贸易(德语方向),33,495,
2021,0063,宁波职业技术学院,508,国际经济与贸易(韩语方向),33,495,
2021,0063,宁波职业技术学院,509,计算机应用技术,23,508,146109
2021,0063,宁波职业技术学院,510,计算机网络技术,70,498,156826
2021,0063,宁波职业技术学院,511,电子信息工程技术,33,503,151841
2021,0063,宁波职业技术学院,512,电气自动化技术,60,495,
2021,0063,宁波职业技术学院,513,人工智能技术应用,39,497,157868
2021,0063,宁波职业技术学院,514,应用化工技术,47,495,
2021,0063,宁波职业技术学院,515,化工智能制造技术,29,495,
2021,0063,宁波职业技术学院,516,环境监测技术,38,495,
2021,0063,宁波职业技术学院,517,药品生物技术,33,496,158718
2021,0063,宁波职业技术学院,518,机电一体化技术,24,495,
2021,0063,宁波职业技术学院,519,工业机器人技术,55,495,
2021,0063,宁波职业技术学院,520,机械制造及自动化,26,496,158699
2021,0063,宁波职业技术学院,521,建筑工程技术,37,495,
2021,0063,宁波职业技术学院,522,建设工程管理(造价方向),33,495,
2021,0063,宁波职业技术学院,523,装配式建筑构件智能制造技术,30,495,
2021,0063,宁波职业技术学院,524,建筑室内设计,37,506,148010
2021,0063,宁波职业技术学院,526,大数据与会计,91,499,155935
2021,0063,宁波职业技术学院,527,市场营销,51,495,
2021,0063,宁波职业技术学院,528,电子商务,69,498,156624
2021,0063,宁波职业技术学院,529,跨境电子商务,50,495,
2021,0063,宁波职业技术学院,530,现代物流管理,53,495,
2021,0063,宁波职业技术学院,531,供应链运营,38,495,
2021,0064,温州职业技术学院,501,机械设计与制造,9,495,
2021,0064,温州职业技术学院,502,机械制造及自动化,9,495,
2021,0064,温州职业技术学院,503,电子信息工程技术,21,495,
2021,0064,温州职业技术学院,504,机电一体化技术,12,495,
2021,0064,温州职业技术学院,505,大数据技术,18,495,
2021,0064,温州职业技术学院,506,电子商务,28,495,
2021,0064,温州职业技术学院,507,计算机网络技术,25,501,153474
2021,0064,温州职业技术学院,508,软件技术,30,498,157461
2021,0064,温州职业技术学院,509,虚拟现实技术应用,24,495,
2021,0064,温州职业技术学院,510,数字媒体技术,18,495,
2021,0064,温州职业技术学院,511,信息安全技术应用,24,495,
2021,0064,温州职业技术学院,512,大数据与会计,100,495,
2021,0064,温州职业技术学院,513,工商企业管理,15,495,
2021,0064,温州职业技术学院,515,商务英语,60,495,
2021,0064,温州职业技术学院,516,市场营销,10,495,
2021,0064,温州职业技术学院,517,工程造价,14,495,
2021,0064,温州职业技术学院,519,建筑工程技术,10,495,
2021,0064,温州职业技术学院,520,建筑设计,17,495,
2021,0064,温州职业技术学院,524,电气自动化技术,17,495,
2021,0064,温州职业技术学院,525,工业机器人技术,11,495,
2021,0064,温州职业技术学院,526,财富管理,12,495,
2021,0064,温州职业技术学院,527,传播与策划,34,495,
2021,0064,温州职业技术学院,528,鞋类设计与工艺,5,495,
2021,0064,温州职业技术学院,529,城市轨道交通运营管理,40,495,
2021,0064,温州职业技术学院,530,传播与策划(文旅策划),5,495,
2021,0065,浙江越秀外国语学院(民办),002,外国语言文学类,315,521,131623
2021,0065,浙江越秀外国语学院(民办),003,学前教育(师范),30,558,88415
2021,0065,浙江越秀外国语学院(民办),004,日语,184,519,133925
2021,0065,浙江越秀外国语学院(民办),005,朝鲜语,84,516,137730
2021,0065,浙江越秀外国语学院(民办),006,阿拉伯语,19,520,132890
2021,0065,浙江越秀外国语学院(民办),007,印度尼西亚语,10,516,137551
2021,0065,浙江越秀外国语学院(民办),008,泰语,12,518,135751
2021,0065,浙江越秀外国语学院(民办),009,法语,52,524,128774
2021,0065,浙江越秀外国语学院(民办),010,西班牙语,60,518,135796
2021,0065,浙江越秀外国语学院(民办),011,俄语,26,520,133529
2021,0065,浙江越秀外国语学院(民办),012,德语,41,518,135600
2021,0065,浙江越秀外国语学院(民办),013,意大利语,20,519,134283
2021,0065,浙江越秀外国语学院(民办),014,葡萄牙语,18,515,139011
2021,0065,浙江越秀外国语学院(民办),015,波兰语,11,519,134410
2021,0065,浙江越秀外国语学院(民办),016,工商管理,28,527,125117
2021,0065,浙江越秀外国语学院(民办),017,国际商务,58,522,130459
2021,0065,浙江越秀外国语学院(民办),018,物流管理,30,525,127616
2021,0065,浙江越秀外国语学院(民办),019,电子商务,53,525,126768
2021,0065,浙江越秀外国语学院(民办),020,大数据管理与应用,58,495,160080
2021,0065,浙江越秀外国语学院(民办),021,国际经济与贸易,55,526,126219
2021,0065,浙江越秀外国语学院(民办),022,金融工程,70,525,127194
2021,0065,浙江越秀外国语学院(民办),023,投资学,70,522,130739
2021,0065,浙江越秀外国语学院(民办),024,税收学,28,527,125245
2021,0065,浙江越秀外国语学院(民办),025,经济统计学,23,527,124972
2021,0065,浙江越秀外国语学院(民办),026,传播学,121,523,129193
2021,0065,浙江越秀外国语学院(民办),027,编辑出版学,20,527,125144
2021,0065,浙江越秀外国语学院(民办),028,网络与新媒体,49,532,118674
2021,0065,浙江越秀外国语学院(民办),029,新闻学,53,528,123999
2021,0065,浙江越秀外国语学院(民办),030,数字媒体技术,50,496,158585
2021,0065,浙江越秀外国语学院(民办),032,时尚传播,30,521,131575
2021,0065,浙江越秀外国语学院(民办),033,汉语国际教育,50,528,123995
2021,0065,浙江越秀外国语学院(民办),034,汉语言文学,130,535,116028
2021,0065,浙江越秀外国语学院(民办),036,会展经济与管理,42,522,130064
2021,0065,浙江越秀外国语学院(民办),037,酒店管理,82,518,135043
2021,0065,浙江越秀外国语学院(民办),040,大数据管理与应用(中外合作办学),50,495,
2021,0065,浙江越秀外国语学院(民办),041,网络与新媒体(中外合作办学),90,516,137373
2021,0065,浙江越秀外国语学院(民办),043,土耳其语,12,517,136006
2021,0065,浙江越秀外国语学院(民办),501,商务管理,90,495,
2021,0065,浙江越秀外国语学院(民办),502,应用英语,145,495,
2021,0065,浙江越秀外国语学院(民办),503,应用西班牙语,60,495,
2021,0065,浙江越秀外国语学院(民办),504,应用日语,95,495,
2021,0065,浙江越秀外国语学院(民办),505,应用法语,60,495,
2021,0066,台州职业技术学院,506,电气自动化技术,75,495,
2021,0066,台州职业技术学院,507,建筑智能化工程技术,50,495,
2021,0066,台州职业技术学院,516,软件技术,39,495,
2021,0066,台州职业技术学院,517,动漫制作技术,35,495,
2021,0066,台州职业技术学院,520,建筑装饰工程技术,72,495,
2021,0066,台州职业技术学院,522,药品生产技术,125,495,
2021,0066,台州职业技术学院,525,护理,58,495,
2021,0066,台州职业技术学院,532,商务英语,67,495,
2021,0066,台州职业技术学院,533,市场营销,35,495,
2021,0067,绍兴职业技术学院(民办),501,计算机应用技术,50,495,
2021,0067,绍兴职业技术学院(民办),504,物联网应用技术,45,495,
2021,0067,绍兴职业技术学院(民办),514,城市轨道交通运营管理,100,495,
2021,0067,绍兴职业技术学院(民办),515,城市轨道交通机电技术,100,495,
2021,0067,绍兴职业技术学院(民办),516,城市轨道交通通信信号技术,50,495,
2021,0067,绍兴职业技术学院(民办),518,室内艺术设计,45,495,
2021,0067,绍兴职业技术学院(民办),524,护理,240,495,
2021,0067,绍兴职业技术学院(民办),527,护理(中外合作办学),5,495,
2021,0067,绍兴职业技术学院(民办),528,学前教育(师范),100,495,
2021,0069,嘉兴职业技术学院,502,动物医学,123,495,
2021,0069,嘉兴职业技术学院,503,环境工程技术,30,495,
2021,0069,嘉兴职业技术学院,505,建筑工程技术,30,495,
2021,0069,嘉兴职业技术学院,506,工程造价,30,495,
2021,0069,嘉兴职业技术学院,508,机电一体化技术,70,495,
2021,0069,嘉兴职业技术学院,509,电气自动化技术,70,495,
2021,0069,嘉兴职业技术学院,510,无人机应用技术,40,495,
2021,0069,嘉兴职业技术学院,511,食品质量与安全,30,495,
2021,0069,嘉兴职业技术学院,514,物联网应用技术,40,495,
2021,0069,嘉兴职业技术学院,516,计算机网络技术,30,495,
2021,0069,嘉兴职业技术学院,517,软件技术,93,495,
2021,0069,嘉兴职业技术学院,519,虚拟现实技术应用,65,495,
2021,0069,嘉兴职业技术学院,520,人工智能技术应用,70,495,
2021,0069,嘉兴职业技术学院,521,大数据与财务管理,30,495,
2021,0069,嘉兴职业技术学院,523,电子商务,57,495,
2021,0070,湖州职业技术学院,502,软件技术,55,495,
2021,0070,湖州职业技术学院,518,商务英语,80,495,
2021,0070,湖州职业技术学院,521,室内艺术设计,55,495,
2021,0070,湖州职业技术学院,527,市场营销,20,495,
2021,0071,衢州职业技术学院,501,护理,200,495,
2021,0071,衢州职业技术学院,503,中药学,60,495,
2021,0071,衢州职业技术学院,504,针灸推拿,56,495,
2021,0071,衢州职业技术学院,517,应用英语,50,495,
2021,0072,丽水职业技术学院,501,林业技术,22,495,
2021,0072,丽水职业技术学院,503,园艺技术,22,495,
2021,0072,丽水职业技术学院,507,建筑室内设计,90,495,
2021,0072,丽水职业技术学院,513,电子信息工程技术,33,495,
2021,0072,丽水职业技术学院,514,工业机器人技术,23,495,
2021,0072,丽水职业技术学院,515,大数据与会计,74,495,
2021,0072,丽水职业技术学院,521,计算机网络技术,27,495,
2021,0072,丽水职业技术学院,524,国际经济与贸易,44,495,
2021,0072,丽水职业技术学院,525,商务英语,56,495,
2021,0074,宁波财经学院(民办),001,财务管理,70,528,124266
2021,0074,宁波财经学院(民办),002,财务管理(中美2+2学分互认班),30,520,132613
2021,0074,宁波财经学院(民办),003,会计学,155,529,122517
2021,0074,宁波财经学院(民办),004,审计学,90,526,125541
2021,0074,宁波财经学院(民办),005,税收学,90,523,129675
2021,0074,宁波财经学院(民办),006,国际经济与贸易,130,520,132729
2021,0074,宁波财经学院(民办),007,国际经济与贸易(大宗商品交易),70,518,134990
2021,0074,宁波财经学院(民办),008,国际商务,90,519,134490
2021,0074,宁波财经学院(民办),009,电子商务,145,522,131055
2021,0074,宁波财经学院(民办),010,物流管理,130,519,133588
2021,0074,宁波财经学院(民办),011,工商管理,135,521,131576
2021,0074,宁波财经学院(民办),012,创业管理,40,520,133211
2021,0074,宁波财经学院(民办),013,市场营销,135,518,134826
2021,0074,宁波财经学院(民办),014,金融工程,111,521,131290
2021,0074,宁波财经学院(民办),015,金融科技,90,520,132795
2021,0074,宁波财经学院(民办),016,信息管理与信息系统,25,500,154810
2021,0074,宁波财经学院(民办),017,软件工程,45,505,149312
2021,0074,宁波财经学院(民办),018,数据科学与大数据技术,30,503,151765
2021,0074,宁波财经学院(民办),019,计算机科学与技术,25,513,140267
2021,0074,宁波财经学院(民办),020,数字媒体技术,30,501,153556
2021,0074,宁波财经学院(民办),021,机械设计制造及其自动化,30,501,154194
2021,0074,宁波财经学院(民办),022,机械电子工程,20,502,152312
2021,0074,宁波财经学院(民办),023,工业工程,90,520,133417
2021,0074,宁波财经学院(民办),024,工业设计,30,504,150586
2021,0074,宁波财经学院(民办),025,英语,70,529,122896
2021,0074,宁波财经学院(民办),026,商务英语,120,521,131337
2021,0074,宁波财经学院(民办),027,日语,62,522,131039
2021,0074,宁波财经学院(民办),028,汉语国际教育,70,526,126648
2021,0074,宁波财经学院(民办),029,秘书学,45,521,132242
2021,0074,宁波财经学院(民办),030,文化产业管理,60,521,132254
2021,0074,宁波财经学院(民办),031,广告学,50,526,125839
2021,0074,宁波财经学院(民办),032,广播电视学,60,522,130793
2021,0074,宁波财经学院(民办),033,广播电视编导,10,525,127501
2021,0074,宁波财经学院(民办),034,戏剧影视文学,15,519,133982
2021,0074,宁波财经学院(民办),501,传播与策划,111,495,
2021,0074,宁波财经学院(民办),502,摄影与摄像艺术,33,495,
2021,0074,宁波财经学院(民办),503,戏剧影视表演,10,495,
2021,0074,宁波财经学院(民办),504,播音与主持,10,505,149963
2021,0074,宁波财经学院(民办),505,广播影视节目制作,45,495,
2021,0075,台州科技职业学院,508,环境工程技术,34,495,
2021,0075,台州科技职业学院,524,学前教育(师范),90,495,
2021,0075,台州科技职业学院,527,园艺技术,75,495,
2021,0076,杭州科技职业技术学院,504,学前教育(师范),165,508,146445
2021,0076,杭州科技职业技术学院,505,大数据与会计,65,495,
2021,0076,杭州科技职业技术学院,506,工程造价,66,495,
2021,0076,杭州科技职业技术学院,507,应用电子技术,35,495,
2021,0076,杭州科技职业技术学院,508,物联网应用技术,35,495,
2021,0076,杭州科技职业技术学院,509,工业互联网应用,35,495,
2021,0076,杭州科技职业技术学院,510,人工智能技术应用,35,495,
2021,0076,杭州科技职业技术学院,511,电气自动化技术,35,495,
2021,0076,杭州科技职业技术学院,513,工业机器人技术,65,495,
2021,0076,杭州科技职业技术学院,514,数字化设计与制造技术,65,495,
2021,0076,杭州科技职业技术学院,515,市政工程技术,70,495,
2021,0076,杭州科技职业技术学院,516,建筑工程技术(智慧建造技术),70,495,
2021,0076,杭州科技职业技术学院,517,建筑装饰工程技术,70,495,
2021,0076,杭州科技职业技术学院,519,跨境电子商务,65,495,
2021,0076,杭州科技职业技术学院,521,酒店管理与数字化运营,70,495,
2021,0076,杭州科技职业技术学院,522,会展策划与管理,35,495,
2021,0077,杭州万向职业技术学院(民办),503,城市轨道交通运营管理,80,495,
2021,0085,温州科技职业学院,501,种子生产与经营,30,495,
2021,0085,温州科技职业学院,505,畜牧兽医,130,495,
2021,0085,温州科技职业学院,508,动物医学,130,495,
2021,0085,温州科技职业学院,509,宠物养护与驯导,40,495,
2021,0085,温州科技职业学院,513,电气自动化技术,65,495,
2021,0085,温州科技职业学院,515,食品质量与安全,46,495,
2021,0085,温州科技职业学院,516,计算机网络技术,154,495,
2021,0085,温州科技职业学院,520,大数据与会计,135,495,
2021,0085,温州科技职业学院,521,国际商务,85,495,
2021,0085,温州科技职业学院,524,电子商务,85,495,
2021,0086,浙江横店影视职业学院(民办),506,全媒体广告策划与营销,5,495,
2021,0086,浙江横店影视职业学院(民办),511,空中乘务,4,495,
2021,0086,浙江横店影视职业学院(民办),512,新闻采编与制作(新媒体技术与应用),42,495,
2021,0086,浙江横店影视职业学院(民办),534,人物形象设计,4,495,
2021,0086,浙江横店影视职业学院(民办),535,人物形象设计(中外合作办学),25,495,
2021,0086,浙江横店影视职业学院(民办),540,摄影摄像技术,30,495,
2021,0086,浙江横店影视职业学院(民办),541,广播影视节目制作(影视后期制作),15,495,
2021,0086,浙江横店影视职业学院(民办),543,影视编导,15,495,
2021,0087,浙江汽车职业技术学院(民办),509,汽车检测与维修技术,35,495,
2021,0092,浙江工业大学之江学院(独立学院),001,金融工程,39,537,113109
2021,0092,浙江工业大学之江学院(独立学院),002,财务管理,48,540,110483
2021,0092,浙江工业大学之江学院(独立学院),003,国际经济与贸易,58,537,113816
2021,0092,浙江工业大学之江学院(独立学院),004,市场营销,29,538,112607
2021,0092,浙江工业大学之江学院(独立学院),005,电子商务,34,542,108188
2021,0092,浙江工业大学之江学院(独立学院),006,工商管理,77,535,115860
2021,0092,浙江工业大学之江学院(独立学院),007,计算机科学与技术,55,523,129634
2021,0092,浙江工业大学之江学院(独立学院),008,软件工程,35,521,132028
2021,0092,浙江工业大学之江学院(独立学院),009,电子信息工程,50,512,141352
2021,0092,浙江工业大学之江学院(独立学院),010,自动化,23,514,139153
2021,0092,浙江工业大学之江学院(独立学院),011,广播电视学,47,545,104226
2021,0092,浙江工业大学之江学院(独立学院),012,广告学,49,544,105599
2021,0092,浙江工业大学之江学院(独立学院),013,汉语言文学,51,553,95018
2021,0092,浙江工业大学之江学院(独立学院),014,法学,29,552,95704
2021,0092,浙江工业大学之江学院(独立学院),015,机械工程,24,509,144727
2021,0092,浙江工业大学之江学院(独立学院),016,车辆工程,19,504,150459
2021,0092,浙江工业大学之江学院(独立学院),017,智能制造工程,39,512,142143
2021,0092,浙江工业大学之江学院(独立学院),018,英语,79,541,109081
2021,0092,浙江工业大学之江学院(独立学院),019,日语,31,542,108014
2021,0092,浙江工业大学之江学院(独立学院),020,建筑学,51,541,108619
2021,0092,浙江工业大学之江学院(独立学院),021,城乡规划,37,544,105632
2021,0092,浙江工业大学之江学院(独立学院),022,风景园林,17,544,105782
2021,0092,浙江工业大学之江学院(独立学院),027,工业设计,37,524,127941
2021,0092,浙江工业大学之江学院(独立学院),028,高分子材料与工程,31,540,110257
2021,0092,浙江工业大学之江学院(独立学院),029,数据科学与大数据技术,25,530,121990
2021,0092,浙江工业大学之江学院(独立学院),030,旅游管理,45,533,117703
2021,0092,浙江工业大学之江学院(独立学院),031,酒店管理,16,527,124718
2021,0093,浙江师范大学行知学院(独立学院),001,国际经济与贸易(与英语专业复合班),63,529,122182
2021,0093,浙江师范大学行知学院(独立学院),002,工商管理类,120,533,118108
2021,0093,浙江师范大学行知学院(独立学院),003,工商管理类(财务会计),170,530,121701
2021,0093,浙江师范大学行知学院(独立学院),004,金融学,72,533,118520
2021,0093,浙江师范大学行知学院(独立学院),005,法学类,132,539,111486
2021,0093,浙江师范大学行知学院(独立学院),006,汉语言文学(含汉语言、汉语言复合班),161,544,105436
2021,0093,浙江师范大学行知学院(独立学院),007,英语(含英语、英语复合班),192,533,117937
2021,0093,浙江师范大学行知学院(独立学院),008,应用化学,50,531,119854
2021,0093,浙江师范大学行知学院(独立学院),009,生物技术,15,544,105866
2021,0093,浙江师范大学行知学院(独立学院),010,环境工程,12,540,110505
2021,0093,浙江师范大学行知学院(独立学院),011,食品质量与安全,12,541,108511
2021,0093,浙江师范大学行知学院(独立学院),012,机械设计制造及其自动化,43,508,146857
2021,0093,浙江师范大学行知学院(独立学院),013,电子信息工程,25,514,139351
2021,0093,浙江师范大学行知学院(独立学院),014,网络空间安全,43,509,144756
2021,0094,宁波大学科学技术学院(独立学院),001,工商管理,43,536,114622
2021,0094,宁波大学科学技术学院(独立学院),002,会计学,86,539,110808
2021,0094,宁波大学科学技术学院(独立学院),003,物流管理,32,535,116138
2021,0094,宁波大学科学技术学院(独立学院),004,旅游管理,51,529,122868
2021,0094,宁波大学科学技术学院(独立学院),005,金融学,70,536,115042
2021,0094,宁波大学科学技术学院(独立学院),006,国际经济与贸易,33,536,114401
2021,0094,宁波大学科学技术学院(独立学院),007,电子商务,39,541,109368
2021,0094,宁波大学科学技术学院(独立学院),008,法学,75,546,103152
2021,0094,宁波大学科学技术学院(独立学院),009,汉语言文学,29,549,99388
2021,0094,宁波大学科学技术学院(独立学院),010,英语,52,540,110413
2021,0094,宁波大学科学技术学院(独立学院),011,英语,30,541,109019
2021,0094,宁波大学科学技术学院(独立学院),012,翻译,50,538,112051
2021,0094,宁波大学科学技术学院(独立学院),013,商务英语,23,543,106415
2021,0094,宁波大学科学技术学院(独立学院),014,日语,22,540,109807
2021,0094,宁波大学科学技术学院(独立学院),015,计算机科学与技术,52,519,133665
2021,0094,宁波大学科学技术学院(独立学院),016,软件工程,29,513,141172
2021,0094,宁波大学科学技术学院(独立学院),017,电子信息工程,16,519,133744
2021,0094,宁波大学科学技术学院(独立学院),018,人工智能,18,515,138219
2021,0094,宁波大学科学技术学院(独立学院),019,应用化学,72,533,117733
2021,0094,宁波大学科学技术学院(独立学院),020,生物技术,33,539,111635
2021,0094,宁波大学科学技术学院(独立学院),021,环境工程,37,537,113228
2021,0094,宁波大学科学技术学院(独立学院),022,机器人工程,15,510,143624
2021,0094,宁波大学科学技术学院(独立学院),024,机械设计制造及其自动化,8,517,136668
2021,0094,宁波大学科学技术学院(独立学院),025,机械设计制造及其自动化,16,514,139998
2021,0094,宁波大学科学技术学院(独立学院),026,机械电子工程,8,515,137974
2021,0094,宁波大学科学技术学院(独立学院),027,电气工程及其自动化,24,515,138499
2021,0094,宁波大学科学技术学院(独立学院),028,土木工程,21,512,141345
2021,0094,宁波大学科学技术学院(独立学院),029,建筑学,42,538,111830
2021,0094,宁波大学科学技术学院(独立学院),030,工程管理,18,516,137771
2021,0094,宁波大学科学技术学院(独立学院),031,广告学(中外合作办学),45,528,123975
2021,0095,杭州电子科技大学信息工程学院(独立学院),001,计算机类,249,526,126397
2021,0095,杭州电子科技大学信息工程学院(独立学院),002,管理科学与工程类,44,521,131630
2021,0095,杭州电子科技大学信息工程学院(独立学院),003,通信工程,48,523,129861
2021,0095,杭州电子科技大学信息工程学院(独立学院),004,电子信息类,191,515,138742
2021,0095,杭州电子科技大学信息工程学院(独立学院),005,自动化(机器人方向)),58,514,139436
2021,0095,杭州电子科技大学信息工程学院(独立学院),006,电气工程及其自动化(新能源电力方向)),32,517,136042
2021,0095,杭州电子科技大学信息工程学院(独立学院),007,机械设计制造及其自动化(智能制造方向),95,510,144144
2021,0095,杭州电子科技大学信息工程学院(独立学院),008,工商管理类,97,539,110873
2021,0095,杭州电子科技大学信息工程学院(独立学院),009,国际经济与贸易,108,538,112162
2021,0095,杭州电子科技大学信息工程学院(独立学院),010,英语,69,545,104438
2021,0095,杭州电子科技大学信息工程学院(独立学院),011,会计学,100,544,105237
2021,0095,杭州电子科技大学信息工程学院(独立学院),012,金融学,100,538,112428
2021,0095,杭州电子科技大学信息工程学院(独立学院),013,财务管理,75,540,109866
2021,0096,浙江工商大学杭州商学院(独立学院),001,工商管理,73,539,110949
2021,0096,浙江工商大学杭州商学院(独立学院),002,市场营销,23,542,107554
2021,0096,浙江工商大学杭州商学院(独立学院),003,人力资源管理,33,544,105263
2021,0096,浙江工商大学杭州商学院(独立学院),004,会计学,95,544,105625
2021,0096,浙江工商大学杭州商学院(独立学院),005,会计学(智能会计),49,546,102924
2021,0096,浙江工商大学杭州商学院(独立学院),006,财务管理,30,543,106660
2021,0096,浙江工商大学杭州商学院(独立学院),007,旅游管理,23,534,117336
2021,0096,浙江工商大学杭州商学院(独立学院),008,经济学,44,549,99737
2021,0096,浙江工商大学杭州商学院(独立学院),009,经济统计学,35,543,106033
2021,0096,浙江工商大学杭州商学院(独立学院),010,应用统计学,22,545,104287
2021,0096,浙江工商大学杭州商学院(独立学院),011,金融学,51,542,108309
2021,0096,浙江工商大学杭州商学院(独立学院),012,互联网金融,20,543,106898
2021,0096,浙江工商大学杭州商学院(独立学院),013,国际经济与贸易,24,543,107053
2021,0096,浙江工商大学杭州商学院(独立学院),014,贸易经济,21,540,109631
2021,0096,浙江工商大学杭州商学院(独立学院),015,法学,80,548,101300
2021,0096,浙江工商大学杭州商学院(独立学院),016,英语,73,545,104796
2021,0096,浙江工商大学杭州商学院(独立学院),017,商务英语,33,542,107929
2021,0096,浙江工商大学杭州商学院(独立学院),018,新闻学,40,553,95301
2021,0096,浙江工商大学杭州商学院(独立学院),019,广告学,40,549,99921
2021,0096,浙江工商大学杭州商学院(独立学院),020,公共事业管理,15,544,105359
2021,0096,浙江工商大学杭州商学院(独立学院),021,行政管理,16,547,101616
2021,0096,浙江工商大学杭州商学院(独立学院),022,计算机科学与技术,26,529,122472
2021,0096,浙江工商大学杭州商学院(独立学院),023,物流管理,16,544,105037
2021,0096,浙江工商大学杭州商学院(独立学院),024,电子商务,16,545,104675
2021,0096,浙江工商大学杭州商学院(独立学院),025,跨境电子商务,22,539,111715
2021,0097,浙江理工大学科技与艺术学院(独立学院),001,纺织工程,17,530,121694
2021,0097,浙江理工大学科技与艺术学院(独立学院),002,服装设计与工程,42,529,122321
2021,0097,浙江理工大学科技与艺术学院(独立学院),005,电子信息工程,42,502,152585
2021,0097,浙江理工大学科技与艺术学院(独立学院),006,通信工程,40,501,153532
2021,0097,浙江理工大学科技与艺术学院(独立学院),007,计算机科学与技术,35,511,143111
2021,0097,浙江理工大学科技与艺术学院(独立学院),008,自动化,39,503,151726
2021,0097,浙江理工大学科技与艺术学院(独立学院),009,应用化学,14,535,115585
2021,0097,浙江理工大学科技与艺术学院(独立学院),010,国际经济与贸易,32,530,121242
2021,0097,浙江理工大学科技与艺术学院(独立学院),011,会计学,53,536,114275
2021,0097,浙江理工大学科技与艺术学院(独立学院),012,电子商务,28,532,118889
2021,0097,浙江理工大学科技与艺术学院(独立学院),013,信息管理与信息系统,15,508,146379
2021,0097,浙江理工大学科技与艺术学院(独立学院),014,工商管理,27,531,120120
2021,0097,浙江理工大学科技与艺术学院(独立学院),015,人力资源管理,25,537,113732
2021,0097,浙江理工大学科技与艺术学院(独立学院),016,市场营销,15,532,119529
2021,0097,浙江理工大学科技与艺术学院(独立学院),017,经济学,31,537,113728
2021,0097,浙江理工大学科技与艺术学院(独立学院),022,英语,35,536,114630
2021,0097,浙江理工大学科技与艺术学院(独立学院),023,日语,16,538,112582
2021,0097,浙江理工大学科技与艺术学院(独立学院),024,法学,15,546,103532
2021,0097,浙江理工大学科技与艺术学院(独立学院),025,公共事业管理,15,535,115949
2021,0097,浙江理工大学科技与艺术学院(独立学院),026,酒店管理,17,529,122628
2021,0097,浙江理工大学科技与艺术学院(独立学院),027,建筑学,29,538,112114
2021,0097,浙江理工大学科技与艺术学院(独立学院),028,土木工程,43,501,153493
2021,0097,浙江理工大学科技与艺术学院(独立学院),029,工程管理,15,512,141489
2021,0099,温州医科大学仁济学院(独立学院),001,英语,40,547,102367
2021,0099,温州医科大学仁济学院(独立学院),002,日语,45,540,109647
2021,0099,温州医科大学仁济学院(独立学院),003,生物医学工程,34,549,99773
2021,0099,温州医科大学仁济学院(独立学院),004,临床医学,65,563,82933
2021,0099,温州医科大学仁济学院(独立学院),005,麻醉学,17,565,80726
2021,0099,温州医科大学仁济学院(独立学院),006,口腔医学,21,586,56922
2021,0099,温州医科大学仁济学院(独立学院),007,中医学,3,577,67298
2021,0099,温州医科大学仁济学院(独立学院),008,药学,13,560,86405
2021,0099,温州医科大学仁济学院(独立学院),009,中药学,14,558,89010
2021,0099,温州医科大学仁济学院(独立学院),010,法医学,12,563,82954
2021,0099,温州医科大学仁济学院(独立学院),011,医学检验技术,50,556,91814
2021,0099,温州医科大学仁济学院(独立学院),012,医学影像技术,32,559,87536
2021,0099,温州医科大学仁济学院(独立学院),013,眼视光学,13,566,79774
2021,0099,温州医科大学仁济学院(独立学院),014,康复治疗学,34,552,95540
2021,0099,温州医科大学仁济学院(独立学院),015,护理学,148,549,99389
2021,0099,温州医科大学仁济学院(独立学院),016,助产学,21,554,94171
2021,0099,温州医科大学仁济学院(独立学院),017,信息管理与信息系统,4,536,114024
2021,0099,温州医科大学仁济学院(独立学院),018,市场营销,11,543,106412
2021,0099,温州医科大学仁济学院(独立学院),019,公共事业管理,33,544,105992
2021,0101,浙江农林大学暨阳学院(独立学院),001,机械设计制造及其自动化,10,506,148866
2021,0101,浙江农林大学暨阳学院(独立学院),002,计算机科学与技术,10,509,144929
2021,0101,浙江农林大学暨阳学院(独立学院),003,数据科学与大数据技术,10,507,147700
2021,0101,浙江农林大学暨阳学院(独立学院),004,电子信息工程,10,508,146845
2021,0101,浙江农林大学暨阳学院(独立学院),005,园林,66,530,121478
2021,0101,浙江农林大学暨阳学院(独立学院),006,土木工程,11,513,140313
2021,0101,浙江农林大学暨阳学院(独立学院),007,会计学,75,534,117028
2021,0101,浙江农林大学暨阳学院(独立学院),008,财务管理,65,531,120282
2021,0101,浙江农林大学暨阳学院(独立学院),009,工商管理,50,529,122344
2021,0101,浙江农林大学暨阳学院(独立学院),010,电子商务,34,530,121228
2021,0101,浙江农林大学暨阳学院(独立学院),011,市场营销,35,530,121714
2021,0101,浙江农林大学暨阳学院(独立学院),012,国际经济与贸易,54,530,121355
2021,0101,浙江农林大学暨阳学院(独立学院),013,旅游管理,35,529,122675
2021,0101,浙江农林大学暨阳学院(独立学院),014,法学,49,542,108388
2021,0101,浙江农林大学暨阳学院(独立学院),015,广告学,50,537,113035
2021,0101,浙江农林大学暨阳学院(独立学院),016,英语,92,531,120317
2021,0101,浙江农林大学暨阳学院(独立学院),017,公共事业管理,35,531,120563
2021,0101,浙江农林大学暨阳学院(独立学院),018,城市管理,30,532,119602
2021,0101,浙江农林大学暨阳学院(独立学院),019,中药学,58,537,113836
2021,0101,浙江农林大学暨阳学院(独立学院),020,环境工程,41,530,121365
2021,0101,浙江农林大学暨阳学院(独立学院),021,食品科学与工程,48,531,120401
2021,0101,浙江农林大学暨阳学院(独立学院),022,人文地理与城乡规划,17,537,113954
2021,0106,浙江同济科技职业学院,501,水利工程,68,495,
2021,0106,浙江同济科技职业学院,507,水生态修复技术,28,495,
2021,0106,浙江同济科技职业学院,508,建筑工程技术,61,495,
2021,0106,浙江同济科技职业学院,511,工程造价,140,495,
2021,0106,浙江同济科技职业学院,513,电气自动化技术,60,495,
2021,0106,浙江同济科技职业学院,516,数控技术,17,495,
2021,0106,浙江同济科技职业学院,518,大数据与会计,20,495,
2021,0106,浙江同济科技职业学院,519,移动商务,52,495,
2021,0106,浙江同济科技职业学院,522,环境艺术设计,50,495,
2021,0106,浙江同济科技职业学院,523,风景园林设计,26,495,
2021,0106,浙江同济科技职业学院,525,数字媒体艺术设计,15,495,
2021,0111,浙江国际海运职业技术学院,512,数字媒体艺术设计,30,495,
2021,0111,浙江国际海运职业技术学院,519,应用英语,40,495,
2021,0112,宁波卫生职业技术学院,501,护理(老年护理方向),25,495,
2021,0112,宁波卫生职业技术学院,502,护理,385,496,159271
2021,0112,宁波卫生职业技术学院,503,助产,65,495,
2021,0112,宁波卫生职业技术学院,504,中药学,60,495,159884
2021,0112,宁波卫生职业技术学院,505,口腔医学,110,516,137813
2021,0112,宁波卫生职业技术学院,506,口腔医学技术,52,500,154390
2021,0112,宁波卫生职业技术学院,507,医学检验技术,80,499,156260
2021,0112,宁波卫生职业技术学院,508,卫生检验与检疫技术,50,495,
2021,0112,宁波卫生职业技术学院,509,中医学,50,505,149276
2021,0112,宁波卫生职业技术学院,510,康复治疗类,52,495,
2021,0112,宁波卫生职业技术学院,511,健康管理与促进类,37,495,
2021,0112,宁波卫生职业技术学院,512,医学美容技术,25,496,159405
2021,0112,宁波卫生职业技术学院,513,美容美体艺术,18,495,
2021,0112,宁波卫生职业技术学院,516,婴幼儿托育服务与管理,18,495,
2021,0113,宁波城市职业技术学院,504,跨境电子商务,35,495,
2021,0113,宁波城市职业技术学院,505,计算机应用技术,60,495,
2021,0113,宁波城市职业技术学院,506,计算机网络技术,32,495,
2021,0113,宁波城市职业技术学院,507,应用电子技术,25,495,
2021,0113,宁波城市职业技术学院,509,智能控制技术,31,495,
2021,0113,宁波城市职业技术学院,515,建筑装饰工程技术,27,495,
2021,0113,宁波城市职业技术学院,517,园林技术,72,495,
2021,0113,宁波城市职业技术学院,518,园艺技术,45,495,
2021,0113,宁波城市职业技术学院,519,大数据与会计,51,495,
2021,0113,宁波城市职业技术学院,523,计算机应用技术(中外合作办学),80,495,
2021,0113,宁波城市职业技术学院,526,应用英语,44,495,
2021,0115,浙江特殊教育职业学院,501,特殊教育(师范),64,495,
2021,0115,浙江特殊教育职业学院,502,特殊教育(手语翻译),5,501,153877
2021,0115,浙江特殊教育职业学院,503,学前教育(师范),58,495,
2021,0115,浙江特殊教育职业学院,504,康复治疗技术,20,495,
2021,0116,浙江中医药大学滨江学院(独立学院),001,中医学,21,575,69065
2021,0116,浙江中医药大学滨江学院(独立学院),002,临床医学,57,558,88388
2021,0116,浙江中医药大学滨江学院(独立学院),003,针灸推拿学,36,562,83688
2021,0116,浙江中医药大学滨江学院(独立学院),004,口腔医学,22,582,61778
2021,0116,浙江中医药大学滨江学院(独立学院),005,中药学,18,562,84267
2021,0116,浙江中医药大学滨江学院(独立学院),006,药学,29,556,91064
2021,0116,浙江中医药大学滨江学院(独立学院),007,护理学,58,555,92949
2021,0116,浙江中医药大学滨江学院(独立学院),008,计算机科学与技术,43,533,118144
2021,0116,浙江中医药大学滨江学院(独立学院),009,生物技术,19,553,95441
2021,0116,浙江中医药大学滨江学院(独立学院),010,市场营销,24,548,100793
2021,0116,浙江中医药大学滨江学院(独立学院),011,英语,28,551,97037
2021,0117,中国计量大学现代科技学院(独立学院),001,自动化类,49,502,152534
2021,0117,中国计量大学现代科技学院(独立学院),002,质量管理工程,16,506,148769
2021,0117,中国计量大学现代科技学院(独立学院),003,机械设计制造及其自动化,22,505,149336
2021,0117,中国计量大学现代科技学院(独立学院),004,机械电子工程,26,506,148408
2021,0117,中国计量大学现代科技学院(独立学院),005,人工智能,28,512,141606
2021,0117,中国计量大学现代科技学院(独立学院),006,安全工程,13,516,136924
2021,0117,中国计量大学现代科技学院(独立学院),007,测控技术与仪器,21,504,150998
2021,0117,中国计量大学现代科技学院(独立学院),008,生物工程,65,533,117496
2021,0117,中国计量大学现代科技学院(独立学院),009,电子信息类,71,508,146242
2021,0117,中国计量大学现代科技学院(独立学院),010,计算机科学与技术,68,518,135592
2021,0117,中国计量大学现代科技学院(独立学院),011,工商管理类,205,527,125043
2021,0117,中国计量大学现代科技学院(独立学院),012,国际经济与贸易,75,531,120581
2021,0117,中国计量大学现代科技学院(独立学院),013,金融工程,76,529,123128
2021,0117,中国计量大学现代科技学院(独立学院),014,工业设计,27,514,139249
2021,0117,中国计量大学现代科技学院(独立学院),015,法学,58,551,97205
2021,0117,中国计量大学现代科技学院(独立学院),016,广告学,33,547,101997
2021,0117,中国计量大学现代科技学院(独立学院),017,汉语言文学,58,550,98801
2021,0117,中国计量大学现代科技学院(独立学院),018,英语,58,546,103440
2021,0119,浙江财经大学东方学院(独立学院),001,财政学,100,530,121140
2021,0119,浙江财经大学东方学院(独立学院),002,税收学,94,529,122353
2021,0119,浙江财经大学东方学院(独立学院),003,劳动与社会保障,30,530,121235
2021,0119,浙江财经大学东方学院(独立学院),004,法学(企业法务方向),71,543,106604
2021,0119,浙江财经大学东方学院(独立学院),005,社会工作(司法社工方向),54,533,118457
2021,0119,浙江财经大学东方学院(独立学院),006,工商管理,64,530,121013
2021,0119,浙江财经大学东方学院(独立学院),007,工程管理,22,507,147740
2021,0119,浙江财经大学东方学院(独立学院),008,市场营销,31,533,117785
2021,0119,浙江财经大学东方学院(独立学院),009,物流管理,31,533,118209
2021,0119,浙江财经大学东方学院(独立学院),010,人力资源管理,30,535,116069
2021,0119,浙江财经大学东方学院(独立学院),011,金融学,77,533,117528
2021,0119,浙江财经大学东方学院(独立学院),012,保险学,25,530,122007
2021,0119,浙江财经大学东方学院(独立学院),013,国际经济与贸易,35,532,119328
2021,0119,浙江财经大学东方学院(独立学院),014,经济学,39,540,109719
2021,0119,浙江财经大学东方学院(独立学院),015,跨境电子商务,40,528,124288
2021,0119,浙江财经大学东方学院(独立学院),016,会计学(含ACA、税务会计方向),65,549,99716
2021,0119,浙江财经大学东方学院(独立学院),017,审计学(含CIA、CISA方向),74,534,116897
2021,0119,浙江财经大学东方学院(独立学院),018,资产评估,20,538,112614
2021,0119,浙江财经大学东方学院(独立学院),019,财务管理(含CMA、资本运营、智能财务方向),80,537,113902
2021,0119,浙江财经大学东方学院(独立学院),020,汉语言文学(文宣方向),25,549,99872
2021,0119,浙江财经大学东方学院(独立学院),021,广告学(新媒体传播方向),65,543,107059
2021,0119,浙江财经大学东方学院(独立学院),022,英语,78,532,118807
2021,0119,浙江财经大学东方学院(独立学院),023,日语,45,533,118449
2021,0119,浙江财经大学东方学院(独立学院),024,信息管理与信息系统(数据挖掘与信息系统审计方向),20,509,145111
2021,0119,浙江财经大学东方学院(独立学院),025,计算机科学与技术(大数据与智能技术方向),50,505,149429
2021,0119,浙江财经大学东方学院(独立学院),026,电子商务(商务数据分析方向),64,529,123067
2021,0119,浙江财经大学东方学院(独立学院),027,数据科学与大数据技术,52,505,149093
2021,0119,浙江财经大学东方学院(独立学院),028,互联网金融(智慧金融方向),60,531,119709
2021,0121,湖州学院,002,国际经济与贸易,61,553,94634
2021,0121,湖州学院,003,经济与金融,67,554,94046
2021,0121,湖州学院,004,电子商务,61,553,94545
2021,0121,湖州学院,005,物流管理,21,553,94614
2021,0121,湖州学院,006,行政管理,14,556,91304
2021,0121,湖州学院,007,汉语言文学,162,558,88828
2021,0121,湖州学院,008,广告学,32,558,89491
2021,0121,湖州学院,009,英语,88,556,91289
2021,0121,湖州学院,010,日语,18,555,92611
2021,0121,湖州学院,011,商务英语,36,555,92453
2021,0121,湖州学院,012,电子信息类,5,550,98113
2021,0121,湖州学院,013,光电信息科学与工程,5,543,106265
2021,0121,湖州学院,014,机械设计制造及其自动化,5,541,108689
2021,0121,湖州学院,015,电气工程及其自动化,5,543,106395
2021,0121,湖州学院,016,生物工程,5,556,90916
2021,0121,湖州学院,017,制药工程,5,556,91346
2021,0121,湖州学院,019,护理学,15,562,84313
2021,0122,绍兴文理学院元培学院(独立学院),001,中国语言文学类,55,545,104848
2021,0122,绍兴文理学院元培学院(独立学院),002,外国语言文学类,40,543,106270
2021,0122,绍兴文理学院元培学院(独立学院),003,会计学,42,540,109535
2021,0122,绍兴文理学院元培学院(独立学院),004,财务管理,22,538,112427
2021,0122,绍兴文理学院元培学院(独立学院),005,电子商务,22,543,107187
2021,0122,绍兴文理学院元培学院(独立学院),006,工商管理,25,537,113085
2021,0122,绍兴文理学院元培学院(独立学院),007,国际经济与贸易,38,539,111089
2021,0122,绍兴文理学院元培学院(独立学院),008,法学,60,545,104658
2021,0122,绍兴文理学院元培学院(独立学院),009,计算机类,70,503,151518
2021,0122,绍兴文理学院元培学院(独立学院),010,数据科学与大数据技术,20,514,139712
2021,0122,绍兴文理学院元培学院(独立学院),011,机械类,30,503,151602
2021,0122,绍兴文理学院元培学院(独立学院),012,电子信息工程,20,504,150317
2021,0122,绍兴文理学院元培学院(独立学院),013,管理科学与工程类,30,504,150164
2021,0122,绍兴文理学院元培学院(独立学院),014,土木工程,30,505,149483
2021,0122,绍兴文理学院元培学院(独立学院),015,纺织类,29,535,115689
2021,0122,绍兴文理学院元培学院(独立学院),016,园林,22,540,110097
2021,0122,绍兴文理学院元培学院(独立学院),017,药学,75,539,111546
2021,0122,绍兴文理学院元培学院(独立学院),018,护理学,75,544,105620
2021,0123,温州理工学院,001,国际经济与贸易,95,556,91822
2021,0123,温州理工学院,002,财务管理,130,556,91240
2021,0123,温州理工学院,003,金融科技,20,558,89132
2021,0123,温州理工学院,004,工商管理(创业教育管理),15,557,89586
2021,0123,温州理工学院,005,中国语言文学类,91,564,82447
2021,0123,温州理工学院,006,法学,85,562,83827
2021,0123,温州理工学院,007,数学与应用数学,30,539,110794
2021,0123,温州理工学院,008,应用统计学,30,557,89728
2021,0123,温州理工学院,009,计算机科学与技术,70,544,105338
2021,0123,温州理工学院,010,电子商务,70,556,91550
2021,0123,温州理工学院,011,数据科学与大数据技术,30,543,106878
2021,0123,温州理工学院,012,电子信息工程,25,541,108538
2021,0123,温州理工学院,013,机器人工程,25,539,111385
2021,0123,温州理工学院,014,物联网工程,25,540,109680
2021,0123,温州理工学院,015,建筑学,40,558,89530
2021,0123,温州理工学院,016,土木工程,22,539,111264
2021,0123,温州理工学院,018,英语,116,558,89317
2021,0124,宁波幼儿师范高等专科学校,501,音乐教育(幼教方向)(师范),45,495,
2021,0124,宁波幼儿师范高等专科学校,502,现代文秘,90,495,
2021,0124,宁波幼儿师范高等专科学校,503,应用英语,90,495,
2021,0124,宁波幼儿师范高等专科学校,504,学前教育(师范),518,497,157930
2021,0124,宁波幼儿师范高等专科学校,505,体育教育(幼教方向)(师范),45,495,
2021,0124,宁波幼儿师范高等专科学校,506,新闻采编与制作(新媒体方向),90,495,
2021,0124,宁波幼儿师范高等专科学校,508,学前教育(中外合作办学)(师范),45,495,
2021,0125,嘉兴南湖学院,001,汉语言文学,70,562,84144
2021,0125,嘉兴南湖学院,002,秘书学,17,556,90881
2021,0125,嘉兴南湖学院,003,英语,64,557,89709
2021,0125,嘉兴南湖学院,004,日语,44,555,92740
2021,0125,嘉兴南湖学院,005,法学,72,560,86751
2021,0125,嘉兴南湖学院,006,经济学,65,554,93075
2021,0125,嘉兴南湖学院,007,国际经济与贸易,65,553,94531
2021,0125,嘉兴南湖学院,008,金融学,119,553,94834
2021,0125,嘉兴南湖学院,009,市场营销,18,553,94666
2021,0125,嘉兴南湖学院,010,财务管理,69,555,92922
2021,0125,嘉兴南湖学院,011,会计学,132,556,91371
2021,0125,嘉兴南湖学院,012,工商管理,60,553,94408
2021,0125,嘉兴南湖学院,013,人力资源管理,76,553,94442
2021,0125,嘉兴南湖学院,014,测控技术与仪器,5,538,111920
2021,0125,嘉兴南湖学院,015,机械设计制造及其自动化,5,539,110765
2021,0125,嘉兴南湖学院,016,电气工程及其自动化,3,545,104197
2021,0125,嘉兴南湖学院,017,电子信息工程,5,551,97275
2021,0125,嘉兴南湖学院,018,计算机科学与技术,8,553,95253
2021,0125,嘉兴南湖学院,019,网络工程,3,552,95899
2021,0125,嘉兴南湖学院,020,纺织工程,6,553,94575
2021,0125,嘉兴南湖学院,021,服装设计与工程,15,553,94418
2021,0125,嘉兴南湖学院,022,工业设计,3,544,105068
2021,0125,嘉兴南湖学院,023,土木工程,4,546,102568
2021,0125,嘉兴南湖学院,024,工程管理,3,541,108931
2021,0125,嘉兴南湖学院,025,工程造价,5,543,106151
2021,0125,嘉兴南湖学院,026,轻化工程,9,552,95944
2021,0125,嘉兴南湖学院,027,环境工程,9,553,94979
2021,0125,嘉兴南湖学院,028,高分子材料与工程,9,553,95411
2021,0125,嘉兴南湖学院,029,生物工程,5,554,93373
2021,0125,嘉兴南湖学院,030,化学工程与工艺,5,553,94249
2021,0126,温州商学院(民办),001,金融学类,285,516,136944
2021,0126,温州商学院(民办),002,外国语言文学类,120,517,136011
2021,0126,温州商学院(民办),003,新闻传播学类,200,516,137040
2021,0126,温州商学院(民办),004,工商管理类,490,515,138860
2021,0126,温州商学院(民办),005,计算机类,150,495,
2021,0126,温州商学院(民办),501,国际经济与贸易,140,495,
2021,0126,温州商学院(民办),502,国际金融,80,495,
2021,0126,温州商学院(民办),503,工商企业管理,254,495,
2021,0126,温州商学院(民办),504,大数据与会计,80,495,
2021,0126,温州商学院(民办),505,商务英语,120,495,
2021,0126,温州商学院(民办),506,网络新闻与传播,80,495,
2021,0126,温州商学院(民办),507,电子商务,140,495,
2021,0126,温州商学院(民办),508,计算机应用技术,80,495,
2021,0126,温州商学院(民办),509,移动应用开发,110,495,
2021,0128,浙江邮电职业技术学院,509,信息安全技术应用,65,495,
2021,0128,浙江邮电职业技术学院,512,邮政快递智能技术,55,495,
2021,0128,浙江邮电职业技术学院,513,软件技术,85,495,
2021,0128,浙江邮电职业技术学院,514,电信服务与管理,70,495,
2021,0129,浙江农业商贸职业学院,509,商务英语,115,495,
2021,0129,浙江农业商贸职业学院,514,园艺技术,60,495,
2021,0129,浙江农业商贸职业学院,517,中西面点工艺,45,495,
2021,0130,浙江师范大学(省重点建设高校)(金华职业技术学院教学点),001,小学教育(师范),60,590,51971
2021,0150,浙江金华科贸职业技术学院(民办),509,大数据与会计,100,495,
2021,0168,温州肯恩大学(中外合作办学),001,经济学(中外合作办学),9,568,77583
2021,0168,温州肯恩大学(中外合作办学),002,金融学(中外合作办学)(国际金融方向),52,558,88816
2021,0168,温州肯恩大学(中外合作办学),003,国际商务(中外合作办学),23,557,90451
2021,0168,温州肯恩大学(中外合作办学),004,会计学(中外合作办学)(国际会计方向),52,558,89462
2021,0168,温州肯恩大学(中外合作办学),005,英语(中外合作办学)(国际应用方向),33,557,90545
2021,0168,温州肯恩大学(中外合作办学),006,心理学(中外合作办学),25,560,86490
2021,0168,温州肯恩大学(中外合作办学),007,传播学(中外合作办学),9,565,80418
2021,0168,温州肯恩大学(中外合作办学),008,生物科学(中外合作办学)(细胞与分子方向),9,560,87137
2021,0168,温州肯恩大学(中外合作办学),009,计算机科学与技术(中外合作办学),22,563,83041
2021,0182,宁波诺丁汉大学(中外合作办学),001,国际商务(中外合作办学),94,589,
2021,0182,宁波诺丁汉大学(中外合作办学),002,财务管理(中外合作办学),100,591,50981
2021,0182,宁波诺丁汉大学(中外合作办学),003,国际经济与贸易(中外合作办学),40,590,52565
2021,0182,宁波诺丁汉大学(中外合作办学),004,经济学(中外合作办学),20,618,26059
2021,0182,宁波诺丁汉大学(中外合作办学),005,国际事务与国际关系(中外合作办学),9,595,47131
2021,0182,宁波诺丁汉大学(中外合作办学),006,传播学(中外合作办学),30,597,45605
2021,0182,宁波诺丁汉大学(中外合作办学),007,英语(中外合作办学),12,605,37261
2021,0182,宁波诺丁汉大学(中外合作办学),008,英语(中外合作办学)(2+2),9,608,34547
2021,0182,宁波诺丁汉大学(中外合作办学),009,计算机科学与技术(中外合作办学),30,602,39880
2021,0182,宁波诺丁汉大学(中外合作办学),010,计算机科学与技术(中外合作办学)(2+2),14,620,24491
2021,0182,宁波诺丁汉大学(中外合作办学),011,数学与应用数学(中外合作办学),14,607,35429
2021,0182,宁波诺丁汉大学(中外合作办学),012,数学与应用数学(中外合作办学)(2+2),7,625,20483
2021,0182,宁波诺丁汉大学(中外合作办学),013,电气类(中外合作办学),23,589,
2021,0182,宁波诺丁汉大学(中外合作办学),014,电气类(中外合作办学)(2+2),21,589,
2021,0182,宁波诺丁汉大学(中外合作办学),015,化工与制药类(中外合作办学),4,589,
2021,0182,宁波诺丁汉大学(中外合作办学),016,化工与制药类(中外合作办学)(2+2),3,594,48612
2021,0182,宁波诺丁汉大学(中外合作办学),017,环境科学(中外合作办学)(2+2),6,589,53793
2021,0182,宁波诺丁汉大学(中外合作办学),018,统计学(中外合作办学)(2+2),8,628,18353
2021,0182,宁波诺丁汉大学(中外合作办学),019,建筑学(中外合作办学),10,612,31045
2021,0182,宁波诺丁汉大学(中外合作办学),020,化学(中外合作办学)(2+2),5,597,45389
2021,0186,上海财经大学浙江学院(独立学院),001,会计学,100,541,109101
2021,0186,上海财经大学浙江学院(独立学院),002,会计学(国际会计ACCA),50,543,107047
2021,0186,上海财经大学浙江学院(独立学院),003,会计学(注册会计),50,547,102387
2021,0186,上海财经大学浙江学院(独立学院),004,财务管理,66,538,112873
2021,0186,上海财经大学浙江学院(独立学院),005,金融学,113,533,118456
2021,0186,上海财经大学浙江学院(独立学院),006,保险学,20,531,120353
2021,0186,上海财经大学浙江学院(独立学院),007,投资学,45,532,119102
2021,0186,上海财经大学浙江学院(独立学院),008,应用统计学(金融统计),48,533,118244
2021,0186,上海财经大学浙江学院(独立学院),009,经济统计学,22,540,110581
2021,0186,上海财经大学浙江学院(独立学院),010,数据科学与大数据技术,24,521,132119
2021,0186,上海财经大学浙江学院(独立学院),011,国际经济与贸易,45,533,118212
2021,0186,上海财经大学浙江学院(独立学院),012,物流管理,20,537,113811
2021,0186,上海财经大学浙江学院(独立学院),013,工商管理,44,533,117469
2021,0186,上海财经大学浙江学院(独立学院),014,工商管理(创业管理),10,533,118238
2021,0186,上海财经大学浙江学院(独立学院),015,市场营销,20,536,114579
2021,0186,上海财经大学浙江学院(独立学院),016,人力资源管理,20,545,104738
2021,0186,上海财经大学浙江学院(独立学院),017,国际商务,20,537,113877
2021,0186,上海财经大学浙江学院(独立学院),018,会展经济与管理,24,534,117337
2021,0186,上海财经大学浙江学院(独立学院),019,经济学,20,544,105482
2021,0186,上海财经大学浙江学院(独立学院),020,电子商务,48,532,118952
2021,0186,上海财经大学浙江学院(独立学院),021,软件工程,24,516,137169
2021,0186,上海财经大学浙江学院(独立学院),022,商务英语,35,541,108734
2021,0232,浙江舟山群岛新区旅游与健康职业学院,501,护理,71,495,
2021,0259,浙江大学医学院(一流大学建设高校),001,临床医学(5+3一体化),18,675,1228
2021,0259,浙江大学医学院(一流大学建设高校),002,口腔医学(5+3一体化),16,672,1653
2021,0259,浙江大学医学院(一流大学建设高校),003,临床医学(5+3一体化，儿科),8,668,2221
2021,0259,浙江大学医学院(一流大学建设高校),004,医学试验班类,29,666,2546
2021,0259,浙江大学医学院(一流大学建设高校),005,预防医学,36,658,4701
2021,0259,浙江大学医学院(一流大学建设高校),006,药学类,48,655,5375
2021,1102,北京城市学院(民办),006,金融学类,1,547,102208
2021,1102,北京城市学院(民办),007,法学,1,567,78044
2021,1102,北京城市学院(民办),008,社会工作,1,549,100146
2021,1102,北京城市学院(民办),009,学前教育,1,557,90355
2021,1102,北京城市学院(民办),010,文物与博物馆学(含文物修复、文物数字信息),1,567,78911
2021,1102,北京城市学院(民办),011,地理信息科学,2,513,140891
2021,1102,北京城市学院(民办),012,建筑学,1,549,100120
2021,1102,北京城市学院(民办),013,建筑学(中国传统建筑文化与技艺),1,545,103717
2021,1102,北京城市学院(民办),014,城乡规划,2,543,106596
2021,1102,北京城市学院(民办),015,风景园林,2,543,107096
2021,1102,北京城市学院(民办),016,康复治疗学,2,546,103121
2021,1102,北京城市学院(民办),017,工商管理类,1,551,96805
2021,1102,北京城市学院(民办),018,旅游管理类,1,538,112869
2021,1103,北京大学(一流大学建设高校),001,工商管理类,1,710,4
2021,1103,北京大学(一流大学建设高校),002,文科试验班类(通用类),6,699,52
2021,1103,北京大学(一流大学建设高校),005,理科试验班类(元培),4,702,26
2021,1103,北京大学(一流大学建设高校),006,理科试验班类(理科基础类),20,696,87
2021,1104,北京大学医学部(一流大学建设高校),001,基础医学,2,691,172
2021,1104,北京大学医学部(一流大学建设高校),002,临床医学,5,693,137
2021,1104,北京大学医学部(一流大学建设高校),003,临床医学,1,692,162
2021,1104,北京大学医学部(一流大学建设高校),004,口腔医学,1,696,78
2021,1104,北京大学医学部(一流大学建设高校),005,预防医学,1,687,327
2021,1104,北京大学医学部(一流大学建设高校),006,药学,1,690,201
2021,1104,北京大学医学部(一流大学建设高校),007,英语(医学英语),2,690,202
2021,1105,北京第二外国语学院,001,英语(人文交流),2,641,11310
2021,1105,北京第二外国语学院,002,日语(动漫文创),2,639,12122
2021,1105,北京第二外国语学院,003,朝鲜语(人文交流),2,631,16493
2021,1105,北京第二外国语学院,004,俄语(人文交流),2,631,16591
2021,1105,北京第二外国语学院,005,德语(人文交流),2,634,14805
2021,1105,北京第二外国语学院,006,西班牙语(旅游休闲),2,637,13311
2021,1105,北京第二外国语学院,007,葡萄牙语(经贸合作),2,633,15534
2021,1105,北京第二外国语学院,008,意大利语(旅游休闲),2,630,17552
2021,1105,北京第二外国语学院,009,土耳其语(人文交流),2,628,18932
2021,1105,北京第二外国语学院,010,阿拉伯语(中东外交),2,632,16270
2021,1105,北京第二外国语学院,011,翻译(中英法复语),2,638,12857
2021,1105,北京第二外国语学院,012,旅游管理(文化旅游与遗产管理),2,629,17954
2021,1105,北京第二外国语学院,013,金融学(一带一路金融服务),2,634,14840
2021,1105,北京第二外国语学院,014,外交学(政党外交),2,635,14468
2021,1105,北京第二外国语学院,015,汉语言文学(多语复合),2,636,13585
2021,1106,北京第二外国语学院中瑞酒店管理学院(独立学院),001,酒店管理,15,513,140803
2021,1106,北京第二外国语学院中瑞酒店管理学院(独立学院),002,酒店管理(国际课程班),9,513,141137
2021,1106,北京第二外国语学院中瑞酒店管理学院(独立学院),003,财务管理,6,514,139229
2021,1106,北京第二外国语学院中瑞酒店管理学院(独立学院),004,人力资源管理,5,514,139798
2021,1106,北京第二外国语学院中瑞酒店管理学院(独立学院),005,健康服务与管理,10,513,140731
2021,1106,北京第二外国语学院中瑞酒店管理学院(独立学院),006,市场营销,5,513,141109
2021,1107,北京电影学院,023,数字媒体技术,2,634,14888
2021,1110,北京服装学院,001,服装设计与工程,2,592,50265
2021,1110,北京服装学院,002,工业设计,1,584,59058
2021,1110,北京服装学院,003,高分子材料与工程,3,566,79557
2021,1110,北京服装学院,004,轻化工程,3,551,97286
2021,1110,北京服装学院,005,工商管理类,2,572,72852
2021,1110,北京服装学院,006,信息管理与信息系统,1,561,85168
2021,1111,北京工商大学,001,金融学类,5,626,19856
2021,1111,北京工商大学,002,工商管理类,5,622,23106
2021,1111,北京工商大学,003,财务管理,5,623,22488
2021,1111,北京工商大学,004,新闻传播学类,5,625,20934
2021,1111,北京工商大学,005,大数据管理与应用(实验班),5,609,33465
2021,1111,北京工商大学,006,电子商务类,5,602,39655
2021,1111,北京工商大学,007,材料类,5,594,48321
2021,1111,北京工商大学,008,环境工程,5,597,45501
2021,1112,北京工商大学嘉华学院(独立学院),002,金融学,4,524,128449
2021,1112,北京工商大学嘉华学院(独立学院),003,金融科技,3,518,135768
2021,1112,北京工商大学嘉华学院(独立学院),004,数字经济,4,514,139340
2021,1112,北京工商大学嘉华学院(独立学院),005,会计学,5,520,133042
2021,1112,北京工商大学嘉华学院(独立学院),006,财务管理,3,522,130819
2021,1112,北京工商大学嘉华学院(独立学院),007,金融工程,4,520,132770
2021,1112,北京工商大学嘉华学院(独立学院),008,国际商务,4,519,133635
2021,1112,北京工商大学嘉华学院(独立学院),009,审计学,3,516,136922
2021,1113,北京工业大学(一流学科建设高校),001,生物医学工程,2,636,13906
2021,1113,北京工业大学(一流学科建设高校),002,数字媒体技术,2,642,10723
2021,1113,北京工业大学(一流学科建设高校),003,机械类,2,634,14722
2021,1113,北京工业大学(一流学科建设高校),004,土木类,2,635,14110
2021,1113,北京工业大学(一流学科建设高校),005,建筑学,2,638,12817
2021,1113,北京工业大学(一流学科建设高校),006,物联网工程(中外合作办学),2,628,18632
2021,1113,北京工业大学(一流学科建设高校),007,软件工程(中外合作办学),4,629,17886
2021,1113,北京工业大学(一流学科建设高校),008,金融学(中外合作办学),4,634,14687
2021,1114,北京工业大学耿丹学院(独立学院),001,国际经济与贸易,3,523,129673
2021,1114,北京工业大学耿丹学院(独立学院),002,财务管理,4,523,129197
2021,1114,北京工业大学耿丹学院(独立学院),003,市场营销(品牌管理与策划),2,522,130881
2021,1114,北京工业大学耿丹学院(独立学院),004,金融工程,2,525,127659
2021,1114,北京工业大学耿丹学院(独立学院),005,工程管理,1,507,147605
2021,1114,北京工业大学耿丹学院(独立学院),006,工业设计,1,510,144347
2021,1114,北京工业大学耿丹学院(独立学院),007,城乡规划(国际班),1,526,126126
2021,1114,北京工业大学耿丹学院(独立学院),008,建筑学,1,524,128900
2021,1114,北京工业大学耿丹学院(独立学院),009,电子信息类,2,500,155335
2021,1114,北京工业大学耿丹学院(独立学院),010,计算机类,2,512,141390
2021,1114,北京工业大学耿丹学院(独立学院),011,应用心理学,2,536,114896
2021,1114,北京工业大学耿丹学院(独立学院),012,汉语国际教育,2,538,112557
2021,1116,北京航空航天大学(一流大学建设高校),001,工科试验班类(计算机拔尖计划),1,670,1992
2021,1116,北京航空航天大学(一流大学建设高校),002,工科试验班类(未来空天领军计划),3,669,2119
2021,1116,北京航空航天大学(一流大学建设高校),003,理科试验班类(中法工程师学院),7,654,5834
2021,1116,北京航空航天大学(一流大学建设高校),004,工科试验班类(国际通用工程学院),2,661,3840
2021,1116,北京航空航天大学(一流大学建设高校),005,工科试验班类(医工交叉试验班),1,658,4592
2021,1116,北京航空航天大学(一流大学建设高校),006,工科试验班类(航空H航天类),31,654,5882
2021,1116,北京航空航天大学(一流大学建设高校),007,工科试验班类(信息类),41,662,3572
2021,1116,北京航空航天大学(一流大学建设高校),008,理科试验班类,7,655,5301
2021,1116,北京航空航天大学(一流大学建设高校),009,社会科学试验班,3,659,4267
2021,1117,北京化工大学(一流学科建设高校),001,工科试验班(宏德书院),4,635,13977
2021,1117,北京化工大学(一流学科建设高校),002,法学(卓越实验班),1,640,11548
2021,1117,北京化工大学(一流学科建设高校),003,工科试验班(绿色化工与生物医药),20,627,19246
2021,1117,北京化工大学(一流学科建设高校),004,工科试验班(先进材料与绿色化学),24,626,20244
2021,1117,北京化工大学(一流学科建设高校),005,自动化类(高端装备与智能制造),20,629,17661
2021,1117,北京化工大学(一流学科建设高校),006,计算机类,13,634,14780
2021,1117,北京化工大学(一流学科建设高校),007,理科试验班(数学、物理电子与管理),7,633,15695
2021,1117,北京化工大学(一流学科建设高校),008,工商管理类(新文科经管法),10,634,14566
2021,1117,北京化工大学(一流学科建设高校),009,英语,2,633,15745
2021,1117,北京化工大学(一流学科建设高校),011,化工与制药类(中外合作办学)(中法精英工程教育试验班),8,603,39432
2021,1117,北京化工大学(一流学科建设高校),012,生物工程(中外合作办学)(中美双学位，生物过程工程),5,606,36754
2021,1117,北京化工大学(一流学科建设高校),013,机械设计制造及其自动化(中外合作办学)(中美双学位，机器人),6,613,29804
2021,1117,北京化工大学(一流学科建设高校),014,工业设计(中外合作办学)(中意设计双学位),3,616,27308
2021,1118,北京汇佳职业学院(民办),511,影视制片管理(影视艺术经纪人),2,495,
2021,1119,吉利学院(民办),001,计算机类,2,513,140488
2021,1119,吉利学院(民办),002,金融学类,2,532,119621
2021,1120,北京建筑大学,001,建筑类,2,636,13800
2021,1120,北京建筑大学,002,土木工程(实验班),1,610,32628
2021,1120,北京建筑大学,003,土木工程,2,608,34031
2021,1120,北京建筑大学,004,工程管理(实验班),2,586,57226
2021,1120,北京建筑大学,005,管理科学与工程类(项目管理与造价类),3,587,55605
2021,1121,北京交通大学(一流学科建设高校),001,外国语言文学类,4,643,10372
2021,1121,北京交通大学(一流学科建设高校),002,新闻传播学类,4,646,8627
2021,1121,北京交通大学(一流学科建设高校),003,经济管理试验班,4,644,9441
2021,1121,北京交通大学(一流学科建设高校),004,电子信息类(通信与控制),4,644,9562
2021,1121,北京交通大学(一流学科建设高校),005,计算机类,4,648,8130
2021,1121,北京交通大学(一流学科建设高校),006,软件工程,4,645,9097
2021,1121,北京交通大学(一流学科建设高校),007,交通运输类,4,645,9063
2021,1121,北京交通大学(一流学科建设高校),008,土木类(智慧建造与智能工程),12,633,15258
2021,1121,北京交通大学(一流学科建设高校),009,机械类(智能制造与智能装备),12,635,14229
2021,1121,北京交通大学(一流学科建设高校),010,电气类,5,642,10829
2021,1121,北京交通大学(一流学科建设高校),011,理科试验班类,4,642,10644
2021,1121,北京交通大学(一流学科建设高校),013,纳米材料与技术(中外合作办学),5,626,19986
2021,1121,北京交通大学(一流学科建设高校),014,机械电子工程(中外合作办学),5,627,19165
2021,1121,北京交通大学(一流学科建设高校),015,交通运输(中外合作办学),4,631,16857
2021,1123,北京科技大学(一流学科建设高校),001,理科试验班,4,646,8807
2021,1123,北京科技大学(一流学科建设高校),002,工科试验班类,5,643,10047
2021,1123,北京科技大学(一流学科建设高校),003,材料科学与工程,11,634,14704
2021,1123,北京科技大学(一流学科建设高校),004,工商管理类,5,643,10158
2021,1123,北京科技大学(一流学科建设高校),005,管理科学与工程类,4,637,13299
2021,1123,北京科技大学(一流学科建设高校),006,机械类,10,634,14754
2021,1123,北京科技大学(一流学科建设高校),007,能源动力类,9,635,14074
2021,1123,北京科技大学(一流学科建设高校),008,自动化类,11,638,12550
2021,1123,北京科技大学(一流学科建设高校),009,计算机类,7,643,10164
2021,1123,北京科技大学(一流学科建设高校),010,通信工程,4,641,10862
2021,1123,北京科技大学(一流学科建设高校),011,储能科学与工程,5,634,14661
2021,1123,北京科技大学(一流学科建设高校),012,土木类,6,633,15532
2021,1123,北京科技大学(一流学科建设高校),013,数学类,5,641,10934
2021,1123,北京科技大学(一流学科建设高校),014,应用物理学,3,637,13263
2021,1123,北京科技大学(一流学科建设高校),015,应用化学,2,638,12831
2021,1123,北京科技大学(一流学科建设高校),016,生物技术,2,638,12609
2021,1123,北京科技大学(一流学科建设高校),017,社会科学试验班,8,643,10308
2021,1123,北京科技大学(一流学科建设高校),018,外国语言文学类,7,641,11197
2021,1125,北京科技职业学院(民办),505,软件技术,2,495,
2021,1127,北京理工大学(一流大学建设高校),001,工科试验班(徐特立英才班),8,654,5641
2021,1127,北京理工大学(一流大学建设高校),002,工科试验班(宇航与机电类),8,648,7876
2021,1127,北京理工大学(一流大学建设高校),003,工科试验班(信息科学技术),44,649,7470
2021,1127,北京理工大学(一流大学建设高校),004,工科试验班(电子信息实验班),20,649,7385
2021,1127,北京理工大学(一流大学建设高校),005,理科试验班,15,648,7885
2021,1128,北京林业大学(一流学科建设高校),002,林学类,6,629,17785
2021,1128,北京林业大学(一流学科建设高校),003,水土保持与荒漠化防治,3,626,19848
2021,1128,北京林业大学(一流学科建设高校),004,自然地理与资源环境,3,634,14867
2021,1128,北京林业大学(一流学科建设高校),005,土木工程,4,624,21693
2021,1128,北京林业大学(一流学科建设高校),006,生物科学类,3,631,16661
2021,1128,北京林业大学(一流学科建设高校),007,食品科学与工程,3,625,20577
2021,1128,北京林业大学(一流学科建设高校),008,生物技术(中外合作办学),2,623,21906
2021,1128,北京林业大学(一流学科建设高校),009,风景园林,5,646,8825
2021,1128,北京林业大学(一流学科建设高校),010,园林,7,639,12207
2021,1128,北京林业大学(一流学科建设高校),011,城乡规划,3,637,13305
2021,1128,北京林业大学(一流学科建设高校),012,园艺(观赏园艺),2,634,14684
2021,1128,北京林业大学(一流学科建设高校),013,旅游管理,2,633,15714
2021,1128,北京林业大学(一流学科建设高校),014,农林经济管理(梁希实验班),2,645,9351
2021,1128,北京林业大学(一流学科建设高校),015,统计学,3,634,14532
2021,1128,北京林业大学(一流学科建设高校),016,国际经济与贸易,2,637,13303
2021,1128,北京林业大学(一流学科建设高校),017,金融学,2,638,12616
2021,1128,北京林业大学(一流学科建设高校),018,工商管理类,9,635,14274
2021,1128,北京林业大学(一流学科建设高校),019,电子商务,2,633,15528
2021,1128,北京林业大学(一流学科建设高校),020,机械设计制造及其自动化,4,625,21078
2021,1128,北京林业大学(一流学科建设高校),021,车辆工程,4,620,24104
2021,1128,北京林业大学(一流学科建设高校),022,自动化,2,629,18238
2021,1128,北京林业大学(一流学科建设高校),023,电气工程及其自动化,3,630,17306
2021,1128,北京林业大学(一流学科建设高校),024,林业工程类,9,623,22385
2021,1128,北京林业大学(一流学科建设高校),025,包装工程,2,619,25080
2021,1128,北京林业大学(一流学科建设高校),026,木材科学与工程(中外合作办学),2,615,28145
2021,1128,北京林业大学(一流学科建设高校),027,法学,2,642,10749
2021,1128,北京林业大学(一流学科建设高校),028,应用心理学,2,638,12741
2021,1128,北京林业大学(一流学科建设高校),029,英语,2,639,11985
2021,1128,北京林业大学(一流学科建设高校),030,商务英语,4,635,14398
2021,1128,北京林业大学(一流学科建设高校),031,日语,3,632,16029
2021,1128,北京林业大学(一流学科建设高校),032,计算机类,9,630,17169
2021,1128,北京林业大学(一流学科建设高校),033,信息管理与信息系统,2,629,17638
2021,1128,北京林业大学(一流学科建设高校),034,数学与应用数学,3,631,16364
2021,1128,北京林业大学(一流学科建设高校),035,电子信息科学与技术,2,630,17390
2021,1128,北京林业大学(一流学科建设高校),036,野生动物与自然保护区管理,2,624,21263
2021,1128,北京林业大学(一流学科建设高校),037,环境科学,2,631,16718
2021,1128,北京林业大学(一流学科建设高校),038,环境工程,2,629,18180
2021,1128,北京林业大学(一流学科建设高校),039,给排水科学与工程,2,622,22543
2021,1128,北京林业大学(一流学科建设高校),040,草业科学(草坪科学与管理),2,621,23875
2021,1130,北京师范大学(一流大学建设高校),001,教育学类,2,664,3098
2021,1130,北京师范大学(一流大学建设高校),006,戏剧影视文学,3,656,5238
2021,1130,北京师范大学(一流大学建设高校),007,人文科学试验班,9,666,2534
2021,1130,北京师范大学(一流大学建设高校),008,历史学类,3,666,2724
2021,1130,北京师范大学(一流大学建设高校),009,社会科学试验班,8,662,3599
2021,1130,北京师范大学(一流大学建设高校),010,数学类,4,662,3454
2021,1130,北京师范大学(一流大学建设高校),011,物理学类,5,655,5400
2021,1130,北京师范大学(一流大学建设高校),012,理科试验班,9,658,4423
2021,1131,北京石油化工学院,001,化学工程与工艺,4,560,86299
2021,1131,北京石油化工学院,002,制药工程,2,559,87476
2021,1131,北京石油化工学院,003,生物制药,2,561,85068
2021,1131,北京石油化工学院,004,机械工程,2,555,92142
2021,1131,北京石油化工学院,005,机械电子工程,2,559,87962
2021,1131,北京石油化工学院,006,环境工程,2,621,23466
2021,1131,北京石油化工学院,007,能源与动力工程,2,557,89973
2021,1131,北京石油化工学院,008,电子商务(商务智能),4,560,86811
2021,1131,北京石油化工学院,009,物流管理,2,559,87981
2021,1131,北京石油化工学院,010,高分子材料与工程,4,558,88456
2021,1132,北京体育大学(一流学科建设高校),004,经济学,2,631,16411
2021,1132,北京体育大学(一流学科建设高校),005,运动人体科学,3,620,24269
2021,1132,北京体育大学(一流学科建设高校),006,运动康复,3,621,24058
2021,1132,北京体育大学(一流学科建设高校),007,智能体育工程,2,627,19069
2021,1132,北京体育大学(一流学科建设高校),008,汉语国际教育,1,632,15989
2021,1132,北京体育大学(一流学科建设高校),009,英语,2,631,16890
2021,1132,北京体育大学(一流学科建设高校),010,法语,1,633,15364
2021,1132,北京体育大学(一流学科建设高校),011,西班牙语,2,629,17845
2021,1132,北京体育大学(一流学科建设高校),012,葡萄牙语,1,632,16063
2021,1132,北京体育大学(一流学科建设高校),013,新闻学,4,633,15653
2021,1132,北京体育大学(一流学科建设高校),014,应用心理学,4,626,19764
2021,1132,北京体育大学(一流学科建设高校),015,数据科学与大数据技术,4,618,25866
2021,1132,北京体育大学(一流学科建设高校),016,体育经济与管理,4,629,18264
2021,1132,北京体育大学(一流学科建设高校),017,公共事业管理,3,628,18806
2021,1132,北京体育大学(一流学科建设高校),021,汉语言文学,2,630,17412
2021,1132,北京体育大学(一流学科建设高校),022,康复物理治疗,2,618,26063
2021,1133,北京外国语大学(一流学科建设高校),001,金融学,3,654,5865
2021,1133,北京外国语大学(一流学科建设高校),002,国际经济与贸易,2,653,6048
2021,1133,北京外国语大学(一流学科建设高校),003,国际经济与贸易(中外合作办学),4,650,7291
2021,1133,北京外国语大学(一流学科建设高校),004,外交学,4,660,4106
2021,1133,北京外国语大学(一流学科建设高校),005,汉语言文学,2,655,5477
2021,1133,北京外国语大学(一流学科建设高校),006,汉语国际教育,2,652,6350
2021,1133,北京外国语大学(一流学科建设高校),007,英语,4,666,2543
2021,1133,北京外国语大学(一流学科建设高校),008,俄语,2,659,4405
2021,1133,北京外国语大学(一流学科建设高校),010,德语,2,660,3899
2021,1133,北京外国语大学(一流学科建设高校),011,法语,4,656,4993
2021,1133,北京外国语大学(一流学科建设高校),013,西班牙语,2,659,4216
2021,1133,北京外国语大学(一流学科建设高校),015,日语,3,656,5188
2021,1133,北京外国语大学(一流学科建设高校),032,新闻学,2,656,5252
2021,1133,北京外国语大学(一流学科建设高校),033,世界史,2,654,5816
2021,1133,北京外国语大学(一流学科建设高校),034,英语(涉外法治人才),2,658,4695
2021,1133,北京外国语大学(一流学科建设高校),035,法学类,4,654,5890
2021,1135,北京物资学院,001,经济学,1,592,50209
2021,1135,北京物资学院,002,金融学类,2,592,50385
2021,1135,北京物资学院,003,物流管理与工程类,2,588,54809
2021,1135,北京物资学院,004,会计学(注册会计师),2,601,40593
2021,1135,北京物资学院,005,财务管理,1,595,46868
2021,1136,北京协和医学院(一流学科建设高校),001,护理学,16,608,34434
2021,1138,北京信息科技大学,001,工业设计,2,594,48440
2021,1138,北京信息科技大学,002,机器人工程(勤信实验班),2,608,34242
2021,1138,北京信息科技大学,003,自动化,2,605,37474
2021,1138,北京信息科技大学,004,通信工程,2,609,33423
2021,1138,北京信息科技大学,005,物联网工程,2,608,34367
2021,1138,北京信息科技大学,006,会计学(注册会计师),2,605,37348
2021,1138,北京信息科技大学,007,国际经济与贸易,2,595,46770
2021,1138,北京信息科技大学,008,质量管理工程,2,589,53438
2021,1138,北京信息科技大学,009,信息管理与信息系统,2,596,45798
2021,1138,北京信息科技大学,010,信息安全,2,601,41514
2021,1138,北京信息科技大学,011,应用统计学,2,597,45104
2021,1138,北京信息科技大学,012,智能感知工程(勤信实验班),2,602,40096
2021,1139,北京印刷学院,004,新闻传播学类,1,599,42989
2021,1139,北京印刷学院,005,轻工类,3,558,88706
2021,1139,北京印刷学院,006,传播学(国际出版实验班),1,590,52686
2021,1140,北京邮电大学(一流学科建设高校),001,通信工程(大类招生),11,650,7347
2021,1140,北京邮电大学(一流学科建设高校),002,电子信息类,4,649,7680
2021,1140,北京邮电大学(一流学科建设高校),003,计算机类,5,657,4719
2021,1140,北京邮电大学(一流学科建设高校),004,网络空间安全(大类招生),4,652,6524
2021,1140,北京邮电大学(一流学科建设高校),005,人工智能(大类招生),5,650,7254
2021,1140,北京邮电大学(一流学科建设高校),006,邮政工程(互联网与智慧物流),3,645,9335
2021,1140,北京邮电大学(一流学科建设高校),007,邮政管理(互联网与智慧物流),2,645,9367
2021,1140,北京邮电大学(一流学科建设高校),008,金融学类,3,647,8305
2021,1140,北京邮电大学(一流学科建设高校),009,理科试验班(信息科学),3,648,7866
2021,1140,北京邮电大学(一流学科建设高校),010,智能交互设计,3,647,8452
2021,1141,北京邮电大学世纪学院(独立学院),001,机械电子工程,2,498,157000
2021,1141,北京邮电大学世纪学院(独立学院),002,通信工程,8,495,
2021,1141,北京邮电大学世纪学院(独立学院),003,自动化,1,501,154047
2021,1141,北京邮电大学世纪学院(独立学院),004,计算机科学与技术,3,512,141950
2021,1141,北京邮电大学世纪学院(独立学院),005,软件工程,7,500,154454
2021,1141,北京邮电大学世纪学院(独立学院),006,物联网工程,6,495,
2021,1141,北京邮电大学世纪学院(独立学院),007,数字媒体技术,3,502,152945
2021,1141,北京邮电大学世纪学院(独立学院),008,财务管理(国际注册会计师),4,539,110696
2021,1141,北京邮电大学世纪学院(独立学院),009,财务管理,6,531,120529
2021,1141,北京邮电大学世纪学院(独立学院),010,物流工程,2,529,122708
2021,1141,北京邮电大学世纪学院(独立学院),011,电子商务,2,534,117022
2021,1141,北京邮电大学世纪学院(独立学院),012,传播学,2,543,106886
2021,1142,北京语言大学,001,外国语言文学类,3,643,10227
2021,1142,北京语言大学,011,翻译(本地化),1,640,11512
2021,1142,北京语言大学,012,汉语国际教育,2,641,11290
2021,1142,北京语言大学,013,汉语言文学,2,644,9481
2021,1142,北京语言大学,014,国际政治,1,640,11784
2021,1142,北京语言大学,015,新闻学(国际新闻传播),1,638,12731
2021,1142,北京语言大学,016,国际事务与国际关系,1,636,13519
2021,1142,北京语言大学,017,网络与新媒体,1,637,12960
2021,1142,北京语言大学,018,计算机类,5,615,28296
2021,1142,北京语言大学,019,金融学,3,633,15679
2021,1142,北京语言大学,020,会计学,1,633,15238
2021,1142,北京语言大学,021,国际经济与贸易,2,637,13359
2021,1142,北京语言大学,023,语言学,1,635,14241
2021,1142,北京语言大学,024,心理学,1,635,14179
2021,1143,北京中医药大学(一流学科建设高校),001,中医学(领军人才培养计划),3,668,2225
2021,1143,北京中医药大学(一流学科建设高校),002,中西医临床医学(华佗班),2,658,4476
2021,1143,北京中医药大学(一流学科建设高校),003,中医学(卓越，5+3一体化),11,656,5229
2021,1143,北京中医药大学(一流学科建设高校),004,中医学(卓越中医儿科班，5+3一体化),1,656,5090
2021,1143,北京中医药大学(一流学科建设高校),005,中医学,8,647,8475
2021,1143,北京中医药大学(一流学科建设高校),006,中医学(实验班),5,648,7873
2021,1143,北京中医药大学(一流学科建设高校),007,中医骨伤科学,1,653,6041
2021,1143,北京中医药大学(一流学科建设高校),008,针灸推拿学,6,641,11165
2021,1143,北京中医药大学(一流学科建设高校),009,中药学,10,632,15853
2021,1143,北京中医药大学(一流学科建设高校),010,中药制药,5,627,19003
2021,1143,北京中医药大学(一流学科建设高校),011,药学,1,637,13176
2021,1143,北京中医药大学(一流学科建设高校),012,生物工程,2,629,18131
2021,1143,北京中医药大学(一流学科建设高校),013,康复治疗学,1,638,12500
2021,1143,北京中医药大学(一流学科建设高校),014,公共管理类,5,626,20218
2021,1143,北京中医药大学(一流学科建设高校),015,药事管理,1,635,14497
2021,1143,北京中医药大学(一流学科建设高校),016,大数据管理与应用,5,619,24990
2021,1143,北京中医药大学(一流学科建设高校),017,法学(医药卫生),2,641,11054
2021,1143,北京中医药大学(一流学科建设高校),018,英语(医学),2,632,16321
2021,1143,北京中医药大学(一流学科建设高校),019,英语(中医药国际传播),2,632,16035
2021,1143,北京中医药大学(一流学科建设高校),020,护理学,3,616,27310
2021,1144,对外经济贸易大学(一流学科建设高校),001,经济学类,4,656,5224
2021,1144,对外经济贸易大学(一流学科建设高校),002,金融学类,11,656,5261
2021,1144,对外经济贸易大学(一流学科建设高校),003,国际经济与贸易(国际组织人才基地班),3,659,4303
2021,1144,对外经济贸易大学(一流学科建设高校),004,金融工程,5,653,5973
2021,1144,对外经济贸易大学(一流学科建设高校),005,金融工程(量化金融实验班),4,657,4817
2021,1144,对外经济贸易大学(一流学科建设高校),006,工商管理类,7,655,5419
2021,1144,对外经济贸易大学(一流学科建设高校),007,法学类,5,658,4688
2021,1144,对外经济贸易大学(一流学科建设高校),016,保险学,3,654,5831
2021,1144,对外经济贸易大学(一流学科建设高校),017,精算学,3,652,6507
2021,1144,对外经济贸易大学(一流学科建设高校),018,金融数学,3,655,5438
2021,1144,对外经济贸易大学(一流学科建设高校),019,经济统计学,3,653,6017
2021,1146,华北电力大学(北京)(一流学科建设高校),001,电气类,14,647,8362
2021,1146,华北电力大学(北京)(一流学科建设高校),002,电子信息类,5,639,12167
2021,1146,华北电力大学(北京)(一流学科建设高校),003,能源动力类(能动),8,633,15203
2021,1146,华北电力大学(北京)(一流学科建设高校),004,能源动力类(储能),2,635,14195
2021,1146,华北电力大学(北京)(一流学科建设高校),005,材料类,3,631,16530
2021,1146,华北电力大学(北京)(一流学科建设高校),006,自动化类,8,636,13481
2021,1146,华北电力大学(北京)(一流学科建设高校),007,计算机类,8,637,12971
2021,1146,华北电力大学(北京)(一流学科建设高校),008,管理科学与工程类,3,634,14895
2021,1146,华北电力大学(北京)(一流学科建设高校),009,经济学类,4,635,14259
2021,1146,华北电力大学(北京)(一流学科建设高校),010,物流管理与工程类(供应链),1,631,16643
2021,1146,华北电力大学(北京)(一流学科建设高校),011,能源动力类(新能源),5,635,14416
2021,1146,华北电力大学(北京)(一流学科建设高校),012,水利类,2,633,15247
2021,1146,华北电力大学(北京)(一流学科建设高校),013,核工程类,7,627,19095
2021,1146,华北电力大学(北京)(一流学科建设高校),014,数学类,2,635,14092
2021,1146,华北电力大学(北京)(一流学科建设高校),015,工商管理类,7,630,17512
2021,1146,华北电力大学(北京)(一流学科建设高校),016,法学类,2,643,9928
2021,1146,华北电力大学(北京)(一流学科建设高校),017,公共管理类,4,638,12733
2021,1146,华北电力大学(北京)(一流学科建设高校),018,外国语言文学类,2,635,14206
2021,1146,华北电力大学(北京)(一流学科建设高校),019,物理学类,1,634,14645
2021,1147,清华大学(一流大学建设高校),001,理科试验班类(物理基础类),26,695,93
2021,1147,清华大学(一流大学建设高校),002,文科试验班类(通用基础类),1,715,2
2021,1147,清华大学(一流大学建设高校),006,临床医学类(含医学、化生类等),3,695,88
2021,1148,首都经济贸易大学,001,国际经济与贸易,2,635,14267
2021,1148,首都经济贸易大学,002,工商管理类(劳经学院),2,634,15039
2021,1148,首都经济贸易大学,003,新闻传播学类,2,633,15505
2021,1148,首都经济贸易大学,004,信息管理与信息系统,2,625,20988
2021,1148,首都经济贸易大学,005,统计学(中外合作办学)(商业大数据),2,619,24817
2021,1149,首都师范大学(一流学科建设高校),003,中国语言文学类,3,646,8689
2021,1149,首都师范大学(一流学科建设高校),004,历史学(教育部拔尖计划实验班),2,645,9008
2021,1149,首都师范大学(一流学科建设高校),005,教育学,2,642,10699
2021,1149,首都师范大学(一流学科建设高校),006,数学类,3,638,12400
2021,1149,首都师范大学(一流学科建设高校),007,计算机科学与技术,4,630,17267
2021,1149,首都师范大学(一流学科建设高校),008,英语,4,641,11277
2021,1149,首都师范大学(一流学科建设高校),009,法语,3,633,15512
2021,1149,首都师范大学(一流学科建设高校),010,国际经济与贸易,2,634,14892
2021,1149,首都师范大学(一流学科建设高校),011,电子商务,2,631,16893
2021,1151,首都医科大学,001,临床医学(5+3一体化),5,658,4410
2021,1151,首都医科大学,002,口腔医学(5+3一体化),2,658,4444
2021,1151,首都医科大学,003,临床医学,4,654,5667
2021,1151,首都医科大学,004,临床医学(阶平班),2,663,3244
2021,1151,首都医科大学,005,精神医学,1,648,7964
2021,1151,首都医科大学,006,基础医学,2,635,14442
2021,1151,首都医科大学,007,中医学,2,644,9744
2021,1151,首都医科大学,008,临床药学,2,643,10159
2021,1151,首都医科大学,009,药学,2,635,14208
2021,1151,首都医科大学,010,康复治疗学(物理治疗),1,623,22367
2021,1151,首都医科大学,011,康复治疗学(作业治疗),1,622,23142
2021,1151,首都医科大学,012,护理学,2,608,34698
2021,1151,首都医科大学,013,助产学,2,607,35553
2021,1151,首都医科大学,014,法学(卫生法学),2,633,15554
2021,1151,首都医科大学,015,医学实验技术,2,616,27237
2021,1153,中国传媒大学(一流学科建设高校),025,数字媒体技术(游戏设计技术),3,646,8735
2021,1153,中国传媒大学(一流学科建设高校),026,广告学,2,661,3756
2021,1153,中国传媒大学(一流学科建设高校),027,广告学(数字营销),2,657,4940
2021,1153,中国传媒大学(一流学科建设高校),028,国际新闻与传播,2,656,5093
2021,1153,中国传媒大学(一流学科建设高校),029,网络与新媒体,2,656,5019
2021,1153,中国传媒大学(一流学科建设高校),030,广播电视学,2,657,4965
2021,1153,中国传媒大学(一流学科建设高校),031,新闻学(数据新闻报道),2,659,4386
2021,1153,中国传媒大学(一流学科建设高校),032,传播学,2,656,5215
2021,1153,中国传媒大学(一流学科建设高校),033,网络与新媒体(媒体创意),2,658,4661
2021,1153,中国传媒大学(一流学科建设高校),034,英语,3,650,7236
2021,1153,中国传媒大学(一流学科建设高校),035,翻译,2,650,7049
2021,1153,中国传媒大学(一流学科建设高校),040,汉语言,2,652,6455
2021,1153,中国传媒大学(一流学科建设高校),041,广播电视工程,3,640,11495
2021,1153,中国传媒大学(一流学科建设高校),042,电子信息工程,2,639,11875
2021,1153,中国传媒大学(一流学科建设高校),043,数字媒体技术,2,647,8159
2021,1153,中国传媒大学(一流学科建设高校),044,物联网工程,2,640,11503
2021,1153,中国传媒大学(一流学科建设高校),045,智能科学与技术(智能影像技术),2,643,10087
2021,1153,中国传媒大学(一流学科建设高校),046,传播学(中外合作办学),6,644,9534
2021,1153,中国传媒大学(一流学科建设高校),047,广告学(中外合作办学),3,641,10869
2021,1153,中国传媒大学(一流学科建设高校),048,艺术管理,3,650,7353
2021,1153,中国传媒大学(一流学科建设高校),049,政治学与行政学(国家治理与政治传播),2,652,6611
2021,1154,中国地质大学(北京)(一流学科建设高校),001,地质学(基地班),1,636,13946
2021,1154,中国地质大学(北京)(一流学科建设高校),002,地质学类(地质地矿类),7,619,25400
2021,1154,中国地质大学(北京)(一流学科建设高校),003,地质工程,2,618,25668
2021,1154,中国地质大学(北京)(一流学科建设高校),004,土木工程,3,624,21154
2021,1154,中国地质大学(北京)(一流学科建设高校),005,机械设计制造及其自动化,2,632,15783
2021,1154,中国地质大学(北京)(一流学科建设高校),006,安全工程,2,623,22144
2021,1154,中国地质大学(北京)(一流学科建设高校),007,材料类,4,622,23089
2021,1154,中国地质大学(北京)(一流学科建设高校),008,计算机科学与技术,2,637,13134
2021,1154,中国地质大学(北京)(一流学科建设高校),009,电子信息工程,2,636,13922
2021,1154,中国地质大学(北京)(一流学科建设高校),010,地理信息科学,2,634,14771
2021,1154,中国地质大学(北京)(一流学科建设高校),011,软件工程,3,635,14496
2021,1154,中国地质大学(北京)(一流学科建设高校),012,数据科学与大数据技术,2,634,14811
2021,1154,中国地质大学(北京)(一流学科建设高校),013,水文与水资源工程,2,618,25559
2021,1154,中国地质大学(北京)(一流学科建设高校),014,环境工程,2,619,25175
2021,1154,中国地质大学(北京)(一流学科建设高校),015,地下水科学与工程,2,618,26036
2021,1154,中国地质大学(北京)(一流学科建设高校),016,地质类(能源类),4,611,31844
2021,1154,中国地质大学(北京)(一流学科建设高校),017,工商管理类(经济管理类),7,633,15427
2021,1154,中国地质大学(北京)(一流学科建设高校),018,法学,2,640,11705
2021,1154,中国地质大学(北京)(一流学科建设高校),019,英语,1,641,11267
2021,1154,中国地质大学(北京)(一流学科建设高校),020,宝石及材料工艺学,3,624,21577
2021,1154,中国地质大学(北京)(一流学科建设高校),022,勘查技术与工程,2,624,21547
2021,1154,中国地质大学(北京)(一流学科建设高校),023,测控技术与仪器,2,625,20568
2021,1154,中国地质大学(北京)(一流学科建设高校),024,海洋科学,3,616,27493
2021,1154,中国地质大学(北京)(一流学科建设高校),025,土地资源管理,3,636,13860
2021,1154,中国地质大学(北京)(一流学科建设高校),026,测绘工程,2,622,22872
2021,1154,中国地质大学(北京)(一流学科建设高校),027,土地整治工程,1,628,18704
2021,1154,中国地质大学(北京)(一流学科建设高校),028,数学与应用数学,2,634,14981
2021,1155,中国矿业大学(北京)(一流学科建设高校),001,安全科学与工程类,2,631,16805
2021,1155,中国矿业大学(北京)(一流学科建设高校),002,地质类,2,625,21056
2021,1155,中国矿业大学(北京)(一流学科建设高校),003,地球物理学,2,622,23086
2021,1155,中国矿业大学(北京)(一流学科建设高校),004,环境工程,3,621,23912
2021,1155,中国矿业大学(北京)(一流学科建设高校),005,化学工程与工艺,3,619,25265
2021,1155,中国矿业大学(北京)(一流学科建设高校),006,计算机科学与技术,2,634,14531
2021,1155,中国矿业大学(北京)(一流学科建设高校),007,机械类,3,629,17826
2021,1155,中国矿业大学(北京)(一流学科建设高校),008,材料科学与工程,2,627,19245
2021,1155,中国矿业大学(北京)(一流学科建设高校),009,工商管理类,4,627,19130
2021,1155,中国矿业大学(北京)(一流学科建设高校),010,土木工程,2,627,18990
2021,1155,中国矿业大学(北京)(一流学科建设高校),011,数学类,5,630,17146
2021,1155,中国矿业大学(北京)(一流学科建设高校),012,法学,2,639,12180
2021,1155,中国矿业大学(北京)(一流学科建设高校),013,英语,2,635,14231
2021,1155,中国矿业大学(北京)(一流学科建设高校),014,行政管理,3,634,14946
2021,1156,中国劳动关系学院,001,劳动关系,2,587,55372
2021,1156,中国劳动关系学院,002,法学,9,588,54442
2021,1156,中国劳动关系学院,003,劳动与社会保障,3,579,65051
2021,1156,中国劳动关系学院,004,行政管理,2,575,69910
2021,1156,中国劳动关系学院,005,政治学与行政学,3,577,67052
2021,1156,中国劳动关系学院,006,安全工程,2,559,87592
2021,1156,中国劳动关系学院,007,社会工作,4,573,71695
2021,1156,中国劳动关系学院,008,社会学,4,576,68693
2021,1156,中国劳动关系学院,009,新闻学,2,582,61821
2021,1156,中国劳动关系学院,010,汉语言文学,5,579,64410
2021,1156,中国劳动关系学院,011,酒店管理,2,561,86001
2021,1156,中国劳动关系学院,012,计算机科学与技术,8,553,94389
2021,1156,中国劳动关系学院,501,酒店管理与数字化运营,8,500,154433
2021,1157,中国农业大学(一流大学建设高校),001,理科试验班(信息科学),2,647,8226
2021,1157,中国农业大学(一流大学建设高校),002,农学,3,647,8279
2021,1157,中国农业大学(一流大学建设高校),003,园艺,3,646,8989
2021,1157,中国农业大学(一流大学建设高校),004,园林,1,646,8776
2021,1157,中国农业大学(一流大学建设高校),005,植物保护,4,644,9615
2021,1157,中国农业大学(一流大学建设高校),006,生物科学类,3,649,7587
2021,1157,中国农业大学(一流大学建设高校),007,环境科学与工程类,5,642,10679
2021,1157,中国农业大学(一流大学建设高校),008,草业科学,2,643,10113
2021,1157,中国农业大学(一流大学建设高校),009,动物科学,3,644,9697
2021,1157,中国农业大学(一流大学建设高校),010,动物医学类,4,648,7881
2021,1157,中国农业大学(一流大学建设高校),011,食品科学与工程类,4,647,8429
2021,1157,中国农业大学(一流大学建设高校),012,食品科学与工程(中外合作办学),4,634,14738
2021,1157,中国农业大学(一流大学建设高校),013,食品质量与安全(中外合作办学),4,631,16884
2021,1157,中国农业大学(一流大学建设高校),014,农业工程类,2,640,11422
2021,1157,中国农业大学(一流大学建设高校),015,机械类,8,638,12852
2021,1157,中国农业大学(一流大学建设高校),016,电子信息类,4,642,10386
2021,1157,中国农业大学(一流大学建设高校),017,计算机类,2,646,8763
2021,1157,中国农业大学(一流大学建设高校),018,水利类,7,639,12247
2021,1157,中国农业大学(一流大学建设高校),019,化学类,4,641,11150
2021,1157,中国农业大学(一流大学建设高校),020,数学与应用数学,1,646,8944
2021,1157,中国农业大学(一流大学建设高校),021,工程力学,2,641,11243
2021,1157,中国农业大学(一流大学建设高校),022,经济学类,3,650,7265
2021,1157,中国农业大学(一流大学建设高校),023,工商管理类,4,648,8066
2021,1157,中国农业大学(一流大学建设高校),024,法学,2,651,6958
2021,1157,中国农业大学(一流大学建设高校),025,社会学类,1,650,7321
2021,1157,中国农业大学(一流大学建设高校),026,英语,2,648,8124
2021,1157,中国农业大学(一流大学建设高校),027,传播学,2,649,7485
2021,1157,中国农业大学(一流大学建设高校),028,农村区域发展,2,648,7950
2021,1157,中国农业大学(一流大学建设高校),029,地理科学类,2,643,9936
2021,1157,中国农业大学(一流大学建设高校),030,国际经济与贸易(中外合作办学),2,640,11646
2021,1157,中国农业大学(一流大学建设高校),031,传播学(中外合作办学),1,642,10786
2021,1157,中国农业大学(一流大学建设高校),032,农林经济管理(中外合作办学),2,638,12807
2021,1157,中国农业大学(一流大学建设高校),033,理科试验班类(生命科学),2,652,6636
2021,1159,中国人民大学(一流大学建设高校),001,人文科学试验班,2,684,499
2021,1159,中国人民大学(一流大学建设高校),002,社会科学试验班(管理学科类),9,681,702
2021,1159,中国人民大学(一流大学建设高校),003,经济学类,10,685,425
2021,1159,中国人民大学(一流大学建设高校),004,新闻传播学类,6,685,418
2021,1159,中国人民大学(一流大学建设高校),005,工商管理类,10,683,526
2021,1159,中国人民大学(一流大学建设高校),006,金融学类,6,686,334
2021,1159,中国人民大学(一流大学建设高校),007,财政学类,2,685,398
2021,1159,中国人民大学(一流大学建设高校),008,法学,5,690,212
2021,1159,中国人民大学(一流大学建设高校),009,社会学类,4,683,552
2021,1159,中国人民大学(一流大学建设高校),010,国际政治,5,682,621
2021,1159,中国人民大学(一流大学建设高校),011,人力资源管理,5,682,601
2021,1159,中国人民大学(一流大学建设高校),012,理科试验班,11,680,707
2021,1160,中国石油大学(北京)(一流学科建设高校),001,安全工程,1,623,22116
2021,1160,中国石油大学(北京)(一流学科建设高校),002,材料科学与工程,2,624,21651
2021,1160,中国石油大学(北京)(一流学科建设高校),003,地质类,1,622,22581
2021,1160,中国石油大学(北京)(一流学科建设高校),004,电子信息工程,1,631,16730
2021,1160,中国石油大学(北京)(一流学科建设高校),005,工商管理类,2,635,14296
2021,1160,中国石油大学(北京)(一流学科建设高校),006,海洋油气工程,2,621,23696
2021,1160,中国石油大学(北京)(一流学科建设高校),007,化工与制药类,3,627,19507
2021,1160,中国石油大学(北京)(一流学科建设高校),008,环境科学与工程类,3,628,18837
2021,1160,中国石油大学(北京)(一流学科建设高校),009,机械类,4,624,21176
2021,1160,中国石油大学(北京)(一流学科建设高校),010,计算机科学与技术,1,636,13765
2021,1160,中国石油大学(北京)(一流学科建设高校),011,经济学类,1,638,12528
2021,1160,中国石油大学(北京)(一流学科建设高校),012,石油工程,2,626,19884
2021,1160,中国石油大学(北京)(一流学科建设高校),013,数学类,2,629,17810
2021,1160,中国石油大学(北京)(一流学科建设高校),014,新能源科学与工程,1,630,17386
2021,1160,中国石油大学(北京)(一流学科建设高校),015,应用化学,1,631,16790
2021,1160,中国石油大学(北京)(一流学科建设高校),016,油气储运工程,2,623,21846
2021,1160,中国石油大学(北京)(一流学科建设高校),017,自动化,2,628,18513
2021,1160,中国石油大学(北京)(一流学科建设高校),018,思想政治教育,1,635,14374
2021,1160,中国石油大学(北京)(一流学科建设高校),019,英语,2,633,15375
2021,1161,中国戏曲学院,021,戏剧影视文学(戏曲文学),3,606,36812
2021,1161,中国戏曲学院,022,艺术管理(国际文化交流),2,605,37406
2021,1161,中国戏曲学院,023,文化产业管理,1,604,38192
2021,1163,中国政法大学(一流学科建设高校),001,哲学(拔尖创新人才培养实验班),3,653,6100
2021,1163,中国政法大学(一流学科建设高校),002,法学,21,668,2328
2021,1163,中国政法大学(一流学科建设高校),003,法学(法学人才培养模式改革实验班),11,675,1237
2021,1163,中国政法大学(一流学科建设高校),004,法学(涉外法治人才培养实验班),5,679,854
2021,1163,中国政法大学(一流学科建设高校),005,社会工作,1,658,4430
2021,1163,中国政法大学(一流学科建设高校),006,英语(法律英语实验班),4,655,5589
2021,1163,中国政法大学(一流学科建设高校),007,德语,2,649,7689
2021,1163,中国政法大学(一流学科建设高校),008,新闻学,2,654,5682
2021,1163,中国政法大学(一流学科建设高校),009,应用心理学,2,655,5355
2021,1163,中国政法大学(一流学科建设高校),010,工商管理,3,653,6271
2021,1163,中国政法大学(一流学科建设高校),011,国际商务,3,651,6722
2021,1163,中国政法大学(一流学科建设高校),012,行政管理,3,654,5900
2021,1163,中国政法大学(一流学科建设高校),013,思想政治教育,2,655,5606
2021,1163,中国政法大学(一流学科建设高校),014,国际政治,3,655,5535
2021,1163,中国政法大学(一流学科建设高校),015,政治学与行政学,2,661,3879
2021,1163,中国政法大学(一流学科建设高校),016,金融工程(成思危现代金融菁英班),4,654,5952
2021,1163,中国政法大学(一流学科建设高校),017,法学(联合培养涉外法治人才),3,678,963
2021,1164,中华女子学院,005,社会工作,2,574,70258
2021,1164,中华女子学院,006,法学,2,586,56697
2021,1164,中华女子学院,007,会计学,2,571,74390
2021,1164,中华女子学院,008,学前教育(师范),2,583,60233
2021,1164,中华女子学院,009,汉语国际教育(师范),2,579,65224
2021,1164,中华女子学院,010,养老服务管理,4,563,83528
2021,1165,中央财经大学(一流学科建设高校),001,财政学类,5,659,4286
2021,1165,中央财经大学(一流学科建设高校),002,金融学类,6,661,3788
2021,1165,中央财经大学(一流学科建设高校),003,工商管理类(会计学院),4,662,3393
2021,1165,中央财经大学(一流学科建设高校),004,精算学,4,655,5447
2021,1165,中央财经大学(一流学科建设高校),005,统计学类,5,652,6647
2021,1165,中央财经大学(一流学科建设高校),006,数学类,5,650,7129
2021,1165,中央财经大学(一流学科建设高校),007,国际经济与贸易(中外合作办学)(国际贸易、金融风险管理),7,648,7981
2021,1165,中央财经大学(一流学科建设高校),008,工商管理类(商学院),4,656,5222
2021,1165,中央财经大学(一流学科建设高校),009,大数据管理与应用(许国志大数据英才班),3,654,5885
2021,1165,中央财经大学(一流学科建设高校),010,投资学,5,654,5772
2021,1165,中央财经大学(一流学科建设高校),011,公共管理类,4,651,6755
2021,1165,中央财经大学(一流学科建设高校),012,法学(卓越法治人才教育培养计划),5,655,5597
2021,1165,中央财经大学(一流学科建设高校),013,社会学类,4,650,7039
2021,1165,中央财经大学(一流学科建设高校),014,新闻传播学类,4,651,6994
2021,1165,中央财经大学(一流学科建设高校),015,计算机类,4,649,7688
2021,1165,中央财经大学(一流学科建设高校),016,经济学(数理经济与数理金融),4,660,3918
2021,1165,中央财经大学(一流学科建设高校),017,财政学(财政理论与政策),3,658,4553
2021,1167,中央民族大学(一流大学建设高校),001,哲学类,2,646,8861
2021,1167,中央民族大学(一流大学建设高校),002,经济学类,3,647,8374
2021,1167,中央民族大学(一流大学建设高校),003,法学类,3,651,6957
2021,1167,中央民族大学(一流大学建设高校),004,民族学,2,647,8442
2021,1167,中央民族大学(一流大学建设高校),005,文物与博物馆学,2,647,8434
2021,1167,中央民族大学(一流大学建设高校),006,历史学类,2,649,7639
2021,1167,中央民族大学(一流大学建设高校),007,教育学,2,648,7987
2021,1167,中央民族大学(一流大学建设高校),008,汉语言文学,2,651,6805
2021,1167,中央民族大学(一流大学建设高校),009,新闻传播学类,3,649,7545
2021,1167,中央民族大学(一流大学建设高校),010,工商管理类,3,647,8541
2021,1167,中央民族大学(一流大学建设高校),011,外国语言文学类,2,647,8417
2021,1167,中央民族大学(一流大学建设高校),012,日语,2,644,9623
2021,1167,中央民族大学(一流大学建设高校),013,信息与计算科学,2,638,12715
2021,1167,中央民族大学(一流大学建设高校),014,统计学类,2,640,11345
2021,1167,中央民族大学(一流大学建设高校),015,生物科学类,2,642,10683
2021,1167,中央民族大学(一流大学建设高校),016,环境科学(中外合作办学),4,629,17750
2021,1167,中央民族大学(一流大学建设高校),017,电子信息类,2,639,11931
2021,1167,中央民族大学(一流大学建设高校),018,计算机类,2,641,11194
2021,1170,北京联合大学,002,人文地理与城乡规划,2,583,60549
2021,1170,北京联合大学,003,软件工程,2,595,46889
2021,1170,北京联合大学,004,自动化,2,582,61003
2021,1170,北京联合大学,005,会展经济与管理,3,581,62690
2021,1170,北京联合大学,006,人力资源管理,3,587,56265
2021,1171,北京邮电大学(宏福校区)(一流学科建设高校),001,电信工程及管理(中外合作办学),4,638,12381
2021,1171,北京邮电大学(宏福校区)(一流学科建设高校),002,电子商务及法律(中外合作办学),3,633,15591
2021,1171,北京邮电大学(宏福校区)(一流学科建设高校),003,物联网工程(中外合作办学),2,641,10861
2021,1173,首钢工学院,501,建设工程管理,2,495,
2021,1173,首钢工学院,502,环境工程技术,1,516,136906
2021,1173,首钢工学院,503,安全技术与管理,1,517,135891
2021,1173,首钢工学院,504,机电一体化技术,1,516,137125
2021,1173,首钢工学院,505,计算机应用技术,1,519,134424
2021,1173,首钢工学院,506,大数据与会计,1,526,125512
2021,1173,首钢工学院,507,旅游管理,2,510,144545
2021,1173,首钢工学院,508,会展策划与管理,2,519,134730
2021,1173,首钢工学院,509,护理,1,511,142907
2021,1175,北京农学院,001,风景园林,2,575,69501
2021,1175,北京农学院,002,农业资源与环境(中外合作办学),3,554,94164
2021,1189,中国科学院大学(一流学科建设高校),001,计算机科学与技术,1,692,164
2021,1189,中国科学院大学(一流学科建设高校),002,人工智能,1,692,148
2021,1201,北京科技大学天津学院(独立学院),001,金融工程,2,541,108482
2021,1201,北京科技大学天津学院(独立学院),002,材料科学与工程(新材料制备与加工),2,540,109588
2021,1201,北京科技大学天津学院(独立学院),003,环境工程,2,540,109628
2021,1201,北京科技大学天津学院(独立学院),004,物流工程,2,538,112488
2021,1201,北京科技大学天津学院(独立学院),005,护理学,2,548,101122
2021,1201,北京科技大学天津学院(独立学院),006,英语,2,543,107000
2021,1201,北京科技大学天津学院(独立学院),007,日语,2,540,110233
2021,1201,北京科技大学天津学院(独立学院),008,朝鲜语,2,532,119137
2021,1201,北京科技大学天津学院(独立学院),009,无人驾驶航空器系统工程,2,521,131513
2021,1201,北京科技大学天津学院(独立学院),010,法学,2,550,98293
2021,1201,北京科技大学天津学院(独立学院),017,康复治疗学,2,544,105573
2021,1202,河北工业大学(一流学科建设高校),001,机械类,2,624,21556
2021,1202,河北工业大学(一流学科建设高校),002,能源动力类,2,623,22037
2021,1202,河北工业大学(一流学科建设高校),003,电气工程及其自动化,2,630,17191
2021,1202,河北工业大学(一流学科建设高校),004,化工与制药类,2,623,22246
2021,1202,河北工业大学(一流学科建设高校),005,土木类,2,619,25442
2021,1202,河北工业大学(一流学科建设高校),006,金融学,2,630,17237
2021,1202,河北工业大学(一流学科建设高校),007,经济学,2,630,17334
2021,1202,河北工业大学(一流学科建设高校),008,电子科学与技术,3,627,19053
2021,1202,河北工业大学(一流学科建设高校),010,计算机类,2,629,17805
2021,1202,河北工业大学(一流学科建设高校),011,自动化,3,627,19421
2021,1202,河北工业大学(一流学科建设高校),012,生物医学工程,2,614,29162
2021,1202,河北工业大学(一流学科建设高校),013,应用物理学(中外合作办学),2,601,40669
2021,1202,河北工业大学(一流学科建设高校),014,材料物理(中外合作办学),2,589,53453
2021,1202,河北工业大学(一流学科建设高校),015,机械设计制造及其自动化(中外合作办学),2,610,32403
2021,1203,南开大学(一流大学建设高校),002,历史学类,4,660,4015
2021,1203,南开大学(一流大学建设高校),003,哲学类,5,656,5245
2021,1203,南开大学(一流大学建设高校),004,法学,5,660,4092
2021,1203,南开大学(一流大学建设高校),005,公共管理类,4,657,4962
2021,1203,南开大学(一流大学建设高校),006,经济学类,5,660,4097
2021,1203,南开大学(一流大学建设高校),007,金融学类,5,665,2884
2021,1203,南开大学(一流大学建设高校),008,临床医学(5+3一体化),6,657,4739
2021,1203,南开大学(一流大学建设高校),009,口腔医学,3,658,4686
2021,1203,南开大学(一流大学建设高校),010,中国语言文学类,7,659,4191
2021,1203,南开大学(一流大学建设高校),011,工商管理类,10,658,4620
2021,1203,南开大学(一流大学建设高校),012,理科试验班(数理科学与大数据),10,655,5513
2021,1203,南开大学(一流大学建设高校),013,理科试验班类(物质科学与可持续发展),7,653,6197
2021,1203,南开大学(一流大学建设高校),014,工科试验班(信息科学与技术),15,652,6414
2021,1205,天津滨海职业学院,507,计算机应用技术,1,506,148353
2021,1205,天津滨海职业学院,515,商务日语,1,504,150906
2021,1206,天津财经大学,001,经济学,4,624,21135
2021,1206,天津财经大学,002,经济统计学(金融统计与精算),3,627,19479
2021,1206,天津财经大学,003,财政学类,4,623,22112
2021,1206,天津财经大学,004,金融学类,4,628,18312
2021,1206,天津财经大学,005,国际经济与贸易,4,622,22971
2021,1206,天津财经大学,006,广告学,3,613,30465
2021,1206,天津财经大学,007,工商管理类,8,617,27044
2021,1206,天津财经大学,008,会计学(注册会计师),2,633,15360
2021,1206,天津财经大学,009,会计学,3,632,16228
2021,1206,天津财经大学,010,国际商务,4,615,28736
2021,1206,天津财经大学,011,物流管理,3,604,38565
2021,1206,天津财经大学,012,旅游管理类,4,594,48558
2021,1207,天津财经大学珠江学院(独立学院),001,会计学(会计),14,538,112640
2021,1207,天津财经大学珠江学院(独立学院),002,审计学,16,533,118304
2021,1207,天津财经大学珠江学院(独立学院),003,工商管理,15,528,123806
2021,1207,天津财经大学珠江学院(独立学院),004,酒店管理(国际酒店运营),14,522,131169
2021,1207,天津财经大学珠江学院(独立学院),005,保险学,6,528,123604
2021,1207,天津财经大学珠江学院(独立学院),006,金融科技,13,525,127485
2021,1207,天津财经大学珠江学院(独立学院),007,金融学(国际金融),18,527,125475
2021,1207,天津财经大学珠江学院(独立学院),008,传播学,5,539,110855
2021,1207,天津财经大学珠江学院(独立学院),009,经济统计学(经济统计),16,527,124595
2021,1207,天津财经大学珠江学院(独立学院),011,市场营销(新媒体营销),16,523,129328
2021,1208,天津城建大学,001,交通工程,2,557,90371
2021,1208,天津城建大学,002,港口航道与海岸工程,2,559,87320
2021,1208,天津城建大学,003,建筑环境与能源应用工程,3,552,96133
2021,1208,天津城建大学,004,安全工程,1,550,98492
2021,1208,天津城建大学,005,工商管理,3,569,75677
2021,1208,天津城建大学,006,环境工程,3,554,93115
2021,1208,天津城建大学,007,人工智能,1,567,78010
2021,1208,天津城建大学,008,地质工程,3,548,100274
2021,1208,天津城建大学,009,地理信息科学,3,571,73473
2021,1208,天津城建大学,010,应用化学,2,560,86849
2021,1208,天津城建大学,011,智能建造,1,567,78724
2021,1208,天津城建大学,012,智能制造工程,1,559,88160
2021,1208,天津城建大学,014,建筑类,4,577,67072
2021,1208,天津城建大学,015,土木类,3,569,76611
2021,1208,天津城建大学,016,材料类,5,554,93199
2021,1208,天津城建大学,017,管理科学与工程类,5,550,98156
2021,1208,天津城建大学,018,计算机类,2,570,75166
2021,1208,天津城建大学,019,电子信息类,5,563,82592
2021,1208,天津城建大学,020,机械类,2,557,89931
2021,1208,天津城建大学,021,电气类,1,564,81741
2021,1210,天津大学(一流大学建设高校),001,建筑类,3,659,4345
2021,1210,天津大学(一流大学建设高校),002,经济管理试验班,5,649,7667
2021,1210,天津大学(一流大学建设高校),003,工科试验班(智能制造与建造),6,648,7835
2021,1210,天津大学(一流大学建设高校),004,工科试验班(精仪与光电信息类),6,649,7536
2021,1210,天津大学(一流大学建设高校),005,工科试验班(电气信息类),7,649,7414
2021,1210,天津大学(一流大学建设高校),006,工科试验班(智能与计算类),4,652,6402
2021,1210,天津大学(一流大学建设高校),007,医学试验班(新医科),8,647,8169
2021,1210,天津大学(一流大学建设高校),008,化工与制药类(化工能源与生命医药试验班),4,650,7137
2021,1210,天津大学(一流大学建设高校),009,建筑学(中外合作办学),3,649,7397
2021,1210,天津大学(一流大学建设高校),010,法学,6,655,5459
2021,1211,天津仁爱学院(民办),001,英语,16,522,130846
2021,1211,天津仁爱学院(民办),002,机械设计制造及其自动化,5,495,
2021,1211,天津仁爱学院(民办),004,电子信息工程,3,499,155411
2021,1211,天津仁爱学院(民办),005,通信工程,4,495,
2021,1211,天津仁爱学院(民办),006,电气工程及其自动化,4,495,
2021,1211,天津仁爱学院(民办),007,物联网工程,5,497,157852
2021,1211,天津仁爱学院(民办),008,计算机科学与技术,12,506,148285
2021,1211,天津仁爱学院(民办),009,软件工程,12,496,159111
2021,1211,天津仁爱学院(民办),010,计算机科学与技术(大数据特色班),8,497,157816
2021,1211,天津仁爱学院(民办),011,软件工程(智能技术开发特色班),8,495,
2021,1211,天津仁爱学院(民办),012,建筑学,5,531,119997
2021,1211,天津仁爱学院(民办),013,土木工程,6,495,
2021,1211,天津仁爱学院(民办),014,给排水科学与工程,4,495,
2021,1211,天津仁爱学院(民办),015,水利水电工程,6,495,
2021,1211,天津仁爱学院(民办),016,港口航道与海岸工程,4,495,
2021,1211,天津仁爱学院(民办),017,船舶与海洋工程,5,495,
2021,1211,天津仁爱学院(民办),018,物流工程,11,519,133783
2021,1211,天津仁爱学院(民办),019,信息管理与信息系统,10,495,
2021,1211,天津仁爱学院(民办),020,工程管理,12,495,
2021,1211,天津仁爱学院(民办),021,金融工程,12,517,136834
2021,1211,天津仁爱学院(民办),022,化学工程与工艺,15,523,128939
2021,1211,天津仁爱学院(民办),023,化学工程与工艺(制药),15,527,124740
2021,1211,天津仁爱学院(民办),026,法学(经济法),16,538,112827
2021,1211,天津仁爱学院(民办),027,商务英语,16,510,144027
2021,1211,天津仁爱学院(民办),028,财务管理,12,526,125971
2021,1211,天津仁爱学院(民办),029,传播学(网络新媒体),7,534,116906
2021,1212,天津电子信息职业技术学院,501,动漫制作技术,4,500,155272
2021,1212,天津电子信息职业技术学院,502,电子商务,4,495,
2021,1214,天津职业技术师范大学,001,机械设计制造及其自动化,2,548,100608
2021,1214,天津职业技术师范大学,002,材料成型及控制工程,2,531,119713
2021,1214,天津职业技术师范大学,003,机电技术教育(师范),1,577,66567
2021,1214,天津职业技术师范大学,004,工业设计,1,552,95761
2021,1214,天津职业技术师范大学,005,测控技术与仪器,2,536,114499
2021,1214,天津职业技术师范大学,006,电气工程及其自动化(师范),2,556,91584
2021,1214,天津职业技术师范大学,007,自动化(师范),4,555,92033
2021,1214,天津职业技术师范大学,008,人工智能(师范),2,559,87380
2021,1214,天津职业技术师范大学,009,教育技术学(师范),1,582,61282
2021,1214,天津职业技术师范大学,010,计算机科学与技术(师范),1,574,70078
2021,1214,天津职业技术师范大学,011,网络工程,2,550,98008
2021,1214,天津职业技术师范大学,012,数字媒体技术(师范),1,567,78570
2021,1214,天津职业技术师范大学,013,数据科学与大数据技术,2,549,98991
2021,1214,天津职业技术师范大学,014,学前教育(师范),2,570,75546
2021,1214,天津职业技术师范大学,015,车辆工程,4,534,116479
2021,1214,天津职业技术师范大学,016,汽车服务工程(师范),4,542,108233
2021,1214,天津职业技术师范大学,017,交通运输(城市轨道交通)(师范),5,549,99864
2021,1214,天津职业技术师范大学,018,数学与应用数学(师范),2,569,76034
2021,1214,天津职业技术师范大学,019,汉语国际教育(师范),1,588,55065
2021,1214,天津职业技术师范大学,020,电子信息工程(师范),1,569,75788
2021,1214,天津职业技术师范大学,021,电子科学与技术,1,549,99711
2021,1214,天津职业技术师范大学,022,通信工程,1,553,94671
2021,1214,天津职业技术师范大学,023,微电子科学与工程(师范),2,558,89134
2021,1214,天津职业技术师范大学,024,光电信息科学与工程(师范),1,559,87372
2021,1214,天津职业技术师范大学,025,金融学,2,564,81768
2021,1214,天津职业技术师范大学,026,信用管理,1,561,85575
2021,1214,天津职业技术师范大学,027,人力资源管理,1,569,76530
2021,1214,天津职业技术师范大学,028,财务会计教育(师范),1,617,26737
2021,1214,天津职业技术师范大学,029,电子商务(师范),1,581,62888
2021,1214,天津职业技术师范大学,030,物流管理(航空物流),1,569,76076
2021,1216,天津工业大学(一流学科建设高校),001,纺织工程,4,574,69935
2021,1216,天津工业大学(一流学科建设高校),002,非织造材料与工程,4,583,60380
2021,1216,天津工业大学(一流学科建设高校),003,轻化工程,3,586,56641
2021,1216,天津工业大学(一流学科建设高校),004,材料科学与工程,4,592,50048
2021,1216,天津工业大学(一流学科建设高校),005,复合材料与工程,4,587,55602
2021,1216,天津工业大学(一流学科建设高校),006,无机非金属材料工程,4,587,55844
2021,1216,天津工业大学(一流学科建设高校),007,机械工程,4,594,48241
2021,1216,天津工业大学(一流学科建设高校),008,工业设计,4,608,34467
2021,1216,天津工业大学(一流学科建设高校),009,机械电子工程,4,596,46569
2021,1216,天津工业大学(一流学科建设高校),010,智能制造工程,4,596,45861
2021,1216,天津工业大学(一流学科建设高校),011,自动化,4,598,43689
2021,1216,天津工业大学(一流学科建设高校),012,人工智能,4,602,39692
2021,1216,天津工业大学(一流学科建设高校),013,电气工程及其自动化,4,602,40281
2021,1216,天津工业大学(一流学科建设高校),014,电子信息工程,4,600,41999
2021,1216,天津工业大学(一流学科建设高校),015,电子科学与技术,4,599,42816
2021,1216,天津工业大学(一流学科建设高校),016,智能医学工程,4,595,46741
2021,1216,天津工业大学(一流学科建设高校),017,环境工程,4,597,45309
2021,1216,天津工业大学(一流学科建设高校),018,制药工程,4,597,44747
2021,1216,天津工业大学(一流学科建设高校),019,计算机科学与技术,4,614,28926
2021,1216,天津工业大学(一流学科建设高校),020,网络空间安全,4,601,40998
2021,1216,天津工业大学(一流学科建设高校),021,数学类,4,598,43688
2021,1216,天津工业大学(一流学科建设高校),022,数据科学与大数据技术,4,600,42489
2021,1216,天津工业大学(一流学科建设高校),023,经济学类,4,603,38881
2021,1216,天津工业大学(一流学科建设高校),024,工商管理类,4,603,39537
2021,1217,天津公安警官职业学院,501,网络安全与执法,14,495,
2021,1217,天津公安警官职业学院,502,法律事务,6,498,157101
2021,1223,天津科技大学,001,机械类,4,572,72652
2021,1223,天津科技大学,002,电气工程及其自动化,3,596,45858
2021,1223,天津科技大学,003,计算机科学与技术,5,587,55944
2021,1223,天津科技大学,004,软件工程,4,583,59825
2021,1223,天津科技大学,005,物联网工程,3,582,60890
2021,1223,天津科技大学,006,数字媒体技术,3,586,56315
2021,1223,天津科技大学,007,海洋资源开发技术,3,563,82913
2021,1223,天津科技大学,008,海洋科学类,3,575,69572
2021,1223,天津科技大学,009,化学工程与工艺,4,578,65484
2021,1223,天津科技大学,010,包装工程,3,564,82210
2021,1223,天津科技大学,011,食品科学与工程,5,580,63263
2021,1223,天津科技大学,012,食品质量与安全,3,576,68722
2021,1223,天津科技大学,013,食品营养与健康,5,569,75736
2021,1223,天津科技大学,014,国际经济与贸易,3,583,60447
2021,1223,天津科技大学,015,财务管理,3,586,56487
2021,1223,天津科技大学,016,生物工程(中外合作办学)(酿造与蒸馏),3,558,89024
2021,1223,天津科技大学,017,财务管理(中外合作办学),4,575,68819
2021,1223,天津科技大学,018,计算机科学与技术(中外合作办学)(信息处理),3,575,69275
2021,1224,天津理工大学,001,测控技术与仪器,4,566,79290
2021,1224,天津理工大学,002,电子科学与技术,2,589,53033
2021,1224,天津理工大学,003,微电子科学与工程,4,581,62109
2021,1224,天津理工大学,004,光电信息科学与工程,3,584,58651
2021,1224,天津理工大学,005,集成电路设计与集成系统,5,580,63802
2021,1224,天津理工大学,006,人工智能,3,588,54599
2021,1224,天津理工大学,007,材料科学与工程,2,572,72305
2021,1224,天津理工大学,008,材料物理,3,571,73883
2021,1224,天津理工大学,009,功能材料,3,564,81914
2021,1224,天津理工大学,010,保险学,4,575,69170
2021,1224,天津理工大学,011,工程管理,4,568,76817
2021,1224,天津理工大学,012,工程造价,4,578,65520
2021,1224,天津理工大学,013,大数据管理与应用,2,587,55417
2021,1224,天津理工大学,014,工商管理,2,584,59300
2021,1224,天津理工大学,015,市场营销,3,578,65799
2021,1224,天津理工大学,016,财务管理,3,583,59783
2021,1224,天津理工大学,017,应用化学,3,575,69627
2021,1224,天津理工大学,018,化学工程与工艺,3,575,69739
2021,1224,天津理工大学,019,药学,2,583,59917
2021,1224,天津理工大学,020,机械类,7,574,69985
2021,1224,天津理工大学,021,过程装备与控制工程,7,562,84509
2021,1224,天津理工大学,022,智能制造工程,2,580,63556
2021,1224,天津理工大学,023,新能源科学与工程,3,574,70259
2021,1224,天津理工大学,024,自然地理与资源环境,4,570,75493
2021,1224,天津理工大学,025,资源循环科学与工程,4,558,88692
2021,1224,天津理工大学,026,环境工程,2,572,72908
2021,1224,天津理工大学,027,环境科学,2,570,74521
2021,1224,天津理工大学,028,安全工程,2,569,75738
2021,1225,天津理工大学中环信息学院(独立学院),001,自动化,1,505,149450
2021,1225,天津理工大学中环信息学院(独立学院),002,电气工程及其自动化,2,501,154117
2021,1225,天津理工大学中环信息学院(独立学院),003,电气工程及其自动化(电力系统及其自动化),3,499,156031
2021,1225,天津理工大学中环信息学院(独立学院),004,电气工程与智能控制,2,510,144039
2021,1225,天津理工大学中环信息学院(独立学院),005,智能电网信息工程,1,498,156540
2021,1225,天津理工大学中环信息学院(独立学院),006,机械设计制造及其自动化,7,495,160038
2021,1225,天津理工大学中环信息学院(独立学院),007,机械电子工程,3,500,154582
2021,1225,天津理工大学中环信息学院(独立学院),008,材料成型及控制工程(模具设计制造及自动化),4,495,
2021,1225,天津理工大学中环信息学院(独立学院),009,机器人工程,1,496,158509
2021,1225,天津理工大学中环信息学院(独立学院),010,电子信息科学与技术,1,511,143075
2021,1225,天津理工大学中环信息学院(独立学院),011,电子信息工程,2,500,154434
2021,1225,天津理工大学中环信息学院(独立学院),012,通信工程,1,509,145039
2021,1225,天津理工大学中环信息学院(独立学院),013,物联网工程,4,497,157620
2021,1225,天津理工大学中环信息学院(独立学院),014,人工智能,3,505,149501
2021,1225,天津理工大学中环信息学院(独立学院),015,计算机科学与技术,7,503,152096
2021,1225,天津理工大学中环信息学院(独立学院),016,软件工程,5,497,158322
2021,1225,天津理工大学中环信息学院(独立学院),017,数字媒体技术,3,499,155930
2021,1225,天津理工大学中环信息学院(独立学院),018,数据科学与大数据技术,3,496,158949
2021,1225,天津理工大学中环信息学院(独立学院),019,工程管理,2,499,155843
2021,1225,天津理工大学中环信息学院(独立学院),020,财务管理,11,527,125361
2021,1225,天津理工大学中环信息学院(独立学院),021,物流管理,6,526,126366
2021,1225,天津理工大学中环信息学院(独立学院),022,人力资源管理,15,526,126605
2021,1227,天津农学院,001,生物技术,2,557,89786
2021,1227,天津农学院,002,环境科学,1,557,90037
2021,1227,天津农学院,003,菌物科学与工程,2,553,94841
2021,1227,天津农学院,004,园艺,1,553,94428
2021,1227,天津农学院,005,植物保护,1,555,92170
2021,1227,天津农学院,006,林学,2,554,93051
2021,1227,天津农学院,007,动物科学,3,555,92877
2021,1227,天津农学院,008,动物医学,1,573,71713
2021,1227,天津农学院,009,动物医学(小动医),3,567,77984
2021,1227,天津农学院,010,水产养殖学,6,551,96758
2021,1227,天津农学院,011,海洋渔业科学与技术,6,550,98897
2021,1227,天津农学院,012,水族科学与技术,2,551,97713
2021,1227,天津农学院,013,水生动物医学,1,559,88214
2021,1227,天津农学院,014,国际经济与贸易,1,568,77763
2021,1227,天津农学院,015,会计学,1,566,79393
2021,1227,天津农学院,016,农林经济管理,1,568,77835
2021,1227,天津农学院,017,公共事业管理,1,562,84694
2021,1227,天津农学院,018,物流管理,2,556,91306
2021,1227,天津农学院,019,食品科学与工程,3,555,91895
2021,1227,天津农学院,020,新能源科学与工程,1,556,91165
2021,1227,天津农学院,021,电气工程及其自动化,1,554,93261
2021,1227,天津农学院,022,机器人工程,1,546,102758
2021,1227,天津农学院,023,农业机械化及其自动化,4,553,95453
2021,1227,天津农学院,024,软件工程,2,549,98943
2021,1227,天津农学院,025,物联网工程,1,548,100713
2021,1227,天津农学院,026,水利水电工程,3,557,90632
2021,1227,天津农学院,027,应用化学,3,551,96781
2021,1227,天津农学院,028,功能材料,1,551,96655
2021,1227,天津农学院,029,英语,1,565,81144
2021,1227,天津农学院,030,人力资源管理,1,563,83378
2021,1227,天津农学院,031,文化产业管理,1,557,90410
2021,1227,天津农学院,501,水产养殖技术,6,507,147114
2021,1227,天津农学院,502,水文与水资源技术,2,506,148272
2021,1229,天津商业大学,001,经济学类,3,584,58816
2021,1229,天津商业大学,002,英语,3,578,65931
2021,1229,天津商业大学,003,数学与应用数学,3,563,83208
2021,1229,天津商业大学,004,数据科学与大数据技术,3,570,75022
2021,1229,天津商业大学,005,宝石及材料工艺学,7,558,89142
2021,1229,天津商业大学,006,电子商务,3,561,84951
2021,1229,天津商业大学,007,会展经济与管理,3,577,66884
2021,1229,天津商业大学,008,会计学,3,585,58422
2021,1229,天津商业大学,009,财务管理,3,585,57865
2021,1229,天津商业大学,010,新能源科学与工程,3,561,85359
2021,1229,天津商业大学,011,英语(应用翻译),3,574,71055
2021,1229,天津商业大学,012,酒店管理(中外合作办学),13,539,111520
2021,1229,天津商业大学,013,财务管理(中外合作办学),6,568,77751
2021,1230,天津商业大学宝德学院(独立学院),001,英语,3,535,115846
2021,1230,天津商业大学宝德学院(独立学院),002,商务英语,2,530,121926
2021,1230,天津商业大学宝德学院(独立学院),003,日语,2,535,115479
2021,1230,天津商业大学宝德学院(独立学院),004,金融学类,5,528,123512
2021,1230,天津商业大学宝德学院(独立学院),005,工商管理类(工商系),10,526,125624
2021,1230,天津商业大学宝德学院(独立学院),006,工商管理类(会计系),4,528,124027
2021,1231,天津生物工程职业技术学院,502,电子商务(医药),4,495,
2021,1231,天津生物工程职业技术学院,503,药品经营与管理,4,495,
2021,1232,天津师范大学,001,汉语言文学(师范),2,624,21406
2021,1232,天津师范大学,002,历史学(师范),2,624,21793
2021,1232,天津师范大学,003,世界史(外语实验班),2,614,28978
2021,1232,天津师范大学,004,教育学类(师范),8,619,25004
2021,1232,天津师范大学,005,法学,3,614,28909
2021,1232,天津师范大学,006,英语(师范),4,620,24790
2021,1232,天津师范大学,007,计算机科学与技术(师范),1,613,29829
2021,1232,天津师范大学,008,数学与应用数学(师范),2,617,26616
2021,1232,天津师范大学,009,化学(师范),4,612,30825
2021,1232,天津师范大学,010,化学生物学,2,601,41357
2021,1232,天津师范大学,011,生物科学(师范),2,616,27388
2021,1232,天津师范大学,012,大数据管理与应用,3,586,56285
2021,1234,天津体育学院,004,公共事业管理,3,556,91457
2021,1234,天津体育学院,005,新闻学(新媒体方向),6,566,79966
2021,1234,天津体育学院,006,新闻学(体育文化传媒方向),5,567,78908
2021,1234,天津体育学院,007,市场营销,4,553,94674
2021,1234,天津体育学院,008,运动康复,3,559,88095
2021,1234,天津体育学院,009,应用心理学,3,570,74954
2021,1234,天津体育学院,011,体育经济与管理,5,555,92367
2021,1234,天津体育学院,012,学前教育,4,564,82203
2021,1235,天津外国语大学,001,外国语言文学类(英语类),4,616,27802
2021,1235,天津外国语大学,002,日语,3,614,29170
2021,1235,天津外国语大学,003,俄语,1,617,27036
2021,1235,天津外国语大学,004,德语,1,618,25797
2021,1235,天津外国语大学,005,法语,1,618,25615
2021,1235,天津外国语大学,006,西班牙语,1,621,23883
2021,1235,天津外国语大学,007,意大利语,1,616,27440
2021,1235,天津外国语大学,008,葡萄牙语,1,617,27076
2021,1235,天津外国语大学,009,芬兰语,1,587,56157
2021,1235,天津外国语大学,010,波兰语,1,591,51923
2021,1235,天津外国语大学,011,希腊语,1,595,47509
2021,1235,天津外国语大学,012,保加利亚语,1,591,51905
2021,1235,天津外国语大学,013,罗马尼亚语,1,580,64077
2021,1235,天津外国语大学,014,朝鲜语,2,595,47284
2021,1235,天津外国语大学,015,阿拉伯语,2,594,48244
2021,1235,天津外国语大学,016,印度尼西亚语,1,598,44584
2021,1235,天津外国语大学,017,印地语,1,584,58869
2021,1235,天津外国语大学,018,国际经济与贸易,2,595,47152
2021,1235,天津外国语大学,019,金融学,3,592,50240
2021,1235,天津外国语大学,020,工商管理类,4,589,53873
2021,1235,天津外国语大学,021,大数据管理与应用,2,581,62034
2021,1235,天津外国语大学,022,法学,1,623,22010
2021,1235,天津外国语大学,023,行政管理,1,604,38471
2021,1235,天津外国语大学,024,国际政治,1,610,33074
2021,1235,天津外国语大学,025,外交学,1,622,23281
2021,1235,天津外国语大学,026,国际组织与全球治理,1,617,27108
2021,1235,天津外国语大学,027,汉语国际教育,2,605,37649
2021,1235,天津外国语大学,028,汉语言文学,2,612,30814
2021,1235,天津外国语大学,029,广告学,1,605,37424
2021,1235,天津外国语大学,030,网络与新媒体,1,606,36791
2021,1235,天津外国语大学,031,教育技术学,1,580,63595
2021,1235,天津外国语大学,032,数字媒体技术,2,580,63364
2021,1235,天津外国语大学,033,经济学(中外合作办学),2,586,56686
2021,1236,天津外国语大学滨海外事学院(独立学院),001,英语,1,552,96352
2021,1236,天津外国语大学滨海外事学院(独立学院),002,日语,1,544,105442
2021,1236,天津外国语大学滨海外事学院(独立学院),003,国际经济与贸易,1,545,104469
2021,1236,天津外国语大学滨海外事学院(独立学院),004,法学,1,552,96492
2021,1236,天津外国语大学滨海外事学院(独立学院),005,汉语国际教育,1,548,101288
2021,1236,天津外国语大学滨海外事学院(独立学院),006,学前教育,2,551,97526
2021,1236,天津外国语大学滨海外事学院(独立学院),007,护理学,3,539,111398
2021,1237,天津现代职业技术学院,504,电子竞技运动与管理,3,495,
2021,1239,天津医科大学(一流学科建设高校),001,临床医学(5+3一体化),5,654,5891
2021,1239,天津医科大学(一流学科建设高校),002,临床医学(5+3一体化，儿科学),1,654,5898
2021,1239,天津医科大学(一流学科建设高校),003,口腔医学(5+3一体化),1,658,4447
2021,1239,天津医科大学(一流学科建设高校),004,临床医学,1,653,5960
2021,1239,天津医科大学(一流学科建设高校),005,基础医学(朱宪彝班),1,647,8333
2021,1239,天津医科大学(一流学科建设高校),006,眼视光医学,1,652,6431
2021,1239,天津医科大学(一流学科建设高校),007,预防医学,2,642,10525
2021,1239,天津医科大学(一流学科建设高校),008,生物医学工程,1,640,11420
2021,1239,天津医科大学(一流学科建设高校),009,智能医学工程,1,649,7607
2021,1239,天津医科大学(一流学科建设高校),010,药学类,3,639,12107
2021,1239,天津医科大学(一流学科建设高校),011,医学技术类,3,638,12479
2021,1240,天津医科大学临床医学院(独立学院),001,临床医学,7,562,83661
2021,1240,天津医科大学临床医学院(独立学院),002,口腔医学,4,577,67191
2021,1240,天津医科大学临床医学院(独立学院),003,药学,7,546,102970
2021,1240,天津医科大学临床医学院(独立学院),004,护理学,10,547,101760
2021,1240,天津医科大学临床医学院(独立学院),005,眼视光学,10,554,93164
2021,1240,天津医科大学临床医学院(独立学院),006,医学检验技术,6,553,94228
2021,1240,天津医科大学临床医学院(独立学院),007,医学影像技术,5,542,107364
2021,1240,天津医科大学临床医学院(独立学院),008,康复治疗学,3,551,97443
2021,1240,天津医科大学临床医学院(独立学院),009,健康服务与管理,3,543,107139
2021,1240,天津医科大学临床医学院(独立学院),010,法学,13,540,110521
2021,1240,天津医科大学临床医学院(独立学院),011,公共事业管理,11,527,124341
2021,1240,天津医科大学临床医学院(独立学院),012,市场营销,11,527,125011
2021,1241,天津医学高等专科学校,501,护理,2,517,136698
2021,1241,天津医学高等专科学校,502,助产,2,506,148594
2021,1241,天津医学高等专科学校,503,临床医学,4,523,129811
2021,1241,天津医学高等专科学校,504,针灸推拿,4,512,141740
2021,1241,天津医学高等专科学校,505,康复治疗技术,4,502,152714
2021,1241,天津医学高等专科学校,506,智能医疗装备技术,2,506,148885
2021,1241,天津医学高等专科学校,507,药学,4,512,141829
2021,1241,天津医学高等专科学校,508,中药学,2,522,130633
2021,1241,天津医学高等专科学校,509,医学检验技术,4,517,136556
2021,1241,天津医学高等专科学校,510,医学生物技术,2,513,141206
2021,1241,天津医学高等专科学校,511,药品经营与管理,2,508,146011
2021,1241,天津医学高等专科学校,512,药物制剂技术,4,508,146751
2021,1241,天津医学高等专科学校,513,卫生信息管理,2,505,149565
2021,1241,天津医学高等专科学校,514,医学营养,2,510,143729
2021,1241,天津医学高等专科学校,516,口腔医学,8,532,118573
2021,1244,天津市职业大学,501,机械制造及自动化,5,495,
2021,1244,天津市职业大学,502,模具设计与制造,3,495,
2021,1244,天津市职业大学,503,宝玉石鉴定与加工,3,495,
2021,1244,天津市职业大学,504,电子商务,3,495,
2021,1244,天津市职业大学,505,连锁经营与管理,3,495,
2021,1244,天津市职业大学,506,电子信息工程技术,3,510,144435
2021,1244,天津市职业大学,507,包装工程技术,3,495,
2021,1244,天津市职业大学,508,印刷媒体技术,5,495,
2021,1244,天津市职业大学,509,眼视光技术,4,513,140926
2021,1244,天津市职业大学,510,眼视光技术(镜片生产工艺),4,495,
2021,1244,天津市职业大学,511,智能医疗装备技术,2,495,
2021,1244,天津市职业大学,520,人力资源管理,2,507,147125
2021,1244,天津市职业大学,522,商务英语,2,510,144145
2021,1246,天津中医药大学(一流学科建设高校),001,中国语言文学类,5,597,45084
2021,1246,天津中医药大学(一流学科建设高校),002,中医学(拔尖创新人才培养模式改革),2,646,8648
2021,1246,天津中医药大学(一流学科建设高校),003,中医学(5+3一体化),2,645,9352
2021,1246,天津中医药大学(一流学科建设高校),004,中医学(5+3一体化，中医儿科学),2,641,11127
2021,1246,天津中医药大学(一流学科建设高校),005,中医学类,8,630,16988
2021,1246,天津中医药大学(一流学科建设高校),006,中西医临床医学,2,630,17229
2021,1246,天津中医药大学(一流学科建设高校),007,医学技术类,4,610,32665
2021,1246,天津中医药大学(一流学科建设高校),008,食品卫生与营养学,2,595,47294
2021,1246,天津中医药大学(一流学科建设高校),009,康复治疗学,3,600,42114
2021,1246,天津中医药大学(一流学科建设高校),010,护理学类,4,588,54127
2021,1246,天津中医药大学(一流学科建设高校),011,临床药学,2,623,22127
2021,1246,天津中医药大学(一流学科建设高校),012,药学类,4,617,27041
2021,1246,天津中医药大学(一流学科建设高校),013,中药学类,4,617,26642
2021,1246,天津中医药大学(一流学科建设高校),014,应用心理学,2,610,32697
2021,1246,天津中医药大学(一流学科建设高校),015,工商管理类,2,595,46930
2021,1246,天津中医药大学(一流学科建设高校),016,公共管理类,2,594,48142
2021,1246,天津中医药大学(一流学科建设高校),017,临床医学,3,630,17129
2021,1246,天津中医药大学(一流学科建设高校),018,中药学(拔尖学生培养基地班),2,613,30160
2021,1247,中国民航大学,001,工科试验班(中欧航空工程师),9,619,
2021,1247,中国民航大学,002,法学(航空法),3,611,31818
2021,1247,中国民航大学,003,英语(民航外语),6,599,43433
2021,1247,中国民航大学,004,信息与计算科学,3,599,43080
2021,1247,中国民航大学,005,应用气象学(航空气象),3,602,40479
2021,1247,中国民航大学,006,应用心理学,2,605,37301
2021,1247,中国民航大学,007,统计学(民航大数据),2,607,35383
2021,1247,中国民航大学,008,材料物理(无损检测与表面工程),3,595,46668
2021,1247,中国民航大学,009,材料化学,2,589,53516
2021,1247,中国民航大学,010,工科试验班(航空工程学院),12,591,51543
2021,1247,中国民航大学,011,电气工程及其自动化(航空电气),1,606,36665
2021,1247,中国民航大学,012,电子信息工程(航空电子),5,588,54083
2021,1247,中国民航大学,013,通信工程,6,593,48818
2021,1247,中国民航大学,014,自动化,6,586,56604
2021,1247,中国民航大学,015,计算机科学与技术,5,612,30721
2021,1247,中国民航大学,016,信息安全,5,603,39125
2021,1247,中国民航大学,017,土木工程,3,582,61520
2021,1247,中国民航大学,018,油气储运工程(机场供油工程),2,595,47332
2021,1247,中国民航大学,019,交通工程,4,607,35743
2021,1247,中国民航大学,020,交通运输(空中交通管制),4,608,34546
2021,1247,中国民航大学,021,交通管理(飞行运行管理),5,588,54195
2021,1247,中国民航大学,022,无人驾驶航空器系统工程,3,596,46562
2021,1247,中国民航大学,023,安全工程,6,579,64606
2021,1247,中国民航大学,024,工商管理类,4,591,51908
2021,1247,中国民航大学,025,公共事业管理,1,587,55206
2021,1247,中国民航大学,026,物流管理,6,574,70372
2021,1247,中国民航大学,027,工业工程(航空维修工程与管理),3,568,77531
2021,1247,中国民航大学,501,民航运输服务,3,545,104324
2021,1247,中国民航大学,502,民航安全技术管理,7,525,127286
2021,1247,中国民航大学,503,飞机机电设备维修,18,514,139835
2021,1247,中国民航大学,504,飞机机电设备维修(直升机),2,517,136832
2021,1247,中国民航大学,505,飞机电子设备维修,10,523,129771
2021,1247,中国民航大学,506,空中乘务,43,495,
2021,1248,天津天狮学院(民办),003,食品科学与工程类,2,536,114341
2021,1248,天津天狮学院(民办),004,生物工程,1,538,112832
2021,1248,天津天狮学院(民办),005,药学,1,546,103487
2021,1248,天津天狮学院(民办),006,医学技术类,2,513,141080
2021,1248,天津天狮学院(民办),007,工商管理类,3,543,106947
2021,1249,天津铁道职业技术学院,502,铁道信号自动控制,2,500,154586
2021,1301,保定电力职业技术学院,501,供用电技术,1,508,146303
2021,1302,北华航天工业学院,001,经济学,2,554,93899
2021,1302,北华航天工业学院,002,国际经济与贸易,2,558,88768
2021,1302,北华航天工业学院,003,社会工作,2,555,92844
2021,1302,北华航天工业学院,004,秘书学,2,555,92171
2021,1302,北华航天工业学院,005,英语,2,562,84268
2021,1302,北华航天工业学院,006,机械设计制造及其自动化,2,537,113162
2021,1302,北华航天工业学院,007,材料成型及控制工程,2,533,118034
2021,1302,北华航天工业学院,008,工业设计,2,532,118567
2021,1302,北华航天工业学院,009,车辆工程,2,536,114388
2021,1302,北华航天工业学院,010,测控技术与仪器,2,533,117476
2021,1302,北华航天工业学院,011,金属材料工程,2,529,122076
2021,1302,北华航天工业学院,012,复合材料与工程,2,526,126033
2021,1302,北华航天工业学院,013,电气工程与智能控制,2,534,116956
2021,1302,北华航天工业学院,014,电子信息工程,2,537,113535
2021,1302,北华航天工业学院,015,自动化,2,534,116722
2021,1302,北华航天工业学院,016,计算机科学与技术,2,553,95061
2021,1302,北华航天工业学院,017,空间信息与数字技术,2,534,116353
2021,1302,北华航天工业学院,018,土木工程,2,536,114433
2021,1302,北华航天工业学院,019,建筑环境与能源应用工程,2,530,121362
2021,1302,北华航天工业学院,020,道路桥梁与渡河工程,2,534,116947
2021,1302,北华航天工业学院,021,飞行器制造工程,2,545,103891
2021,1302,北华航天工业学院,022,工程造价,2,534,117320
2021,1302,北华航天工业学院,023,市场营销,3,548,100156
2021,1302,北华航天工业学院,024,会计学,2,559,88183
2021,1302,北华航天工业学院,025,人力资源管理,2,555,92860
2021,1302,北华航天工业学院,026,物流管理,2,550,98737
2021,1302,北华航天工业学院,027,电子商务,2,556,91589
2021,1304,燕京理工学院(民办),002,工程造价,1,498,156492
2021,1304,燕京理工学院(民办),003,自动化,1,496,158842
2021,1304,燕京理工学院(民办),004,数据科学与大数据技术,1,505,149531
2021,1304,燕京理工学院(民办),005,金融学,1,534,117314
2021,1304,燕京理工学院(民办),006,工商管理,1,540,110400
2021,1304,燕京理工学院(民办),007,财务管理,1,537,113131
2021,1304,燕京理工学院(民办),008,物流管理,1,518,135144
2021,1304,燕京理工学院(民办),009,会计学,1,551,97460
2021,1304,燕京理工学院(民办),010,审计学,1,537,113719
2021,1304,燕京理工学院(民办),011,法学,1,550,98299
2021,1304,燕京理工学院(民办),012,小学教育,1,561,85198
2021,1304,燕京理工学院(民办),014,英语,1,536,114958
2021,1305,沧州交通学院(民办),001,工商管理,10,511,143028
2021,1305,沧州交通学院(民办),002,财务管理,8,526,126121
2021,1305,沧州交通学院(民办),003,物流管理,8,523,129330
2021,1305,沧州交通学院(民办),004,金融工程,8,506,148072
2021,1305,沧州交通学院(民办),005,电子商务,10,523,129445
2021,1305,沧州交通学院(民办),006,交通运输,10,532,118638
2021,1305,沧州交通学院(民办),007,英语,8,514,139244
2021,1305,沧州交通学院(民办),008,商务英语,8,511,142691
2021,1307,北京社会管理职业学院,501,护理,2,495,
2021,1308,北京中医药大学东方学院(独立学院),001,中医学,3,567,78118
2021,1308,北京中医药大学东方学院(独立学院),002,针灸推拿学,3,560,86927
2021,1308,北京中医药大学东方学院(独立学院),003,中西医临床医学,3,562,83734
2021,1308,北京中医药大学东方学院(独立学院),004,中药学,2,556,91355
2021,1308,北京中医药大学东方学院(独立学院),005,中药制药,2,543,107148
2021,1308,北京中医药大学东方学院(独立学院),006,医学检验技术,2,552,96010
2021,1308,北京中医药大学东方学院(独立学院),007,护理学,2,548,100820
2021,1308,北京中医药大学东方学院(独立学院),008,工商管理,2,530,121300
2021,1308,北京中医药大学东方学院(独立学院),009,市场营销,2,526,126080
2021,1308,北京中医药大学东方学院(独立学院),010,公共事业管理,2,537,113839
2021,1308,北京中医药大学东方学院(独立学院),011,健康服务与管理,2,531,120047
2021,1310,承德医学院,001,临床医学,2,591,50996
2021,1311,东北大学秦皇岛分校(一流大学建设高校),001,经济学类,7,633,15198
2021,1311,东北大学秦皇岛分校(一流大学建设高校),002,外国语言文学类,5,633,15669
2021,1311,东北大学秦皇岛分校(一流大学建设高校),003,数学类,5,634,15010
2021,1311,东北大学秦皇岛分校(一流大学建设高校),004,机械类,6,626,20132
2021,1311,东北大学秦皇岛分校(一流大学建设高校),005,材料类,6,625,20991
2021,1311,东北大学秦皇岛分校(一流大学建设高校),006,电子信息类,9,632,16067
2021,1311,东北大学秦皇岛分校(一流大学建设高校),007,自动化类,8,630,17002
2021,1311,东北大学秦皇岛分校(一流大学建设高校),008,仪器类(智能光电感知),4,628,18457
2021,1311,东北大学秦皇岛分校(一流大学建设高校),009,计算机类,7,635,14174
2021,1311,东北大学秦皇岛分校(一流大学建设高校),010,工商管理类,16,630,17052
2021,1311,东北大学秦皇岛分校(一流大学建设高校),011,计算机科学与技术(中外合作办学),4,628,18322
2021,1311,东北大学秦皇岛分校(一流大学建设高校),012,通信工程(中外合作办学),4,625,20701
2021,1311,东北大学秦皇岛分校(一流大学建设高校),013,应用统计学(中外合作办学),2,621,23426
2021,1312,防灾科技学院,001,金融学,4,555,92545
2021,1312,防灾科技学院,002,广告学,9,557,90665
2021,1312,防灾科技学院,003,网络与新媒体,2,568,77448
2021,1312,防灾科技学院,004,地理科学,2,563,83637
2021,1312,防灾科技学院,005,地球物理学,2,548,100289
2021,1312,防灾科技学院,006,测控技术与仪器,3,531,119873
2021,1312,防灾科技学院,007,电气工程及其自动化,2,534,116745
2021,1312,防灾科技学院,008,通信工程,4,535,115279
2021,1312,防灾科技学院,009,计算机类,6,541,109197
2021,1312,防灾科技学院,010,物联网工程,4,539,111702
2021,1312,防灾科技学院,011,土木工程,1,544,105588
2021,1312,防灾科技学院,012,城市地下空间工程,4,525,127447
2021,1312,防灾科技学院,013,测绘工程,2,533,117646
2021,1312,防灾科技学院,014,地质工程,2,529,123064
2021,1312,防灾科技学院,015,勘查技术与工程,2,537,113219
2021,1312,防灾科技学院,016,地下水科学与工程,2,521,131702
2021,1312,防灾科技学院,017,应急技术与管理,2,549,99226
2021,1312,防灾科技学院,018,工程管理,2,533,118232
2021,1312,防灾科技学院,019,工商管理,3,552,96309
2021,1312,防灾科技学院,020,会计学,2,563,82710
2021,1313,邯郸学院,001,生物科学(师范),3,564,82190
2021,1313,邯郸学院,002,统计学,3,553,94918
2021,1313,邯郸学院,003,物理学(师范),3,537,113374
2021,1313,邯郸学院,005,教育学类(师范),3,560,86882
2021,1315,河北大学,001,历史学类,3,601,40941
2021,1315,河北大学,002,新闻传播学类,2,609,33723
2021,1315,河北大学,003,经济学,3,596,45849
2021,1315,河北大学,004,法学,2,619,25520
2021,1315,河北大学,005,哲学,3,595,47551
2021,1315,河北大学,006,新能源材料与器件,2,582,60966
2021,1315,河北大学,007,电子信息科学与技术,3,589,53520
2021,1315,河北大学,008,化学,3,587,55876
2021,1315,河北大学,009,电气工程及其自动化,2,595,47043
2021,1315,河北大学,010,自动化,3,586,56565
2021,1315,河北大学,011,土木工程,2,584,58593
2021,1317,河北工程大学,001,地理信息科学,3,569,76339
2021,1317,河北工程大学,002,机械类,7,552,96644
2021,1317,河北工程大学,003,能源与动力工程,2,557,89685
2021,1317,河北工程大学,004,电气工程及其自动化,2,564,81928
2021,1317,河北工程大学,005,电子信息工程,4,558,88613
2021,1317,河北工程大学,006,通信工程,2,559,87881
2021,1317,河北工程大学,007,光电信息科学与工程,2,557,90038
2021,1317,河北工程大学,008,自动化,2,554,93174
2021,1317,河北工程大学,009,计算机类,2,572,72484
2021,1317,河北工程大学,010,数据科学与大数据技术,2,564,81880
2021,1317,河北工程大学,011,土木工程,2,565,80215
2021,1317,河北工程大学,012,建筑环境与能源应用工程,2,548,100590
2021,1317,河北工程大学,013,给排水科学与工程,4,539,110826
2021,1317,河北工程大学,014,道路桥梁与渡河工程,2,540,109540
2021,1317,河北工程大学,015,水利水电工程,2,553,94367
2021,1317,河北工程大学,016,化学工程与工艺,2,560,86887
2021,1317,河北工程大学,017,交通工程,2,559,87617
2021,1317,河北工程大学,018,环境工程,2,546,103215
2021,1317,河北工程大学,019,城乡规划,2,571,73396
2021,1317,河北工程大学,020,安全工程,2,539,110620
2021,1317,河北工程大学,021,工程管理,4,540,109632
2021,1317,河北工程大学,022,工商管理类,4,563,83390
2021,1317,河北工程大学,023,过程装备与控制工程,2,542,107654
2021,1318,河北工程大学科信学院(独立学院),001,机械设计制造及其自动化,3,501,153390
2021,1318,河北工程大学科信学院(独立学院),002,车辆工程,2,495,159466
2021,1318,河北工程大学科信学院(独立学院),003,电气工程及其自动化,2,507,146923
2021,1318,河北工程大学科信学院(独立学院),004,电子信息工程,2,518,135359
2021,1318,河北工程大学科信学院(独立学院),005,通信工程,2,499,155487
2021,1318,河北工程大学科信学院(独立学院),006,自动化,2,509,144779
2021,1318,河北工程大学科信学院(独立学院),007,计算机科学与技术,2,520,133317
2021,1318,河北工程大学科信学院(独立学院),008,土木工程,2,517,135846
2021,1318,河北工程大学科信学院(独立学院),009,建筑环境与能源应用工程,2,496,158617
2021,1318,河北工程大学科信学院(独立学院),010,给排水科学与工程,2,500,154483
2021,1318,河北工程大学科信学院(独立学院),011,水利水电工程,2,544,105084
2021,1318,河北工程大学科信学院(独立学院),012,工程管理,2,511,142785
2021,1321,河北建筑工程学院,001,土木工程,2,540,110209
2021,1321,河北建筑工程学院,002,电气工程及其自动化,1,544,105060
2021,1321,河北建筑工程学院,003,建筑电气与智能化,2,535,116238
2021,1321,河北建筑工程学院,004,建筑学,1,570,74562
2021,1321,河北建筑工程学院,006,工程造价,1,540,109542
2021,1321,河北建筑工程学院,007,物联网工程,1,534,116274
2021,1321,河北建筑工程学院,008,能源动力类,2,529,122178
2021,1321,河北建筑工程学院,009,机械设计制造及其自动化,1,537,113564
2021,1321,河北建筑工程学院,010,车辆工程,2,531,120420
2021,1323,河北金融学院,001,统计学类,2,528,123198
2021,1323,河北金融学院,002,外国语言文学类,2,555,91921
2021,1323,河北金融学院,003,经济与贸易类,2,556,91681
2021,1323,河北金融学院,004,经济学类,7,554,93725
2021,1323,河北金融学院,005,计算机类,1,552,96360
2021,1323,河北金融学院,006,金融学类,2,567,79012
2021,1323,河北金融学院,007,互联网金融,2,555,92343
2021,1323,河北金融学院,008,金融工程,4,555,92064
2021,1323,河北金融学院,009,精算学,3,558,88671
2021,1323,河北金融学院,010,会计学(中外合作办学),4,554,93702
2021,1323,河北金融学院,011,财务管理(中外合作办学),1,561,85144
2021,1324,河北经贸大学,001,国际经济与贸易,4,577,67268
2021,1324,河北经贸大学,002,电子商务,4,564,81801
2021,1324,河北经贸大学,003,金融学类,4,583,59779
2021,1324,河北经贸大学,004,财政学类,4,574,71078
2021,1324,河北经贸大学,005,会计学,5,581,62129
2021,1324,河北经贸大学,006,工商管理类,6,577,67465
2021,1324,河北经贸大学,007,物流管理,3,565,81191
2021,1324,河北经贸大学,008,新闻传播学类,4,575,69897
2021,1324,河北经贸大学,009,日语,2,571,74251
2021,1324,河北经贸大学,010,商务英语,4,570,75538
2021,1324,河北经贸大学,011,数学类,5,551,97394
2021,1324,河北经贸大学,012,统计学类,5,571,73714
2021,1324,河北经贸大学,013,旅游管理类,5,560,86324
2021,1325,河北经贸大学经济管理学院(独立学院),001,国际经济与贸易,20,533,118250
2021,1326,河北科技大学,001,电气工程及其自动化,4,560,86835
2021,1326,河北科技大学,002,过程装备与控制工程,2,549,99356
2021,1326,河北科技大学,003,机械类,6,551,96851
2021,1326,河北科技大学,004,电子信息类,6,556,91524
2021,1326,河北科技大学,005,应用物理学,3,555,92518
2021,1326,河北科技大学,006,应用化学,3,558,88743
2021,1326,河北科技大学,007,化工与制药类,6,558,88847
2021,1328,河北科技师范学院,001,电气工程及其自动化,4,536,114113
2021,1328,河北科技师范学院,002,机械设计制造及其自动化,4,533,117421
2021,1328,河北科技师范学院,003,计算机科学与技术,4,537,113278
2021,1328,河北科技师范学院,004,网络工程,4,535,115681
2021,1328,河北科技师范学院,005,意大利语,4,547,102180
2021,1328,河北科技师范学院,006,英语(师范),4,572,72900
2021,1328,河北科技师范学院,007,市场营销,4,551,97418
2021,1328,河北科技师范学院,008,物流管理,4,551,97689
2021,1329,华北理工大学,001,高分子材料与工程,1,581,62198
2021,1329,华北理工大学,002,复合材料与工程,2,564,82313
2021,1329,华北理工大学,003,自动化,1,564,81935
2021,1329,华北理工大学,004,预防医学,4,588,54955
2021,1329,华北理工大学,005,卫生检验与检疫,2,573,71080
2021,1329,华北理工大学,006,会计学,2,587,56271
2021,1329,华北理工大学,007,康复治疗学,3,569,75730
2021,1329,华北理工大学,008,护理学,2,574,70592
2021,1329,华北理工大学,009,化学,1,589,52996
2021,1329,华北理工大学,010,应用化学,2,560,86913
2021,1329,华北理工大学,011,化学工程与工艺,3,567,78737
2021,1329,华北理工大学,012,车辆工程,1,554,93458
2021,1329,华北理工大学,013,临床医学,2,607,35289
2021,1329,华北理工大学,014,经济统计学,2,578,65847
2021,1329,华北理工大学,015,金融学,2,589,53153
2021,1329,华北理工大学,016,国际经济与贸易,2,571,74055
2021,1329,华北理工大学,017,口腔医学,2,618,25930
2021,1329,华北理工大学,018,英语,2,577,66983
2021,1329,华北理工大学,019,匈牙利语,3,564,81734
2021,1329,华北理工大学,020,翻译,2,577,67583
2021,1329,华北理工大学,021,药学,3,572,72871
2021,1329,华北理工大学,022,药物制剂,2,567,78588
2021,1329,华北理工大学,023,中药学,2,572,73259
2021,1329,华北理工大学,024,中医学,3,594,48144
2021,1329,华北理工大学,025,针灸推拿学,3,577,67132
2021,1329,华北理工大学,026,中西医临床医学,2,592,50399
2021,1329,华北理工大学,027,电气工程及其自动化(中外合作办学),5,543,106294
2021,1329,华北理工大学,028,化学(中外合作办学),4,552,95612
2021,1329,华北理工大学,029,机械设计制造及其自动化(中外合作办学),5,541,108406
2021,1329,华北理工大学,501,建设工程管理,4,498,156679
2021,1329,华北理工大学,502,机械制造及自动化,3,500,154686
2021,1329,华北理工大学,503,电气自动化技术,3,497,157609
2021,1330,河北师范大学,001,法学类,2,600,42540
2021,1330,河北师范大学,002,软件工程,3,584,59458
2021,1330,河北师范大学,003,计算机类,2,605,36895
2021,1330,河北师范大学,004,教育技术学(师范),2,618,26116
2021,1330,河北师范大学,005,生物技术(中外合作办学),2,548,101273
2021,1330,河北师范大学,006,生物科学类,1,613,29676
2021,1330,河北师范大学,007,数学类,2,594,47710
2021,1330,河北师范大学,008,中国语言文学类,1,621,23651
2021,1330,河北师范大学,009,物理学类,2,583,60731
2021,1330,河北师范大学,010,建筑环境与能源应用工程,2,554,93941
2021,1330,河北师范大学,011,地理科学类,1,614,29375
2021,1331,河北医科大学,001,临床医学(5+3一体化),5,638,12701
2021,1331,河北医科大学,002,临床医学,9,626,20301
2021,1331,河北医科大学,003,麻醉学,3,620,24081
2021,1331,河北医科大学,004,公共卫生与预防医学类,2,600,42249
2021,1331,河北医科大学,005,药学类,3,588,54134
2021,1331,河北医科大学,006,医学检验技术,3,578,65937
2021,1331,河北医科大学,007,护理学类,5,570,75130
2021,1332,河北医科大学临床学院(独立学院),001,临床医学,6,559,87532
2021,1332,河北医科大学临床学院(独立学院),002,中西医临床医学,2,570,75240
2021,1332,河北医科大学临床学院(独立学院),003,医学检验技术,2,554,93839
2021,1332,河北医科大学临床学院(独立学院),004,护理学,5,550,98375
2021,1333,衡水学院,001,日语,2,555,91962
2021,1333,衡水学院,002,国际经济与贸易,2,553,95093
2021,1333,衡水学院,003,人力资源管理,2,555,92635
2021,1333,衡水学院,004,物联网工程,2,537,113906
2021,1334,华北电力大学(保定)(一流学科建设高校),001,外国语言文学类,4,629,18268
2021,1334,华北电力大学(保定)(一流学科建设高校),002,经济学类,3,619,24883
2021,1334,华北电力大学(保定)(一流学科建设高校),003,法学类,2,635,14518
2021,1334,华北电力大学(保定)(一流学科建设高校),004,数学类,4,625,20897
2021,1334,华北电力大学(保定)(一流学科建设高校),005,物理学类,2,628,18420
2021,1334,华北电力大学(保定)(一流学科建设高校),006,机械类,9,622,22833
2021,1334,华北电力大学(保定)(一流学科建设高校),007,能源动力类(能动),10,624,21270
2021,1334,华北电力大学(保定)(一流学科建设高校),008,电气类,17,640,11378
2021,1334,华北电力大学(保定)(一流学科建设高校),009,电子信息类,7,632,16304
2021,1334,华北电力大学(保定)(一流学科建设高校),010,自动化类,7,633,15515
2021,1334,华北电力大学(保定)(一流学科建设高校),011,计算机类,11,628,18492
2021,1334,华北电力大学(保定)(一流学科建设高校),012,土木类,2,624,21511
2021,1334,华北电力大学(保定)(一流学科建设高校),013,环境科学与工程类,11,616,27370
2021,1334,华北电力大学(保定)(一流学科建设高校),014,管理科学与工程类,7,621,23405
2021,1334,华北电力大学(保定)(一流学科建设高校),015,工商管理类,6,607,35747
2021,1334,华北电力大学(保定)(一流学科建设高校),016,公共管理类,4,629,18072
2021,1334,华北电力大学(保定)(一流学科建设高校),017,工业工程类,1,626,20098
2021,1334,华北电力大学(保定)(一流学科建设高校),018,能源动力类(储能),1,632,16077
2021,1336,华北科技学院,001,应急技术与管理,2,569,76613
2021,1336,华北科技学院,002,安全工程,3,539,111373
2021,1336,华北科技学院,003,城市地下空间工程,2,531,120592
2021,1336,华北科技学院,004,材料科学与工程,7,547,101325
2021,1336,华北科技学院,005,机械设计制造及其自动化,3,537,113171
2021,1336,华北科技学院,006,电气工程及其自动化,3,542,107698
2021,1336,华北科技学院,007,材料成型及控制工程,9,526,126323
2021,1336,华北科技学院,008,电子信息工程,8,541,108777
2021,1336,华北科技学院,009,自动化,3,541,109177
2021,1336,华北科技学院,010,通信工程,7,534,116250
2021,1336,华北科技学院,011,计算机科学与技术,2,554,93994
2021,1336,华北科技学院,012,会计学,3,559,88014
2021,1336,华北科技学院,013,土木工程,8,531,119794
2021,1336,华北科技学院,014,法学,2,573,72121
2021,1336,华北科技学院,015,汉语国际教育,8,553,95091
2021,1336,华北科技学院,016,网络与新媒体,9,557,89976
2021,1336,华北科技学院,017,英语,6,557,89862
2021,1338,华北理工大学冀唐学院(独立学院),001,临床医学,5,557,90113
2021,1338,华北理工大学冀唐学院(独立学院),002,医学影像技术,5,532,119678
2021,1338,华北理工大学冀唐学院(独立学院),003,护理学,5,547,101365
2021,1338,华北理工大学冀唐学院(独立学院),004,药学,5,546,103479
2021,1339,廊坊师范学院,001,汉语言文学(师范),2,576,68288
2021,1339,廊坊师范学院,002,历史学(师范),2,573,71942
2021,1339,廊坊师范学院,003,人文教育(师范),2,567,78902
2021,1339,廊坊师范学院,004,英语(师范),2,572,72768
2021,1339,廊坊师范学院,005,物理学(师范),2,549,99335
2021,1339,廊坊师范学院,006,信息与计算科学,2,532,118722
2021,1339,廊坊师范学院,007,电气工程及其自动化,2,531,119921
2021,1339,廊坊师范学院,008,材料化学,2,547,101918
2021,1339,廊坊师范学院,009,会计学,2,561,85794
2021,1339,廊坊师范学院,010,学前教育(师范),2,565,81304
2021,1341,河北地质大学,001,管理科学与工程类,4,543,106748
2021,1341,河北地质大学,002,公共管理类,4,560,86896
2021,1341,河北地质大学,003,法语,2,567,78359
2021,1341,河北地质大学,004,地质类,6,555,92025
2021,1341,河北地质大学,005,土木类,6,545,104390
2021,1341,河北地质大学,006,水利类,2,556,90946
2021,1341,河北地质大学,007,材料类,4,556,91622
2021,1341,河北地质大学,008,经济学类,2,569,76690
2021,1341,河北地质大学,009,地质工程,6,549,99839
2021,1341,河北地质大学,010,物流管理与工程类,2,565,80698
2021,1341,河北地质大学,011,工商管理类,2,570,74662
2021,1342,石家庄铁道大学,001,土木类,6,577,67358
2021,1342,石家庄铁道大学,002,机械类,2,575,69341
2021,1342,石家庄铁道大学,003,工商管理类,4,576,67885
2021,1342,石家庄铁道大学,004,经济与贸易类,4,565,80262
2021,1342,石家庄铁道大学,005,交通运输类,2,577,66587
2021,1342,石家庄铁道大学,006,材料类,3,559,87637
2021,1342,石家庄铁道大学,007,电子信息类,3,576,68112
2021,1342,石家庄铁道大学,008,计算机类,2,584,59411
2021,1342,石家庄铁道大学,009,工程力学,2,566,80044
2021,1342,石家庄铁道大学,010,管理科学与工程类,2,563,83310
2021,1343,石家庄铁道大学四方学院(独立学院),001,电气工程及其自动化,7,500,154392
2021,1343,石家庄铁道大学四方学院(独立学院),002,电子信息工程,6,495,
2021,1343,石家庄铁道大学四方学院(独立学院),003,土木工程,7,495,
2021,1343,石家庄铁道大学四方学院(独立学院),005,会计学,5,543,106486
2021,1344,石家庄医学高等专科学校(民办),501,临床医学,7,496,158841
2021,1344,石家庄医学高等专科学校(民办),502,口腔医学,10,502,152248
2021,1344,石家庄医学高等专科学校(民办),503,护理,7,495,
2021,1345,石家庄邮电职业技术学院,501,金融类,11,508,145836
2021,1345,石家庄邮电职业技术学院,502,金融类,12,501,154173
2021,1345,石家庄邮电职业技术学院,503,金融类,10,505,149296
2021,1345,石家庄邮电职业技术学院,504,金融类,10,495,
2021,1345,石家庄邮电职业技术学院,505,金融类,12,495,
2021,1345,石家庄邮电职业技术学院,506,金融类,12,496,159447
2021,1345,石家庄邮电职业技术学院,507,金融类,17,495,
2021,1345,石家庄邮电职业技术学院,508,金融类,13,495,
2021,1345,石家庄邮电职业技术学院,509,金融类,17,495,
2021,1345,石家庄邮电职业技术学院,510,金融类,14,505,149202
2021,1345,石家庄邮电职业技术学院,512,金融类,7,495,
2021,1346,邢台学院,001,国际经济与贸易,5,551,96821
2021,1346,邢台学院,002,化学(师范),2,561,85556
2021,1346,邢台学院,003,工商管理,4,552,96580
2021,1346,邢台学院,004,市场营销,4,547,101810
2021,1346,邢台学院,005,会计学,5,556,91487
2021,1346,邢台学院,006,物流管理,5,549,100071
2021,1347,邢台医学高等专科学校,501,临床医学,7,496,158574
2021,1347,邢台医学高等专科学校,502,口腔医学,5,510,143547
2021,1347,邢台医学高等专科学校,503,护理,7,495,
2021,1347,邢台医学高等专科学校,505,中医学,8,498,156804
2021,1349,燕山大学,001,经济与金融,4,597,45120
2021,1349,燕山大学,002,法学,4,607,35084
2021,1349,燕山大学,003,汉语言文学,2,609,33282
2021,1349,燕山大学,004,外国语言文学类(英语),2,606,36586
2021,1349,燕山大学,005,日语,2,599,43443
2021,1349,燕山大学,006,应用物理学,6,591,51806
2021,1349,燕山大学,007,机械类,20,595,47520
2021,1349,燕山大学,008,工业设计,2,598,44181
2021,1349,燕山大学,009,过程装备与控制工程,2,588,54062
2021,1349,燕山大学,010,车辆工程,6,590,51996
2021,1349,燕山大学,011,材料类,4,589,52991
2021,1349,燕山大学,012,能源动力类,2,602,40091
2021,1349,燕山大学,013,电气类,17,596,46287
2021,1349,燕山大学,014,电子信息类,4,599,43546
2021,1349,燕山大学,015,计算机科学与技术,2,615,28629
2021,1349,燕山大学,016,土木类,6,585,58002
2021,1349,燕山大学,017,建筑学,2,603,38947
2021,1349,燕山大学,018,工商管理类,6,595,47141
2021,1349,燕山大学,019,工业工程,2,585,57890
2021,1350,燕山大学里仁学院(独立学院),001,法学,3,549,100099
2021,1350,燕山大学里仁学院(独立学院),002,机械设计制造及其自动化,11,500,154860
2021,1350,燕山大学里仁学院(独立学院),003,电气工程及其自动化,11,502,152406
2021,1351,保定理工学院(民办),001,地质学,3,533,118141
2021,1351,保定理工学院(民办),002,工商管理,3,523,129224
2021,1351,保定理工学院(民办),003,会计学,5,528,123573
2021,1351,保定理工学院(民办),004,财务管理,3,526,126199
2021,1351,保定理工学院(民办),005,土地资源管理,2,529,122572
2021,1351,保定理工学院(民办),006,电子商务及法律,3,520,132943
2021,1351,保定理工学院(民办),007,金融工程,3,515,138458
2021,1351,保定理工学院(民办),008,人力资源管理,3,517,136203
2021,1351,保定理工学院(民办),009,小学教育,3,540,109767
2021,1353,河北外国语学院(民办),001,外国语言文学类,20,517,135812
2021,1353,河北外国语学院(民办),501,语言类,2,506,148701
2021,1353,河北外国语学院(民办),502,应用英语(英汉同声传译),4,504,150674
2021,1354,河北中医学院,001,中医学(5+3一体化),2,612,30579
2021,1354,河北中医学院,002,中医学,3,591,51055
2021,1354,河北中医学院,003,中西医临床医学,2,585,57426
2021,1354,河北中医学院,004,针灸推拿学,3,575,69875
2021,1354,河北中医学院,005,护理学,3,564,82493
2021,1355,河北北方学院,001,临床医学,10,560,87005
2021,1356,河北科技学院(民办),001,会计学,4,527,124976
2021,1356,河北科技学院(民办),002,财务管理,4,525,127683
2021,1356,河北科技学院(民办),003,审计学,3,521,131574
2021,1356,河北科技学院(民办),004,物流管理,4,521,131319
2021,1356,河北科技学院(民办),005,护理学,3,534,116663
2021,1356,河北科技学院(民办),006,助产学,4,531,120164
2021,1356,河北科技学院(民办),007,学前教育,4,536,114794
2021,1356,河北科技学院(民办),008,小学教育,4,546,103673
2021,1357,河北环境工程学院,001,环境科学,3,551,97158
2021,1357,河北环境工程学院,002,环境工程,4,548,100642
2021,1357,河北环境工程学院,003,物联网工程,4,532,119107
2021,1357,河北环境工程学院,004,数据科学与大数据技术,4,535,115429
2021,1357,河北环境工程学院,005,会展经济与管理,4,550,98408
2021,1357,河北环境工程学院,006,新闻学,3,556,91451
2021,1361,河北科技工程职业技术大学,503,大数据与会计,3,495,
2021,1402,山西财经大学,001,经济学,3,580,63417
2021,1402,山西财经大学,002,能源经济,4,572,72365
2021,1402,山西财经大学,003,经济统计学,2,582,61895
2021,1402,山西财经大学,004,贸易经济,2,578,66194
2021,1402,山西财经大学,005,农林经济管理,1,575,69241
2021,1402,山西财经大学,006,财政学,3,588,54844
2021,1402,山西财经大学,007,金融工程,2,589,53216
2021,1402,山西财经大学,008,工程管理,2,560,86651
2021,1402,山西财经大学,009,工程造价,3,556,91612
2021,1402,山西财经大学,010,信息管理与信息系统,2,559,87388
2021,1402,山西财经大学,011,计算机科学与技术,2,562,84089
2021,1402,山西财经大学,012,电子商务,2,559,87751
2021,1402,山西财经大学,013,工商管理,2,586,56573
2021,1402,山西财经大学,014,市场营销,2,573,71855
2021,1402,山西财经大学,015,物流管理,1,578,65904
2021,1402,山西财经大学,016,资产评估,1,582,61339
2021,1402,山西财经大学,017,劳动与社会保障,2,567,78826
2021,1402,山西财经大学,018,人力资源管理,2,574,70300
2021,1402,山西财经大学,019,新闻学,2,578,66258
2021,1402,山西财经大学,020,文化产业管理,2,579,65290
2021,1402,山西财经大学,021,金融数学,2,575,69667
2021,1402,山西财经大学,022,自然地理与资源环境,2,566,80167
2021,1402,山西财经大学,023,资源与环境经济学,2,571,74098
2021,1402,山西财经大学,024,数据科学与大数据技术,2,566,79317
2021,1402,山西财经大学,025,金融科技,1,581,62919
2021,1402,山西财经大学,026,应急管理,1,555,92190
2021,1402,山西财经大学,027,地理信息科学,1,570,75333
2021,1403,山西大同大学,001,法学,10,570,75285
2021,1403,山西大同大学,002,心理学(师范),5,564,81482
2021,1403,山西大同大学,003,汉语言文学(师范),10,575,69767
2021,1403,山西大同大学,004,计算机科学与技术,5,552,96005
2021,1403,山西大同大学,005,电子信息科学与技术,5,543,107134
2021,1403,山西大同大学,006,物理学(师范),10,545,104600
2021,1403,山西大同大学,007,生物工程,10,553,94745
2021,1403,山西大同大学,008,物流管理,5,551,96727
2021,1403,山西大同大学,009,工商管理,5,557,89840
2021,1404,山西大学,001,汉语言文学,6,600,42560
2021,1404,山西大学,002,历史学,4,606,35945
2021,1404,山西大学,003,考古学,1,622,23010
2021,1404,山西大学,004,旅游管理,4,574,70144
2021,1404,山西大学,005,哲学类,7,596,46271
2021,1404,山西大学,006,英语,2,600,42564
2021,1404,山西大学,007,法语,1,596,46645
2021,1404,山西大学,008,翻译,1,598,44576
2021,1404,山西大学,009,教育学,9,592,49953
2021,1404,山西大学,010,应用心理学,6,585,58062
2021,1404,山西大学,011,法学,8,607,35739
2021,1404,山西大学,012,数学类,5,583,60720
2021,1404,山西大学,013,计算机科学与技术,2,599,43604
2021,1404,山西大学,014,数据科学与大数据技术,3,593,48933
2021,1404,山西大学,015,物理学(国家基地),2,615,28080
2021,1404,山西大学,016,电子信息类,4,589,54058
2021,1404,山西大学,017,光电信息科学与工程,3,585,58336
2021,1404,山西大学,018,化学类,7,579,64283
2021,1404,山西大学,019,生物科学类,12,578,65988
2021,1404,山西大学,020,环境科学与工程类,8,574,70996
2021,1404,山西大学,021,资源循环科学与工程,2,578,66026
2021,1404,山西大学,022,经济学类,3,591,51096
2021,1404,山西大学,023,工商管理类,3,573,71120
2021,1404,山西大学,024,电气工程及其自动化,8,582,60827
2021,1404,山西大学,025,工程造价,2,575,69389
2021,1404,山西大学,026,机械电子工程,6,556,90772
2021,1404,山西大学,027,测控技术与仪器,6,495,
2021,1404,山西大学,028,自动化,6,584,59173
2021,1408,山西农业大学,001,农学,3,559,88019
2021,1408,山西农业大学,002,农学(卓越人才实验班),1,558,89037
2021,1408,山西农业大学,004,智慧农业,1,556,91842
2021,1408,山西农业大学,005,植物保护,3,559,87373
2021,1408,山西农业大学,006,植物保护(卓越人才实验班),1,563,82795
2021,1408,山西农业大学,007,动物科学,2,553,95025
2021,1408,山西农业大学,008,经济动物学,1,554,93175
2021,1408,山西农业大学,009,动物医学,2,564,82197
2021,1408,山西农业大学,010,动植物检疫,2,551,96845
2021,1408,山西农业大学,011,草业科学,2,548,100760
2021,1408,山西农业大学,012,生态学,1,551,97414
2021,1408,山西农业大学,013,林学类,2,553,95030
2021,1408,山西农业大学,014,园林,1,557,89830
2021,1408,山西农业大学,015,地理信息科学,1,572,73215
2021,1408,山西农业大学,016,土地整治工程,1,545,104501
2021,1408,山西农业大学,017,环境科学,1,553,95375
2021,1408,山西农业大学,018,农业资源与环境,1,560,86714
2021,1408,山西农业大学,019,土地资源管理,1,569,76659
2021,1408,山西农业大学,020,园艺,6,551,96982
2021,1408,山西农业大学,021,园艺(花卉与景观设计，卓越人才实验班),1,552,96273
2021,1408,山西农业大学,024,机械类,1,547,102112
2021,1408,山西农业大学,025,电气工程及其自动化,1,556,91140
2021,1408,山西农业大学,026,食品质量与安全(卓越人才实验班),1,568,77080
2021,1408,山西农业大学,027,食品科学与工程(卓越人才实验班),1,560,86893
2021,1408,山西农业大学,028,葡萄与葡萄酒工程,1,556,91825
2021,1408,山西农业大学,029,生物工程,1,560,86903
2021,1408,山西农业大学,030,食品科学与工程,1,561,85067
2021,1408,山西农业大学,031,食品质量与安全,1,559,88202
2021,1408,山西农业大学,032,国际经济与贸易,1,563,83542
2021,1408,山西农业大学,033,工商管理类,1,563,83523
2021,1408,山西农业大学,034,农业经济管理类,1,564,82220
2021,1408,山西农业大学,035,计算机类,1,558,88817
2021,1408,山西农业大学,036,电子信息类,1,558,89280
2021,1408,山西农业大学,037,公共事业管理,2,559,87354
2021,1408,山西农业大学,038,生物科学类,2,553,94589
2021,1408,山西农业大学,039,生物科学(卓越人才实验班),1,560,86041
2021,1408,山西农业大学,040,中药资源与开发,1,558,89014
2021,1408,山西农业大学,041,风景园林,1,567,78687
2021,1408,山西农业大学,042,应用化学,1,557,89838
2021,1410,山西中医药大学,001,中医学,4,593,48935
2021,1410,山西中医药大学,002,针灸推拿学,2,572,72246
2021,1410,山西中医药大学,003,康复治疗学,1,573,71496
2021,1410,山西中医药大学,004,中西医临床医学,4,593,49327
2021,1410,山西中医药大学,005,护理学,2,566,79524
2021,1410,山西中医药大学,006,中药学,1,582,61749
2021,1410,山西中医药大学,007,中药学(临床中药学),1,583,60658
2021,1410,山西中医药大学,008,药学,1,579,64281
2021,1410,山西中医药大学,009,制药工程,1,566,79232
2021,1410,山西中医药大学,010,食品科学与工程,1,562,83842
2021,1410,山西中医药大学,011,市场营销,1,560,86533
2021,1410,山西中医药大学,012,信息管理与信息系统,1,542,107614
2021,1413,太原工业学院,001,机械类,14,528,123598
2021,1413,太原工业学院,002,电子信息类,11,532,119021
2021,1413,太原工业学院,003,自动化类,10,530,121340
2021,1413,太原工业学院,004,化工与制药类,10,549,99459
2021,1413,太原工业学院,005,计算机类,8,536,114883
2021,1413,太原工业学院,006,建筑环境与能源应用工程,2,526,126336
2021,1413,太原工业学院,007,材料类,8,546,102763
2021,1413,太原工业学院,008,经济学类,5,553,95291
2021,1413,太原工业学院,009,工商管理类,7,552,95995
2021,1414,太原科技大学,001,机械设计制造及其自动化,12,544,105176
2021,1414,太原科技大学,002,工业设计,2,558,89277
2021,1414,太原科技大学,003,材料成型及控制工程,2,540,109812
2021,1414,太原科技大学,004,材料科学与工程,2,542,107696
2021,1414,太原科技大学,005,自动化,4,553,94693
2021,1414,太原科技大学,006,工程力学,4,542,107642
2021,1414,太原科技大学,007,光电信息科学与工程,4,549,99653
2021,1414,太原科技大学,008,计算机科学与技术,2,572,72445
2021,1414,太原科技大学,009,软件工程,2,569,76133
2021,1414,太原科技大学,010,物联网工程,2,564,82255
2021,1414,太原科技大学,011,经济学,4,563,83021
2021,1414,太原科技大学,012,英语,4,561,85850
2021,1414,太原科技大学,013,社会工作,4,560,86210
2021,1415,太原理工大学(一流学科建设高校),001,机械设计制造及其自动化,5,615,28016
2021,1415,太原理工大学(一流学科建设高校),002,车辆工程,8,611,31789
2021,1415,太原理工大学(一流学科建设高校),003,材料成型及控制工程,8,601,40751
2021,1415,太原理工大学(一流学科建设高校),004,材料科学与工程,8,600,41783
2021,1415,太原理工大学(一流学科建设高校),005,金属材料工程,4,603,38814
2021,1415,太原理工大学(一流学科建设高校),006,能源与动力工程,4,611,31907
2021,1415,太原理工大学(一流学科建设高校),007,自动化,5,621,23970
2021,1415,太原理工大学(一流学科建设高校),008,通信工程,3,622,22547
2021,1415,太原理工大学(一流学科建设高校),009,电子信息工程,4,619,25182
2021,1415,太原理工大学(一流学科建设高校),010,电子科学与技术,2,619,24820
2021,1415,太原理工大学(一流学科建设高校),011,城乡规划,4,606,36260
2021,1415,太原理工大学(一流学科建设高校),012,化学工程与工艺,9,605,36992
2021,1415,太原理工大学(一流学科建设高校),013,建筑环境与能源应用工程,3,613,29923
2021,1415,太原理工大学(一流学科建设高校),014,城市地下空间工程,5,609,33639
2021,1415,太原理工大学(一流学科建设高校),015,信息与计算科学,2,622,22625
2021,1415,太原理工大学(一流学科建设高校),016,光电信息科学与工程,5,616,27281
2021,1415,太原理工大学(一流学科建设高校),017,工程力学,3,612,30594
2021,1415,太原理工大学(一流学科建设高校),018,行政管理,4,622,23218
2021,1415,太原理工大学(一流学科建设高校),019,英语,4,627,19372
2021,1415,太原理工大学(一流学科建设高校),020,工程管理,2,615,28690
2021,1415,太原理工大学(一流学科建设高校),021,会计学,2,631,16729
2021,1415,太原理工大学(一流学科建设高校),022,国际经济与贸易,2,626,19854
2021,1415,太原理工大学(一流学科建设高校),023,计算机科学与技术,4,627,19376
2021,1415,太原理工大学(一流学科建设高校),025,机械电子工程,4,616,27981
2021,1415,太原理工大学(一流学科建设高校),026,电气工程及其自动化,7,622,23209
2021,1415,太原理工大学(一流学科建设高校),027,土木工程,6,611,31651
2021,1415,太原理工大学(一流学科建设高校),028,数据科学与大数据技术,2,624,21165
2021,1415,太原理工大学(一流学科建设高校),029,过程装备与控制工程,2,610,32262
2021,1415,太原理工大学(一流学科建设高校),030,机器人工程,2,620,24255
2021,1415,太原理工大学(一流学科建设高校),031,飞行器设计与工程,2,616,27193
2021,1415,太原理工大学(一流学科建设高校),032,机械设计制造及其自动化(中外合作办学),10,598,43665
2021,1415,太原理工大学(一流学科建设高校),033,水利水电工程,6,605,36955
2021,1415,太原理工大学(一流学科建设高校),034,给排水科学与工程,3,612,30839
2021,1415,太原理工大学(一流学科建设高校),035,工程力学(试验班),2,617,26727
2021,1415,太原理工大学(一流学科建设高校),036,测控技术与仪器,3,612,30651
2021,1415,太原理工大学(一流学科建设高校),037,智能感知工程,3,616,27497
2021,1415,太原理工大学(一流学科建设高校),038,电子科学与技术(集成电路),2,619,25266
2021,1416,太原师范学院,003,化学(师范),4,569,76048
2021,1416,太原师范学院,004,应用化学,2,545,104209
2021,1416,太原师范学院,005,生物科学(师范),4,569,76516
2021,1416,太原师范学院,006,数学与应用数学(师范),4,557,90084
2021,1416,太原师范学院,007,英语(师范),3,576,68082
2021,1416,太原师范学院,008,思想政治教育(师范),4,575,69394
2021,1416,太原师范学院,009,小学教育(师范),2,579,64437
2021,1416,太原师范学院,010,数据科学与大数据技术,2,548,100623
2021,1416,太原师范学院,011,地理科学(师范),3,572,72980
2021,1416,太原师范学院,012,汉语言文学(师范),4,578,66441
2021,1417,运城学院,001,商务英语,10,547,102265
2021,1417,运城学院,002,机械设计制造及其自动化,10,522,130201
2021,1417,运城学院,003,机械电子工程,10,523,129868
2021,1417,运城学院,004,材料化学,10,546,103002
2021,1417,运城学院,005,网络工程,9,524,128754
2021,1417,运城学院,006,物流管理,10,546,103471
2021,1417,运城学院,007,旅游管理,10,542,108385
2021,1417,运城学院,009,法学,10,554,94071
2021,1417,运城学院,010,学前教育(师范),5,558,89203
2021,1417,运城学院,011,电子科学与技术(印制电路技术与工艺),5,524,128245
2021,1418,中北大学,001,经济统计学,2,556,91329
2021,1418,中北大学,002,国际经济与贸易,1,577,67417
2021,1418,中北大学,003,制药工程,2,558,89330
2021,1418,中北大学,004,光电信息科学与工程,3,570,74894
2021,1418,中北大学,005,自动化类,3,575,68843
2021,1418,中北大学,006,能源动力类,4,567,78001
2021,1418,中北大学,007,包装工程,2,538,112282
2021,1418,中北大学,009,电气类,3,576,68004
2021,1418,中北大学,010,兵器类,4,584,59563
2021,1418,中北大学,011,机械类,4,569,75700
2021,1418,中北大学,012,材料类,6,554,93264
2021,1418,中北大学,013,材料成型及控制工程,3,562,83908
2021,1418,中北大学,014,化工与制药类,2,562,84592
2021,1418,中北大学,015,电子信息类,3,578,66308
2021,1418,中北大学,016,生物医学工程,2,564,81929
2021,1418,中北大学,017,仪器类,3,575,69655
2021,1418,中北大学,018,计算机类,2,589,53351
2021,1418,中北大学,019,土木类,4,559,88081
2021,1418,中北大学,020,应用化学,5,548,100167
2021,1418,中北大学,021,工商管理类,2,495,
2021,1418,中北大学,022,英语,4,584,58787
2021,1418,中北大学,025,特种能源技术与工程,2,571,74121
2021,1418,中北大学,026,环境工程,2,561,85584
2021,1418,中北大学,027,安全工程,2,573,71841
2021,1419,山西晋中理工学院(民办),001,国际经济与贸易,4,527,125029
2021,1420,山西传媒学院,006,戏剧影视文学,3,557,90538
2021,1420,山西传媒学院,007,影视摄影与制作,3,566,79975
2021,1420,山西传媒学院,010,广播电视学,3,560,86102
2021,1420,山西传媒学院,011,网络与新媒体,3,561,85990
2021,1420,山西传媒学院,012,文化产业管理,3,555,92752
2021,1420,山西传媒学院,013,新闻学,3,560,86902
2021,1420,山西传媒学院,014,数字媒体技术,3,534,116859
2021,1421,山西师范大学,001,法学,2,585,58250
2021,1421,山西师范大学,002,社会学,2,574,71024
2021,1421,山西师范大学,003,思想政治教育(师范),2,602,40252
2021,1421,山西师范大学,004,日语(师范),2,581,62443
2021,1421,山西师范大学,005,编辑出版学,2,574,70220
2021,1421,山西师范大学,006,物理学(师范),2,575,68770
2021,1421,山西师范大学,007,生物科学类,2,593,49774
2021,1421,山西师范大学,008,食品科学与工程,3,558,88791
2021,1421,山西师范大学,009,食品质量与安全,3,558,89312
2021,1422,山西医科大学,001,临床医学,2,619,25037
2021,1422,山西医科大学,002,儿科学,2,604,38101
2021,1422,山西医科大学,003,口腔医学,2,612,30957
2021,1422,山西医科大学,004,法医学,2,600,41797
2021,1422,山西医科大学,005,智能医学工程,2,578,65366
2021,1423,山西工学院,001,电气工程及其自动化,2,529,122289
2021,1423,山西工学院,002,自动化,1,531,119914
2021,1423,山西工学院,003,机械设计制造及其自动化,1,531,120088
2021,1423,山西工学院,004,计算机科学与技术,2,536,115080
2021,1423,山西工学院,005,电子信息工程,1,532,119480
2021,1423,山西工学院,006,国际经济与贸易,2,552,95736
2021,1423,山西工学院,007,物流管理,1,554,93189
2021,1425,吕梁学院,001,汉语言文学(师范),2,562,84298
2021,1425,吕梁学院,002,数据科学与大数据技术,3,526,125946
2021,1501,呼伦贝尔学院,001,俄语,2,547,102492
2021,1502,内蒙古大学(一流学科建设高校),001,政治学与行政学,1,614,29090
2021,1502,内蒙古大学(一流学科建设高校),002,社会学,1,612,30853
2021,1502,内蒙古大学(一流学科建设高校),003,汉语言文学,1,626,20124
2021,1502,内蒙古大学(一流学科建设高校),004,英语,1,617,26782
2021,1502,内蒙古大学(一流学科建设高校),005,俄语,1,610,32816
2021,1502,内蒙古大学(一流学科建设高校),006,物理学类,2,599,42661
2021,1502,内蒙古大学(一流学科建设高校),007,应用化学,2,594,48271
2021,1502,内蒙古大学(一流学科建设高校),008,生物技术,1,603,39349
2021,1502,内蒙古大学(一流学科建设高校),009,机械工程,2,598,43988
2021,1502,内蒙古大学(一流学科建设高校),010,电子信息类,2,598,44631
2021,1502,内蒙古大学(一流学科建设高校),011,电子科学与技术,1,600,42244
2021,1502,内蒙古大学(一流学科建设高校),012,软件工程,1,606,36040
2021,1502,内蒙古大学(一流学科建设高校),013,化学工程与工艺,1,596,45701
2021,1502,内蒙古大学(一流学科建设高校),014,环境工程,1,608,34378
2021,1502,内蒙古大学(一流学科建设高校),015,工程管理,2,593,48878
2021,1503,内蒙古工业大学,001,财务管理,3,558,89478
2021,1503,内蒙古工业大学,002,英语,2,560,87097
2021,1503,内蒙古工业大学,003,服装设计与工程,5,542,107395
2021,1505,内蒙古科技大学,001,社会工作,1,556,91264
2021,1505,内蒙古科技大学,002,汉语言文学,1,569,76348
2021,1505,内蒙古科技大学,003,广告学,1,555,92885
2021,1505,内蒙古科技大学,004,金融学,1,562,84177
2021,1505,内蒙古科技大学,005,国际经济与贸易,1,560,87109
2021,1505,内蒙古科技大学,006,法学,1,566,79732
2021,1505,内蒙古科技大学,007,材料成型及控制工程,1,529,122094
2021,1505,内蒙古科技大学,008,冶金工程,2,532,118648
2021,1505,内蒙古科技大学,009,能源与动力工程,2,552,95625
2021,1505,内蒙古科技大学,010,软件工程,1,568,76829
2021,1505,内蒙古科技大学,011,建筑环境与能源应用工程,2,533,118334
2021,1505,内蒙古科技大学,012,给排水科学与工程,3,526,126358
2021,1505,内蒙古科技大学,013,智能建造,1,529,122280
2021,1505,内蒙古科技大学,014,环境工程,1,556,91074
2021,1505,内蒙古科技大学,015,信息管理与信息系统,1,536,114157
2021,1505,内蒙古科技大学,016,市场营销,1,550,98775
2021,1505,内蒙古科技大学,017,人力资源管理,1,555,92387
2021,1505,内蒙古科技大学,018,机械类,9,526,125622
2021,1505,内蒙古科技大学,019,材料类,5,519,133715
2021,1505,内蒙古科技大学,020,电气类,8,531,120480
2021,1505,内蒙古科技大学,021,土木类,7,531,120215
2021,1505,内蒙古科技大学,022,化工与制药类,7,542,108039
2021,1505,内蒙古科技大学,023,建筑类,2,560,86301
2021,1505,内蒙古科技大学,024,生物工程类,4,549,99486
2021,1505,内蒙古科技大学,025,管理科学与工程类,1,528,124062
2021,1506,内蒙古科技大学包头师范学院,001,汉语言文学(师范),2,560,86249
2021,1506,内蒙古科技大学包头师范学院,002,应用心理学(师范),1,558,89188
2021,1506,内蒙古科技大学包头师范学院,003,公共事业管理,1,552,96108
2021,1506,内蒙古科技大学包头师范学院,004,数学与应用数学(师范),2,530,120975
2021,1506,内蒙古科技大学包头师范学院,005,地理信息科学,1,555,92778
2021,1506,内蒙古科技大学包头师范学院,006,生物科学(师范),1,558,88650
2021,1507,内蒙古民族大学,001,思想政治教育(师范),2,563,83424
2021,1507,内蒙古民族大学,002,新闻学,2,545,104207
2021,1507,内蒙古民族大学,003,生物科学,2,542,108360
2021,1507,内蒙古民族大学,004,材料成型及控制工程,4,522,131209
2021,1507,内蒙古民族大学,005,园林,3,545,104105
2021,1507,内蒙古民族大学,006,网络工程,2,524,128165
2021,1507,内蒙古民族大学,007,市场营销,3,544,104985
2021,1507,内蒙古民族大学,008,财务管理,2,551,97595
2021,1508,内蒙古农业大学,001,水产养殖学,3,544,105024
2021,1508,内蒙古农业大学,002,动物医学,4,555,92009
2021,1508,内蒙古农业大学,003,园艺,3,548,100997
2021,1508,内蒙古农业大学,004,风景园林,1,560,87194
2021,1510,内蒙古财经大学,001,投资学,3,530,121709
2021,1510,内蒙古财经大学,002,财政学,2,554,93649
2021,1510,内蒙古财经大学,003,工商管理,3,552,96554
2021,1511,内蒙古医科大学,001,药学,5,535,115243
2021,2101,鞍山师范学院,001,英语(师范),1,564,82038
2021,2101,鞍山师范学院,002,商务英语,1,557,90625
2021,2101,鞍山师范学院,003,计算机科学与技术,2,536,114370
2021,2103,渤海大学,001,市场营销,4,561,85801
2021,2103,渤海大学,002,物流管理,4,558,89155
2021,2103,渤海大学,003,食品科学与工程,4,551,97491
2021,2103,渤海大学,004,新闻学,2,573,72111
2021,2103,渤海大学,005,软件工程,4,549,99420
2021,2103,渤海大学,006,新能源材料与器件,2,556,90968
2021,2104,大连大学,001,金融学,2,593,49001
2021,2104,大连大学,002,法学,3,595,46671
2021,2104,大连大学,003,小学教育(师范),2,592,50062
2021,2104,大连大学,004,翻译,3,585,57869
2021,2104,大连大学,005,机械设计制造及其自动化,2,569,75857
2021,2104,大连大学,006,材料成型及控制工程,2,558,88472
2021,2104,大连大学,007,工业设计,3,562,83728
2021,2104,大连大学,008,车辆工程,3,555,92233
2021,2104,大连大学,009,电子信息工程,3,570,75447
2021,2104,大连大学,010,土木工程,3,564,82495
2021,2104,大连大学,011,制药工程,3,571,73394
2021,2104,大连大学,012,中药学,4,574,70608
2021,2104,大连大学,013,医学检验技术,3,577,67320
2021,2104,大连大学,014,护理学,3,567,78229
2021,2104,大连大学,015,工程管理,3,557,89704
2021,2104,大连大学,016,旅游管理,3,564,82026
2021,2104,大连大学,017,工商管理类,3,576,67712
2021,2104,大连大学,018,数据科学与大数据技术,2,569,75605
2021,2106,大连东软信息学院(民办),001,计算机科学与技术,2,506,148007
2021,2106,大连东软信息学院(民办),002,物联网工程,2,518,135663
2021,2106,大连东软信息学院(民办),003,信息管理与信息系统,2,495,
2021,2106,大连东软信息学院(民办),004,通信工程,2,495,
2021,2106,大连东软信息学院(民办),005,财务管理,14,515,138216
2021,2106,大连东软信息学院(民办),006,人力资源管理,10,516,137076
2021,2106,大连东软信息学院(民办),007,电子商务,10,515,138611
2021,2107,大连工业大学,001,包装工程,1,557,90448
2021,2107,大连工业大学,002,轻化工程,3,552,96170
2021,2107,大连工业大学,003,纺织工程,2,554,93165
2021,2107,大连工业大学,004,通信工程,1,567,78283
2021,2107,大连工业大学,005,光源与照明,2,542,107707
2021,2107,大连工业大学,006,生物工程,3,561,85244
2021,2107,大连工业大学,007,食品科学与工程,5,559,88236
2021,2107,大连工业大学,008,海洋资源开发技术,2,543,106790
2021,2107,大连工业大学,009,食品质量与安全,1,558,88343
2021,2107,大连工业大学,010,机械电子工程(中外合作办学),5,533,117836
2021,2108,大连海事大学(一流学科建设高校),001,自动化类,4,624,21127
2021,2108,大连海事大学(一流学科建设高校),002,电子信息类,7,626,19826
2021,2108,大连海事大学(一流学科建设高校),003,计算机类,7,627,19026
2021,2108,大连海事大学(一流学科建设高校),004,交通运输类,10,620,24701
2021,2108,大连海事大学(一流学科建设高校),005,机械类,7,618,26256
2021,2108,大连海事大学(一流学科建设高校),006,环境科学与工程类,3,621,24061
2021,2108,大连海事大学(一流学科建设高校),007,海事管理,3,634,14914
2021,2108,大连海事大学(一流学科建设高校),008,物流管理,3,628,18731
2021,2108,大连海事大学(一流学科建设高校),009,法学,4,642,10709
2021,2108,大连海事大学(一流学科建设高校),010,英语,3,632,16257
2021,2108,大连海事大学(一流学科建设高校),011,应用物理学,2,617,26453
2021,2108,大连海事大学(一流学科建设高校),014,电子信息工程(中外合作办学),8,611,31504
2021,2108,大连海事大学(一流学科建设高校),015,机械设计制造及其自动化(中外合作办学),8,598,43711
2021,2108,大连海事大学(一流学科建设高校),016,土木工程(中外合作办学),8,592,50786
2021,2109,大连交通大学,001,物流管理,2,602,40196
2021,2109,大连交通大学,002,机械工程,2,567,78517
2021,2109,大连交通大学,003,工业工程,2,563,82712
2021,2109,大连交通大学,004,材料成型及控制工程,3,550,97848
2021,2109,大连交通大学,005,材料科学与工程,2,550,98170
2021,2109,大连交通大学,006,电子科学与技术,2,567,78361
2021,2109,大连交通大学,007,车辆工程,4,562,83747
2021,2109,大连交通大学,008,测控技术与仪器,2,561,85245
2021,2109,大连交通大学,009,交通设备与控制工程,3,564,82223
2021,2109,大连交通大学,010,交通运输,2,572,72943
2021,2109,大连交通大学,011,交通工程,2,563,82885
2021,2109,大连交通大学,012,安全工程,2,552,96062
2021,2109,大连交通大学,013,电气工程及其自动化,3,570,75125
2021,2109,大连交通大学,014,自动化,2,570,75039
2021,2109,大连交通大学,015,轨道交通信号与控制,2,577,66677
2021,2109,大连交通大学,016,通信工程,2,570,74822
2021,2109,大连交通大学,017,电子信息工程,3,594,48156
2021,2109,大连交通大学,018,土木工程,2,561,85073
2021,2109,大连交通大学,019,数据科学与大数据技术,2,571,74150
2021,2109,大连交通大学,020,人工智能,2,570,74812
2021,2110,大连科技学院(民办),001,交通运输,10,515,137988
2021,2110,大连科技学院(民办),002,交通工程,10,515,138776
2021,2110,大连科技学院(民办),003,电子商务,20,514,139907
2021,2110,大连科技学院(民办),004,会计学,15,518,134992
2021,2110,大连科技学院(民办),005,物流管理,20,513,140966
2021,2110,大连科技学院(民办),006,工商管理,15,514,139821
2021,2110,大连科技学院(民办),007,市场营销,10,514,140178
2021,2110,大连科技学院(民办),008,劳动与社会保障,10,514,139213
2021,2110,大连科技学院(民办),009,社会工作,10,514,139456
2021,2110,大连科技学院(民办),010,英语,25,514,140130
2021,2110,大连科技学院(民办),011,日语,25,513,140755
2021,2111,大连理工大学(一流大学建设高校),001,英语,3,643,10220
2021,2111,大连理工大学(一流大学建设高校),002,日语,3,642,10813
2021,2111,大连理工大学(一流大学建设高校),003,电子信息类(电信、自动化与计算机工科实验班),9,645,8998
2021,2111,大连理工大学(一流大学建设高校),004,电子信息类(创新班),2,647,8165
2021,2111,大连理工大学(一流大学建设高校),005,化工与制药类(化工、制药与新材料工科实验班),4,643,10228
2021,2111,大连理工大学(一流大学建设高校),006,应用化学(理学、国家拔尖学生培养基地张大煜化学班),2,643,9926
2021,2111,大连理工大学(一流大学建设高校),007,过程装备与控制工程,2,640,11441
2021,2111,大连理工大学(一流大学建设高校),008,生物工程,2,641,10877
2021,2111,大连理工大学(一流大学建设高校),009,环境科学与工程类,2,641,10850
2021,2111,大连理工大学(一流大学建设高校),010,化工与制药类(创新班),2,643,10100
2021,2111,大连理工大学(一流大学建设高校),011,土木类,8,639,12273
2021,2111,大连理工大学(一流大学建设高校),012,工程力学,2,643,10261
2021,2111,大连理工大学(一流大学建设高校),013,车辆工程(英语强化),2,640,11341
2021,2111,大连理工大学(一流大学建设高校),014,工程力学(钱令希力学创新班),2,647,8531
2021,2111,大连理工大学(一流大学建设高校),015,材料类,4,640,11747
2021,2111,大连理工大学(一流大学建设高校),016,光电信息科学与工程,2,644,9522
2021,2111,大连理工大学(一流大学建设高校),017,机械设计制造及其自动化(日语强化),2,641,10910
2021,2111,大连理工大学(一流大学建设高校),018,机械设计制造及其自动化(创新班),2,645,9020
2021,2111,大连理工大学(一流大学建设高校),019,建筑类,6,644,9581
2021,2111,大连理工大学(一流大学建设高校),020,能源与动力工程,2,644,9631
2021,2111,大连理工大学(一流大学建设高校),021,软件工程,12,643,10035
2021,2111,大连理工大学(一流大学建设高校),022,数学类,2,645,9095
2021,2111,大连理工大学(一流大学建设高校),023,电子科学与技术,2,645,9248
2021,2111,大连理工大学(一流大学建设高校),024,应用物理学(王大珩物理基础科学班),2,643,9961
2021,2111,大连理工大学(一流大学建设高校),025,计算机类(中外合作办学),16,632,15906
2021,2111,大连理工大学(一流大学建设高校),026,机械设计制造及其自动化(中外合作办学),5,633,15644
2021,2111,大连理工大学(一流大学建设高校),027,新闻传播学类(人文社科实验班),12,643,10075
2021,2111,大连理工大学(一流大学建设高校),028,机械类,2,644,9706
2021,2111,大连理工大学(一流大学建设高校),029,工商管理类(经济管理实验班),6,643,10076
2021,2112,大连理工大学城市学院(独立学院),001,计算机科学与技术,2,504,150370
2021,2112,大连理工大学城市学院(独立学院),002,软件工程,2,503,151361
2021,2112,大连理工大学城市学院(独立学院),004,数字媒体技术,1,521,131899
2021,2112,大连理工大学城市学院(独立学院),005,数据科学与大数据技术,1,498,157341
2021,2112,大连理工大学城市学院(独立学院),006,电气工程及其自动化,1,498,157384
2021,2112,大连理工大学城市学院(独立学院),007,电子信息工程,2,495,
2021,2112,大连理工大学城市学院(独立学院),008,通信工程,2,495,
2021,2112,大连理工大学城市学院(独立学院),009,自动化,3,497,157822
2021,2112,大连理工大学城市学院(独立学院),010,物联网工程,1,517,136636
2021,2112,大连理工大学城市学院(独立学院),013,工商管理,2,522,130256
2021,2112,大连理工大学城市学院(独立学院),014,市场营销,2,517,136614
2021,2112,大连理工大学城市学院(独立学院),015,公共事业管理,1,536,114010
2021,2112,大连理工大学城市学院(独立学院),016,物流管理,1,526,125943
2021,2112,大连理工大学城市学院(独立学院),017,土木工程,1,501,153876
2021,2112,大连理工大学城市学院(独立学院),020,建筑学,1,536,114923
2021,2112,大连理工大学城市学院(独立学院),021,风景园林,1,497,157915
2021,2112,大连理工大学城市学院(独立学院),022,工程管理,1,495,159883
2021,2112,大连理工大学城市学院(独立学院),023,工程造价,1,510,144485
2021,2112,大连理工大学城市学院(独立学院),024,英语,2,528,124312
2021,2112,大连理工大学城市学院(独立学院),025,日语,2,530,121949
2021,2112,大连理工大学城市学院(独立学院),026,广播电视学,2,540,110214
2021,2112,大连理工大学城市学院(独立学院),027,网络与新媒体,2,538,112345
2021,2113,大连民族大学,001,市场营销,2,562,84573
2021,2113,大连民族大学,002,计算机科学与技术,3,556,91042
2021,2115,大连海洋大学,001,经济与金融,2,567,78958
2021,2115,大连海洋大学,002,水产养殖学,2,556,90831
2021,2115,大连海洋大学,003,船舶与海洋工程,2,550,97896
2021,2115,大连海洋大学,004,港口航道与海岸工程,2,562,84225
2021,2115,大连海洋大学,005,机械设计制造及其自动化,2,553,94479
2021,2115,大连海洋大学,006,自动化,2,558,88851
2021,2115,大连海洋大学,007,计算机科学与技术,2,564,82306
2021,2115,大连海洋大学,008,海洋资源与环境,2,560,86319
2021,2115,大连海洋大学,009,水族科学与技术,2,556,91314
2021,2115,大连海洋大学,010,水生动物医学,4,559,87778
2021,2115,大连海洋大学,011,海洋科学类,4,557,90423
2021,2115,大连海洋大学,012,生物科学,4,560,87116
2021,2116,大连外国语大学,001,日语,5,612,31084
2021,2116,大连外国语大学,002,英语,4,610,33108
2021,2116,大连外国语大学,003,俄语,4,590,52738
2021,2116,大连外国语大学,004,意大利语,2,601,40840
2021,2116,大连外国语大学,005,法语,5,597,45025
2021,2116,大连外国语大学,006,德语,4,596,45771
2021,2116,大连外国语大学,007,西班牙语,2,605,37213
2021,2116,大连外国语大学,008,葡萄牙语,1,605,36849
2021,2116,大连外国语大学,009,朝鲜语,3,594,48344
2021,2116,大连外国语大学,010,西班牙语(中外合作办学),2,589,53400
2021,2116,大连外国语大学,011,国际事务与国际关系,1,618,25828
2021,2116,大连外国语大学,012,国际经济与贸易,1,591,51669
2021,2116,大连外国语大学,013,财务管理,1,591,51602
2021,2116,大连外国语大学,014,市场营销,1,596,46512
2021,2116,大连外国语大学,015,金融学,1,592,50769
2021,2116,大连外国语大学,016,汉语国际教育,2,599,42936
2021,2116,大连外国语大学,017,汉语言文学,1,607,35428
2021,2117,大连医科大学,001,临床医学(5+3一体化),2,644,9788
2021,2117,大连医科大学,002,临床医学,4,633,15231
2021,2117,大连医科大学,003,口腔医学,2,638,12621
2021,2117,大连医科大学,004,麻醉学,2,626,19752
2021,2117,大连医科大学,005,医学影像学,2,621,23352
2021,2117,大连医科大学,006,中西医临床医学,2,627,19261
2021,2117,大连医科大学,007,眼视光医学,2,633,15463
2021,2117,大连医科大学,008,预防医学,2,614,29463
2021,2117,大连医科大学,009,临床药学,2,619,24846
2021,2118,大连医科大学中山学院(独立学院),001,护理学,16,537,113090
2021,2118,大连医科大学中山学院(独立学院),002,针灸推拿学,3,553,95384
2021,2118,大连医科大学中山学院(独立学院),003,康复治疗学,5,537,113194
2021,2118,大连医科大学中山学院(独立学院),004,医学影像技术,7,547,101576
2021,2118,大连医科大学中山学院(独立学院),005,医学实验技术,3,541,108628
2021,2118,大连医科大学中山学院(独立学院),006,计算机科学与技术,3,495,159592
2021,2118,大连医科大学中山学院(独立学院),007,医学信息工程,2,521,131377
2021,2118,大连医科大学中山学院(独立学院),008,公共事业管理,2,531,120739
2021,2118,大连医科大学中山学院(独立学院),012,临床医学,10,557,89947
2021,2118,大连医科大学中山学院(独立学院),013,口腔医学,8,576,68294
2021,2122,东北财经大学,001,财政学类,2,632,16201
2021,2122,东北财经大学,002,金融学类,3,635,14053
2021,2122,东北财经大学,003,国际经济与贸易,2,630,17120
2021,2122,东北财经大学,004,经济统计学,3,630,17381
2021,2122,东北财经大学,005,管理科学与工程类,3,611,31740
2021,2122,东北财经大学,006,工商管理类,2,633,15488
2021,2122,东北财经大学,007,工商管理类,2,634,15109
2021,2122,东北财经大学,008,会计学(注册会计师和创新人才培养实验班),2,641,10854
2021,2122,东北财经大学,009,会计学(国际会计),2,638,12732
2021,2122,东北财经大学,010,金融科技,5,627,19176
2021,2122,东北财经大学,011,财务管理(中外合作办学),5,592,50483
2021,2122,东北财经大学,012,金融学(中外合作办学),5,608,34205
2021,2122,东北财经大学,013,会计学(中外合作办学),5,620,24671
2021,2123,大连财经学院(民办),001,会计学,8,532,119631
2021,2123,大连财经学院(民办),002,财务管理,8,523,129807
2021,2123,大连财经学院(民办),003,财政学,4,522,130957
2021,2123,大连财经学院(民办),004,金融学,5,524,127827
2021,2123,大连财经学院(民办),005,国际经济与贸易,5,521,131759
2021,2123,大连财经学院(民办),006,信息管理与信息系统,1,509,145082
2021,2123,大连财经学院(民办),008,人力资源管理,7,517,136759
2021,2123,大连财经学院(民办),009,物流管理,4,519,133986
2021,2123,大连财经学院(民办),010,商务英语,7,515,138669
2021,2124,东北大学(一流大学建设高校),001,外国语言文学类,8,640,11749
2021,2124,东北大学(一流大学建设高校),002,经济管理试验班,8,641,11282
2021,2124,东北大学(一流大学建设高校),003,化学类,2,636,13511
2021,2124,东北大学(一流大学建设高校),004,工科试验班,7,634,14547
2021,2124,东北大学(一流大学建设高校),005,材料类,5,633,15177
2021,2124,东北大学(一流大学建设高校),006,机械类,7,634,14678
2021,2124,东北大学(一流大学建设高校),007,自动化类,7,639,11981
2021,2124,东北大学(一流大学建设高校),008,计算机类,5,643,10291
2021,2124,东北大学(一流大学建设高校),009,电子信息类,5,638,12508
2021,2124,东北大学(一流大学建设高校),010,人工智能,3,642,10652
2021,2124,东北大学(一流大学建设高校),011,计算机类,8,642,10798
2021,2124,东北大学(一流大学建设高校),012,智能医学工程,2,639,12316
2021,2124,东北大学(一流大学建设高校),013,建筑类,8,636,13610
2021,2124,东北大学(一流大学建设高校),014,机器人工程,2,640,11350
2021,2124,东北大学(一流大学建设高校),015,数学类,3,637,13012
2021,2124,东北大学(一流大学建设高校),016,应用物理学,3,634,14948
2021,2124,东北大学(一流大学建设高校),017,智能制造工程,2,638,12797
2021,2126,辽宁财贸学院(民办),001,经济学,20,513,140788
2021,2126,辽宁财贸学院(民办),002,数字经济,15,512,142126
2021,2126,辽宁财贸学院(民办),003,金融工程,15,513,141004
2021,2126,辽宁财贸学院(民办),004,互联网金融,20,512,141600
2021,2126,辽宁财贸学院(民办),005,国际经济与贸易,20,512,141751
2021,2126,辽宁财贸学院(民办),006,会计学,50,512,141793
2021,2126,辽宁财贸学院(民办),007,财务管理,20,512,141771
2021,2126,辽宁财贸学院(民办),008,人力资源管理,15,512,141969
2021,2126,辽宁财贸学院(民办),009,审计学,20,513,141081
2021,2126,辽宁财贸学院(民办),010,行政管理,15,512,141515
2021,2126,辽宁财贸学院(民办),011,电子商务,20,512,141560
2021,2127,辽宁大学(一流学科建设高校),001,经济学类,2,634,14894
2021,2127,辽宁大学(一流学科建设高校),002,金融学类,2,638,12765
2021,2127,辽宁大学(一流学科建设高校),003,国际经济与贸易,3,630,17473
2021,2127,辽宁大学(一流学科建设高校),004,工程管理,3,611,31669
2021,2127,辽宁大学(一流学科建设高校),005,工商管理类,2,631,16773
2021,2127,辽宁大学(一流学科建设高校),006,法学,2,642,10495
2021,2127,辽宁大学(一流学科建设高校),007,数学与应用数学,7,620,24199
2021,2127,辽宁大学(一流学科建设高校),008,测控技术与仪器,3,611,31374
2021,2127,辽宁大学(一流学科建设高校),009,计算机类,5,621,23534
2021,2127,辽宁大学(一流学科建设高校),010,工商管理(中外合作办学),5,603,38694
2021,2127,辽宁大学(一流学科建设高校),011,会计学(中外合作办学),6,618,26230
2021,2128,辽宁对外经贸学院(民办),001,国际经济与贸易,4,515,138961
2021,2128,辽宁对外经贸学院(民办),002,金融学,4,515,138166
2021,2128,辽宁对外经贸学院(民办),003,英语,8,514,139899
2021,2128,辽宁对外经贸学院(民办),004,商务英语,4,514,139929
2021,2128,辽宁对外经贸学院(民办),005,日语,8,514,140078
2021,2128,辽宁对外经贸学院(民办),006,俄语,8,513,141143
2021,2128,辽宁对外经贸学院(民办),007,西班牙语,4,514,140061
2021,2128,辽宁对外经贸学院(民办),008,朝鲜语,4,512,142084
2021,2128,辽宁对外经贸学院(民办),009,会计学,6,519,134598
2021,2128,辽宁对外经贸学院(民办),010,财务管理,4,516,137779
2021,2128,辽宁对外经贸学院(民办),011,资产评估,4,514,139558
2021,2128,辽宁对外经贸学院(民办),012,市场营销,4,513,140287
2021,2128,辽宁对外经贸学院(民办),013,人力资源管理,2,514,139349
2021,2128,辽宁对外经贸学院(民办),014,旅游管理,4,514,140125
2021,2128,辽宁对外经贸学院(民办),015,会展经济与管理,4,513,140727
2021,2128,辽宁对外经贸学院(民办),016,养老服务管理,4,513,141255
2021,2128,辽宁对外经贸学院(民办),017,物流管理,6,513,140740
2021,2128,辽宁对外经贸学院(民办),018,电子商务,4,514,139344
2021,2129,辽宁工业大学,001,机械设计制造及其自动化,2,547,101707
2021,2129,辽宁工业大学,002,车辆工程,2,543,106739
2021,2129,辽宁工业大学,003,材料成型及控制工程,2,539,110636
2021,2129,辽宁工业大学,004,化学工程与工艺,2,539,111336
2021,2129,辽宁工业大学,005,电气工程及其自动化,3,553,94497
2021,2129,辽宁工业大学,006,电子信息工程,2,556,91661
2021,2129,辽宁工业大学,007,通信工程,2,548,100480
2021,2129,辽宁工业大学,008,工程管理,2,541,108837
2021,2129,辽宁工业大学,009,土木工程,3,541,109040
2021,2133,辽宁科技大学,001,冶金工程,1,553,94989
2021,2133,辽宁科技大学,002,材料成型及控制工程,1,548,100285
2021,2133,辽宁科技大学,003,能源与动力工程,1,559,88073
2021,2133,辽宁科技大学,004,电气工程及其自动化,2,549,99764
2021,2133,辽宁科技大学,005,通信工程,1,557,90221
2021,2133,辽宁科技大学,006,测控技术与仪器,1,545,104534
2021,2133,辽宁科技大学,007,化学工程与工艺,1,556,91576
2021,2133,辽宁科技大学,008,生物工程,1,567,78409
2021,2133,辽宁科技大学,009,软件工程,2,566,80108
2021,2133,辽宁科技大学,010,网络工程,2,553,94310
2021,2133,辽宁科技大学,011,机械电子工程,2,554,93128
2021,2133,辽宁科技大学,012,工业设计,1,547,101995
2021,2133,辽宁科技大学,013,土木工程,2,546,102845
2021,2133,辽宁科技大学,014,建筑学,1,573,71226
2021,2133,辽宁科技大学,015,冶金工程(中外合作办学),1,545,104065
2021,2136,辽宁师范大学,001,计算机科学与技术,4,570,74523
2021,2136,辽宁师范大学,002,数字媒体技术,2,571,73749
2021,2137,辽宁石油化工大学,001,材料化学,2,551,97308
2021,2137,辽宁石油化工大学,002,工程管理,1,546,103483
2021,2137,辽宁石油化工大学,003,化学工程与工艺(中外合作办学),8,540,109720
2021,2137,辽宁石油化工大学,004,环境工程,2,551,96988
2021,2137,辽宁石油化工大学,005,计算机科学与技术,1,561,85722
2021,2137,辽宁石油化工大学,006,金融学,1,559,88222
2021,2137,辽宁石油化工大学,007,软件工程,1,567,77974
2021,2137,辽宁石油化工大学,008,电气工程及其自动化(中外合作办学),4,532,118780
2021,2138,锦州医科大学,001,临床医学,6,599,42716
2021,2138,锦州医科大学,002,麻醉学,2,595,47670
2021,2138,锦州医科大学,003,口腔医学,1,618,25938
2021,2138,锦州医科大学,004,药学,1,569,76204
2021,2138,锦州医科大学,005,护理学,1,567,78646
2021,2138,锦州医科大学,006,医学检验技术,2,581,62871
2021,2138,锦州医科大学,007,医学影像技术,2,582,61508
2021,2139,辽宁中医药大学,001,护理学,5,559,87684
2021,2139,辽宁中医药大学,002,市场营销,5,554,94154
2021,2139,辽宁中医药大学,003,物流管理,5,553,95451
2021,2139,辽宁中医药大学,004,公共事业管理,5,556,91854
2021,2139,辽宁中医药大学,005,英语,5,559,88067
2021,2140,辽宁中医药大学杏林学院(独立学院),001,中医学,12,548,101188
2021,2140,辽宁中医药大学杏林学院(独立学院),002,中西医临床医学,6,550,98284
2021,2140,辽宁中医药大学杏林学院(独立学院),003,针灸推拿学,2,547,101754
2021,2142,沈阳大学,001,国际经济与贸易,2,570,75530
2021,2142,沈阳大学,002,材料成型及控制工程,2,535,116000
2021,2142,沈阳大学,003,焊接技术与工程,2,536,114587
2021,2142,沈阳大学,004,通信工程,2,550,97833
2021,2142,沈阳大学,005,自动化(中外合作办学),3,539,110915
2021,2142,沈阳大学,006,工业工程(中外合作办学),4,557,90069
2021,2143,沈阳城市学院(民办),001,金融学,2,521,131467
2021,2143,沈阳城市学院(民办),002,法学,1,538,111946
2021,2143,沈阳城市学院(民办),003,汉语言文学,2,540,110378
2021,2143,沈阳城市学院(民办),004,英语,1,526,126241
2021,2143,沈阳城市学院(民办),005,新闻学,1,533,118225
2021,2143,沈阳城市学院(民办),006,网络与新媒体,1,531,120758
2021,2143,沈阳城市学院(民办),007,应用心理学,1,538,112655
2021,2143,沈阳城市学院(民办),010,计算机科学与技术,2,509,144783
2021,2143,沈阳城市学院(民办),014,建筑学,1,536,114907
2021,2143,沈阳城市学院(民办),015,工程造价,1,513,140869
2021,2143,沈阳城市学院(民办),017,工商管理,1,520,133213
2021,2143,沈阳城市学院(民办),018,会计学,2,528,123726
2021,2143,沈阳城市学院(民办),019,人力资源管理,1,525,127479
2021,2143,沈阳城市学院(民办),020,旅游管理,2,518,134899
2021,2143,沈阳城市学院(民办),021,酒店管理,2,515,139012
2021,2143,沈阳城市学院(民办),022,人工智能,2,495,
2021,2144,沈阳工程学院,001,电气工程及其自动化,2,606,36487
2021,2144,沈阳工程学院,002,能源与动力工程,2,542,107864
2021,2144,沈阳工程学院,003,核工程与核技术,4,531,120061
2021,2144,沈阳工程学院,004,自动化,2,557,90278
2021,2144,沈阳工程学院,501,发电厂及电力系统(中外合作办学),6,495,
2021,2145,沈阳工业大学,001,机械设计制造及其自动化,3,567,77950
2021,2145,沈阳工业大学,002,工业设计,3,561,85103
2021,2145,沈阳工业大学,003,电气工程及其自动化,3,590,52207
2021,2145,沈阳工业大学,004,自动化,2,580,63539
2021,2145,沈阳工业大学,005,测控技术与仪器,2,559,87797
2021,2145,沈阳工业大学,006,通信工程,2,566,79533
2021,2145,沈阳工业大学,007,计算机科学与技术,3,573,71701
2021,2145,沈阳工业大学,008,智能科学与技术,2,578,65673
2021,2145,沈阳工业大学,009,金融工程,2,574,70506
2021,2147,沈阳航空航天大学,001,飞行器制造工程,1,601,41273
2021,2147,沈阳航空航天大学,002,工业设计,6,555,91907
2021,2147,沈阳航空航天大学,003,新能源科学与工程,3,568,77526
2021,2147,沈阳航空航天大学,004,机器人工程,3,570,74732
2021,2147,沈阳航空航天大学,005,智能制造工程,2,565,80403
2021,2149,沈阳化工大学,001,化学工程与工艺,2,555,92546
2021,2149,沈阳化工大学,002,能源化学工程,2,556,91608
2021,2149,沈阳化工大学,003,资源循环科学与工程,1,562,84265
2021,2149,沈阳化工大学,004,化学,1,553,95181
2021,2149,沈阳化工大学,005,应用化学,1,560,87179
2021,2149,沈阳化工大学,006,测控技术与仪器,1,536,114741
2021,2149,沈阳化工大学,007,电气工程及其自动化,2,548,101137
2021,2149,沈阳化工大学,008,电子科学与技术,1,561,85284
2021,2149,沈阳化工大学,009,电子信息工程,1,553,94961
2021,2149,沈阳化工大学,010,物联网工程,1,554,93582
2021,2149,沈阳化工大学,011,自动化,1,547,101715
2021,2149,沈阳化工大学,012,过程装备与控制工程,2,540,110040
2021,2149,沈阳化工大学,013,机械电子工程,1,555,92830
2021,2149,沈阳化工大学,014,机械设计制造及其自动化,1,546,102898
2021,2149,沈阳化工大学,015,金属材料工程,2,552,95993
2021,2149,沈阳化工大学,016,计算机科学与技术,2,556,90919
2021,2149,沈阳化工大学,017,软件工程,1,555,92261
2021,2149,沈阳化工大学,018,网络工程,2,543,106124
2021,2149,沈阳化工大学,019,材料化学,2,552,95860
2021,2149,沈阳化工大学,020,复合材料与工程,2,554,93693
2021,2149,沈阳化工大学,021,高分子材料与工程,1,555,92676
2021,2149,沈阳化工大学,022,无机非金属材料工程,1,557,90168
2021,2149,沈阳化工大学,023,生物工程,2,554,93470
2021,2149,沈阳化工大学,024,食品科学与工程,2,554,94115
2021,2149,沈阳化工大学,025,制药工程,2,557,90504
2021,2149,沈阳化工大学,026,安全工程,2,539,110779
2021,2149,沈阳化工大学,027,环境工程,2,551,97336
2021,2149,沈阳化工大学,028,工程管理,1,545,104164
2021,2149,沈阳化工大学,029,会计学,1,568,77815
2021,2149,沈阳化工大学,030,包装工程,2,549,98948
2021,2149,沈阳化工大学,031,能源与动力工程(中外合作办学),2,546,103527
2021,2149,沈阳化工大学,032,数据科学与大数据技术,1,552,95494
2021,2149,沈阳化工大学,033,人工智能,1,552,96500
2021,2149,沈阳化工大学,034,大数据管理与应用,2,544,105177
2021,2149,沈阳化工大学,035,应急管理,2,538,111878
2021,2151,沈阳建筑大学,001,建筑学,1,623,21930
2021,2151,沈阳建筑大学,002,城乡规划,1,612,31055
2021,2151,沈阳建筑大学,003,风景园林,1,590,52938
2021,2151,沈阳建筑大学,004,土木工程,2,586,57276
2021,2151,沈阳建筑大学,005,安全工程,1,549,98937
2021,2151,沈阳建筑大学,006,机械工程,1,556,90891
2021,2151,沈阳建筑大学,007,机械设计制造及其自动化,1,566,79507
2021,2151,沈阳建筑大学,008,建筑环境与能源应用工程,1,550,97959
2021,2151,沈阳建筑大学,009,给排水科学与工程,1,566,80065
2021,2151,沈阳建筑大学,010,环境工程,1,569,76185
2021,2151,沈阳建筑大学,011,电气工程及其自动化,1,565,80607
2021,2151,沈阳建筑大学,012,自动化,1,560,86601
2021,2151,沈阳建筑大学,013,通信工程,1,559,88076
2021,2151,沈阳建筑大学,014,计算机科学与技术,1,576,68138
2021,2151,沈阳建筑大学,015,建筑电气与智能化,1,552,96420
2021,2151,沈阳建筑大学,016,人工智能,1,564,81566
2021,2151,沈阳建筑大学,017,工程管理,1,547,101439
2021,2151,沈阳建筑大学,018,工程造价,1,558,88531
2021,2151,沈阳建筑大学,019,房地产开发与管理,1,549,99022
2021,2151,沈阳建筑大学,020,应急管理,1,545,104012
2021,2151,沈阳建筑大学,021,道路桥梁与渡河工程,1,557,90086
2021,2151,沈阳建筑大学,022,测绘工程,1,552,95905
2021,2151,沈阳建筑大学,023,物流工程,1,565,81111
2021,2151,沈阳建筑大学,024,无机非金属材料工程,1,562,83703
2021,2151,沈阳建筑大学,025,高分子材料与工程,1,583,60172
2021,2151,沈阳建筑大学,030,家具设计与工程,1,556,91416
2021,2152,沈阳城市建设学院(民办),001,建筑学,8,527,125409
2021,2152,沈阳城市建设学院(民办),002,城乡规划,5,519,133782
2021,2152,沈阳城市建设学院(民办),003,风景园林,4,518,134893
2021,2152,沈阳城市建设学院(民办),004,交通运输,5,515,138446
2021,2152,沈阳城市建设学院(民办),005,物流工程,5,514,140107
2021,2152,沈阳城市建设学院(民办),006,工商管理,3,515,138910
2021,2152,沈阳城市建设学院(民办),007,人力资源管理,3,515,138749
2021,2152,沈阳城市建设学院(民办),008,会计学,9,517,136143
2021,2152,沈阳城市建设学院(民办),009,互联网金融,3,516,137633
2021,2152,沈阳城市建设学院(民办),010,网络与新媒体,5,515,138998
2021,2153,沈阳理工大学,001,英语,1,569,76424
2021,2153,沈阳理工大学,002,应用化学,1,566,80171
2021,2153,沈阳理工大学,003,机械设计制造及其自动化,4,551,97021
2021,2153,沈阳理工大学,004,材料成型及控制工程,1,550,98586
2021,2153,沈阳理工大学,005,机械电子工程,2,556,91031
2021,2153,沈阳理工大学,006,工业设计,1,559,87502
2021,2153,沈阳理工大学,007,车辆工程,1,568,77494
2021,2153,沈阳理工大学,008,测控技术与仪器,1,549,99422
2021,2153,沈阳理工大学,009,金属材料工程,1,554,93545
2021,2153,沈阳理工大学,010,无机非金属材料工程,1,565,81056
2021,2153,沈阳理工大学,011,高分子材料与工程,1,552,95745
2021,2153,沈阳理工大学,012,粉体材料科学与工程,1,551,97345
2021,2153,沈阳理工大学,013,电气工程及其自动化,1,565,80776
2021,2153,沈阳理工大学,014,电子信息工程,1,567,78451
2021,2153,沈阳理工大学,015,通信工程,1,560,86696
2021,2153,沈阳理工大学,016,光电信息科学与工程,1,551,97422
2021,2153,沈阳理工大学,017,电子信息科学与技术,1,562,83891
2021,2153,沈阳理工大学,018,自动化,2,551,97692
2021,2153,沈阳理工大学,019,计算机科学与技术,2,571,73333
2021,2153,沈阳理工大学,020,网络工程,1,566,79242
2021,2153,沈阳理工大学,021,智能科学与技术,1,562,84440
2021,2153,沈阳理工大学,022,化学工程与工艺,1,560,86283
2021,2153,沈阳理工大学,023,探测制导与控制技术,1,566,79365
2021,2153,沈阳理工大学,024,弹药工程与爆炸技术,1,547,101454
2021,2153,沈阳理工大学,025,装甲车辆工程,1,562,84059
2021,2153,沈阳理工大学,026,环境工程,1,560,87033
2021,2153,沈阳理工大学,027,安全工程,1,544,104951
2021,2153,沈阳理工大学,028,信息管理与信息系统,1,545,104059
2021,2153,沈阳理工大学,029,电子商务,1,567,78765
2021,2153,沈阳理工大学,030,化学工程与工艺(中外合作办学),5,545,104323
2021,2154,沈阳工学院(民办),001,机械设计制造及其自动化,2,500,154505
2021,2154,沈阳工学院(民办),002,金融学,4,516,137227
2021,2154,沈阳工学院(民办),003,金融科技,3,516,137751
2021,2154,沈阳工学院(民办),004,市场营销,4,514,140005
2021,2154,沈阳工学院(民办),005,会计学,4,517,135835
2021,2154,沈阳工学院(民办),006,酒店管理,3,513,141177
2021,2154,沈阳工学院(民办),007,自动化,2,495,
2021,2154,沈阳工学院(民办),008,网络与新媒体,7,517,136287
2021,2154,沈阳工学院(民办),009,时尚传播,5,514,140045
2021,2154,沈阳工学院(民办),010,风景园林,5,516,137207
2021,2154,沈阳工学院(民办),011,水利水电工程,2,526,126004
2021,2154,沈阳工学院(民办),012,动物医学,5,534,116767
2021,2154,沈阳工学院(民办),013,生物工程,4,525,127524
2021,2154,沈阳工学院(民办),014,园林,4,518,135727
2021,2154,沈阳工学院(民办),015,环境工程,5,521,131327
2021,2154,沈阳工学院(民办),016,食品科学与工程,3,517,136489
2021,2154,沈阳工学院(民办),017,食品质量与安全,5,515,138392
2021,2154,沈阳工学院(民办),018,学前教育,3,526,125493
2021,2154,沈阳工学院(民办),502,计算机网络技术,2,499,156322
2021,2154,沈阳工学院(民办),503,大数据与会计,2,495,159646
2021,2155,沈阳农业大学,001,植物生产类,6,555,92869
2021,2155,沈阳农业大学,002,动物医学类,4,568,77327
2021,2155,沈阳农业大学,003,生物科学类,4,556,90926
2021,2155,沈阳农业大学,004,农业工程类,3,554,93167
2021,2155,沈阳农业大学,005,应用化学,3,554,93600
2021,2155,沈阳农业大学,006,水利水电工程,3,552,96028
2021,2155,沈阳农业大学,007,农林经济管理,4,558,88837
2021,2155,沈阳农业大学,008,食品质量与安全,3,561,85304
2021,2156,沈阳师范大学,001,电子信息工程,6,544,105542
2021,2156,沈阳师范大学,002,旅游管理,10,552,96011
2021,2156,沈阳师范大学,003,历史学(师范),5,585,58327
2021,2156,沈阳师范大学,004,酒店管理,10,548,100691
2021,2156,沈阳师范大学,005,国际经济与贸易(中外合作办学),3,555,93014
2021,2156,沈阳师范大学,006,金融学(中外合作办学),4,552,95771
2021,2156,沈阳师范大学,007,计算机科学与技术,5,551,97175
2021,2156,沈阳师范大学,008,软件工程,2,550,98371
2021,2156,沈阳师范大学,009,网络工程,2,549,99768
2021,2156,沈阳师范大学,010,学前教育(师范),10,566,79429
2021,2156,沈阳师范大学,011,古生物学,4,558,89445
2021,2156,沈阳师范大学,012,市场营销,5,556,90806
2021,2158,沈阳药科大学,001,药学类,4,606,36222
2021,2158,沈阳药科大学,002,药物化学,2,604,38478
2021,2158,沈阳药科大学,003,临床药学,1,612,30959
2021,2158,沈阳药科大学,004,食品科学与工程类,1,592,50443
2021,2158,沈阳药科大学,005,生物制药(生命基地班),1,620,24631
2021,2158,沈阳药科大学,006,制药工程,1,602,39642
2021,2158,沈阳药科大学,007,环境科学,1,583,60698
2021,2158,沈阳药科大学,008,中药学类,1,605,37021
2021,2158,沈阳药科大学,009,生物工程类,2,595,47190
2021,2158,沈阳药科大学,010,药学(理科基地班),1,623,22199
2021,2158,沈阳药科大学,011,药学(日语强化班),1,615,28601
2021,2158,沈阳药科大学,012,药学(英语强化班),1,618,25982
2021,2158,沈阳药科大学,013,中药学(日语强化班),1,601,41090
2021,2158,沈阳药科大学,014,生物医学工程(中外合作办学),2,575,69726
2021,2159,沈阳医学院,001,临床医学,3,596,45997
2021,2159,沈阳医学院,002,预防医学,2,571,73698
2021,2159,沈阳医学院,003,麻醉学,1,598,44084
2021,2159,沈阳医学院,004,医学影像学,2,590,52056
2021,2159,沈阳医学院,005,口腔医学,1,612,31250
2021,2159,沈阳医学院,006,精神医学,1,583,60148
2021,2159,沈阳医学院,007,医学检验技术,1,569,76602
2021,2159,沈阳医学院,008,护理学,1,568,77858
2021,2159,沈阳医学院,009,康复治疗学,1,567,78380
2021,2159,沈阳医学院,010,药学,1,562,84718
2021,2159,沈阳医学院,011,食品质量与安全,1,557,89877
2021,2159,沈阳医学院,012,卫生检验与检疫,1,565,80578
2021,2159,沈阳医学院,013,医学信息工程,1,534,116306
2021,2159,沈阳医学院,014,中药学,1,561,85816
2021,2159,沈阳医学院,501,护理,7,510,144422
2021,2159,沈阳医学院,502,药学,3,512,141843
2021,2159,沈阳医学院,503,医学检验技术,3,519,133579
2021,2159,沈阳医学院,504,医学影像技术,2,519,134046
2021,2159,沈阳医学院,505,康复治疗技术,3,510,143719
2021,2161,中国医科大学,001,生物医学工程,2,615,28578
2021,2161,中国医科大学,002,临床医学(5+3一体化),2,646,8885
2021,2161,中国医科大学,003,临床医学,9,638,12414
2021,2161,中国医科大学,004,麻醉学,2,635,14222
2021,2161,中国医科大学,005,医学影像学,2,631,16760
2021,2161,中国医科大学,006,精神医学,2,620,24682
2021,2161,中国医科大学,007,口腔医学,2,645,9073
2021,2161,中国医科大学,008,预防医学,2,621,23493
2021,2161,中国医科大学,009,临床药学,2,631,16967
2021,2161,中国医科大学,010,法医学,2,618,26017
2021,2161,中国医科大学,011,医学影像技术,2,620,24548
2021,2161,中国医科大学,012,康复治疗学,2,614,29004
2021,2161,中国医科大学,013,生物技术(中外合作办学),4,585,58270
2021,2161,中国医科大学,014,药物制剂(中外合作办学),4,578,65752
2021,2167,大连理工大学(盘锦校区)(一流大学建设高校),001,能源化学工程(能源、资源与生物化工工科实验班),2,636,13940
2021,2167,大连理工大学(盘锦校区)(一流大学建设高校),002,海洋技术,1,633,15465
2021,2167,大连理工大学(盘锦校区)(一流大学建设高校),003,环境生态工程(生态与食品工科实验班),1,637,13363
2021,2167,大连理工大学(盘锦校区)(一流大学建设高校),004,生物科学类,1,637,13086
2021,2167,大连理工大学(盘锦校区)(一流大学建设高校),005,药学,1,635,14292
2021,2167,大连理工大学(盘锦校区)(一流大学建设高校),006,商务英语,2,639,12318
2021,2167,大连理工大学(盘锦校区)(一流大学建设高校),007,运动康复,2,627,19619
2021,2167,大连理工大学(盘锦校区)(一流大学建设高校),008,过程装备与控制工程(中外合作办学),7,614,29528
2021,2167,大连理工大学(盘锦校区)(一流大学建设高校),009,应用化学(中外合作办学)(理学),7,612,30817
2021,2167,大连理工大学(盘锦校区)(一流大学建设高校),010,数理基础科学(中外合作办学),10,619,25274
2021,2167,大连理工大学(盘锦校区)(一流大学建设高校),011,经济学类(经济与商务实验班),2,639,12108
2021,2201,北华大学,001,法学,6,574,70984
2021,2201,北华大学,002,思想政治教育(师范),2,580,63847
2021,2201,北华大学,003,小学教育(师范),2,582,61301
2021,2201,北华大学,004,心理学(师范),2,577,66914
2021,2201,北华大学,005,汉语言文学(师范),2,583,60064
2021,2201,北华大学,006,汉语国际教育,2,571,74431
2021,2201,北华大学,007,英语(师范),2,581,62834
2021,2201,北华大学,008,日语,4,559,88243
2021,2201,北华大学,009,朝鲜语,2,560,87190
2021,2201,北华大学,010,数学与应用数学(师范),4,559,87210
2021,2201,北华大学,011,统计学类,2,560,86152
2021,2201,北华大学,012,物理学(师范),4,554,93311
2021,2201,北华大学,013,机械类,6,538,112340
2021,2201,北华大学,014,机械设计制造及其自动化(中外合作办学),4,530,121310
2021,2201,北华大学,015,智能制造工程,4,548,101105
2021,2201,北华大学,016,木材科学与工程,2,554,93931
2021,2201,北华大学,017,电气工程及其自动化,4,550,98742
2021,2201,北华大学,018,自动化,2,545,104509
2021,2201,北华大学,019,通信工程,2,547,101372
2021,2201,北华大学,020,计算机科学与技术,2,563,83141
2021,2201,北华大学,021,网络工程,2,551,96917
2021,2201,北华大学,022,交通运输,1,560,86786
2021,2201,北华大学,023,车辆工程,3,535,115739
2021,2201,北华大学,024,林学,3,558,88455
2021,2201,北华大学,025,园林,2,561,85476
2021,2201,北华大学,026,风景园林,2,567,78582
2021,2201,北华大学,027,临床医学,2,588,55061
2021,2201,北华大学,028,医学影像学,2,558,89338
2021,2201,北华大学,029,预防医学,2,562,84589
2021,2201,北华大学,030,医学检验技术,2,569,75717
2021,2201,北华大学,031,护理学,2,563,83124
2021,2201,北华大学,032,护理学(中外合作办学),5,548,100621
2021,2201,北华大学,033,药学,2,564,81620
2021,2201,北华大学,034,工商管理,2,563,83601
2021,2201,北华大学,035,国际经济与贸易,2,562,84748
2021,2201,北华大学,036,会计学,2,572,72447
2021,2201,北华大学,037,市场营销,1,568,76792
2021,2201,北华大学,038,行政管理,3,562,84000
2021,2202,长春大学,001,政治学与行政学,2,564,82248
2021,2202,长春大学,002,公共事业管理,2,559,88133
2021,2202,长春大学,003,汉语言文学,2,576,68431
2021,2202,长春大学,004,汉语国际教育,2,568,77856
2021,2202,长春大学,005,英语,2,568,77589
2021,2202,长春大学,006,俄语,2,559,88000
2021,2202,长春大学,007,日语,2,563,83351
2021,2202,长春大学,008,西班牙语,2,560,86977
2021,2202,长春大学,009,网络与新媒体,2,566,79345
2021,2202,长春大学,010,数学与应用数学,2,546,102582
2021,2202,长春大学,011,信息与计算科学,2,552,95768
2021,2202,长春大学,012,工业工程,1,538,112200
2021,2202,长春大学,013,财务管理,2,570,74518
2021,2202,长春大学,014,工商管理,2,562,84537
2021,2202,长春大学,015,会计学,2,569,76380
2021,2202,长春大学,016,旅游管理,2,554,93626
2021,2202,长春大学,017,市场营销,2,557,89952
2021,2202,长春大学,018,物流管理,2,557,89754
2021,2202,长春大学,019,机械工程(中外合作办学),5,528,124001
2021,2202,长春大学,020,自动化(中外合作办学),2,534,116555
2021,2202,长春大学,021,俄语(中外合作办学),3,552,96436
2021,2202,长春大学,022,风景园林,2,560,86778
2021,2202,长春大学,023,特殊教育(师范),2,563,83241
2021,2202,长春大学,024,机械工程,3,538,111734
2021,2202,长春大学,025,车辆工程,2,538,111879
2021,2202,长春大学,026,经济学,2,565,80331
2021,2202,长春大学,027,金融学,2,569,76095
2021,2202,长春大学,028,金融工程,2,562,84118
2021,2202,长春大学,029,国际经济与贸易,2,561,85773
2021,2202,长春大学,030,计算机科学与技术,2,574,70319
2021,2202,长春大学,031,网络工程,2,553,94756
2021,2202,长春大学,032,电气工程及其自动化,2,553,94241
2021,2202,长春大学,033,通信工程,2,552,96388
2021,2202,长春大学,034,自动化,2,551,97707
2021,2202,长春大学,035,物联网工程,2,559,88118
2021,2202,长春大学,036,食品科学与工程,2,552,96012
2021,2202,长春大学,037,食品质量与安全,2,555,92586
2021,2202,长春大学,038,软件工程,2,563,82909
2021,2202,长春大学,039,材料科学与工程,2,541,109015
2021,2202,长春大学,040,电子信息工程(中外合作办学),5,534,116855
2021,2202,长春大学,041,材料科学与工程(中外合作办学),5,503,151546
2021,2202,长春大学,501,学前教育(师范),20,513,141307
2021,2202,长春大学,502,工商企业管理(中外合作办学),20,497,158268
2021,2202,长春大学,503,数字媒体艺术设计(中外合作办学),20,499,155740
2021,2202,长春大学,504,学前教育(中外合作办学)(师范),20,495,
2021,2203,长春光华学院(民办),001,汉语言文学,13,530,121853
2021,2203,长春光华学院(民办),002,英语,10,515,138529
2021,2203,长春光华学院(民办),003,俄语,5,512,141579
2021,2203,长春光华学院(民办),004,日语,7,513,141021
2021,2203,长春光华学院(民办),005,朝鲜语,3,512,142132
2021,2203,长春光华学院(民办),006,商务英语,7,514,139642
2021,2203,长春光华学院(民办),007,计算机科学与技术,10,495,
2021,2203,长春光华学院(民办),008,物联网工程,8,495,
2021,2203,长春光华学院(民办),009,会计学,12,518,135418
2021,2203,长春光华学院(民办),010,财务管理,8,518,134863
2021,2203,长春光华学院(民办),011,旅游管理,6,512,141907
2021,2203,长春光华学院(民办),013,经济学,6,513,140306
2021,2203,长春光华学院(民办),014,金融学,25,512,141528
2021,2203,长春光华学院(民办),015,国际经济与贸易,12,512,141685
2021,2203,长春光华学院(民办),016,新闻学,4,518,135007
2021,2203,长春光华学院(民办),017,秘书学,4,514,140091
2021,2203,长春光华学院(民办),018,市场营销,5,511,142575
2021,2203,长春光华学院(民办),022,广告学,7,514,139538
2021,2203,长春光华学院(民办),023,电子商务,4,518,135278
2021,2203,长春光华学院(民办),029,工商管理,8,512,141826
2021,2203,长春光华学院(民办),030,应用心理学,4,533,118069
2021,2203,长春光华学院(民办),502,应用韩语,10,495,
2021,2204,长春大学旅游学院(独立学院),001,旅游管理,8,512,142398
2021,2204,长春大学旅游学院(独立学院),002,酒店管理,7,512,141976
2021,2204,长春大学旅游学院(独立学院),003,会展经济与管理,7,512,142009
2021,2204,长春大学旅游学院(独立学院),004,文化产业管理,8,513,141338
2021,2204,长春大学旅游学院(独立学院),005,金融学,10,512,141499
2021,2204,长春大学旅游学院(独立学院),006,国际经济与贸易,5,512,141842
2021,2204,长春大学旅游学院(独立学院),007,市场营销,5,512,142128
2021,2204,长春大学旅游学院(独立学院),008,会计学,10,518,134809
2021,2204,长春大学旅游学院(独立学院),009,财务管理,5,514,139517
2021,2204,长春大学旅游学院(独立学院),010,人力资源管理,5,514,139493
2021,2204,长春大学旅游学院(独立学院),011,物流管理,5,514,140059
2021,2204,长春大学旅游学院(独立学院),012,电子商务,5,514,139535
2021,2204,长春大学旅游学院(独立学院),013,英语,5,515,138890
2021,2204,长春大学旅游学院(独立学院),014,日语,5,513,140218
2021,2204,长春大学旅游学院(独立学院),015,汉语国际教育,5,518,134864
2021,2204,长春大学旅游学院(独立学院),022,风景园林,5,521,131658
2021,2204,长春大学旅游学院(独立学院),502,导游,5,495,
2021,2206,长春工程学院,001,电气工程及其自动化,1,557,89913
2021,2206,长春工程学院,002,电子信息工程,3,537,112897
2021,2206,长春工程学院,003,智能电网信息工程,2,533,118357
2021,2206,长春工程学院,004,自动化,3,533,117530
2021,2206,长春工程学院,005,城市地下空间工程,3,523,129469
2021,2206,长春工程学院,006,道路桥梁与渡河工程,1,529,122959
2021,2206,长春工程学院,007,土木工程,3,533,117744
2021,2206,长春工程学院,008,宝石及材料工艺学,4,524,128406
2021,2206,长春工程学院,009,测绘工程,1,534,116295
2021,2206,长春工程学院,010,资源勘查工程,3,543,106721
2021,2206,长春工程学院,011,焊接技术与工程,1,529,122081
2021,2206,长春工程学院,012,机械设计制造及其自动化,6,528,124223
2021,2206,长春工程学院,013,汽车服务工程,2,529,122671
2021,2206,长春工程学院,014,给排水科学与工程,1,528,123700
2021,2206,长春工程学院,015,环境工程,3,550,98633
2021,2206,长春工程学院,016,环境科学,3,548,100288
2021,2206,长春工程学院,017,农业水利工程,1,525,126940
2021,2206,长春工程学院,018,水利水电工程,2,530,121280
2021,2206,长春工程学院,019,水文与水资源工程,1,528,123397
2021,2206,长春工程学院,020,建筑电气与智能化,1,535,115232
2021,2206,长春工程学院,021,建筑环境与能源应用工程,2,528,123838
2021,2206,长春工程学院,022,能源与动力工程,3,546,102519
2021,2206,长春工程学院,023,新能源科学与工程,1,556,91132
2021,2206,长春工程学院,024,财务管理,2,551,96916
2021,2206,长春工程学院,025,工程管理,3,527,124709
2021,2206,长春工程学院,026,工程造价,2,533,117411
2021,2206,长春工程学院,027,建筑学,2,561,85392
2021,2206,长春工程学院,028,城乡规划,1,560,86504
2021,2206,长春工程学院,029,应用化学,3,545,104044
2021,2206,长春工程学院,030,英语,2,557,90093
2021,2206,长春工程学院,031,计算机科学与技术,3,544,105635
2021,2206,长春工程学院,032,应急技术与管理,3,522,130358
2021,2206,长春工程学院,033,智能车辆工程,3,523,130025
2021,2206,长春工程学院,034,机械设计制造及其自动化(中外合作办学),2,526,126054
2021,2206,长春工程学院,035,能源与动力工程(中外合作办学),1,552,95635
2021,2206,长春工程学院,036,土木工程(中外合作办学),3,522,130475
2021,2206,长春工程学院,037,电气工程及其自动化(中外合作办学),1,548,100752
2021,2206,长春工程学院,501,发电厂及电力系统,9,501,153860
2021,2206,长春工程学院,502,计算机网络技术,9,510,144451
2021,2207,长春工业大学,001,工业设计,1,558,88686
2021,2207,长春工业大学,002,工业工程,1,562,84503
2021,2207,长春工业大学,003,智能制造工程,1,558,89458
2021,2207,长春工业大学,004,材料成型及控制工程,3,540,110133
2021,2207,长春工业大学,005,金属材料工程,1,553,95008
2021,2207,长春工业大学,006,材料物理,1,550,98087
2021,2207,长春工业大学,007,电气工程及其自动化,2,562,84116
2021,2207,长春工业大学,008,自动化,1,568,76779
2021,2207,长春工业大学,009,测控技术与仪器,1,558,89477
2021,2207,长春工业大学,010,机器人工程,1,548,101181
2021,2207,长春工业大学,011,计算机科学与技术,10,565,80428
2021,2207,长春工业大学,012,软件工程,1,577,66807
2021,2207,长春工业大学,013,电子信息工程,1,563,82526
2021,2207,长春工业大学,014,信息安全,1,558,88701
2021,2207,长春工业大学,015,工商管理,1,559,87773
2021,2207,长春工业大学,016,电子商务,1,559,87403
2021,2207,长春工业大学,017,信息管理与信息系统,1,554,93886
2021,2207,长春工业大学,018,国际经济与贸易,1,566,80162
2021,2207,长春工业大学,019,高分子材料与工程,1,555,92736
2021,2207,长春工业大学,020,化学工程与工艺,1,554,93453
2021,2207,长春工业大学,021,环境工程,1,561,85514
2021,2207,长春工业大学,022,涂料工程,1,555,92733
2021,2207,长春工业大学,023,材料化学,1,544,105736
2021,2207,长春工业大学,024,化学,1,555,92514
2021,2207,长春工业大学,025,生物工程,2,554,93417
2021,2207,长春工业大学,026,食品科学与工程,1,554,93139
2021,2207,长春工业大学,027,化妆品技术与工程,1,571,74207
2021,2207,长春工业大学,028,制药工程,1,559,87799
2021,2207,长春工业大学,029,网络与新媒体,1,583,60457
2021,2207,长春工业大学,030,公共事业管理,1,562,84193
2021,2207,长春工业大学,031,社会工作,1,560,86901
2021,2207,长春工业大学,032,广告学,1,572,73127
2021,2207,长春工业大学,033,信息与计算科学,1,555,92024
2021,2207,长春工业大学,034,统计学,1,573,71716
2021,2207,长春工业大学,035,数据科学与大数据技术,1,575,68914
2021,2207,长春工业大学,036,英语,1,572,73049
2021,2207,长春工业大学,037,俄语,1,570,74490
2021,2207,长春工业大学,038,日语,1,562,84784
2021,2207,长春工业大学,039,电气工程及其自动化(中外合作办学),1,542,107294
2021,2207,长春工业大学,040,计算机科学与技术(中外合作办学),1,552,96262
2021,2207,长春工业大学,041,工业工程(中外合作办学),1,542,107311
2021,2207,长春工业大学,042,机械工程(中外合作办学),1,530,121625
2021,2208,长春工业大学人文信息学院(独立学院),001,英语,12,513,140685
2021,2208,长春工业大学人文信息学院(独立学院),002,商务英语,12,511,142615
2021,2208,长春工业大学人文信息学院(独立学院),003,日语,12,512,142405
2021,2208,长春工业大学人文信息学院(独立学院),004,电子商务,12,512,142117
2021,2208,长春工业大学人文信息学院(独立学院),005,国际经济与贸易,12,512,141474
2021,2208,长春工业大学人文信息学院(独立学院),006,市场营销,12,511,142532
2021,2208,长春工业大学人文信息学院(独立学院),007,人力资源管理,12,511,143141
2021,2208,长春工业大学人文信息学院(独立学院),008,工商管理,12,511,143044
2021,2208,长春工业大学人文信息学院(独立学院),009,物流管理,12,510,144517
2021,2208,长春工业大学人文信息学院(独立学院),010,会计学,13,518,135117
2021,2208,长春工业大学人文信息学院(独立学院),011,财务管理,13,512,141586
2021,2208,长春工业大学人文信息学院(独立学院),012,金融学,13,512,142078
2021,2208,长春工业大学人文信息学院(独立学院),013,法学,13,528,123983
2021,2210,长春理工大学,001,应用物理学,4,561,85978
2021,2210,长春理工大学,002,电子科学与技术,4,568,77109
2021,2210,长春理工大学,003,微电子科学与工程,3,573,72100
2021,2210,长春理工大学,004,光电信息科学与工程,4,582,61013
2021,2210,长春理工大学,005,光电信息科学与工程(中外合作办学),7,541,109205
2021,2210,长春理工大学,006,应用统计学,3,555,92510
2021,2210,长春理工大学,007,探测制导与控制技术,2,569,76211
2021,2210,长春理工大学,008,测控技术与仪器,2,573,71872
2021,2210,长春理工大学,009,光电信息科学与工程,6,586,56948
2021,2210,长春理工大学,010,光电信息科学与工程(中外合作办学),8,548,100985
2021,2210,长春理工大学,011,机械设计制造及其自动化,8,574,69941
2021,2210,长春理工大学,012,机械电子工程,4,564,81498
2021,2210,长春理工大学,013,过程装备与控制工程,3,551,97504
2021,2210,长春理工大学,014,电气工程及其自动化,3,584,58661
2021,2210,长春理工大学,015,电子信息工程,2,580,63194
2021,2210,长春理工大学,016,通信工程,2,588,54692
2021,2210,长春理工大学,017,电子信息科学与技术,2,578,65661
2021,2210,长春理工大学,018,自动化,3,573,71095
2021,2210,长春理工大学,019,计算机科学与技术,6,584,59141
2021,2210,长春理工大学,020,信息安全,4,571,73967
2021,2210,长春理工大学,021,数据科学与大数据技术,3,575,68921
2021,2210,长春理工大学,022,软件工程,5,581,62612
2021,2210,长春理工大学,023,无机非金属材料工程,2,547,101723
2021,2210,长春理工大学,024,材料化学,2,564,81917
2021,2210,长春理工大学,025,功能材料,2,558,88944
2021,2210,长春理工大学,026,化学工程与工艺,2,569,75891
2021,2210,长春理工大学,027,环境工程,2,565,80593
2021,2210,长春理工大学,028,应用化学,3,560,86475
2021,2210,长春理工大学,029,生物技术,2,557,90490
2021,2210,长春理工大学,030,生物工程,2,573,71559
2021,2210,长春理工大学,031,生物医学工程,2,573,72051
2021,2210,长春理工大学,032,生物工程(中外合作办学),5,548,100280
2021,2210,长春理工大学,033,信息管理与信息系统,2,560,86639
2021,2210,长春理工大学,034,国际经济与贸易,2,574,70800
2021,2210,长春理工大学,035,金融工程,2,574,70508
2021,2210,长春理工大学,036,英语,2,579,64142
2021,2210,长春理工大学,037,俄语,3,563,83092
2021,2210,长春理工大学,038,朝鲜语,1,522,130496
2021,2210,长春理工大学,039,日语,1,584,58644
2021,2210,长春理工大学,040,翻译,2,569,76054
2021,2210,长春理工大学,041,汉语言文学,4,582,61621
2021,2210,长春理工大学,042,广告学,2,581,62616
2021,2210,长春理工大学,043,汉语国际教育,2,570,74988
2021,2210,长春理工大学,044,网络与新媒体,3,574,70545
2021,2210,长春理工大学,045,法学,2,597,45395
2021,2210,长春理工大学,046,机器人工程,2,572,72475
2021,2210,长春理工大学,047,智能科学与技术,2,574,70010
2021,2210,长春理工大学,048,数学类,4,559,88169
2021,2210,长春理工大学,049,工商管理类,7,570,75452
2021,2211,长春电子科技学院(民办),001,光电信息科学与工程,3,495,
2021,2211,长春电子科技学院(民办),002,光电信息科学与工程,3,495,
2021,2211,长春电子科技学院(民办),003,电气工程及其自动化,3,497,158107
2021,2211,长春电子科技学院(民办),005,机械设计制造及其自动化,3,495,
2021,2211,长春电子科技学院(民办),006,国际经济与贸易,15,510,144077
2021,2211,长春电子科技学院(民办),007,市场营销,19,509,145315
2021,2211,长春电子科技学院(民办),008,会计学,23,512,142396
2021,2211,长春电子科技学院(民办),009,物流管理,11,511,143407
2021,2211,长春电子科技学院(民办),010,广告学,18,507,146949
2021,2211,长春电子科技学院(民办),011,服装设计与工程,12,510,143906
2021,2211,长春电子科技学院(民办),014,英语,14,509,145543
2021,2211,长春电子科技学院(民办),015,汉语言文学,36,519,134495
2021,2211,长春电子科技学院(民办),016,汉语国际教育,17,508,146572
2021,2213,长春师范大学,001,地理科学(师范),2,583,59942
2021,2213,长春师范大学,002,地理信息科学,2,571,73612
2021,2213,长春师范大学,003,机械设计制造及其自动化,2,543,106918
2021,2213,长春师范大学,004,化学(师范),2,583,60707
2021,2213,长春师范大学,005,环境科学,2,551,97036
2021,2213,长春师范大学,006,计算机科学与技术(中外合作办学),2,541,109216
2021,2213,长春师范大学,007,教育技术学(师范),2,576,67860
2021,2213,长春师范大学,008,小学教育(师范),2,584,59616
2021,2213,长春师范大学,009,会计学,2,566,79867
2021,2213,长春师范大学,010,生物科学(师范),2,580,63935
2021,2213,长春师范大学,011,生物技术,2,550,97982
2021,2213,长春师范大学,012,数学与应用数学(师范),3,575,68826
2021,2213,长春师范大学,013,法语,2,561,85799
2021,2213,长春师范大学,014,日语(师范),2,574,70862
2021,2213,长春师范大学,015,英语(师范),2,586,56995
2021,2213,长春师范大学,016,汉语国际教育(师范),2,577,66824
2021,2213,长春师范大学,017,汉语言文学(师范),3,586,56750
2021,2213,长春师范大学,018,科学教育(师范),2,583,59658
2021,2213,长春师范大学,019,物理学类(师范),2,568,76749
2021,2213,长春师范大学,020,人工智能,3,531,120100
2021,2213,长春师范大学,021,数据科学与大数据技术,2,545,104421
2021,2214,吉林财经大学,001,会计学,4,584,58795
2021,2214,吉林财经大学,002,审计学,2,581,62817
2021,2214,吉林财经大学,003,英语,2,572,72712
2021,2214,吉林财经大学,004,朝鲜语,2,559,87774
2021,2214,吉林财经大学,005,国际经济与贸易,2,572,73160
2021,2214,吉林财经大学,006,法学,2,587,55943
2021,2214,吉林财经大学,007,经济统计学,2,574,70466
2021,2214,吉林财经大学,008,税收学,2,585,58180
2021,2214,吉林财经大学,009,经济学,2,579,64503
2021,2214,吉林财经大学,010,金融学,2,584,59182
2021,2214,吉林财经大学,011,金融工程,2,577,66564
2021,2214,吉林财经大学,012,工商管理,3,574,70493
2021,2214,吉林财经大学,013,物流管理,2,564,82273
2021,2214,吉林财经大学,014,公共事业管理,3,563,83641
2021,2214,吉林财经大学,015,电子商务(中外合作办学),2,565,81249
2021,2214,吉林财经大学,016,数据科学与大数据技术,2,568,77169
2021,2214,吉林财经大学,017,金融学(中外合作办学),3,562,84054
2021,2214,吉林财经大学,018,会计学(中外合作办学),3,568,76735
2021,2215,长春财经学院(民办),001,经济学,6,518,135752
2021,2215,长春财经学院(民办),002,经济统计学,5,526,125871
2021,2215,长春财经学院(民办),003,税收学,6,518,135189
2021,2215,长春财经学院(民办),004,金融学,15,513,140530
2021,2215,长春财经学院(民办),005,金融工程,6,514,140011
2021,2215,长春财经学院(民办),006,投资学,5,514,139372
2021,2215,长春财经学院(民办),007,国际经济与贸易,6,512,141691
2021,2215,长春财经学院(民办),008,法学,7,531,120050
2021,2215,长春财经学院(民办),009,小学教育,4,531,119712
2021,2215,长春财经学院(民办),010,工商管理,4,516,137911
2021,2215,长春财经学院(民办),011,市场营销,4,512,141430
2021,2215,长春财经学院(民办),012,会计学,17,520,132610
2021,2215,长春财经学院(民办),013,财务管理,8,513,140817
2021,2215,长春财经学院(民办),014,国际商务,3,519,134746
2021,2215,长春财经学院(民办),015,人力资源管理,4,516,137152
2021,2215,长春财经学院(民办),016,审计学,8,519,134445
2021,2215,长春财经学院(民办),017,物流管理,3,514,139272
2021,2215,长春财经学院(民办),018,电子商务,7,515,138306
2021,2215,长春财经学院(民办),019,跨境电子商务,2,516,137201
2021,2216,长春医学高等专科学校,501,临床医学,7,504,150860
2021,2216,长春医学高等专科学校,502,护理,8,495,
2021,2216,长春医学高等专科学校,503,中医学,2,503,151476
2021,2216,长春医学高等专科学校,504,医学检验技术,4,499,155542
2021,2217,东北电力大学,001,英语,9,565,81300
2021,2217,东北电力大学,002,日语,10,559,88288
2021,2217,东北电力大学,003,会计学,6,571,73385
2021,2217,东北电力大学,004,电气工程及其自动化,4,619,25404
2021,2217,东北电力大学,005,电子信息工程,5,583,59823
2021,2217,东北电力大学,006,能源与动力工程,10,562,83659
2021,2217,东北电力大学,007,建筑环境与能源应用工程,6,554,93266
2021,2217,东北电力大学,008,核工程与核技术,3,563,83235
2021,2217,东北电力大学,009,自动化,5,586,57294
2021,2217,东北电力大学,010,测控技术与仪器,3,562,84110
2021,2217,东北电力大学,011,智能科学与技术,2,591,51064
2021,2217,东北电力大学,012,应用化学,3,500,154621
2021,2217,东北电力大学,013,环境工程,3,514,139964
2021,2217,东北电力大学,014,信息管理与信息系统,2,564,81587
2021,2217,东北电力大学,015,工商管理,2,568,77143
2021,2217,东北电力大学,016,土木工程,10,557,89587
2021,2217,东北电力大学,017,工程管理,2,559,87670
2021,2217,东北电力大学,018,给排水科学与工程,2,558,89058
2021,2217,东北电力大学,019,计算机科学与技术,2,582,61854
2021,2217,东北电力大学,020,通信工程,6,570,74569
2021,2217,东北电力大学,021,软件工程,2,577,66516
2021,2217,东北电力大学,022,信息与计算科学,2,567,78792
2021,2217,东北电力大学,023,电气工程及其自动化(中外合作办学),5,604,38349
2021,2217,东北电力大学,024,智能电网信息工程,3,600,42031
2021,2217,东北电力大学,025,机器人工程,4,568,77875
2021,2217,东北电力大学,026,财务管理,2,573,72086
2021,2217,东北电力大学,027,思想政治教育,5,565,81137
2021,2217,东北电力大学,028,机械类,3,564,81779
2021,2218,东北师范大学(一流学科建设高校),011,心理学(师范),1,644,9722
2021,2218,东北师范大学(一流学科建设高校),012,汉语言文学(师范),2,647,8257
2021,2218,东北师范大学(一流学科建设高校),013,历史学(师范),2,646,8812
2021,2218,东北师范大学(一流学科建设高校),014,英语(师范),1,647,8385
2021,2218,东北师范大学(一流学科建设高校),015,日语(师范),2,635,14517
2021,2218,东北师范大学(一流学科建设高校),016,化学(师范),2,642,10408
2021,2218,东北师范大学(一流学科建设高校),017,经济学类,8,631,16763
2021,2218,东北师范大学(一流学科建设高校),018,马克思主义理论类,6,643,10314
2021,2218,东北师范大学(一流学科建设高校),019,数学类,2,641,11259
2021,2218,东北师范大学(一流学科建设高校),020,计算机类,4,621,23831
2021,2218,东北师范大学(一流学科建设高校),021,物理学类,3,634,14794
2021,2218,东北师范大学(一流学科建设高校),022,环境科学与工程类,4,624,21812
2021,2218,东北师范大学(一流学科建设高校),023,新闻传播学类,2,638,12641
2021,2219,长春人文学院(民办),007,英语,4,517,136854
2021,2219,长春人文学院(民办),008,翻译,4,523,129025
2021,2219,长春人文学院(民办),009,商务英语,4,509,145690
2021,2219,长春人文学院(民办),010,日语,2,527,125331
2021,2219,长春人文学院(民办),011,俄语,2,509,145261
2021,2219,长春人文学院(民办),012,朝鲜语,3,509,145235
2021,2219,长春人文学院(民办),013,工商管理,6,508,146412
2021,2219,长春人文学院(民办),014,金融学,4,525,126935
2021,2219,长春人文学院(民办),015,社会工作,7,514,139439
2021,2219,长春人文学院(民办),016,护理学,42,523,129127
2021,2219,长春人文学院(民办),017,健康服务与管理,6,513,140798
2021,2219,长春人文学院(民办),018,康复治疗学,16,523,129436
2021,2219,长春人文学院(民办),019,汉语国际教育,2,534,116474
2021,2219,长春人文学院(民办),020,法学,4,532,118635
2021,2219,长春人文学院(民办),023,数学与应用数学,2,507,147435
2021,2219,长春人文学院(民办),024,会计学,2,537,113165
2021,2220,吉林大学(一流大学建设高校),001,哲学,2,647,8213
2021,2220,吉林大学(一流大学建设高校),002,新闻传播学类,2,650,7362
2021,2220,吉林大学(一流大学建设高校),004,日语,2,650,7176
2021,2220,吉林大学(一流大学建设高校),006,经济学类(经济学院),3,650,7261
2021,2220,吉林大学(一流大学建设高校),007,法学,4,656,4996
2021,2220,吉林大学(一流大学建设高校),008,政治学与行政学,2,650,7262
2021,2220,吉林大学(一流大学建设高校),009,外交学,2,650,7358
2021,2220,吉林大学(一流大学建设高校),010,工商管理类(管理学院),6,646,8764
2021,2220,吉林大学(一流大学建设高校),011,数学类,4,645,8993
2021,2220,吉林大学(一流大学建设高校),012,物理学类,7,642,10633
2021,2220,吉林大学(一流大学建设高校),013,化学类,5,644,9849
2021,2220,吉林大学(一流大学建设高校),014,生物工程类,4,639,11977
2021,2220,吉林大学(一流大学建设高校),015,机械类,8,637,13122
2021,2220,吉林大学(一流大学建设高校),016,车辆工程,4,638,12697
2021,2220,吉林大学(一流大学建设高校),017,能源与动力工程,3,636,13527
2021,2220,吉林大学(一流大学建设高校),018,材料类,5,634,14612
2021,2220,吉林大学(一流大学建设高校),019,交通运输类,2,637,13068
2021,2220,吉林大学(一流大学建设高校),020,农业机械化及其自动化,2,634,14639
2021,2220,吉林大学(一流大学建设高校),021,仿生科学与工程,3,635,14357
2021,2220,吉林大学(一流大学建设高校),022,食品科学与工程类,2,640,11597
2021,2220,吉林大学(一流大学建设高校),023,电子信息类,10,640,11789
2021,2220,吉林大学(一流大学建设高校),024,通信工程,10,638,12356
2021,2220,吉林大学(一流大学建设高校),025,自动化类,5,640,11754
2021,2220,吉林大学(一流大学建设高校),026,计算机类,11,643,9938
2021,2220,吉林大学(一流大学建设高校),027,软件工程,5,642,10550
2021,2220,吉林大学(一流大学建设高校),028,数据科学与大数据技术,2,642,10393
2021,2220,吉林大学(一流大学建设高校),029,仪器类,8,635,14018
2021,2220,吉林大学(一流大学建设高校),030,地质类,5,634,14788
2021,2220,吉林大学(一流大学建设高校),031,土木类,4,636,13496
2021,2220,吉林大学(一流大学建设高校),032,水利类,3,637,13099
2021,2220,吉林大学(一流大学建设高校),033,临床医学(一院),2,653,6209
2021,2220,吉林大学(一流大学建设高校),034,临床医学(二院),2,652,6656
2021,2220,吉林大学(一流大学建设高校),035,临床医学(三院),2,648,7780
2021,2221,吉林动画学院(民办),009,网络与新媒体,4,523,129814
2021,2221,吉林动画学院(民办),010,广告学,9,514,139976
2021,2221,吉林动画学院(民办),011,市场营销,6,513,140304
2021,2221,吉林动画学院(民办),012,文化产业管理,7,514,139297
2021,2221,吉林动画学院(民办),013,互联网金融,4,515,138150
2021,2221,吉林动画学院(民办),014,数字媒体技术,3,502,152775
2021,2222,吉林工程技术师范学院,001,国际经济与贸易,1,551,97323
2021,2222,吉林工程技术师范学院,002,机械设计制造及其自动化(师范),5,531,119925
2021,2222,吉林工程技术师范学院,501,大数据与会计,2,508,146779
2021,2222,吉林工程技术师范学院,502,空中乘务,5,495,
2021,2222,吉林工程技术师范学院,503,电气自动化技术,3,501,153548
2021,2222,吉林工程技术师范学院,504,电子商务,3,504,150870
2021,2222,吉林工程技术师范学院,505,计算机应用技术,2,504,151054
2021,2223,吉林工商学院,001,经济学,3,552,95795
2021,2223,吉林工商学院,002,金融学,4,553,94894
2021,2223,吉林工商学院,003,日语,3,552,96632
2021,2223,吉林工商学院,004,广告学,5,552,96241
2021,2223,吉林工商学院,005,机械设计制造及其自动化,3,530,120940
2021,2223,吉林工商学院,006,机械电子工程,4,526,126446
2021,2223,吉林工商学院,007,计算机科学与技术,4,529,122665
2021,2223,吉林工商学院,008,食品科学与工程,4,550,98524
2021,2223,吉林工商学院,009,食品质量与安全,3,548,100901
2021,2223,吉林工商学院,010,生物工程,3,547,102352
2021,2223,吉林工商学院,011,工商管理,5,547,101664
2021,2223,吉林工商学院,012,会计学,5,555,92396
2021,2223,吉林工商学院,013,人力资源管理,5,549,99669
2021,2223,吉林工商学院,014,物流管理,5,545,104011
2021,2223,吉林工商学院,015,酒店管理,4,547,102340
2021,2225,吉林外国语大学(民办),002,国际经济与贸易,4,539,110789
2021,2225,吉林外国语大学(民办),003,国际经贸规则,4,534,117243
2021,2225,吉林外国语大学(民办),004,教育学类,9,545,104403
2021,2225,吉林外国语大学(民办),005,学前教育,7,541,108491
2021,2225,吉林外国语大学(民办),006,汉语言文学,6,548,100509
2021,2225,吉林外国语大学(民办),007,汉语国际教育,4,540,109755
2021,2225,吉林外国语大学(民办),008,英语(英德双语),4,546,103571
2021,2225,吉林外国语大学(民办),009,英语(英法双语),4,547,102212
2021,2225,吉林外国语大学(民办),010,英语(英西班牙双语),4,554,94202
2021,2225,吉林外国语大学(民办),011,俄语,5,537,113008
2021,2225,吉林外国语大学(民办),012,阿拉伯语,4,532,119388
2021,2225,吉林外国语大学(民办),013,日语,7,539,111511
2021,2225,吉林外国语大学(民办),014,波斯语,3,518,135755
2021,2225,吉林外国语大学(民办),015,朝鲜语,9,505,149646
2021,2225,吉林外国语大学(民办),016,印度尼西亚语,3,529,123017
2021,2225,吉林外国语大学(民办),017,泰语,3,516,137270
2021,2225,吉林外国语大学(民办),018,波兰语,3,526,126207
2021,2225,吉林外国语大学(民办),019,葡萄牙语,4,534,117173
2021,2225,吉林外国语大学(民办),020,希腊语,3,521,132110
2021,2225,吉林外国语大学(民办),021,意大利语,4,536,115073
2021,2225,吉林外国语大学(民办),022,翻译,6,546,103566
2021,2225,吉林外国语大学(民办),023,新闻传播学类,6,541,108730
2021,2225,吉林外国语大学(民办),024,人工智能,4,495,
2021,2225,吉林外国语大学(民办),025,工商管理类,5,532,119590
2021,2225,吉林外国语大学(民办),026,会计学,6,535,115524
2021,2225,吉林外国语大学(民办),027,电子商务,6,531,120802
2021,2225,吉林外国语大学(民办),028,旅游管理类,4,530,121989
2021,2225,吉林外国语大学(民办),029,金融学(中外合作办学),6,525,127467
2021,2225,吉林外国语大学(民办),030,德语(中外合作办学),6,528,123800
2021,2225,吉林外国语大学(民办),031,西班牙语(中外合作办学),6,504,151162
2021,2225,吉林外国语大学(民办),032,汉语言文学,2,552,95550
2021,2225,吉林外国语大学(民办),033,法语,4,542,108386
2021,2226,吉林化工学院,001,化学工程与工艺,3,552,95628
2021,2226,吉林化工学院,002,轻化工程,1,552,96031
2021,2226,吉林化工学院,003,油气储运工程,1,554,94059
2021,2226,吉林化工学院,004,工业设计,1,525,127672
2021,2226,吉林化工学院,005,机械设计制造及其自动化,1,533,118100
2021,2226,吉林化工学院,006,过程装备与控制工程,1,526,125586
2021,2226,吉林化工学院,007,自动化,1,534,116303
2021,2226,吉林化工学院,008,计算机科学与技术,1,544,105184
2021,2226,吉林化工学院,009,化学,1,550,98446
2021,2226,吉林化工学院,010,应用化学,1,552,96591
2021,2226,吉林化工学院,011,制药工程,1,552,96264
2021,2226,吉林化工学院,012,药物制剂,1,552,95967
2021,2226,吉林化工学院,013,安全工程,1,531,120625
2021,2226,吉林化工学院,014,给排水科学与工程,1,525,126929
2021,2226,吉林化工学院,015,环境工程,1,548,101218
2021,2226,吉林化工学院,016,会计学,1,556,90904
2021,2226,吉林化工学院,017,市场营销,2,545,103951
2021,2226,吉林化工学院,018,物流工程,1,551,96854
2021,2226,吉林化工学院,019,英语,1,555,92747
2021,2226,吉林化工学院,020,日语,1,550,98421
2021,2226,吉林化工学院,021,材料物理,2,547,102345
2021,2226,吉林化工学院,022,食品科学与工程,2,548,100340
2021,2226,吉林化工学院,501,机械制造及自动化,12,496,158476
2021,2226,吉林化工学院,502,机电一体化技术,7,495,
2021,2226,吉林化工学院,503,汽车制造与试验技术,7,495,
2021,2226,吉林化工学院,504,汽车技术服务与营销,4,495,
2021,2227,吉林建筑大学,001,建筑学,2,584,58517
2021,2227,吉林建筑大学,002,城乡规划,2,571,74089
2021,2227,吉林建筑大学,003,土木工程,8,530,121421
2021,2227,吉林建筑大学,004,工程力学,2,526,125674
2021,2227,吉林建筑大学,005,机械工程,2,534,116509
2021,2227,吉林建筑大学,006,城市地下空间工程,2,524,127882
2021,2227,吉林建筑大学,007,土木工程(中外合作办学),4,520,132937
2021,2227,吉林建筑大学,008,建筑环境与能源应用工程,4,529,122281
2021,2227,吉林建筑大学,009,给排水科学与工程,3,534,116437
2021,2227,吉林建筑大学,010,环境工程,2,518,134835
2021,2227,吉林建筑大学,011,环境科学,3,511,143082
2021,2227,吉林建筑大学,012,安全工程,2,528,123314
2021,2227,吉林建筑大学,013,无机非金属材料工程,3,495,
2021,2227,吉林建筑大学,014,高分子材料与工程,2,544,104974
2021,2227,吉林建筑大学,015,材料化学,2,499,155448
2021,2227,吉林建筑大学,016,工程管理,2,536,114599
2021,2227,吉林建筑大学,017,物流管理,2,554,93232
2021,2227,吉林建筑大学,018,财务管理,2,561,85638
2021,2227,吉林建筑大学,019,城市管理,2,560,86344
2021,2227,吉林建筑大学,020,社会工作,2,555,92834
2021,2227,吉林建筑大学,021,工程管理(中外合作办学),2,526,126533
2021,2227,吉林建筑大学,022,道路桥梁与渡河工程,2,534,116550
2021,2227,吉林建筑大学,023,交通工程,4,527,125062
2021,2227,吉林建筑大学,024,电气类,6,534,116738
2021,2227,吉林建筑大学,025,电子信息类,4,539,111475
2021,2227,吉林建筑大学,026,计算机类,5,547,101431
2021,2227,吉林建筑大学,027,测绘工程,2,535,115678
2021,2227,吉林建筑大学,028,地理信息科学,2,540,110199
2021,2227,吉林建筑大学,029,风景园林,2,567,78172
2021,2227,吉林建筑大学,032,工程造价,2,542,107523
2021,2227,吉林建筑大学,033,遥感科学与技术,2,538,112107
2021,2227,吉林建筑大学,034,勘查技术与工程,2,530,121187
2021,2227,吉林建筑大学,035,消防工程,2,550,98104
2021,2228,吉林建筑科技学院(民办),001,建筑学,16,525,127176
2021,2228,吉林建筑科技学院(民办),002,城乡规划,16,520,133300
2021,2228,吉林建筑科技学院(民办),003,土木工程,6,495,
2021,2228,吉林建筑科技学院(民办),004,城市地下空间工程,2,495,
2021,2228,吉林建筑科技学院(民办),006,交通工程,2,526,125799
2021,2228,吉林建筑科技学院(民办),008,建筑环境与能源应用工程,2,495,159536
2021,2228,吉林建筑科技学院(民办),010,能源与动力工程,4,524,128638
2021,2228,吉林建筑科技学院(民办),011,环境工程,5,520,132550
2021,2228,吉林建筑科技学院(民办),012,新能源科学与工程,2,530,121486
2021,2228,吉林建筑科技学院(民办),019,财务管理,18,511,142913
2021,2228,吉林建筑科技学院(民办),020,资产评估,20,510,144062
2021,2228,吉林建筑科技学院(民办),021,审计学,18,513,141243
2021,2228,吉林建筑科技学院(民办),022,英语,4,516,137784
2021,2228,吉林建筑科技学院(民办),027,风景园林,10,518,135133
2021,2229,长春建筑学院(民办),001,广告学,8,514,139709
2021,2229,长春建筑学院(民办),002,土木工程,6,495,
2021,2229,长春建筑学院(民办),003,测绘工程,6,518,135572
2021,2229,长春建筑学院(民办),004,交通工程,4,515,138269
2021,2229,长春建筑学院(民办),005,建筑学,8,523,129760
2021,2229,长春建筑学院(民办),006,城乡规划,8,516,137750
2021,2229,长春建筑学院(民办),007,风景园林,8,517,136783
2021,2229,长春建筑学院(民办),009,园林,6,516,137158
2021,2229,长春建筑学院(民办),010,康复治疗学,8,517,135929
2021,2229,长春建筑学院(民办),011,护理学,8,523,129570
2021,2229,长春建筑学院(民办),012,房地产开发与管理,3,495,
2021,2229,长春建筑学院(民办),013,健康服务与管理,4,514,139296
2021,2229,长春建筑学院(民办),014,工商管理,10,512,141692
2021,2229,长春建筑学院(民办),015,财务管理,10,512,141738
2021,2229,长春建筑学院(民办),016,文化产业管理,8,514,139739
2021,2229,长春建筑学院(民办),017,电子商务,10,513,140681
2021,2231,吉林农业大学,001,植物生产类,6,553,95465
2021,2231,吉林农业大学,002,工商管理类,7,556,91630
2021,2231,吉林农业大学,003,自然保护与环境生态类,4,554,93540
2021,2231,吉林农业大学,004,机械类,8,538,112525
2021,2231,吉林农业大学,005,动物生产类,3,555,92151
2021,2231,吉林农业大学,006,中药学类,2,563,82939
2021,2231,吉林农业大学,007,食品科学与工程类,7,555,92263
2021,2231,吉林农业大学,008,社会学类,5,555,93037
2021,2231,吉林农业大学,009,生物工程类,4,556,91837
2021,2231,吉林农业大学,010,计算机类,8,547,101614
2021,2231,吉林农业大学,011,植物生产类,2,551,97027
2021,2231,吉林农业大学,012,电子信息科学与技术,2,549,99700
2021,2231,吉林农业大学,013,风景园林,4,562,84726
2021,2231,吉林农业大学,014,英语,2,571,73857
2021,2231,吉林农业大学,016,动物医学,5,565,81040
2021,2231,吉林农业大学,017,农药化肥,5,552,96021
2021,2231,吉林农业大学,018,传播学,8,559,87331
2021,2231,吉林农业大学,019,思想政治教育,5,557,89866
2021,2231,吉林农业大学,020,生物信息学,4,551,97487
2021,2231,吉林农业大学,021,生物技术(中外合作办学),10,545,104801
2021,2231,吉林农业大学,022,动物科学(中外合作办学),5,544,105715
2021,2232,长春科技学院(民办),003,应用化学,8,524,128256
2021,2232,长春科技学院(民办),004,生物工程,5,528,123413
2021,2232,长春科技学院(民办),005,环境工程,1,526,125507
2021,2232,长春科技学院(民办),006,中药学,5,534,116636
2021,2232,长春科技学院(民办),007,动物医学,3,544,105316
2021,2232,长春科技学院(民办),008,食品科学与工程类,20,517,136486
2021,2232,长春科技学院(民办),009,园林,4,517,135851
2021,2232,长春科技学院(民办),010,眼视光学,20,526,126272
2021,2232,长春科技学院(民办),011,中医学,24,534,116641
2021,2232,长春科技学院(民办),012,护理学,8,532,118908
2021,2232,长春科技学院(民办),013,康复治疗学,3,532,118828
2021,2232,长春科技学院(民办),014,建筑学,3,495,
2021,2232,长春科技学院(民办),015,风景园林,1,524,128679
2021,2232,长春科技学院(民办),016,人力资源管理,4,519,133577
2021,2232,长春科技学院(民办),017,国际经济与贸易,3,515,139083
2021,2232,长春科技学院(民办),018,电子商务,6,520,133227
2021,2232,长春科技学院(民办),019,财务管理,18,512,142227
2021,2232,长春科技学院(民办),020,英语,4,516,136920
2021,2232,长春科技学院(民办),021,朝鲜语,8,512,142386
2021,2232,长春科技学院(民办),022,日语,5,513,140464
2021,2232,长春科技学院(民办),023,汉语国际教育,4,521,131964
2021,2232,长春科技学院(民办),024,工商管理类,9,511,142764
2021,2232,长春科技学院(民办),025,机械类,1,516,137738
2021,2232,长春科技学院(民办),026,土木类,1,495,159525
2021,2232,长春科技学院(民办),027,金融学类,12,512,141750
2021,2232,长春科技学院(民办),028,计算机类,2,495,
2021,2232,长春科技学院(民办),501,口腔医学,50,495,
2021,2232,长春科技学院(民办),502,护理,10,495,
2021,2232,长春科技学院(民办),504,动物医学,5,495,
2021,2233,吉林农业科技学院,001,智能制造工程,2,531,120657
2021,2233,吉林农业科技学院,002,电气工程及其自动化,2,530,121114
2021,2233,吉林农业科技学院,003,数据科学与大数据技术,2,530,121132
2021,2233,吉林农业科技学院,004,土木工程,2,533,117406
2021,2233,吉林农业科技学院,005,制药工程,4,550,98662
2021,2233,吉林农业科技学院,006,动物医学,3,557,89806
2021,2233,吉林农业科技学院,007,园林,4,545,104304
2021,2233,吉林农业科技学院,008,中药学类,4,552,96367
2021,2233,吉林农业科技学院,009,工商管理类,6,547,102268
2021,2233,吉林农业科技学院,010,食品科学与工程类,4,549,99580
2021,2233,吉林农业科技学院,011,计算机类,2,525,127117
2021,2233,吉林农业科技学院,501,现代农业技术,4,509,144760
2021,2233,吉林农业科技学院,502,食品检验检测技术,4,500,155327
2021,2233,吉林农业科技学院,503,畜牧兽医,4,499,155587
2021,2233,吉林农业科技学院,504,现代移动通信技术,4,495,159913
2021,2233,吉林农业科技学院,505,中药学,4,510,144239
2021,2233,吉林农业科技学院,506,大数据与会计,5,498,157371
2021,2234,吉林师范大学,001,旅游管理,3,553,94486
2021,2234,吉林师范大学,002,新闻学,4,567,78306
2021,2234,吉林师范大学,003,编辑出版学,4,560,87016
2021,2234,吉林师范大学,004,工商管理类,6,558,89078
2021,2234,吉林师范大学,005,环境科学,4,559,88152
2021,2234,吉林师范大学,006,金融学,3,564,82284
2021,2234,吉林师范大学,007,法学,4,576,68642
2021,2235,吉林师范大学博达学院(独立学院),001,信息工程,2,495,
2021,2235,吉林师范大学博达学院(独立学院),002,电子信息工程,3,495,
2021,2235,吉林师范大学博达学院(独立学院),005,食品科学与工程,2,528,123972
2021,2235,吉林师范大学博达学院(独立学院),006,食品质量与安全,2,526,125583
2021,2235,吉林师范大学博达学院(独立学院),007,数据科学与大数据技术,4,495,
2021,2235,吉林师范大学博达学院(独立学院),011,商务英语,4,516,137127
2021,2235,吉林师范大学博达学院(独立学院),012,法语,5,513,140433
2021,2235,吉林师范大学博达学院(独立学院),013,德语,6,513,141140
2021,2235,吉林师范大学博达学院(独立学院),014,日语,3,525,127458
2021,2235,吉林师范大学博达学院(独立学院),015,市场营销,4,514,139555
2021,2235,吉林师范大学博达学院(独立学院),016,财务管理,19,512,141389
2021,2235,吉林师范大学博达学院(独立学院),017,社会工作,6,517,135944
2021,2235,吉林师范大学博达学院(独立学院),018,人力资源管理,5,520,133177
2021,2236,吉林司法警官职业学院,501,法律事务,15,495,
2021,2238,吉林铁道职业技术学院,501,铁道交通运营管理,8,495,
2021,2239,吉林医药学院,001,临床医学,14,563,83350
2021,2239,吉林医药学院,002,医学影像学,8,564,81780
2021,2239,吉林医药学院,003,预防医学,8,560,86785
2021,2239,吉林医药学院,004,药学,6,554,93723
2021,2239,吉林医药学院,005,药物制剂,2,553,95187
2021,2239,吉林医药学院,006,医学检验技术,6,559,87798
2021,2239,吉林医药学院,007,医学影像技术,3,564,81534
2021,2239,吉林医药学院,008,康复治疗学,3,554,93654
2021,2239,吉林医药学院,009,口腔医学技术,2,563,82887
2021,2239,吉林医药学院,010,卫生检验与检疫,2,551,96818
2021,2239,吉林医药学院,011,护理学,8,556,91261
2021,2239,吉林医药学院,012,生物技术,3,550,98139
2021,2239,吉林医药学院,013,应用心理学,3,557,90568
2021,2239,吉林医药学院,014,医学信息工程,2,530,121895
2021,2239,吉林医药学院,015,生物医学工程,2,555,92940
2021,2239,吉林医药学院,016,食品质量与安全,2,549,99550
2021,2239,吉林医药学院,017,生物制药,2,552,95828
2021,2239,吉林医药学院,018,生物制药(中外合作办学),6,542,108088
2021,2239,吉林医药学院,019,信息管理与信息系统,2,530,121725
2021,2239,吉林医药学院,020,市场营销,2,549,99662
2021,2239,吉林医药学院,021,公共事业管理,2,549,98974
2021,2239,吉林医药学院,022,健康服务与管理,2,553,95193
2021,2239,吉林医药学院,501,临床医学,5,535,116168
2021,2239,吉林医药学院,502,口腔医学,5,546,102630
2021,2239,吉林医药学院,503,护理,9,513,140282
2021,2239,吉林医药学院,504,药学,6,513,140364
2021,2239,吉林医药学院,505,医学检验技术,5,511,143319
2021,2239,吉林医药学院,506,医学影像技术,5,511,142601
2021,2241,通化师范学院,001,学前教育(师范),5,557,89747
2021,2241,通化师范学院,002,汉语言文学(师范),5,563,83492
2021,2241,通化师范学院,003,汉语国际教育(师范),3,559,88163
2021,2241,通化师范学院,004,英语(师范),3,563,83495
2021,2241,通化师范学院,005,日语,2,549,99124
2021,2241,通化师范学院,006,朝鲜语,3,549,99943
2021,2241,通化师范学院,007,物理学(师范),6,531,119804
2021,2241,通化师范学院,008,化学(师范),7,553,94637
2021,2241,通化师范学院,009,应用化学,3,544,105228
2021,2241,通化师范学院,010,地理科学(师范),2,563,83008
2021,2241,通化师范学院,011,生物科学(师范),2,563,82974
2021,2241,通化师范学院,012,生物技术,2,549,99199
2021,2241,通化师范学院,013,计算机科学与技术,2,533,117806
2021,2242,延边大学(一流学科建设高校),001,朝鲜语,2,611,32209
2021,2242,延边大学(一流学科建设高校),002,中国语言文学类,2,622,23099
2021,2242,延边大学(一流学科建设高校),003,法学,2,625,20707
2021,2242,延边大学(一流学科建设高校),004,电子信息类,4,604,38068
2021,2242,延边大学(一流学科建设高校),005,机械类,2,603,39259
2021,2242,延边大学(一流学科建设高校),006,高分子材料与工程,2,605,37580
2021,2242,延边大学(一流学科建设高校),007,工商管理类,4,607,35122
2021,2242,延边大学(一流学科建设高校),008,经济学类,4,610,32979
2021,2242,延边大学(一流学科建设高校),009,药学类,2,601,40784
2021,2242,延边大学(一流学科建设高校),010,临床医学,3,617,26395
2021,2242,延边大学(一流学科建设高校),011,麻醉学,2,605,37173
2021,2244,白城师范学院,001,思想政治教育(师范),2,563,82501
2021,2244,白城师范学院,002,小学教育(师范),2,567,77982
2021,2244,白城师范学院,003,学前教育(师范),2,559,88085
2021,2244,白城师范学院,004,汉语言文学(师范),2,567,78397
2021,2244,白城师范学院,005,英语(师范),3,567,78547
2021,2244,白城师范学院,006,物理学(师范),2,533,118404
2021,2244,白城师范学院,007,化学(师范),2,558,88796
2021,2244,白城师范学院,008,生物科学(师范),2,567,79024
2021,2244,白城师范学院,009,地理科学(师范),3,560,86260
2021,2244,白城师范学院,010,法学,2,557,90648
2021,2244,白城师范学院,011,广播电视学,2,553,95417
2021,2244,白城师范学院,012,机械设计制造及其自动化,2,524,128696
2021,2244,白城师范学院,013,机械电子工程,2,525,127431
2021,2244,白城师范学院,014,财务管理,2,551,97280
2021,2245,长春中医药大学,001,中医学,2,601,41395
2021,2245,长春中医药大学,002,中医学(5+3一体化),2,614,29472
2021,2245,长春中医药大学,003,针灸推拿学,2,585,58480
2021,2245,长春中医药大学,004,中西医临床医学,2,596,46049
2021,2301,大庆师范学院,001,经济与金融,3,550,97799
2021,2301,大庆师范学院,002,汉语国际教育,4,555,92943
2021,2301,大庆师范学院,003,小学教育(师范),18,560,86798
2021,2301,大庆师范学院,004,数学与应用数学(师范),7,534,116591
2021,2301,大庆师范学院,005,汉语言文学(师范),8,560,86753
2021,2302,东北石油大学,001,建筑学,1,579,64777
2021,2302,东北石油大学,002,测控技术与仪器,1,552,96183
2021,2302,东北石油大学,003,电气工程及其自动化,1,562,84082
2021,2302,东北石油大学,004,过程装备与控制工程,1,553,94814
2021,2302,东北石油大学,005,化学,1,561,85215
2021,2302,东北石油大学,006,化学工程与工艺,1,564,82269
2021,2302,东北石油大学,007,机械设计制造及其自动化,1,557,89970
2021,2302,东北石油大学,008,教育技术学,1,554,93502
2021,2302,东北石油大学,009,土木工程,1,555,92134
2021,2302,东北石油大学,010,应用统计学,1,551,97732
2021,2302,东北石油大学,011,油气储运工程,1,537,113255
2021,2302,东北石油大学,012,新能源材料与器件,1,540,110377
2021,2302,东北石油大学,013,计算机类,1,570,75272
2021,2302,东北石油大学,014,数据科学与大数据技术,1,552,96250
2021,2302,东北石油大学,015,化学工程与工艺（本硕连读班）,1,576,67723
2021,2303,东北林业大学(一流学科建设高校),001,林学类,5,609,33254
2021,2303,东北林业大学(一流学科建设高校),002,木材科学与工程,4,597,44779
2021,2303,东北林业大学(一流学科建设高校),003,材料类,2,610,32999
2021,2303,东北林业大学(一流学科建设高校),004,工业工程,3,600,42195
2021,2303,东北林业大学(一流学科建设高校),005,机械类(机电),4,600,42248
2021,2303,东北林业大学(一流学科建设高校),006,生物科学类,4,611,32085
2021,2303,东北林业大学(一流学科建设高校),007,园林,3,617,26559
2021,2303,东北林业大学(一流学科建设高校),008,风景园林,3,616,27396
2021,2303,东北林业大学(一流学科建设高校),009,土木工程,5,600,41567
2021,2303,东北林业大学(一流学科建设高校),010,建筑环境与能源应用工程,2,599,43005
2021,2303,东北林业大学(一流学科建设高校),011,交通运输类,4,598,44488
2021,2303,东北林业大学(一流学科建设高校),012,机械类(车辆),3,600,42161
2021,2303,东北林业大学(一流学科建设高校),013,计算机类,4,612,30805
2021,2303,东北林业大学(一流学科建设高校),014,化学类,4,599,43360
2021,2303,东北林业大学(一流学科建设高校),015,法学,3,629,18156
2021,2303,东北林业大学(一流学科建设高校),016,英语,3,617,26894
2021,2304,东北农业大学(一流学科建设高校),001,机械类,4,601,41342
2021,2304,东北农业大学(一流学科建设高校),002,食品科学与工程类,5,606,36382
2021,2304,东北农业大学(一流学科建设高校),003,法学,3,623,21933
2021,2304,东北农业大学(一流学科建设高校),004,电气类,4,609,33160
2021,2304,东北农业大学(一流学科建设高校),005,计算机类,4,608,34394
2021,2304,东北农业大学(一流学科建设高校),006,金融学类,7,615,28794
2021,2305,黑龙江工商学院(民办),003,工商管理,9,513,140801
2021,2305,黑龙江工商学院(民办),004,市场营销,10,513,141294
2021,2305,黑龙江工商学院(民办),005,会计学,10,514,139833
2021,2305,黑龙江工商学院(民办),006,软件工程,5,495,
2021,2306,黑龙江财经学院(民办),001,金融学,6,516,137646
2021,2306,黑龙江财经学院(民办),002,国际经济与贸易,3,515,138479
2021,2306,黑龙江财经学院(民办),003,法学,3,534,116244
2021,2306,黑龙江财经学院(民办),004,英语,3,526,126559
2021,2306,黑龙江财经学院(民办),005,会计学,6,520,133258
2021,2306,黑龙江财经学院(民办),006,财务管理,4,517,135868
2021,2306,黑龙江财经学院(民办),007,审计学,3,522,130079
2021,2306,黑龙江财经学院(民办),008,资产评估,2,520,133038
2021,2308,哈尔滨工程大学(一流学科建设高校),001,海洋工程类,6,625,20419
2021,2308,哈尔滨工程大学(一流学科建设高校),002,航空航天类,6,625,20611
2021,2308,哈尔滨工程大学(一流学科建设高校),003,能源动力类,10,623,22473
2021,2308,哈尔滨工程大学(一流学科建设高校),004,自动化类,10,629,18256
2021,2308,哈尔滨工程大学(一流学科建设高校),005,水声工程,9,627,19426
2021,2308,哈尔滨工程大学(一流学科建设高校),006,计算机类,6,635,14344
2021,2308,哈尔滨工程大学(一流学科建设高校),007,机械类,7,624,21403
2021,2308,哈尔滨工程大学(一流学科建设高校),008,电子信息类,7,630,17128
2021,2308,哈尔滨工程大学(一流学科建设高校),009,金融学,3,629,17832
2021,2308,哈尔滨工程大学(一流学科建设高校),010,核工程与核技术,3,633,15484
2021,2308,哈尔滨工程大学(一流学科建设高校),011,核化工与核燃料工程,3,623,22534
2021,2308,哈尔滨工程大学(一流学科建设高校),012,船舶与海洋工程(中外合作办学),3,617,26356
2021,2308,哈尔滨工程大学(一流学科建设高校),013,自动化(中外合作办学),3,620,24610
2021,2308,哈尔滨工程大学(一流学科建设高校),014,水声工程(中外合作办学),4,613,30430
2021,2309,哈尔滨工业大学(一流大学建设高校),001,工科试验班(英才本硕博连读),2,672,1607
2021,2309,哈尔滨工业大学(一流大学建设高校),002,工科试验班(航天与自动化),26,649,7654
2021,2309,哈尔滨工业大学(一流大学建设高校),003,工科试验班(计算机与电子通信),24,652,6324
2021,2309,哈尔滨工业大学(一流大学建设高校),004,工科试验班(智能装备与先进材料),20,647,8283
2021,2309,哈尔滨工业大学(一流大学建设高校),005,工科试验班(智慧人居),6,650,7242
2021,2309,哈尔滨工业大学(一流大学建设高校),006,经济管理试验班(含AI联合培养班),12,652,6453
2021,2310,哈尔滨工业大学(威海)(一流大学建设高校),001,机械设计制造及其自动化,4,646,8865
2021,2310,哈尔滨工业大学(威海)(一流大学建设高校),002,机器人工程,2,647,8245
2021,2310,哈尔滨工业大学(威海)(一流大学建设高校),003,车辆工程,3,645,8995
2021,2310,哈尔滨工业大学(威海)(一流大学建设高校),004,智能车辆工程,4,646,8725
2021,2310,哈尔滨工业大学(威海)(一流大学建设高校),005,自动化类,6,646,8721
2021,2310,哈尔滨工业大学(威海)(一流大学建设高校),006,电子信息类,16,646,8710
2021,2310,哈尔滨工业大学(威海)(一流大学建设高校),007,计算机类,12,648,7859
2021,2310,哈尔滨工业大学(威海)(一流大学建设高校),008,软件工程,8,647,8261
2021,2310,哈尔滨工业大学(威海)(一流大学建设高校),009,材料类,2,645,9065
2021,2310,哈尔滨工业大学(威海)(一流大学建设高校),010,电气工程及其自动化,2,648,8038
2021,2310,哈尔滨工业大学(威海)(一流大学建设高校),011,新能源科学与工程,3,645,9006
2021,2310,哈尔滨工业大学(威海)(一流大学建设高校),012,数学类,6,646,8617
2021,2310,哈尔滨工业大学(威海)(一流大学建设高校),013,经济管理试验班,12,646,8664
2021,2310,哈尔滨工业大学(威海)(一流大学建设高校),014,信息管理与信息系统,5,647,8324
2021,2310,哈尔滨工业大学(威海)(一流大学建设高校),015,船舶与海洋工程(中外合作办学),5,629,18102
2021,2311,哈尔滨华德学院(民办),004,工商管理,8,514,140028
2021,2311,哈尔滨华德学院(民办),005,人力资源管理,8,514,140094
2021,2312,哈尔滨金融学院,001,金融学,2,559,87897
2021,2312,哈尔滨金融学院,002,会计学,2,558,88726
2021,2312,哈尔滨金融学院,003,计算机科学与技术,2,540,110552
2021,2312,哈尔滨金融学院,004,财务管理,4,543,106106
2021,2312,哈尔滨金融学院,005,保险学,6,546,103015
2021,2312,哈尔滨金融学院,006,投资学,4,551,97549
2021,2313,哈尔滨理工大学,001,机械电子工程,2,580,63942
2021,2313,哈尔滨理工大学,002,高分子材料与工程,2,573,71108
2021,2313,哈尔滨理工大学,003,电气工程及其自动化,2,589,53371
2021,2313,哈尔滨理工大学,004,电子信息工程,2,576,67962
2021,2313,哈尔滨理工大学,005,计算机科学与技术,2,590,52016
2021,2313,哈尔滨理工大学,006,网络工程,2,579,64480
2021,2313,哈尔滨理工大学,007,测控技术与仪器,2,571,73499
2021,2313,哈尔滨理工大学,008,通信工程,2,576,68027
2021,2313,哈尔滨理工大学,009,光电信息科学与工程,2,574,70406
2021,2313,哈尔滨理工大学,010,电子信息科学与技术,2,578,65944
2021,2313,哈尔滨理工大学,011,软件工程,4,580,63921
2021,2313,哈尔滨理工大学,012,集成电路设计与集成系统,3,572,72882
2021,2313,哈尔滨理工大学,013,电子科学与技术,2,576,67811
2021,2313,哈尔滨理工大学,014,数据科学与大数据技术,2,577,66529
2021,2313,哈尔滨理工大学,015,建筑学,2,582,61341
2021,2313,哈尔滨理工大学,016,自动化类,3,578,65537
2021,2313,哈尔滨理工大学,017,经济学类,2,564,81828
2021,2313,哈尔滨理工大学,018,化工与制药类,2,571,74141
2021,2314,哈尔滨商业大学,001,物联网工程,2,554,93558
2021,2314,哈尔滨商业大学,002,物流管理,3,560,86918
2021,2314,哈尔滨商业大学,003,物流工程,2,559,87986
2021,2314,哈尔滨商业大学,004,环境工程,2,556,91794
2021,2314,哈尔滨商业大学,005,食品科学与工程,2,554,93983
2021,2314,哈尔滨商业大学,006,食品质量与安全,2,555,92314
2021,2314,哈尔滨商业大学,007,生物工程,2,550,98707
2021,2314,哈尔滨商业大学,008,制药工程,2,562,84248
2021,2314,哈尔滨商业大学,009,电子信息工程,2,549,99080
2021,2314,哈尔滨商业大学,010,能源与动力工程,2,551,97519
2021,2314,哈尔滨商业大学,011,社会工作,1,562,84715
2021,2314,哈尔滨商业大学,015,能源动力类(英才学院),2,554,93612
2021,2314,哈尔滨商业大学,016,药学类(英才学院),2,558,89291
2021,2314,哈尔滨商业大学,017,金融学类(金融学院),2,582,61811
2021,2314,哈尔滨商业大学,018,工商管理类(商务学院),2,568,77141
2021,2314,哈尔滨商业大学,019,工商管理类(会计学院),4,576,68577
2021,2314,哈尔滨商业大学,020,财政学类(财政与公共管理学院),2,572,72970
2021,2314,哈尔滨商业大学,021,工商管理类(英才学院),3,580,63985
2021,2314,哈尔滨商业大学,022,计算机类(计算机学院),4,557,90293
2021,2315,哈尔滨师范大学,005,教育技术学(师范),2,592,50304
2021,2315,哈尔滨师范大学,006,学前教育(师范),3,586,56493
2021,2315,哈尔滨师范大学,007,数学与应用数学(师范),8,586,56873
2021,2315,哈尔滨师范大学,008,英语(师范),2,601,41070
2021,2315,哈尔滨师范大学,009,汉语言文学(师范),8,601,40626
2021,2315,哈尔滨师范大学,010,材料化学,2,548,100734
2021,2316,黑龙江外国语学院(民办),001,德语,3,516,137791
2021,2316,黑龙江外国语学院(民办),002,法语,6,514,139334
2021,2316,黑龙江外国语学院(民办),003,西班牙语,5,518,135567
2021,2316,黑龙江外国语学院(民办),004,葡萄牙语,3,514,139237
2021,2316,黑龙江外国语学院(民办),005,意大利语,4,514,139742
2021,2316,黑龙江外国语学院(民办),006,翻译,2,514,139514
2021,2316,黑龙江外国语学院(民办),007,商务英语,2,517,136157
2021,2316,黑龙江外国语学院(民办),008,阿拉伯语,5,513,140855
2021,2318,哈尔滨铁道职业技术学院,501,铁道交通运营管理,5,495,
2021,2319,哈尔滨学院,001,英语(师范),1,564,82100
2021,2319,哈尔滨学院,002,小学教育(师范),1,578,66345
2021,2319,哈尔滨学院,003,学前教育(师范),1,563,83127
2021,2319,哈尔滨学院,004,汉语言文学(师范),1,567,78097
2021,2319,哈尔滨学院,005,汉语国际教育,1,558,89452
2021,2319,哈尔滨学院,006,法学,2,568,76955
2021,2319,哈尔滨学院,007,社会工作,1,551,96848
2021,2319,哈尔滨学院,008,旅游管理,1,548,101143
2021,2319,哈尔滨学院,009,会计学,1,560,87070
2021,2319,哈尔滨学院,010,财务管理,1,553,95295
2021,2319,哈尔滨学院,011,金融学,1,561,85454
2021,2319,哈尔滨学院,012,电子信息工程,1,536,114854
2021,2319,哈尔滨学院,013,化学(师范),1,559,87442
2021,2319,哈尔滨学院,014,食品科学与工程,2,551,97163
2021,2319,哈尔滨学院,015,计算机科学与技术,2,537,112930
2021,2319,哈尔滨学院,016,软件工程,5,527,124830
2021,2319,哈尔滨学院,017,土木类,2,529,122084
2021,2320,哈尔滨医科大学,001,临床医学(5+3一体化，于维汉班),1,649,7493
2021,2320,哈尔滨医科大学,002,临床医学(5+3一体化),3,643,10346
2021,2320,哈尔滨医科大学,003,临床医学(5+3一体化，儿科学硕士),1,646,8653
2021,2320,哈尔滨医科大学,004,基础医学(伍连德班),1,637,13367
2021,2320,哈尔滨医科大学,005,基础医学,1,628,18357
2021,2320,哈尔滨医科大学,006,临床医学,5,636,13657
2021,2320,哈尔滨医科大学,007,麻醉学,1,635,14039
2021,2320,哈尔滨医科大学,008,医学影像学,2,623,22536
2021,2320,哈尔滨医科大学,009,口腔医学,1,639,12127
2021,2320,哈尔滨医科大学,010,预防医学,1,614,29047
2021,2320,哈尔滨医科大学,011,药学,2,609,33576
2021,2320,哈尔滨医科大学,012,临床药学,1,619,24926
2021,2320,哈尔滨医科大学,013,智能医学工程,2,609,33972
2021,2320,哈尔滨医科大学,014,生物信息学,1,616,27207
2021,2320,哈尔滨医科大学,015,生物医学工程,1,611,31446
2021,2320,哈尔滨医科大学,016,法学,1,605,37380
2021,2320,哈尔滨医科大学,017,医学检验技术,6,601,40861
2021,2320,哈尔滨医科大学,018,康复治疗学,5,584,59193
2021,2320,哈尔滨医科大学,019,精神医学,5,599,42991
2021,2322,黑龙江八一农垦大学,001,工业设计,2,529,122197
2021,2322,黑龙江八一农垦大学,002,动物医学,5,558,88379
2021,2322,黑龙江八一农垦大学,003,动物药学,2,551,96888
2021,2322,黑龙江八一农垦大学,004,食品科学与工程类,5,551,97561
2021,2322,黑龙江八一农垦大学,005,电子信息工程,2,531,119856
2021,2322,黑龙江八一农垦大学,006,生物科学类,4,550,98185
2021,2322,黑龙江八一农垦大学,007,制药工程,4,549,98946
2021,2322,黑龙江八一农垦大学,008,信息与计算科学,4,530,121785
2021,2322,黑龙江八一农垦大学,009,园林,2,554,93353
2021,2323,黑龙江大学,001,哲学,2,597,45332
2021,2323,黑龙江大学,002,经济学,2,592,50181
2021,2323,黑龙江大学,003,法学,2,624,21667
2021,2323,黑龙江大学,004,汉语言文学,3,609,33570
2021,2323,黑龙江大学,005,汉语国际教育,2,589,53513
2021,2323,黑龙江大学,006,英语,2,596,46413
2021,2323,黑龙江大学,007,法语,2,589,53907
2021,2323,黑龙江大学,008,日语,2,598,44503
2021,2323,黑龙江大学,009,朝鲜语,2,531,120486
2021,2323,黑龙江大学,010,翻译(英语),2,590,52370
2021,2323,黑龙江大学,011,商务英语,2,590,52161
2021,2323,黑龙江大学,012,传播学,2,590,52810
2021,2323,黑龙江大学,013,化学,2,584,59474
2021,2323,黑龙江大学,014,机械设计制造及其自动化,1,580,63513
2021,2323,黑龙江大学,015,高分子材料与工程,2,577,67316
2021,2323,黑龙江大学,016,电气工程及其自动化,2,579,64720
2021,2323,黑龙江大学,017,自动化,2,580,63866
2021,2323,黑龙江大学,018,计算机科学与技术,2,602,39884
2021,2323,黑龙江大学,019,水利水电工程,1,583,59936
2021,2323,黑龙江大学,020,制药工程,1,578,65580
2021,2323,黑龙江大学,021,食品科学与工程,1,582,61049
2021,2323,黑龙江大学,022,电子商务,2,583,59975
2021,2323,黑龙江大学,023,旅游管理,1,579,64580
2021,2323,黑龙江大学,024,生物技术,2,586,56567
2021,2323,黑龙江大学,030,外国语言文学类,2,612,31247
2021,2323,黑龙江大学,031,电子信息类,2,583,60119
2021,2323,黑龙江大学,032,土木类,2,572,72375
2021,2324,黑龙江东方学院(民办),001,经济与贸易类,10,515,138864
2021,2325,黑龙江工程学院,001,机械设计制造及其自动化,4,535,116206
2021,2325,黑龙江工程学院,002,车辆工程,3,528,123871
2021,2325,黑龙江工程学院,003,材料类,2,545,103817
2021,2325,黑龙江工程学院,004,电子信息工程,2,530,121519
2021,2325,黑龙江工程学院,005,人工智能,2,533,118069
2021,2325,黑龙江工程学院,006,计算机类,2,535,115180
2021,2325,黑龙江工程学院,007,测绘工程,2,527,124933
2021,2327,黑龙江建筑职业技术学院,511,古建筑工程技术,1,505,149314
2021,2328,黑龙江科技大学,001,电气工程及其自动化,4,540,109981
2021,2328,黑龙江科技大学,002,自动化,4,538,112097
2021,2328,黑龙江科技大学,003,电气工程与智能控制,4,540,109868
2021,2328,黑龙江科技大学,004,机械设计制造及其自动化,4,538,112164
2021,2328,黑龙江科技大学,005,通信工程,4,535,115390
2021,2328,黑龙江科技大学,006,电子信息工程,4,542,108087
2021,2328,黑龙江科技大学,007,土木工程,4,535,115848
2021,2328,黑龙江科技大学,008,建筑学,1,567,78080
2021,2328,黑龙江科技大学,009,城乡规划,1,562,84712
2021,2328,黑龙江科技大学,010,计算机科学与技术,4,548,101178
2021,2328,黑龙江科技大学,011,软件工程,4,545,104249
2021,2328,黑龙江科技大学,012,物联网工程,4,540,110317
2021,2328,黑龙江科技大学,013,数据科学与大数据技术,4,542,107868
2021,2328,黑龙江科技大学,014,数学与应用数学,4,541,108598
2021,2328,黑龙江科技大学,015,安全工程,2,530,121514
2021,2328,黑龙江科技大学,016,经济学,4,556,91356
2021,2328,黑龙江科技大学,017,公共事业管理,4,553,95276
2021,2328,黑龙江科技大学,018,英语,4,558,88895
2021,2328,黑龙江科技大学,019,思想政治教育,2,561,85838
2021,2328,黑龙江科技大学,020,汉语言文学,4,564,81807
2021,2329,黑龙江农垦职业学院,504,小学语文教育(师范),20,495,
2021,2332,黑龙江中医药大学,001,中医学(5+3一体化),2,620,24448
2021,2332,黑龙江中医药大学,002,中医学,7,601,41399
2021,2332,黑龙江中医药大学,003,中西医临床医学,2,599,43103
2021,2332,黑龙江中医药大学,004,中医骨伤科学,3,580,63076
2021,2332,黑龙江中医药大学,005,护理学,3,563,83117
2021,2332,黑龙江中医药大学,006,针灸推拿学,10,579,64731
2021,2332,黑龙江中医药大学,007,中医康复学,2,579,65048
2021,2332,黑龙江中医药大学,008,药物制剂,2,570,75088
2021,2332,黑龙江中医药大学,009,制药工程,2,565,80430
2021,2332,黑龙江中医药大学,010,生物技术,2,564,81747
2021,2332,黑龙江中医药大学,011,药学,4,571,74372
2021,2332,黑龙江中医药大学,012,中药制药,2,573,71298
2021,2333,佳木斯大学,001,医学检验技术,5,554,93336
2021,2333,佳木斯大学,002,康复治疗学,5,549,99786
2021,2333,佳木斯大学,003,预防医学,15,551,97558
2021,2333,佳木斯大学,004,健康服务与管理,5,550,98506
2021,2333,佳木斯大学,005,药学,35,542,107746
2021,2334,牡丹江大学,501,计算机应用技术,8,495,
2021,2334,牡丹江大学,502,动漫制作技术,6,499,155696
2021,2334,牡丹江大学,503,金融服务与管理,8,495,
2021,2334,牡丹江大学,504,电子商务,7,495,
2021,2334,牡丹江大学,506,影视多媒体技术,4,495,
2021,2335,牡丹江师范学院,001,经济学,3,549,99079
2021,2335,牡丹江师范学院,002,金融数学,5,547,101320
2021,2335,牡丹江师范学院,003,法学,3,555,92345
2021,2335,牡丹江师范学院,004,秘书学,3,546,103538
2021,2335,牡丹江师范学院,005,俄语,3,547,102319
2021,2335,牡丹江师范学院,006,日语,3,550,98752
2021,2335,牡丹江师范学院,007,商务英语,2,555,92912
2021,2335,牡丹江师范学院,008,广播电视学,4,549,99090
2021,2335,牡丹江师范学院,009,应用化学,3,550,97801
2021,2335,牡丹江师范学院,010,生物科学(师范),5,552,95706
2021,2335,牡丹江师范学院,011,电气工程及其自动化,3,528,123821
2021,2335,牡丹江师范学院,012,工商管理,3,548,100273
2021,2335,牡丹江师范学院,013,市场营销,3,545,104194
2021,2335,牡丹江师范学院,014,文化产业管理,3,549,99329
2021,2335,牡丹江师范学院,015,翻译(英语翻译),4,551,97450
2021,2336,牡丹江医学院,001,应用心理学,2,554,94043
2021,2336,牡丹江医学院,002,制药工程,3,548,100494
2021,2336,牡丹江医学院,003,生物医学工程,2,534,116690
2021,2336,牡丹江医学院,004,临床医学,8,565,81019
2021,2336,牡丹江医学院,005,麻醉学,4,561,85204
2021,2336,牡丹江医学院,006,医学影像学,5,554,93631
2021,2336,牡丹江医学院,007,预防医学,2,561,84944
2021,2336,牡丹江医学院,008,药学,2,555,91985
2021,2336,牡丹江医学院,009,药物制剂,2,550,98228
2021,2336,牡丹江医学院,010,医学检验技术,2,559,88139
2021,2336,牡丹江医学院,011,医学影像技术,2,550,98033
2021,2336,牡丹江医学院,012,康复治疗学,2,554,93974
2021,2336,牡丹江医学院,013,卫生检验与检疫,2,553,95341
2021,2336,牡丹江医学院,014,护理学,2,556,91563
2021,2337,齐齐哈尔大学,001,国际经济与贸易,1,560,86431
2021,2337,齐齐哈尔大学,002,法学,1,571,74361
2021,2337,齐齐哈尔大学,003,思想政治教育(师范),2,569,76448
2021,2337,齐齐哈尔大学,004,外国语言文学类,2,561,85291
2021,2337,齐齐哈尔大学,005,日语,3,553,95344
2021,2337,齐齐哈尔大学,006,广播电视学,2,558,89503
2021,2337,齐齐哈尔大学,007,机械类,5,530,121986
2021,2337,齐齐哈尔大学,008,材料类,4,550,98766
2021,2337,齐齐哈尔大学,009,电气工程及其自动化,2,543,106083
2021,2337,齐齐哈尔大学,010,电子信息类,3,537,112942
2021,2337,齐齐哈尔大学,011,人工智能,2,543,106432
2021,2337,齐齐哈尔大学,012,自动化,2,532,118640
2021,2337,齐齐哈尔大学,013,计算机类,2,543,106389
2021,2337,齐齐哈尔大学,014,物联网工程,2,531,119784
2021,2337,齐齐哈尔大学,015,数据科学与大数据技术,2,540,109922
2021,2337,齐齐哈尔大学,016,土木工程,4,535,115294
2021,2337,齐齐哈尔大学,017,化工与制药类,5,548,100782
2021,2337,齐齐哈尔大学,018,轻工类,5,545,104330
2021,2337,齐齐哈尔大学,019,食品科学与工程类,2,552,96117
2021,2337,齐齐哈尔大学,020,城乡规划,2,556,91812
2021,2337,齐齐哈尔大学,021,林学,2,550,98853
2021,2337,齐齐哈尔大学,022,园林,3,550,98857
2021,2337,齐齐哈尔大学,023,工商管理类,2,558,88345
2021,2338,齐齐哈尔医学院,001,应用心理学,1,564,81338
2021,2338,齐齐哈尔医学院,002,临床医学,9,561,85841
2021,2338,齐齐哈尔医学院,003,医学影像学,5,548,100303
2021,2338,齐齐哈尔医学院,004,精神医学,2,582,61907
2021,2338,齐齐哈尔医学院,005,预防医学,2,561,84979
2021,2338,齐齐哈尔医学院,006,医学检验技术,1,563,82821
2021,3101,东华大学(一流学科建设高校),003,材料类,6,634,14557
2021,3101,东华大学(一流学科建设高校),005,电子信息类,19,637,13050
2021,3101,东华大学(一流学科建设高校),006,纺织工程(双学士学位),2,636,13441
2021,3101,东华大学(一流学科建设高校),007,服装设计与工程,7,635,13975
2021,3101,东华大学(一流学科建设高校),011,工业设计,4,636,13627
2021,3101,东华大学(一流学科建设高校),012,功能材料,3,634,14656
2021,3101,东华大学(一流学科建设高校),013,供应链管理,3,635,14058
2021,3101,东华大学(一流学科建设高校),014,管理科学与工程类,4,636,13522
2021,3101,东华大学(一流学科建设高校),015,化学类,3,637,13275
2021,3101,东华大学(一流学科建设高校),016,环境工程(双学士学位),3,639,11866
2021,3101,东华大学(一流学科建设高校),019,机械工程,4,634,14658
2021,3101,东华大学(一流学科建设高校),020,计算机类,10,641,11186
2021,3101,东华大学(一流学科建设高校),021,经济管理试验班,19,644,9571
2021,3101,东华大学(一流学科建设高校),022,经济与贸易类,12,643,10057
2021,3101,东华大学(一流学科建设高校),023,理科试验班,4,640,11738
2021,3101,东华大学(一流学科建设高校),024,理科试验班类,6,642,10730
2021,3101,东华大学(一流学科建设高校),025,人工智能,4,640,11703
2021,3101,东华大学(一流学科建设高校),026,日语,4,644,9888
2021,3101,东华大学(一流学科建设高校),027,社会科学试验班,6,646,8811
2021,3101,东华大学(一流学科建设高校),029,数据科学与大数据技术,3,639,12162
2021,3101,东华大学(一流学科建设高校),030,数学类(金融与统计),7,638,12771
2021,3101,东华大学(一流学科建设高校),032,物理学类(光电与能源新技术),2,636,13776
2021,3101,东华大学(一流学科建设高校),033,新闻传播学类,10,645,9238
2021,3101,东华大学(一流学科建设高校),035,英语,6,644,9521
2021,3101,东华大学(一流学科建设高校),036,智能科学与技术,2,638,12523
2021,3101,东华大学(一流学科建设高校),037,智能制造工程,4,637,13261
2021,3102,复旦大学(一流大学建设高校),007,新闻传播学类(卓越新闻人才计划),3,688,254
2021,3102,复旦大学(一流大学建设高校),009,经济学类(拔尖学生培养基地),3,691,181
2021,3102,复旦大学(一流大学建设高校),010,数学类(拔尖学生培养基地),3,688,253
2021,3103,上海视觉艺术学院(民办),019,文化产业管理,5,564,82487
2021,3104,华东理工大学(一流学科建设高校),001,工科试验班(生物医药),22,638,12573
2021,3104,华东理工大学(一流学科建设高校),002,工科试验班(智慧化工),24,637,12951
2021,3104,华东理工大学(一流学科建设高校),003,生物工程类,8,638,12677
2021,3104,华东理工大学(一流学科建设高校),004,化学类,11,637,12909
2021,3104,华东理工大学(一流学科建设高校),005,药学,8,635,14375
2021,3104,华东理工大学(一流学科建设高校),006,材料类,24,634,14588
2021,3104,华东理工大学(一流学科建设高校),007,机械类(机械智能化实验班),24,637,13413
2021,3104,华东理工大学(一流学科建设高校),008,电子信息类,18,643,10033
2021,3104,华东理工大学(一流学科建设高校),009,计算机类,11,646,8929
2021,3104,华东理工大学(一流学科建设高校),010,数学类,7,645,9315
2021,3104,华东理工大学(一流学科建设高校),011,物理学类,10,639,12048
2021,3104,华东理工大学(一流学科建设高校),012,经济学类,12,647,8549
2021,3104,华东理工大学(一流学科建设高校),013,管理科学与工程类,10,640,11554
2021,3104,华东理工大学(一流学科建设高校),014,工商管理类,20,644,9793
2021,3104,华东理工大学(一流学科建设高校),015,国际经济与贸易,8,644,9665
2021,3104,华东理工大学(一流学科建设高校),016,公共管理类,8,643,10207
2021,3104,华东理工大学(一流学科建设高校),017,工业设计,4,638,12610
2021,3104,华东理工大学(一流学科建设高校),018,风景园林(景观建筑规划),4,638,12692
2021,3104,华东理工大学(一流学科建设高校),019,外国语言文学类,17,641,11013
2021,3104,华东理工大学(一流学科建设高校),020,法学,9,647,8535
2021,3104,华东理工大学(一流学科建设高校),021,电气工程及其自动化(中外合作办学)(中德合作),6,639,12144
2021,3104,华东理工大学(一流学科建设高校),022,计算机科学与技术(双学士学位项目),6,648,7953
2021,3104,华东理工大学(一流学科建设高校),023,应用化学(双学士学位项目),4,645,9019
2021,3104,华东理工大学(一流学科建设高校),025,电子信息类(智能与机器人实验班),11,644,9458
2021,3104,华东理工大学(一流学科建设高校),026,环境工程(双学士学位项目),7,637,13081
2021,3105,华东师范大学(一流大学建设高校),013,汉语言文学,2,667,2416
2021,3105,华东师范大学(一流大学建设高校),014,汉语国际教育,3,658,4675
2021,3105,华东师范大学(一流大学建设高校),015,英语,2,668,2306
2021,3105,华东师范大学(一流大学建设高校),016,翻译,2,659,4202
2021,3105,华东师范大学(一流大学建设高校),017,德语,2,656,5069
2021,3105,华东师范大学(一流大学建设高校),018,法语,2,657,4879
2021,3105,华东师范大学(一流大学建设高校),019,西班牙语,1,656,5155
2021,3105,华东师范大学(一流大学建设高校),020,日语,2,656,5128
2021,3105,华东师范大学(一流大学建设高校),021,金融学类,3,660,4102
2021,3105,华东师范大学(一流大学建设高校),022,工商管理类,3,657,4820
2021,3105,华东师范大学(一流大学建设高校),023,工商管理(中法创新实验班),2,656,5227
2021,3105,华东师范大学(一流大学建设高校),024,公共管理类,2,659,4387
2021,3105,华东师范大学(一流大学建设高校),025,新闻传播学类,2,661,3794
2021,3105,华东师范大学(一流大学建设高校),026,历史学,2,664,3160
2021,3105,华东师范大学(一流大学建设高校),027,哲学,1,660,4028
2021,3105,华东师范大学(一流大学建设高校),028,政治学与行政学(双学位),2,660,3972
2021,3105,华东师范大学(一流大学建设高校),029,马克思主义理论,1,660,4129
2021,3105,华东师范大学(一流大学建设高校),030,法学,1,662,3604
2021,3105,华东师范大学(一流大学建设高校),031,法学(双学位),2,664,3144
2021,3105,华东师范大学(一流大学建设高校),032,社会学类,2,660,4084
2021,3105,华东师范大学(一流大学建设高校),033,教育学类(师范),4,660,3957
2021,3105,华东师范大学(一流大学建设高校),034,金融学(双学位),3,661,3720
2021,3105,华东师范大学(一流大学建设高校),035,新闻学(双学位),1,661,3759
2021,3105,华东师范大学(一流大学建设高校),036,心理学类,3,656,5067
2021,3105,华东师范大学(一流大学建设高校),037,心理学(双学位),1,659,4300
2021,3105,华东师范大学(一流大学建设高校),038,数学与应用数学,3,662,3398
2021,3105,华东师范大学(一流大学建设高校),039,统计学类,4,658,4426
2021,3105,华东师范大学(一流大学建设高校),040,统计学(双学位),2,661,3863
2021,3105,华东师范大学(一流大学建设高校),041,物理学类,2,656,5002
2021,3105,华东师范大学(一流大学建设高校),042,电子信息科学与技术,3,654,5675
2021,3105,华东师范大学(一流大学建设高校),043,通信工程,3,653,6010
2021,3105,华东师范大学(一流大学建设高校),044,微电子科学与工程,2,654,5928
2021,3105,华东师范大学(一流大学建设高校),045,计算机科学与技术,11,655,5545
2021,3105,华东师范大学(一流大学建设高校),046,软件工程,15,656,5008
2021,3105,华东师范大学(一流大学建设高校),047,数据科学与大数据技术,3,657,4860
2021,3105,华东师范大学(一流大学建设高校),048,信息管理与信息系统,1,656,5021
2021,3105,华东师范大学(一流大学建设高校),049,教育技术学(双学位),2,658,4564
2021,3105,华东师范大学(一流大学建设高校),050,化学,2,656,5042
2021,3105,华东师范大学(一流大学建设高校),051,生物科学类,2,656,5154
2021,3105,华东师范大学(一流大学建设高校),052,地理科学,2,656,5177
2021,3105,华东师范大学(一流大学建设高校),053,地理信息科学,2,655,5470
2021,3105,华东师范大学(一流大学建设高校),054,人文地理与城乡规划,1,656,5194
2021,3105,华东师范大学(一流大学建设高校),055,环境科学与工程类,2,653,6095
2021,3105,华东师范大学(一流大学建设高校),056,生态学,1,655,5566
2021,3106,华东政法大学,001,法学类,45,657,4960
2021,3106,华东政法大学,002,知识产权(卓越人才实验班),6,656,5185
2021,3106,华东政法大学,003,英语(涉外法商),8,650,7207
2021,3106,华东政法大学,004,日语(涉外法商),3,648,8101
2021,3106,华东政法大学,005,翻译(涉外法商),2,650,7343
2021,3106,华东政法大学,006,社会学类,2,650,7325
2021,3106,华东政法大学,007,德语(涉外法商),3,649,7674
2021,3106,华东政法大学,008,法学类(卓越人才实验班),26,661,3724
2021,3106,华东政法大学,010,经济学类,4,650,7317
2021,3106,华东政法大学,011,公共管理类(双学位培养项目),6,655,5491
2021,3106,华东政法大学,012,新闻传播学类,2,651,6673
2021,3106,华东政法大学,013,会计学,2,649,7392
2021,3108,上海邦德职业技术学院(民办),517,数字媒体技术(虚拟现实VR设计),20,495,
2021,3109,上海财经大学(一流学科建设高校),001,会计学,2,680,737
2021,3109,上海财经大学(一流学科建设高校),002,财务管理,6,670,1856
2021,3109,上海财经大学(一流学科建设高校),003,工商管理(中外合作办学)(会计学ACCA),5,667,2512
2021,3109,上海财经大学(一流学科建设高校),004,金融学,4,678,914
2021,3109,上海财经大学(一流学科建设高校),005,保险学(保险精算),2,662,3622
2021,3109,上海财经大学(一流学科建设高校),006,金融学(中外合作办学)(银行与国际金融),4,670,1974
2021,3109,上海财经大学(一流学科建设高校),007,工商管理类,5,662,3499
2021,3109,上海财经大学(一流学科建设高校),008,国际经济与贸易,4,664,2985
2021,3109,上海财经大学(一流学科建设高校),009,经济学(中外合作办学)(数量经济),5,659,4160
2021,3109,上海财经大学(一流学科建设高校),010,经济学,3,677,1030
2021,3109,上海财经大学(一流学科建设高校),011,法学,3,658,4575
2021,3109,上海财经大学(一流学科建设高校),012,财政学类,4,668,2207
2021,3109,上海财经大学(一流学科建设高校),013,投资学,4,666,2643
2021,3109,上海财经大学(一流学科建设高校),014,公共管理类,2,656,5018
2021,3109,上海财经大学(一流学科建设高校),015,新闻学,3,655,5621
2021,3109,上海财经大学(一流学科建设高校),016,社会学(经济社会学),3,655,5492
2021,3109,上海财经大学(一流学科建设高校),017,信息管理与信息系统,2,657,4837
2021,3109,上海财经大学(一流学科建设高校),018,电子商务,2,658,4520
2021,3109,上海财经大学(一流学科建设高校),019,数据科学与大数据技术,7,657,4889
2021,3109,上海财经大学(一流学科建设高校),020,商务英语,2,655,5618
2021,3109,上海财经大学(一流学科建设高校),021,统计学类,5,664,3044
2021,3109,上海财经大学(一流学科建设高校),022,数学类,4,662,3406
2021,3110,上海城建职业学院,501,工程测量技术,3,495,
2021,3110,上海城建职业学院,503,建筑工程技术,3,495,160472
2021,3110,上海城建职业学院,504,建筑工程技术(智能建造),3,495,
2021,3110,上海城建职业学院,506,装配式建筑工程技术,3,500,154704
2021,3110,上海城建职业学院,508,给排水工程技术,3,495,
2021,3110,上海城建职业学院,509,工程造价,3,511,142656
2021,3110,上海城建职业学院,516,园林技术,3,495,
2021,3110,上海城建职业学院,518,建筑设计,3,510,144575
2021,3110,上海城建职业学院,519,建筑装饰工程技术,2,508,146658
2021,3110,上海城建职业学院,520,古建筑工程技术,3,508,146166
2021,3110,上海城建职业学院,521,文物修复与保护,3,515,139002
2021,3110,上海城建职业学院,524,供热通风与空调工程技术,3,495,
2021,3110,上海城建职业学院,525,建筑智能化工程技术,3,495,
2021,3110,上海城建职业学院,526,机电一体化技术,3,495,
2021,3110,上海城建职业学院,527,计算机应用技术,3,504,150483
2021,3110,上海城建职业学院,528,大数据技术,4,495,
2021,3110,上海城建职业学院,530,人工智能技术应用,3,495,
2021,3110,上海城建职业学院,532,会展策划与管理,2,496,158966
2021,3110,上海城建职业学院,533,社会工作,3,495,
2021,3110,上海城建职业学院,534,人力资源管理,2,506,148731
2021,3110,上海城建职业学院,536,食品质量与安全,3,499,155661
2021,3110,上海城建职业学院,537,食品检验检测技术,3,495,
2021,3110,上海城建职业学院,538,护理,3,509,145642
2021,3110,上海城建职业学院,539,医学检验技术,3,513,140767
2021,3110,上海城建职业学院,540,健康管理,3,495,
2021,3110,上海城建职业学院,542,智慧健康养老服务与管理,3,495,
2021,3110,上海城建职业学院,543,大数据与会计,2,511,142854
2021,3110,上海城建职业学院,544,国际商务,3,495,160187
2021,3110,上海城建职业学院,547,现代物流管理(铁路运输),3,495,
2021,3111,上海出版印刷高等专科学校,501,包装工程技术,4,495,
2021,3111,上海出版印刷高等专科学校,502,电子竞技运动与管理,5,495,
2021,3111,上海出版印刷高等专科学校,504,数字印刷技术,4,495,
2021,3111,上海出版印刷高等专科学校,505,印刷媒体技术,3,495,
2021,3111,上海出版印刷高等专科学校,506,出版商务(中外合作办学),8,495,
2021,3111,上海出版印刷高等专科学校,507,物联网应用技术,3,495,
2021,3111,上海出版印刷高等专科学校,509,人工智能技术应用,5,495,
2021,3111,上海出版印刷高等专科学校,510,大数据与会计,4,496,158853
2021,3111,上海出版印刷高等专科学校,511,会展策划与管理,5,495,
2021,3111,上海出版印刷高等专科学校,517,文化产业经营与管理,4,495,
2021,3111,上海出版印刷高等专科学校,518,数字图文信息处理技术,6,495,
2021,3111,上海出版印刷高等专科学校,519,数字出版,4,506,148700
2021,3111,上海出版印刷高等专科学校,523,商务英语,5,502,153109
2021,3112,上海大学(一流学科建设高校),001,历史学类,4,648,7967
2021,3112,上海大学(一流学科建设高校),002,社会学类,4,652,6450
2021,3112,上海大学(一流学科建设高校),003,日语,2,645,9110
2021,3112,上海大学(一流学科建设高校),004,国际经济与贸易(中外合作办学),14,640,11774
2021,3112,上海大学(一流学科建设高校),005,工商管理(中外合作办学),14,638,12778
2021,3112,上海大学(一流学科建设高校),006,金融学(中外合作办学),12,642,10397
2021,3112,上海大学(一流学科建设高校),007,英语,3,649,7694
2021,3112,上海大学(一流学科建设高校),008,理科试验班类,5,644,9554
2021,3112,上海大学(一流学科建设高校),009,理科试验班,5,640,11371
2021,3112,上海大学(一流学科建设高校),010,经济学类,10,648,8109
2021,3112,上海大学(一流学科建设高校),011,电气类,24,639,11807
2021,3112,上海大学(一流学科建设高校),012,通信工程(卓越工程师班),4,642,10441
2021,3112,上海大学(一流学科建设高校),013,电子信息工程(卓越工程师班),4,643,10200
2021,3112,上海大学(一流学科建设高校),014,计算机科学与技术,10,643,10072
2021,3112,上海大学(一流学科建设高校),015,材料类,8,637,13326
2021,3112,上海大学(一流学科建设高校),016,信息管理与信息系统(中外合作办学),5,635,14474
2021,3112,上海大学(一流学科建设高校),017,机械工程(中外合作办学),10,627,19096
2021,3112,上海大学(一流学科建设高校),018,信息工程(中外合作办学),28,629,17964
2021,3112,上海大学(一流学科建设高校),019,管理科学与工程类,5,638,12455
2021,3112,上海大学(一流学科建设高校),020,电影制作,5,635,14051
2021,3113,上海第二工业大学,001,智能制造工程,2,597,44723
2021,3113,上海第二工业大学,002,计算机科学与技术(卓越工程师班),2,607,35256
2021,3113,上海第二工业大学,003,智能科学与技术,2,603,38756
2021,3113,上海第二工业大学,004,数字媒体技术,2,616,27253
2021,3113,上海第二工业大学,005,数据科学与大数据技术,2,598,43990
2021,3113,上海第二工业大学,006,信用管理,2,594,48646
2021,3113,上海第二工业大学,007,财务管理,2,600,42125
2021,3113,上海第二工业大学,008,会展经济与管理,2,590,52784
2021,3113,上海第二工业大学,009,酒店管理,3,576,67763
2021,3113,上海第二工业大学,010,汉语国际教育,2,594,47733
2021,3113,上海第二工业大学,011,工业设计,2,586,56376
2021,3113,上海第二工业大学,501,应用韩语,6,514,139832
2021,3113,上海第二工业大学,502,建筑经济信息化管理,10,514,139491
2021,3113,上海第二工业大学,503,电子竞技运动与管理,8,524,128269
2021,3113,上海第二工业大学,504,酒店管理与数字化运营,3,514,139585
2021,3113,上海第二工业大学,505,国际商务,6,517,136487
2021,3113,上海第二工业大学,506,应用英语(涉外商务),6,522,131080
2021,3113,上海第二工业大学,507,计算机网络技术(中外合作办学),5,520,133466
2021,3113,上海第二工业大学,508,现代物流管理(中外合作办学),6,512,141581
2021,3114,上海电机学院,001,电气类,2,575,69701
2021,3114,上海电机学院,002,智能制造工程,2,576,68517
2021,3114,上海电机学院,003,电子信息工程,2,576,67734
2021,3114,上海电机学院,004,计算机类,3,585,58105
2021,3114,上海电机学院,005,工商管理类,3,578,66217
2021,3114,上海电机学院,006,国际经济与贸易(中外合作办学),3,573,72020
2021,3114,上海电机学院,007,经济统计学,2,577,66607
2021,3114,上海电机学院,008,经济学类,3,578,65915
2021,3114,上海电机学院,009,德语,2,576,68398
2021,3114,上海电机学院,010,英语,2,581,62209
2021,3114,上海电机学院,012,工业设计,2,576,68077
2021,3114,上海电机学院,013,光电信息科学与工程,2,572,72940
2021,3114,上海电机学院,014,机械电子工程(中外合作办学)(中德合作),2,567,78136
2021,3114,上海电机学院,015,物流管理(中外合作办学)(中德合作),2,573,71204
2021,3114,上海电机学院,501,国际商务,10,509,144759
2021,3114,上海电机学院,502,计算机应用技术,5,503,151601
2021,3115,上海电力大学,001,能源与动力工程,6,604,37967
2021,3115,上海电力大学,002,机械设计制造及其自动化,2,617,26801
2021,3115,上海电力大学,003,新能源科学与工程,2,611,31808
2021,3115,上海电力大学,004,环境工程,2,599,43489
2021,3115,上海电力大学,005,应用化学,2,600,41926
2021,3115,上海电力大学,006,电气工程及其自动化,24,627,19673
2021,3115,上海电力大学,007,能源互联网工程,2,620,24160
2021,3115,上海电力大学,008,电气工程及其自动化(中外合作办学),9,622,23007
2021,3115,上海电力大学,009,自动化,5,618,26053
2021,3115,上海电力大学,010,核电技术与控制工程,3,602,39968
2021,3115,上海电力大学,011,计算机科学与技术,3,613,29899
2021,3115,上海电力大学,012,通信工程,3,608,34073
2021,3115,上海电力大学,013,电子信息工程,2,612,31063
2021,3115,上海电力大学,014,集成电路设计与集成系统,3,610,32570
2021,3115,上海电力大学,015,工程管理,3,597,45019
2021,3115,上海电力大学,016,国际经济与贸易,2,602,40305
2021,3115,上海电力大学,017,能源服务工程,3,608,34630
2021,3115,上海电力大学,018,信息与计算科学,3,602,39828
2021,3115,上海电力大学,019,英语,2,598,44349
2021,3116,上海电影艺术职业学院(民办),507,电子竞技运动与管理(内容制作),2,497,158390
2021,3117,上海电子信息职业技术学院,501,应用英语,4,501,154170
2021,3117,上海电子信息职业技术学院,502,应用德语,6,495,
2021,3117,上海电子信息职业技术学院,503,应用电子技术,5,495,
2021,3117,上海电子信息职业技术学院,506,汽车智能技术,6,495,
2021,3117,上海电子信息职业技术学院,507,电子竞技运动与管理,5,498,156657
2021,3117,上海电子信息职业技术学院,509,软件技术,6,508,145923
2021,3117,上海电子信息职业技术学院,510,智能互联网络技术,6,495,
2021,3117,上海电子信息职业技术学院,511,大数据技术,6,498,156707
2021,3117,上海电子信息职业技术学院,512,电气自动化技术,8,495,
2021,3117,上海电子信息职业技术学院,513,会展策划与管理,4,495,
2021,3117,上海电子信息职业技术学院,514,人力资源管理,4,495,
2021,3117,上海电子信息职业技术学院,516,飞机机电设备维修,3,495,
2021,3117,上海电子信息职业技术学院,517,无人机应用技术,3,495,
2021,3117,上海电子信息职业技术学院,518,建筑智能化工程技术(楼宇智能化方向),6,495,
2021,3118,上海东海职业技术学院(民办),502,关务与外贸服务(高本贯通),10,495,
2021,3118,上海东海职业技术学院(民办),503,电子商务(高本贯通),10,495,
2021,3118,上海东海职业技术学院(民办),504,汽车检测与维修技术(高本贯通),10,495,
2021,3118,上海东海职业技术学院(民办),506,护理(高本贯通),30,495,
2021,3119,上海对外经贸大学,001,国际经济与贸易(全英语),4,638,12770
2021,3119,上海对外经贸大学,002,金融学(全英语),4,637,12888
2021,3119,上海对外经贸大学,003,国际经济与贸易,3,639,11840
2021,3119,上海对外经贸大学,004,金融学,3,643,9920
2021,3119,上海对外经贸大学,005,电子商务,4,634,14602
2021,3119,上海对外经贸大学,006,经济学(国际投资),2,642,10557
2021,3119,上海对外经贸大学,007,英语,2,641,11170
2021,3119,上海对外经贸大学,008,工商管理类,3,639,12082
2021,3119,上海对外经贸大学,009,会计学(国际会计),2,647,8401
2021,3119,上海对外经贸大学,010,财务管理,2,641,11039
2021,3119,上海对外经贸大学,011,物流管理(中外合作办学)(中澳合作),5,625,20754
2021,3119,上海对外经贸大学,012,金融学(中外合作办学)(中加合作),6,633,15447
2021,3119,上海对外经贸大学,013,法学(国际经济法),2,646,8985
2021,3119,上海对外经贸大学,014,英语(中外合作办学)(国际商务英语，中英合作),4,630,17366
2021,3119,上海对外经贸大学,015,法语(商务法语),2,632,15833
2021,3119,上海对外经贸大学,016,经济统计学,2,634,14595
2021,3119,上海对外经贸大学,017,财务管理(中外合作办学)(中加合作),2,636,13514
2021,3119,上海对外经贸大学,018,审计学(注册会计师),2,644,9827
2021,3119,上海对外经贸大学,019,国际商务(中外合作办学)(中澳合作),5,630,17328
2021,3119,上海对外经贸大学,020,资产评估,2,636,13783
2021,3119,上海对外经贸大学,021,会展经济与管理(中外合作办学)(中德合作),2,632,16287
2021,3119,上海对外经贸大学,022,国际经贸规则,7,633,15655
2021,3119,上海对外经贸大学,023,金融工程,3,637,13282
2021,3119,上海对外经贸大学,024,数据科学与大数据技术,3,635,14032
2021,3119,上海对外经贸大学,025,投资学,4,637,12976
2021,3120,上海工程技术大学,001,电子信息类,7,602,39802
2021,3120,上海工程技术大学,002,金融学,1,601,41079
2021,3120,上海工程技术大学,003,信息管理与信息系统,1,605,37062
2021,3120,上海工程技术大学,004,养老服务管理,1,612,30544
2021,3120,上海工程技术大学,009,物流管理(民航物流),2,599,42975
2021,3120,上海工程技术大学,010,交通管理,2,591,51830
2021,3120,上海工程技术大学,011,服装设计与工程,1,589,53766
2021,3120,上海工程技术大学,013,车辆工程(城市轨道交通车辆),10,581,62441
2021,3120,上海工程技术大学,014,轨道交通信号与控制,7,585,57644
2021,3120,上海工程技术大学,015,交通运输,12,582,60929
2021,3120,上海工程技术大学,016,铁道工程,2,582,61102
2021,3120,上海工程技术大学,017,光电信息科学与工程,2,599,43123
2021,3120,上海工程技术大学,018,翻译,4,592,50654
2021,3122,上海工商外国语职业学院(民办),512,学前教育,35,495,
2021,3122,上海工商外国语职业学院(民办),514,新闻采编与制作,10,495,
2021,3123,上海工艺美术职业学院,512,传播与策划,2,524,127849
2021,3123,上海工艺美术职业学院,513,美术教育,2,504,150605
2021,3125,上海海事大学,004,能源与动力工程,2,619,24974
2021,3125,上海海事大学,005,交通管理(国航),4,625,20718
2021,3125,上海海事大学,006,物流管理,2,624,21298
2021,3125,上海海事大学,007,管理科学,4,609,33512
2021,3125,上海海事大学,008,机械类,4,610,32594
2021,3125,上海海事大学,009,电气类,5,613,30469
2021,3125,上海海事大学,010,物流管理与工程类,2,622,22675
2021,3125,上海海事大学,011,机械电子工程(中外合作办学),5,588,54661
2021,3125,上海海事大学,012,电气工程与智能控制(中外合作办学),5,594,47950
2021,3125,上海海事大学,013,计算机类,8,620,24158
2021,3125,上海海事大学,014,电子信息类,10,614,28908
2021,3125,上海海事大学,015,日语,3,622,23051
2021,3125,上海海事大学,016,港口航道与海岸工程,4,613,29947
2021,3125,上海海事大学,017,船舶与海洋工程,4,603,38950
2021,3125,上海海事大学,018,材料科学与工程,2,611,32153
2021,3125,上海海事大学,019,数学类,2,618,25853
2021,3125,上海海事大学,020,行政管理,2,625,20429
2021,3125,上海海事大学,021,法学(海商法),6,637,12934
2021,3125,上海海事大学,022,经济学类,18,625,20984
2021,3125,上海海事大学,023,外国语言文学类,2,630,17481
2021,3125,上海海事大学,024,交通运输,4,616,27928
2021,3125,上海海事大学,025,交通工程,4,614,29051
2021,3127,上海海洋大学(一流学科建设高校),001,水产类,9,598,44070
2021,3127,上海海洋大学(一流学科建设高校),002,海洋渔业科学与技术,9,593,48952
2021,3127,上海海洋大学(一流学科建设高校),003,金融学,7,606,36084
2021,3127,上海海洋大学(一流学科建设高校),004,会计学,8,607,34998
2021,3127,上海海洋大学(一流学科建设高校),005,电气类,10,599,42701
2021,3127,上海海洋大学(一流学科建设高校),006,计算机类,12,607,35864
2021,3127,上海海洋大学(一流学科建设高校),007,文化产业管理,10,602,40386
2021,3127,上海海洋大学(一流学科建设高校),008,英语,7,611,32229
2021,3127,上海海洋大学(一流学科建设高校),009,日语,8,603,39383
2021,3127,上海海洋大学(一流学科建设高校),010,市场营销(中外合作办学),20,585,58411
2021,3128,上海济光职业技术学院(民办),504,风景园林设计,8,495,
2021,3128,上海济光职业技术学院(民办),525,建设工程管理(高本贯通),5,497,157964
2021,3130,上海建桥学院(民办),001,电子科学与技术,5,506,148822
2021,3130,上海建桥学院(民办),002,机械设计制造及其自动化,5,507,147002
2021,3130,上海建桥学院(民办),003,汽车服务工程,4,495,
2021,3130,上海建桥学院(民办),004,微电子科学与工程,4,505,149613
2021,3130,上海建桥学院(民办),005,计算机科学与技术,7,516,137400
2021,3130,上海建桥学院(民办),006,软件工程,5,523,129950
2021,3130,上海建桥学院(民办),007,数字媒体技术,4,513,140520
2021,3130,上海建桥学院(民办),008,数字媒体技术(双语班),4,503,151555
2021,3130,上海建桥学院(民办),009,网络工程,4,503,151846
2021,3130,上海建桥学院(民办),010,物联网工程,5,514,139866
2021,3130,上海建桥学院(民办),011,工程管理,4,504,151015
2021,3130,上海建桥学院(民办),012,宝石及材料工艺学,3,504,150610
2021,3130,上海建桥学院(民办),013,机械设计制造及其自动化(中外合作办学),3,495,160384
2021,3130,上海建桥学院(民办),014,数字媒体技术(全英语教学),2,497,157699
2021,3130,上海建桥学院(民办),015,电子商务,5,532,118740
2021,3130,上海建桥学院(民办),016,工商管理,6,534,117207
2021,3130,上海建桥学院(民办),017,国际经济与贸易,10,533,118061
2021,3130,上海建桥学院(民办),018,会计学,24,534,116245
2021,3130,上海建桥学院(民办),019,金融工程,6,538,112014
2021,3130,上海建桥学院(民办),020,旅游管理,14,523,129022
2021,3130,上海建桥学院(民办),021,物流管理,14,525,127469
2021,3130,上海建桥学院(民办),022,德语,5,528,124181
2021,3130,上海建桥学院(民办),023,日语,6,531,120470
2021,3130,上海建桥学院(民办),024,英语,12,532,119176
2021,3130,上海建桥学院(民办),025,传播学(围棋),30,519,134390
2021,3130,上海建桥学院(民办),026,广告学,5,546,102756
2021,3130,上海建桥学院(民办),027,秘书学,3,532,119425
2021,3130,上海建桥学院(民办),028,网络与新媒体,8,547,101889
2021,3130,上海建桥学院(民办),029,新闻学,10,540,110120
2021,3130,上海建桥学院(民办),030,新闻学(双语班),6,535,116151
2021,3130,上海建桥学院(民办),031,时尚传播,12,527,125433
2021,3130,上海建桥学院(民办),032,工商管理(奢侈品管理),6,526,126181
2021,3130,上海建桥学院(民办),033,学前教育,9,550,98542
2021,3130,上海建桥学院(民办),034,日语(学分互认),4,522,130676
2021,3130,上海建桥学院(民办),035,护理学,8,538,112304
2021,3130,上海建桥学院(民办),036,健康服务与管理,4,530,121955
2021,3130,上海建桥学院(民办),037,养老服务管理,15,518,135457
2021,3130,上海建桥学院(民办),501,商务日语（学分互认）,12,495,
2021,3130,上海建桥学院(民办),502,护理,2,513,140997
2021,3130,上海建桥学院(民办),503,工商企业管理,30,495,
2021,3130,上海建桥学院(民办),504,国际商务,34,495,
2021,3130,上海建桥学院(民办),505,机电一体化技术,9,495,
2021,3130,上海建桥学院(民办),506,计算机应用技术,14,495,
2021,3130,上海建桥学院(民办),507,空中乘务,21,495,
2021,3130,上海建桥学院(民办),508,旅游管理,14,495,
2021,3130,上海建桥学院(民办),509,商务日语,12,495,
2021,3130,上海建桥学院(民办),510,商务英语,27,498,157323
2021,3131,上海交通大学(一流大学建设高校),001,电子信息类(IEEE试点班，含双学士学位项目),5,687,310
2021,3131,上海交通大学(一流大学建设高校),002,人工智能(卓越人才试点班),5,687,331
2021,3131,上海交通大学(一流大学建设高校),003,金融学(含金融学计算机双学士学位项目),5,687,283
2021,3132,上海交通大学医学院(一流大学建设高校),001,临床医学(本博连读),9,683,535
2021,3132,上海交通大学医学院(一流大学建设高校),002,临床医学(本博连读，法语班),2,682,612
2021,3132,上海交通大学医学院(一流大学建设高校),003,临床医学(本博连读，口腔),4,682,591
2021,3133,上海交通职业技术学院,503,新能源汽车技术,5,495,
2021,3133,上海交通职业技术学院,505,大数据与会计,3,496,159217
2021,3133,上海交通职业技术学院,507,国际商务,4,495,
2021,3133,上海交通职业技术学院,511,道路工程造价,3,503,152008
2021,3133,上海交通职业技术学院,512,大数据技术,4,495,
2021,3133,上海交通职业技术学院,513,城市轨道车辆应用技术,5,504,151075
2021,3133,上海交通职业技术学院,514,城市轨道交通供配电技术,5,495,
2021,3133,上海交通职业技术学院,515,城市轨道交通机电技术,5,496,159166
2021,3133,上海交通职业技术学院,516,城市轨道交通通信信号技术,5,508,146161
2021,3135,上海科学技术职业学院,501,现代通信技术,6,495,
2021,3135,上海科学技术职业学院,502,信息安全技术应用,5,495,
2021,3135,上海科学技术职业学院,505,机电一体化技术,9,495,
2021,3135,上海科学技术职业学院,506,机械制造及自动化,11,495,
2021,3135,上海科学技术职业学院,509,大数据与会计,10,495,
2021,3135,上海科学技术职业学院,510,电子商务,10,495,
2021,3135,上海科学技术职业学院,512,旅游管理,8,495,
2021,3135,上海科学技术职业学院,513,应用英语,8,495,
2021,3135,上海科学技术职业学院,514,应用日语,8,495,
2021,3136,上海理工大学,001,工科试验班(智能化制造类),27,624,21287
2021,3136,上海理工大学,002,工科试验班(电子与信息类),16,629,17713
2021,3136,上海理工大学,003,工科试验班(医理工综合类),6,620,24642
2021,3136,上海理工大学,004,经济管理试验班,9,632,15768
2021,3136,上海理工大学,005,新闻传播学类,2,635,14084
2021,3136,上海理工大学,006,英语(科技翻译),2,629,17840
2021,3136,上海理工大学,007,德语,2,628,18952
2021,3136,上海理工大学,008,日语,2,630,17471
2021,3136,上海理工大学,009,英语(中外合作办学)(中美合作),6,623,21979
2021,3136,上海理工大学,010,工商管理(中外合作办学)(中英合作),2,630,17611
2021,3136,上海理工大学,011,机械设计制造及其自动化(中外合作办学),2,620,24490
2021,3136,上海理工大学,012,电气工程及其自动化(中外合作办学)(中德合作),2,619,24866
2021,3137,上海立达学院(民办),001,会计学,14,520,133406
2021,3137,上海立达学院(民办),002,财务管理,15,516,137637
2021,3137,上海立达学院(民办),003,国际商务,15,516,137932
2021,3137,上海立达学院(民办),501,工业机器人技术,15,495,
2021,3137,上海立达学院(民办),502,软件技术,30,495,
2021,3137,上海立达学院(民办),503,护理,40,495,
2021,3137,上海立达学院(民办),505,大数据与会计,30,495,
2021,3137,上海立达学院(民办),508,传播与策划,40,495,
2021,3137,上海立达学院(民办),509,商务英语,20,495,
2021,3138,上海立信会计金融学院,001,会计学,5,626,20148
2021,3138,上海立信会计金融学院,002,财务管理,5,616,27730
2021,3138,上海立信会计金融学院,003,审计学,8,618,25579
2021,3138,上海立信会计金融学院,004,金融学类,5,614,28959
2021,3138,上海立信会计金融学院,005,金融工程,3,601,40621
2021,3138,上海立信会计金融学院,006,工商管理类,8,593,49193
2021,3138,上海立信会计金融学院,007,经济学类,2,613,30202
2021,3138,上海立信会计金融学院,008,国际商务,1,618,26181
2021,3138,上海立信会计金融学院,009,财政学类,14,597,45495
2021,3138,上海立信会计金融学院,010,经济统计学,1,604,37955
2021,3138,上海立信会计金融学院,011,应用统计学,7,592,50308
2021,3138,上海立信会计金融学院,012,数学与应用数学,4,588,54742
2021,3138,上海立信会计金融学院,013,金融数学,2,600,42485
2021,3138,上海立信会计金融学院,014,信息管理与信息系统,2,597,45512
2021,3138,上海立信会计金融学院,015,计算机科学与技术,4,596,45775
2021,3138,上海立信会计金融学院,016,数据科学与大数据技术,4,599,42619
2021,3138,上海立信会计金融学院,017,商务英语,5,595,47347
2021,3138,上海立信会计金融学院,018,英语,4,595,47074
2021,3138,上海立信会计金融学院,019,精算学,3,618,25919
2021,3138,上海立信会计金融学院,020,法学,1,611,31916
2021,3138,上海立信会计金融学院,021,社会工作,1,592,50780
2021,3138,上海立信会计金融学院,022,金融科技,3,603,39134
2021,3138,上海立信会计金融学院,023,金融工程(中外合作办学)(中美合作),8,583,59703
2021,3138,上海立信会计金融学院,024,汉语言文学,2,597,45260
2021,3138,上海立信会计金融学院,501,大数据技术,6,495,
2021,3139,上海旅游高等专科学校,502,旅游英语,4,495,
2021,3139,上海旅游高等专科学校,503,应用西班牙语,3,506,148592
2021,3139,上海旅游高等专科学校,504,大数据与财务管理,2,504,150139
2021,3139,上海旅游高等专科学校,505,大数据与会计,2,508,146180
2021,3139,上海旅游高等专科学校,506,会展策划与管理,4,504,151065
2021,3139,上海旅游高等专科学校,507,电子商务,3,499,156273
2021,3139,上海旅游高等专科学校,509,全媒体广告策划与营销,3,498,156616
2021,3139,上海旅游高等专科学校,510,旅游管理,2,495,
2021,3139,上海旅游高等专科学校,511,酒店管理与数字化运营,16,495,
2021,3139,上海旅游高等专科学校,512,葡萄酒文化与营销,2,495,
2021,3139,上海旅游高等专科学校,513,餐饮智能管理,2,499,155567
2021,3139,上海旅游高等专科学校,514,西式烹饪工艺,3,505,149800
2021,3139,上海旅游高等专科学校,515,应用韩语,2,495,
2021,3139,上海旅游高等专科学校,516,中西面点工艺,2,509,144874
2021,3141,上海农林职业技术学院,501,园艺技术,6,495,
2021,3141,上海农林职业技术学院,502,风景园林设计,6,495,
2021,3141,上海农林职业技术学院,503,动物医学,6,512,141652
2021,3141,上海农林职业技术学院,507,软件技术,6,495,
2021,3143,上海杉达学院(民办),001,金融学,12,535,115672
2021,3143,上海杉达学院(民办),002,金融学(CFA),4,537,113430
2021,3143,上海杉达学院(民办),003,国际经济与贸易,10,536,114583
2021,3143,上海杉达学院(民办),004,国际经济与贸易(中外合作办学)(中美合作),16,524,128773
2021,3143,上海杉达学院(民办),005,会计学,4,537,113751
2021,3143,上海杉达学院(民办),006,会计学(双语教学),28,515,138371
2021,3143,上海杉达学院(民办),007,财务管理,10,534,116993
2021,3143,上海杉达学院(民办),008,财务管理(CIMA),4,534,116611
2021,3143,上海杉达学院(民办),009,法学,8,545,104633
2021,3143,上海杉达学院(民办),010,市场营销,10,527,124691
2021,3143,上海杉达学院(民办),011,人力资源管理,4,533,118058
2021,3143,上海杉达学院(民办),012,工程管理,4,500,154687
2021,3143,上海杉达学院(民办),013,酒店管理,4,527,125453
2021,3143,上海杉达学院(民办),014,酒店管理(双语教学),20,507,147928
2021,3143,上海杉达学院(民办),015,旅游管理,10,524,128793
2021,3143,上海杉达学院(民办),016,劳动与社会保障,4,527,124979
2021,3143,上海杉达学院(民办),017,食品质量与安全,4,531,120701
2021,3143,上海杉达学院(民办),018,英语,16,536,114966
2021,3143,上海杉达学院(民办),019,日语,14,527,124675
2021,3143,上海杉达学院(民办),020,朝鲜语,4,519,134534
2021,3143,上海杉达学院(民办),021,西班牙语,8,528,123925
2021,3143,上海杉达学院(民办),022,翻译(日语翻译),4,527,125314
2021,3143,上海杉达学院(民办),023,护理学,10,538,112277
2021,3143,上海杉达学院(民办),024,康复治疗学,4,541,108687
2021,3143,上海杉达学院(民办),025,计算机类,36,502,152826
2021,3143,上海杉达学院(民办),026,小学教育,2,563,83018
2021,3143,上海杉达学院(民办),027,学前教育,2,556,90860
2021,3143,上海杉达学院(民办),028,汉语国际教育,4,537,113628
2021,3143,上海杉达学院(民办),029,新闻学,2,544,105894
2021,3143,上海杉达学院(民办),030,新闻学(传媒经营),5,539,111447
2021,3143,上海杉达学院(民办),031,网络与新媒体,6,543,107117
2021,3143,上海杉达学院(民办),036,机械电子工程,4,507,147564
2021,3143,上海杉达学院(民办),037,建筑电气与智能化,2,498,156918
2021,3143,上海杉达学院(民办),038,旅游管理(会展策划与管理),3,527,124554
2021,3143,上海杉达学院(民办),039,时尚传播,4,532,118673
2021,3143,上海杉达学院(民办),040,电子商务类,4,535,115415
2021,3143,上海杉达学院(民办),501,机电一体化技术,20,495,
2021,3143,上海杉达学院(民办),502,智能控制技术,10,495,
2021,3143,上海杉达学院(民办),503,电气自动化技术,10,495,
2021,3143,上海杉达学院(民办),504,现代物流管理,20,495,
2021,3144,上海商学院,003,财务管理,6,591,51475
2021,3144,上海商学院,004,会计学,6,594,48419
2021,3144,上海商学院,005,金融学,6,591,51559
2021,3144,上海商学院,006,税收学,6,588,54925
2021,3144,上海商学院,007,国际经济与贸易,6,587,55923
2021,3144,上海商学院,008,商务经济学,6,587,55494
2021,3144,上海商学院,009,酒店管理(中外合作办学),5,547,101547
2021,3144,上海商学院,010,电子商务(中外合作办学),5,568,77603
2021,3145,上海师范大学,013,艺术管理,5,616,27267
2021,3145,上海师范大学,014,汉语言文学(光启实验班),2,644,9709
2021,3145,上海师范大学,015,世界史,3,634,15089
2021,3145,上海师范大学,016,人力资源管理,3,624,21589
2021,3145,上海师范大学,017,公共管理类,4,620,24153
2021,3145,上海师范大学,018,英语(师范),4,634,14739
2021,3145,上海师范大学,019,日语,4,626,20055
2021,3145,上海师范大学,020,数学与应用数学(数学金融AI实验班),6,619,24945
2021,3145,上海师范大学,021,应用物理学,4,611,31625
2021,3145,上海师范大学,022,科学教育(师范),4,625,20480
2021,3145,上海师范大学,023,园艺(中外合作办学)(中荷合作),5,577,66512
2021,3145,上海师范大学,024,化学(师范),5,624,21110
2021,3145,上海师范大学,025,地理科学(师范),5,624,21126
2021,3145,上海师范大学,026,电子信息类,7,603,39034
2021,3145,上海师范大学,027,机械设计制造及其自动化(中外合作办学)(中美合作),5,583,60098
2021,3145,上海师范大学,028,汽车服务工程(中外合作办学)(中德合作),4,576,68098
2021,3145,上海师范大学,029,电子信息工程(中外合作办学)(中美合作),5,589,53067
2021,3145,上海师范大学,030,工程管理,5,596,46543
2021,3145,上海师范大学,031,土木工程(道桥工程),5,589,53542
2021,3145,上海师范大学,032,土木工程(中外合作办学)(中英合作),6,578,65721
2021,3145,上海师范大学,033,工商管理类,4,624,21462
2021,3145,上海师范大学,034,金融学类,5,623,21960
2021,3145,上海师范大学,035,经济学(中外合作办学)(中美合作),5,609,33959
2021,3145,上海师范大学,036,广告学(中外合作办学)(中法合作),5,614,29241
2021,3145,上海师范大学,037,新闻传播学类,4,634,14875
2021,3146,上海师范大学天华学院(独立学院),001,汽车服务工程(德语教学双证),4,495,
2021,3146,上海师范大学天华学院(独立学院),002,电子信息工程,3,502,152688
2021,3146,上海师范大学天华学院(独立学院),003,通信工程,3,497,158108
2021,3146,上海师范大学天华学院(独立学院),004,人工智能,3,498,156866
2021,3146,上海师范大学天华学院(独立学院),005,网络工程,2,498,156595
2021,3146,上海师范大学天华学院(独立学院),006,应用心理学,16,531,120284
2021,3146,上海师范大学天华学院(独立学院),007,健康服务与管理,3,531,120742
2021,3146,上海师范大学天华学院(独立学院),008,国际商务,15,527,125186
2021,3146,上海师范大学天华学院(独立学院),009,财务管理(国际注册会计师培养),16,534,116574
2021,3146,上海师范大学天华学院(独立学院),010,财务管理(特许金融分析师培养),15,524,128244
2021,3146,上海师范大学天华学院(独立学院),011,金融数学,4,526,125656
2021,3146,上海师范大学天华学院(独立学院),015,学前教育,4,557,90169
2021,3146,上海师范大学天华学院(独立学院),016,学前教育（双语教学班）,15,543,106201
2021,3146,上海师范大学天华学院(独立学院),017,小学教育(中外合作办学),10,553,94836
2021,3146,上海师范大学天华学院(独立学院),018,英语(英语教育),12,543,106414
2021,3147,上海思博职业技术学院(民办),508,学前教育,15,495,
2021,3147,上海思博职业技术学院(民办),511,机电一体化技术(航空机电设备维修),10,495,
2021,3148,上海体育学院(一流学科建设高校),001,新闻学,2,623,22289
2021,3148,上海体育学院(一流学科建设高校),002,英语,2,608,34135
2021,3148,上海体育学院(一流学科建设高校),003,汉语国际教育,2,600,42422
2021,3148,上海体育学院(一流学科建设高校),004,医学技术类(运动科学),20,595,47474
2021,3148,上海体育学院(一流学科建设高校),005,工商管理类(体育管理),4,597,45117
2021,3148,上海体育学院(一流学科建设高校),006,数据科学与大数据技术,4,587,55404
2021,3150,上海兴伟学院(民办),001,英语,12,517,136680
2021,3150,上海兴伟学院(民办),002,国际商务,13,515,138706
2021,3151,上海外国语大学(一流学科建设高校),001,英语,7,656,5173
2021,3151,上海外国语大学(一流学科建设高校),003,德语,4,653,6073
2021,3151,上海外国语大学(一流学科建设高校),004,法语,6,654,5903
2021,3151,上海外国语大学(一流学科建设高校),005,西班牙语,3,657,4930
2021,3151,上海外国语大学(一流学科建设高校),011,葡萄牙语,2,653,6213
2021,3151,上海外国语大学(一流学科建设高校),012,意大利语,2,653,6232
2021,3151,上海外国语大学(一流学科建设高校),013,翻译,3,656,5239
2021,3151,上海外国语大学(一流学科建设高校),014,商务英语,2,655,5505
2021,3151,上海外国语大学(一流学科建设高校),018,西班牙语(中外合作办学)(企业管理),2,649,7563
2021,3151,上海外国语大学(一流学科建设高校),019,金融学,4,653,6108
2021,3151,上海外国语大学(一流学科建设高校),020,国际经济与贸易,4,651,6899
2021,3151,上海外国语大学(一流学科建设高校),021,国际经济与贸易(日语),4,649,7720
2021,3151,上海外国语大学(一流学科建设高校),022,法学,4,653,6272
2021,3151,上海外国语大学(一流学科建设高校),023,外交学,2,652,6391
2021,3151,上海外国语大学(一流学科建设高校),024,教育技术学,2,652,6595
2021,3151,上海外国语大学(一流学科建设高校),025,汉语国际教育,2,652,6644
2021,3151,上海外国语大学(一流学科建设高校),026,新闻传播学类(卓越国际新闻传播人才计划),5,654,5673
2021,3151,上海外国语大学(一流学科建设高校),027,工商管理类(卓越管理人才计划),4,652,6575
2021,3151,上海外国语大学(一流学科建设高校),028,会计学,4,650,7206
2021,3151,上海外国语大学(一流学科建设高校),029,翻译(双学位),2,660,4050
2021,3151,上海外国语大学(一流学科建设高校),030,德语(双学位),2,654,5883
2021,3151,上海外国语大学(一流学科建设高校),031,外交学(双学位),2,652,6359
2021,3151,上海外国语大学(一流学科建设高校),032,英语(双学位),2,656,5266
2021,3152,上海外国语大学贤达经济人文学院(独立学院),001,日语,5,542,108274
2021,3152,上海外国语大学贤达经济人文学院(独立学院),002,法语,5,523,129999
2021,3152,上海外国语大学贤达经济人文学院(独立学院),003,西班牙语,5,525,127623
2021,3152,上海外国语大学贤达经济人文学院(独立学院),004,朝鲜语,5,495,
2021,3152,上海外国语大学贤达经济人文学院(独立学院),005,阿拉伯语,5,521,132363
2021,3152,上海外国语大学贤达经济人文学院(独立学院),006,国际经济与贸易,5,551,96934
2021,3152,上海外国语大学贤达经济人文学院(独立学院),007,会计学,5,537,113512
2021,3152,上海外国语大学贤达经济人文学院(独立学院),008,金融学,5,546,103197
2021,3152,上海外国语大学贤达经济人文学院(独立学院),009,法学,5,541,109094
2021,3152,上海外国语大学贤达经济人文学院(独立学院),010,旅游管理,5,527,124686
2021,3152,上海外国语大学贤达经济人文学院(独立学院),011,文化产业管理,5,535,116017
2021,3152,上海外国语大学贤达经济人文学院(独立学院),013,新闻学,5,535,115445
2021,3152,上海外国语大学贤达经济人文学院(独立学院),015,学前教育,5,539,111199
2021,3152,上海外国语大学贤达经济人文学院(独立学院),016,英语(商务),5,540,110568
2021,3152,上海外国语大学贤达经济人文学院(独立学院),017,德语(商务),5,514,140031
2021,3152,上海外国语大学贤达经济人文学院(独立学院),018,法语(商务),5,507,147498
2021,3152,上海外国语大学贤达经济人文学院(独立学院),019,国际经济与贸易,5,526,125866
2021,3152,上海外国语大学贤达经济人文学院(独立学院),020,会计学,5,534,116944
2021,3152,上海外国语大学贤达经济人文学院(独立学院),021,金融学,5,532,119500
2021,3152,上海外国语大学贤达经济人文学院(独立学院),022,工商管理,5,520,133440
2021,3152,上海外国语大学贤达经济人文学院(独立学院),023,酒店管理,5,520,133436
2021,3155,上海行健职业学院,501,应用英语(少儿英语),4,500,155350
2021,3155,上海行健职业学院,503,工商企业管理(中外合作办学)(中法合作),9,495,
2021,3155,上海行健职业学院,506,学前教育,5,508,146820
2021,3156,上海健康医学院,001,护理学,20,564,81848
2021,3156,上海健康医学院,002,康复物理治疗,5,567,77941
2021,3156,上海健康医学院,003,生物医学工程,5,564,81924
2021,3156,上海健康医学院,004,临床工程技术,5,565,80915
2021,3156,上海健康医学院,005,数据科学与大数据技术,10,558,88494
2021,3156,上海健康医学院,006,医学检验技术,5,573,71776
2021,3156,上海健康医学院,007,卫生检验与检疫,10,566,80192
2021,3156,上海健康医学院,008,医学影像技术,5,575,69025
2021,3156,上海健康医学院,009,智能影像工程,5,570,75471
2021,3156,上海健康医学院,010,药学,26,564,82189
2021,3156,上海健康医学院,011,健康服务与管理,5,561,85382
2021,3156,上海健康医学院,012,口腔医学技术,4,578,66356
2021,3156,上海健康医学院,013,公共事业管理,5,569,76272
2021,3156,上海健康医学院,501,护理,6,526,126651
2021,3156,上海健康医学院,502,护理(中外合作办学),18,512,142099
2021,3156,上海健康医学院,503,助产,18,516,137555
2021,3156,上海健康医学院,504,康复工程技术,6,513,141191
2021,3156,上海健康医学院,505,医疗器械维护与管理(中外合作办学)(临床工程技术),10,509,144757
2021,3156,上海健康医学院,506,眼视光技术,6,526,126224
2021,3156,上海健康医学院,507,药学,11,523,129938
2021,3156,上海健康医学院,508,智能医疗装备技术(医学影像设备),5,521,131877
2021,3158,上海音乐学院(一流学科建设高校),020,艺术管理,4,634,14720
2021,3159,上海应用技术大学,001,材料科学与工程(卓越工程师计划试点班),3,590,52214
2021,3159,上海应用技术大学,002,机械设计制造及其自动化(卓越工程师计划试点班),3,592,50095
2021,3159,上海应用技术大学,003,软件工程(卓越工程师计划试点班),5,597,44843
2021,3159,上海应用技术大学,004,人工智能,3,594,47712
2021,3159,上海应用技术大学,005,建筑学,2,594,48005
2021,3159,上海应用技术大学,006,化妆品技术与工程,2,590,52690
2021,3159,上海应用技术大学,011,工商管理类,3,594,48582
2021,3159,上海应用技术大学,012,英语,2,595,47688
2021,3159,上海应用技术大学,013,德语,2,589,53665
2021,3159,上海应用技术大学,014,风景园林,2,592,50705
2021,3159,上海应用技术大学,015,数学与应用数学(数理金融、统计与计算科学),2,591,51086
2021,3159,上海应用技术大学,501,计算机应用技术,4,526,125791
2021,3159,上海应用技术大学,502,机电一体化技术,4,522,131096
2021,3159,上海应用技术大学,503,电气自动化技术,4,515,138316
2021,3161,上海政法学院,001,法学(卓越法律人才培养创新班),4,639,12051
2021,3161,上海政法学院,002,法学(涉外卓越法律人才培养创新班),3,639,12248
2021,3161,上海政法学院,003,法学(涉外卓越律师人才培养试点班),3,638,12794
2021,3161,上海政法学院,004,法学(民商法),5,637,13089
2021,3161,上海政法学院,005,法学(国际经济法),4,635,14135
2021,3161,上海政法学院,006,法学(刑事司法),4,635,14448
2021,3161,上海政法学院,007,法学(人工智能法学),5,635,14331
2021,3161,上海政法学院,008,知识产权,4,632,15937
2021,3161,上海政法学院,009,国际经济与贸易,5,617,26602
2021,3161,上海政法学院,010,经济学,4,611,32132
2021,3161,上海政法学院,011,财务管理,3,608,34568
2021,3161,上海政法学院,012,审计学,4,622,23070
2021,3161,上海政法学院,013,电子商务及法律,4,630,17421
2021,3161,上海政法学院,014,英语,4,613,30324
2021,3161,上海政法学院,015,俄语,4,603,39554
2021,3161,上海政法学院,016,汉语国际教育,4,607,35272
2021,3161,上海政法学院,017,新闻学(网络传播与融媒体),5,618,25865
2021,3163,上海中侨职业技术大学(民办),001,建筑工程,3,495,
2021,3163,上海中侨职业技术大学(民办),002,机器人技术,2,507,147738
2021,3163,上海中侨职业技术大学(民办),003,汽车服务工程技术,8,513,140381
2021,3163,上海中侨职业技术大学(民办),004,数字媒体技术,5,498,156559
2021,3163,上海中侨职业技术大学(民办),005,物联网工程技术,4,495,
2021,3163,上海中侨职业技术大学(民办),006,食品质量与安全,14,519,134176
2021,3163,上海中侨职业技术大学(民办),007,护理,10,533,118122
2021,3163,上海中侨职业技术大学(民办),008,现代物流管理,9,516,137134
2021,3163,上海中侨职业技术大学(民办),501,应用英语,12,495,
2021,3163,上海中侨职业技术大学(民办),511,现代物流管理,10,495,
2021,3163,上海中侨职业技术大学(民办),528,护理(康复护理),6,495,
2021,3163,上海中侨职业技术大学(民办),535,数字媒体技术(电子竞技与网络直播),6,495,
2021,3164,上海中医药大学(一流学科建设高校),001,中医学(屠呦呦班),3,661,3729
2021,3164,上海中医药大学(一流学科建设高校),002,中医学(5+3一体化),4,651,6697
2021,3164,上海中医药大学(一流学科建设高校),003,中医学(5+3一体化，针灸推拿英语),2,647,8499
2021,3164,上海中医药大学(一流学科建设高校),004,预防医学,3,636,13660
2021,3164,上海中医药大学(一流学科建设高校),005,中药学,4,637,12968
2021,3164,上海中医药大学(一流学科建设高校),006,药学(中外合作办学),3,627,19347
2021,3164,上海中医药大学(一流学科建设高校),007,康复物理治疗,2,624,21256
2021,3164,上海中医药大学(一流学科建设高校),008,康复作业治疗,1,628,18306
2021,3165,同济大学(一流大学建设高校),001,人文科学试验班,10,661,3829
2021,3165,同济大学(一流大学建设高校),002,经济管理试验班,11,659,4257
2021,3165,同济大学(一流大学建设高校),003,工科试验班(建筑规划景观与设计类),14,666,2687
2021,3165,同济大学(一流大学建设高校),004,工科试验班(土木与环境类),25,655,5389
2021,3165,同济大学(一流大学建设高校),005,工科试验班(智能交通与车辆类),11,656,4998
2021,3165,同济大学(一流大学建设高校),006,工科试验班(智能化制造类),7,658,4558
2021,3165,同济大学(一流大学建设高校),007,工科试验班(信息类),38,659,4251
2021,3165,同济大学(一流大学建设高校),008,医学试验班,5,661,3763
2021,3168,上海民航职业技术学院,501,空中乘务,60,495,
2021,3168,上海民航职业技术学院,503,民航运输服务,15,495,
2021,3168,上海民航职业技术学院,506,民航运输服务(航空旅游服务),4,495,
2021,3168,上海民航职业技术学院,507,机场运行服务与管理(民航机场气象观测),4,504,150478
2021,3168,上海民航职业技术学院,508,机场运行服务与管理(航空港管理),8,495,
2021,3168,上海民航职业技术学院,509,民航安全技术管理,9,495,
2021,3168,上海民航职业技术学院,510,飞机机电设备维修,12,495,
2021,3168,上海民航职业技术学院,511,飞机电子设备维修,5,500,154630
2021,3168,上海民航职业技术学院,513,通用航空器维修(直升机维修),4,495,
2021,3168,上海民航职业技术学院,514,无人机应用技术,5,495,
2021,3168,上海民航职业技术学院,517,飞行器数字化制造技术(通航飞机制造),3,495,
2021,3168,上海民航职业技术学院,518,机场运行服务与管理(航空器机坪管制),3,495,
2021,3171,复旦大学医学院(一流大学建设高校),001,临床医学(卓越医生计划),4,686,343
2021,3173,上海南湖职业技术学院,501,护理,16,495,
2021,3173,上海南湖职业技术学院,502,数字媒体技术,7,495,
2021,3201,常熟理工学院,005,纺织工程,6,556,91643
2021,3201,常熟理工学院,006,服装设计与工程,4,558,89005
2021,3201,常熟理工学院,007,财务管理,2,568,77507
2021,3201,常熟理工学院,008,英语(师范),4,583,60644
2021,3201,常熟理工学院,009,数学与应用数学(师范),4,582,60778
2021,3201,常熟理工学院,010,电子信息工程(中外合作办学),2,544,105646
2021,3201,常熟理工学院,011,光电信息科学与工程,3,560,86787
2021,3201,常熟理工学院,012,机械电子工程(中外合作办学),2,543,106223
2021,3201,常熟理工学院,013,数字媒体技术(嵌入式培养),3,563,82899
2021,3201,常熟理工学院,014,电气工程及其自动化(中外合作办学),2,545,103998
2021,3202,常州纺织服装职业技术学院,503,数字化染整技术,15,495,
2021,3203,常州机电职业技术学院,506,计算机网络技术,6,495,
2021,3205,常州信息职业技术学院,505,电子信息工程技术,2,495,160047
2021,3205,常州信息职业技术学院,506,物联网应用技术,2,495,
2021,3205,常州信息职业技术学院,507,计算机应用技术,2,502,152390
2021,3205,常州信息职业技术学院,508,软件技术,2,507,147708
2021,3205,常州信息职业技术学院,509,大数据技术,1,507,146973
2021,3205,常州信息职业技术学院,510,云计算技术应用,1,512,141383
2021,3205,常州信息职业技术学院,512,虚拟现实技术应用,1,514,139942
2021,3205,常州信息职业技术学院,513,动漫制作技术,1,531,120576
2021,3205,常州信息职业技术学院,516,国际经济与贸易,1,500,154700
2021,3205,常州信息职业技术学院,520,现代物流管理,1,502,152943
2021,3206,东南大学(一流大学建设高校),001,建筑类,8,661,3786
2021,3206,东南大学(一流大学建设高校),002,工科试验班(先进机械能源材料类),19,648,7940
2021,3206,东南大学(一流大学建设高校),003,工科试验班(智慧基础设施与智能交通类),20,650,7220
2021,3206,东南大学(一流大学建设高校),004,工科试验班(自动化电气测控类),19,652,6624
2021,3206,东南大学(一流大学建设高校),005,电子信息类,21,653,6022
2021,3206,东南大学(一流大学建设高校),006,计算机类,20,655,5580
2021,3206,东南大学(一流大学建设高校),007,经济学类,5,657,4877
2021,3206,东南大学(一流大学建设高校),008,工科试验班(吴健雄班),7,660,4056
2021,3206,东南大学(一流大学建设高校),010,文科试验班类,7,657,4838
2021,3206,东南大学(一流大学建设高校),011,临床医学(5+3一体化),5,659,4200
2021,3207,东南大学成贤学院(独立学院),001,计算机类,9,543,106536
2021,3207,东南大学成贤学院(独立学院),002,自动化,6,531,119941
2021,3207,东南大学成贤学院(独立学院),003,电子科学与技术,5,534,117166
2021,3207,东南大学成贤学院(独立学院),004,电子信息工程,5,539,111139
2021,3207,东南大学成贤学院(独立学院),005,电气工程及其自动化,9,531,119741
2021,3207,东南大学成贤学院(独立学院),006,土木工程,5,532,118806
2021,3207,东南大学成贤学院(独立学院),007,工程管理,5,523,129582
2021,3207,东南大学成贤学院(独立学院),008,工程造价,5,535,115619
2021,3207,东南大学成贤学院(独立学院),009,交通工程,6,551,97053
2021,3207,东南大学成贤学院(独立学院),010,机械类,12,524,128749
2021,3207,东南大学成贤学院(独立学院),011,建筑学,3,562,84076
2021,3207,东南大学成贤学院(独立学院),012,风景园林,2,556,91579
2021,3207,东南大学成贤学院(独立学院),013,化工与制药类,6,550,98612
2021,3207,东南大学成贤学院(独立学院),014,药事管理,4,554,93901
2021,3207,东南大学成贤学院(独立学院),015,护理学,5,555,93007
2021,3207,东南大学成贤学院(独立学院),016,功能材料,3,522,130773
2021,3207,东南大学成贤学院(独立学院),017,会计学,4,565,80921
2021,3207,东南大学成贤学院(独立学院),018,财务管理,4,561,85136
2021,3207,东南大学成贤学院(独立学院),019,税收学,3,554,94069
2021,3207,东南大学成贤学院(独立学院),020,市场营销,5,552,95511
2021,3207,东南大学成贤学院(独立学院),021,物流管理,3,552,96356
2021,3207,东南大学成贤学院(独立学院),022,国际经济与贸易,7,554,93826
2021,3207,东南大学成贤学院(独立学院),023,电子商务,4,554,93239
2021,3209,河海大学(一流学科建设高校),001,水文与水资源工程,3,639,11812
2021,3209,河海大学(一流学科建设高校),002,水务工程,2,641,11121
2021,3209,河海大学(一流学科建设高校),003,自然地理与资源环境,2,636,13761
2021,3209,河海大学(一流学科建设高校),004,地理信息科学,2,638,12830
2021,3209,河海大学(一流学科建设高校),005,水利水电工程,5,643,9981
2021,3209,河海大学(一流学科建设高校),006,港口航道与海岸工程,8,632,15950
2021,3209,河海大学(一流学科建设高校),007,海洋资源开发技术,2,633,15341
2021,3209,河海大学(一流学科建设高校),008,土木工程,6,636,13672
2021,3209,河海大学(一流学科建设高校),009,交通工程,2,635,14356
2021,3209,河海大学(一流学科建设高校),010,环境工程,2,639,12201
2021,3209,河海大学(一流学科建设高校),011,环境科学,2,637,12943
2021,3209,河海大学(一流学科建设高校),012,给排水科学与工程,2,636,13794
2021,3209,河海大学(一流学科建设高校),013,环境生态工程,2,636,13762
2021,3209,河海大学(一流学科建设高校),014,环境科学(中外合作办学),5,623,22303
2021,3209,河海大学(一流学科建设高校),015,电气工程及其自动化,6,639,11956
2021,3209,河海大学(一流学科建设高校),016,能源与动力工程,2,635,14157
2021,3209,河海大学(一流学科建设高校),017,自动化,3,636,13691
2021,3209,河海大学(一流学科建设高校),018,新能源科学与工程,2,637,13117
2021,3209,河海大学(一流学科建设高校),019,计算机科学与技术,2,641,10930
2021,3209,河海大学(一流学科建设高校),020,通信工程,2,637,13003
2021,3209,河海大学(一流学科建设高校),021,智能科学与技术,2,638,12473
2021,3209,河海大学(一流学科建设高校),022,软件工程,2,642,10521
2021,3209,河海大学(一流学科建设高校),023,电子信息工程,2,639,11814
2021,3209,河海大学(一流学科建设高校),024,人工智能,2,638,12347
2021,3209,河海大学(一流学科建设高校),025,工程力学,3,633,15347
2021,3209,河海大学(一流学科建设高校),026,材料科学与工程,3,632,15823
2021,3209,河海大学(一流学科建设高校),027,地质工程,3,633,15448
2021,3209,河海大学(一流学科建设高校),028,农业水利工程,3,636,13790
2021,3209,河海大学(一流学科建设高校),029,海洋科学,5,631,16554
2021,3209,河海大学(一流学科建设高校),030,海洋技术,2,627,19404
2021,3209,河海大学(一流学科建设高校),031,数学类,4,636,13440
2021,3209,河海大学(一流学科建设高校),032,应用物理学,2,637,13278
2021,3209,河海大学(一流学科建设高校),033,信息管理与信息系统,2,636,13697
2021,3209,河海大学(一流学科建设高校),034,工程管理,2,633,15222
2021,3209,河海大学(一流学科建设高校),035,市场营销,2,640,11455
2021,3209,河海大学(一流学科建设高校),036,财务管理,2,646,8951
2021,3209,河海大学(一流学科建设高校),037,人力资源管理,2,641,10904
2021,3209,河海大学(一流学科建设高校),038,金融工程,2,642,10558
2021,3209,河海大学(一流学科建设高校),039,劳动与社会保障,2,640,11733
2021,3209,河海大学(一流学科建设高校),040,广播电视学,2,642,10577
2021,3209,河海大学(一流学科建设高校),041,土地资源管理,2,641,11082
2021,3209,河海大学(一流学科建设高校),042,社会学,2,643,10365
2021,3209,河海大学(一流学科建设高校),044,法学,2,646,8859
2021,3209,河海大学(一流学科建设高校),045,思想政治教育,2,645,9292
2021,3209,河海大学(一流学科建设高校),046,英语,3,641,11232
2021,3209,河海大学(一流学科建设高校),047,法语,2,641,11179
2021,3209,河海大学(一流学科建设高校),048,水利类(大禹强化班),4,642,10462
2021,3209,河海大学(一流学科建设高校),049,工程力学(大禹徐芝纶班),2,635,14351
2021,3209,河海大学(一流学科建设高校),050,计算机类(大禹强化班),2,641,11014
2021,3209,河海大学(一流学科建设高校),051,土木工程(中外合作办学)(河海里尔学院),4,620,24301
2021,3209,河海大学(一流学科建设高校),052,机械工程(中外合作办学)(河海里尔学院),4,616,27380
2021,3209,河海大学(一流学科建设高校),053,机械工程,4,633,15567
2021,3209,河海大学(一流学科建设高校),054,工业设计,2,635,14452
2021,3209,河海大学(一流学科建设高校),055,机器人工程,3,636,13796
2021,3209,河海大学(一流学科建设高校),056,自动化,2,636,13574
2021,3209,河海大学(一流学科建设高校),057,物联网工程,4,636,13485
2021,3209,河海大学(一流学科建设高校),058,电子科学与技术,2,637,13020
2021,3209,河海大学(一流学科建设高校),059,会计学,3,644,9854
2021,3209,河海大学(一流学科建设高校),060,国际经济与贸易,3,641,11169
2021,3209,河海大学(一流学科建设高校),061,工商管理,2,642,10724
2021,3210,江苏海洋大学,001,新闻学,2,584,59382
2021,3210,江苏海洋大学,002,法学,2,586,56918
2021,3210,江苏海洋大学,003,金融学,2,580,63415
2021,3210,江苏海洋大学,004,英语,2,580,63853
2021,3210,江苏海洋大学,005,日语,2,578,66384
2021,3210,江苏海洋大学,006,机械电子工程,2,574,70356
2021,3210,江苏海洋大学,007,港口航道与海岸工程,2,565,81112
2021,3210,江苏海洋大学,008,建筑学,2,582,61255
2021,3210,江苏海洋大学,009,通信工程,2,572,72206
2021,3210,江苏海洋大学,010,药物制剂,2,571,73977
2021,3210,江苏海洋大学,011,水产养殖学,4,560,86497
2021,3210,江苏海洋大学,012,地理信息科学,2,579,64487
2021,3210,江苏海洋大学,013,测绘工程,2,577,67212
2021,3210,江苏海洋大学,014,新能源科学与工程,2,570,74765
2021,3211,淮阴工学院,001,计算机类,6,555,92087
2021,3212,淮阴师范学院,001,知识产权,5,563,83521
2021,3212,淮阴师范学院,002,计算机科学与技术(嵌入式培养),6,545,104060
2021,3212,淮阴师范学院,003,数学与应用数学(师范),5,564,82037
2021,3212,淮阴师范学院,004,生物工程,6,557,89637
2021,3212,淮阴师范学院,005,英语(师范),6,580,64033
2021,3216,江南大学(一流学科建设高校),001,食品科学与工程,9,630,17476
2021,3216,江南大学(一流学科建设高校),002,食品质量与安全,5,630,17397
2021,3216,江南大学(一流学科建设高校),003,生物工程,11,626,19773
2021,3216,江南大学(一流学科建设高校),004,生物技术,10,624,21166
2021,3216,江南大学(一流学科建设高校),005,酿酒工程,5,627,19260
2021,3216,江南大学(一流学科建设高校),006,纺织工程,10,623,21884
2021,3216,江南大学(一流学科建设高校),007,高分子材料与工程,12,627,19436
2021,3216,江南大学(一流学科建设高校),008,应用化学,13,626,20357
2021,3216,江南大学(一流学科建设高校),009,环境科学,8,625,20543
2021,3216,江南大学(一流学科建设高校),010,环境工程,10,626,19837
2021,3216,江南大学(一流学科建设高校),011,服装设计与工程,8,626,19723
2021,3216,江南大学(一流学科建设高校),012,制药工程,7,628,18611
2021,3216,江南大学(一流学科建设高校),013,药学,6,630,17243
2021,3216,江南大学(一流学科建设高校),014,临床医学,9,641,10873
2021,3216,江南大学(一流学科建设高校),015,物联网工程,4,634,14819
2021,3216,江南大学(一流学科建设高校),016,自动化,25,630,17591
2021,3216,江南大学(一流学科建设高校),017,电气工程及其自动化,8,631,16921
2021,3216,江南大学(一流学科建设高校),018,微电子科学与工程,9,630,17436
2021,3216,江南大学(一流学科建设高校),019,土木工程,3,626,20267
2021,3216,江南大学(一流学科建设高校),020,光电信息科学与工程,13,628,18766
2021,3216,江南大学(一流学科建设高校),021,机械工程,25,624,21452
2021,3216,江南大学(一流学科建设高校),022,机器人工程,5,631,16443
2021,3216,江南大学(一流学科建设高校),023,工业设计,6,635,14415
2021,3216,江南大学(一流学科建设高校),024,人工智能,10,632,16219
2021,3216,江南大学(一流学科建设高校),025,数字媒体技术,9,634,14822
2021,3216,江南大学(一流学科建设高校),026,国际经济与贸易,14,638,12871
2021,3216,江南大学(一流学科建设高校),027,金融学,8,640,11601
2021,3216,江南大学(一流学科建设高校),028,大数据管理与应用,4,634,14670
2021,3216,江南大学(一流学科建设高校),029,工商管理,8,638,12465
2021,3216,江南大学(一流学科建设高校),030,会计学,7,640,11510
2021,3216,江南大学(一流学科建设高校),031,汉语言文学(师范),15,641,11135
2021,3216,江南大学(一流学科建设高校),032,小学教育(师范),16,638,12764
2021,3216,江南大学(一流学科建设高校),033,英语,10,638,12355
2021,3216,江南大学(一流学科建设高校),034,法学,10,641,11238
2021,3216,江南大学(一流学科建设高校),035,食品科学与工程(中外合作办学),10,605,37033
2021,3216,江南大学(一流学科建设高校),036,工商管理(中外合作办学),11,629,17917
2021,3217,无锡太湖学院(民办),001,金融学,10,536,114879
2021,3217,无锡太湖学院(民办),002,国际经济与贸易,12,533,117642
2021,3217,无锡太湖学院(民办),003,工商管理,10,535,115194
2021,3217,无锡太湖学院(民办),004,市场营销,10,532,119250
2021,3217,无锡太湖学院(民办),005,人力资源管理,5,540,110356
2021,3217,无锡太湖学院(民办),006,旅游管理,10,530,121039
2021,3217,无锡太湖学院(民办),007,会计学,15,543,106464
2021,3217,无锡太湖学院(民办),008,财务管理,10,538,112542
2021,3217,无锡太湖学院(民办),009,审计学,10,538,112464
2021,3217,无锡太湖学院(民办),010,电子信息工程,10,499,155609
2021,3217,无锡太湖学院(民办),011,通信工程,10,497,157775
2021,3217,无锡太湖学院(民办),012,计算机科学与技术(嵌入式培养),15,501,153575
2021,3217,无锡太湖学院(民办),013,软件工程,5,507,147131
2021,3217,无锡太湖学院(民办),014,人工智能,15,498,156744
2021,3217,无锡太湖学院(民办),015,机械工程,22,497,157568
2021,3217,无锡太湖学院(民办),016,自动化,5,497,157735
2021,3217,无锡太湖学院(民办),017,智能制造工程,5,495,
2021,3217,无锡太湖学院(民办),018,法学,10,541,109257
2021,3217,无锡太湖学院(民办),019,英语,10,541,109428
2021,3217,无锡太湖学院(民办),020,商务英语,15,534,116311
2021,3217,无锡太湖学院(民办),021,日语,5,536,114955
2021,3217,无锡太湖学院(民办),022,护理学,35,539,111110
2021,3217,无锡太湖学院(民办),023,康复治疗学,10,535,115557
2021,3217,无锡太湖学院(民办),029,跨境电子商务,15,527,124469
2021,3219,江苏财经职业技术学院,501,大数据与会计,5,495,
2021,3220,江苏大学,001,公共事业管理,2,613,30204
2021,3220,江苏大学,002,金融学,2,629,17934
2021,3220,江苏大学,003,国际经济与贸易,2,627,19591
2021,3220,江苏大学,004,汉语国际教育,2,626,20242
2021,3220,江苏大学,005,市场营销,2,619,25242
2021,3220,江苏大学,006,材料成型及控制工程,3,598,43781
2021,3220,江苏大学,007,材料类,6,597,45414
2021,3220,江苏大学,008,测控技术与仪器,2,609,33383
2021,3220,江苏大学,009,车辆工程,9,609,33400
2021,3220,江苏大学,010,电气工程及其自动化,2,617,26653
2021,3220,江苏大学,011,电子信息工程,2,614,28924
2021,3220,江苏大学,012,工商管理,3,622,23187
2021,3220,江苏大学,013,光电信息科学与工程,2,609,33737
2021,3220,江苏大学,014,护理学,4,535,115179
2021,3220,江苏大学,015,化学类,4,603,38846
2021,3220,江苏大学,016,化学工程与工艺,2,598,44275
2021,3220,江苏大学,017,环保设备工程,2,601,40949
2021,3220,江苏大学,018,环境工程,4,597,44654
2021,3220,江苏大学,019,机械电子工程,2,611,31458
2021,3220,江苏大学,020,机械设计制造及其自动化,8,606,36188
2021,3220,江苏大学,021,交通工程,3,612,31216
2021,3220,江苏大学,022,交通运输,3,599,42624
2021,3220,江苏大学,023,金属材料工程,3,587,55767
2021,3220,江苏大学,024,临床医学,6,627,19480
2021,3220,江苏大学,025,能源与动力工程,9,600,41992
2021,3220,江苏大学,026,农业机械化及其自动化,3,602,40354
2021,3220,江苏大学,027,农业智能装备工程,2,596,45880
2021,3220,江苏大学,028,生物医学工程,2,610,32644
2021,3220,江苏大学,029,食品科学与工程类,8,600,42205
2021,3220,江苏大学,030,数据计算及应用,2,622,22907
2021,3220,江苏大学,031,通信工程,2,613,30297
2021,3220,江苏大学,032,土木工程,4,602,39682
2021,3220,江苏大学,033,微电子科学与工程,2,613,30395
2021,3220,江苏大学,034,新能源科学与工程,4,602,40192
2021,3220,江苏大学,035,信息安全,2,625,20652
2021,3220,江苏大学,036,信息管理与信息系统,2,614,29160
2021,3220,江苏大学,037,药学类,4,599,42632
2021,3220,江苏大学,038,医学检验技术,6,597,44650
2021,3220,江苏大学,039,医学影像学,2,619,24996
2021,3220,江苏大学,040,自动化,2,611,31462
2021,3221,江苏大学京江学院(独立学院),001,材料成型及控制工程,4,509,145380
2021,3221,江苏大学京江学院(独立学院),002,车辆工程,3,511,143173
2021,3221,江苏大学京江学院(独立学院),003,机械设计制造及其自动化,7,513,140674
2021,3221,江苏大学京江学院(独立学院),004,金属材料工程,4,508,145959
2021,3221,江苏大学京江学院(独立学院),005,医学检验技术,3,555,92463
2021,3221,江苏大学京江学院(独立学院),006,能源与动力工程,5,543,107039
2021,3221,江苏大学京江学院(独立学院),007,通信工程,4,528,123323
2021,3222,常州大学,001,社会工作,3,581,62464
2021,3222,常州大学,003,金融学,3,591,51436
2021,3222,常州大学,004,应用化学,4,586,56959
2021,3222,常州大学,005,能源与动力工程,5,580,63350
2021,3222,常州大学,006,环境工程,2,581,61995
2021,3223,江苏海事职业技术学院,505,工业机器人技术,2,495,
2021,3223,江苏海事职业技术学院,510,航海技术,4,495,
2021,3223,江苏海事职业技术学院,511,轮机工程技术,4,495,
2021,3223,江苏海事职业技术学院,514,港口与航运管理,2,515,138822
2021,3223,江苏海事职业技术学院,517,电子信息工程技术,2,495,
2021,3223,江苏海事职业技术学院,518,软件技术,2,495,
2021,3223,江苏海事职业技术学院,524,国际经济与贸易,2,495,
2021,3224,江苏理工学院,001,机器人工程,2,561,85187
2021,3224,江苏理工学院,002,电子信息工程(嵌入式培养),5,564,81738
2021,3224,江苏理工学院,003,计算机科学与技术(嵌入式培养),2,566,79464
2021,3224,江苏理工学院,004,软件工程(嵌入式培养),4,568,77678
2021,3224,江苏理工学院,005,数据科学与大数据技术(嵌入式培养),4,563,82898
2021,3224,江苏理工学院,006,数字媒体技术(嵌入式培养),5,563,82583
2021,3224,江苏理工学院,007,汽车服务工程,5,538,112030
2021,3224,江苏理工学院,008,车辆工程,4,551,96676
2021,3224,江苏理工学院,009,材料成型及控制工程,5,545,104430
2021,3224,江苏理工学院,010,功能材料,3,557,90507
2021,3224,江苏理工学院,011,会计学,2,588,54567
2021,3224,江苏理工学院,012,金融学,2,574,70232
2021,3224,江苏理工学院,013,跨境电子商务,3,565,80744
2021,3224,江苏理工学院,014,商务英语,5,570,74814
2021,3224,江苏理工学院,015,汉语言文学(师范),5,583,59727
2021,3224,江苏理工学院,016,秘书学,2,567,78664
2021,3225,江苏经贸职业技术学院,501,大数据与会计,5,504,151004
2021,3225,江苏经贸职业技术学院,502,大数据与审计,5,495,
2021,3225,江苏经贸职业技术学院,503,国际金融,5,495,
2021,3225,江苏经贸职业技术学院,506,工商企业管理,5,495,
2021,3225,江苏经贸职业技术学院,507,法律事务,5,504,150582
2021,3225,江苏经贸职业技术学院,509,电子商务,5,497,158246
2021,3226,江苏警官学院,001,法学,3,591,51856
2021,3226,江苏警官学院,002,行政管理,4,581,62835
2021,3226,江苏警官学院,003,计算机科学与技术,3,574,70388
2021,3227,江苏科技大学,002,外国语言文学类,4,591,51910
2021,3227,江苏科技大学,003,管理科学与工程类,6,579,64656
2021,3227,江苏科技大学,004,工商管理类,2,592,50776
2021,3227,江苏科技大学,005,计算机类,6,595,47037
2021,3227,江苏科技大学,006,机械类,8,584,58676
2021,3227,江苏科技大学,007,海洋工程类,6,580,63025
2021,3227,江苏科技大学,008,应用化学,3,586,57247
2021,3227,江苏科技大学,009,轮机工程,5,567,77972
2021,3227,江苏科技大学,010,生物工程,3,581,62691
2021,3227,江苏科技大学,011,环境工程,3,577,66569
2021,3227,江苏科技大学,012,应用统计学,3,591,51766
2021,3227,江苏科技大学,013,工业工程,2,579,64741
2021,3227,江苏科技大学,014,应用物理学,3,581,62652
2021,3227,江苏科技大学,015,信息与计算科学,3,589,53056
2021,3227,江苏科技大学,016,测控技术与仪器,3,576,67699
2021,3227,江苏科技大学,017,建筑环境与能源应用工程,3,583,60134
2021,3227,江苏科技大学,018,金融工程,5,592,50303
2021,3227,江苏科技大学,019,旅游管理,1,583,60710
2021,3227,江苏科技大学,020,公共事业管理,3,583,60546
2021,3229,江苏农林职业技术学院,501,林业技术,5,495,
2021,3229,江苏农林职业技术学院,506,家具设计与制造,5,495,
2021,3229,江苏农林职业技术学院,510,园艺技术,5,495,
2021,3229,江苏农林职业技术学院,512,畜牧兽医,6,495,
2021,3229,江苏农林职业技术学院,513,动物医学,7,500,154945
2021,3229,江苏农林职业技术学院,514,宠物养护与驯导,4,495,
2021,3229,江苏农林职业技术学院,515,宠物医疗技术,8,495,
2021,3229,江苏农林职业技术学院,530,电子信息工程技术,5,495,
2021,3232,江苏农牧科技职业学院,501,畜牧兽医,40,495,
2021,3232,江苏农牧科技职业学院,502,动物医学,40,495,
2021,3232,江苏农牧科技职业学院,514,物联网应用技术,4,495,
2021,3234,金肯职业技术学院(民办),501,建筑室内设计,20,495,
2021,3234,金肯职业技术学院(民办),508,大数据与会计,19,495,
2021,3235,金陵科技学院,001,国际经济与贸易,1,579,64555
2021,3235,金陵科技学院,002,市场营销,1,582,60836
2021,3235,金陵科技学院,003,财务管理,1,582,60889
2021,3235,金陵科技学院,004,金融学,1,590,52923
2021,3235,金陵科技学院,005,会计学,1,595,47363
2021,3235,金陵科技学院,006,车辆工程,1,571,73415
2021,3235,金陵科技学院,007,物联网工程,1,592,50339
2021,3235,金陵科技学院,008,城乡规划,1,572,72491
2021,3235,金陵科技学院,009,软件工程,1,599,43564
2021,3235,金陵科技学院,010,计算机科学与技术,1,594,47838
2021,3235,金陵科技学院,011,通信工程,1,576,67769
2021,3235,金陵科技学院,012,网络工程,1,573,71154
2021,3235,金陵科技学院,013,食品科学与工程,1,574,70178
2021,3235,金陵科技学院,014,英语,1,581,62575
2021,3238,南京财经大学,001,经济学类(经济、经统),3,630,17425
2021,3238,南京财经大学,002,财政学类(财政、税收),3,627,19187
2021,3238,南京财经大学,003,金融学类(金融、金工、保险、投资),3,632,16133
2021,3238,南京财经大学,004,国际经济与贸易,3,624,21476
2021,3238,南京财经大学,005,法学,2,633,15495
2021,3238,南京财经大学,006,英语,2,617,26742
2021,3238,南京财经大学,007,法语,2,620,24712
2021,3238,南京财经大学,008,新闻传播学类(新闻、网媒),3,619,24857
2021,3238,南京财经大学,009,广告学,2,622,22890
2021,3238,南京财经大学,010,数学与应用数学,2,612,31279
2021,3238,南京财经大学,011,计算机科学与技术,2,604,38141
2021,3238,南京财经大学,012,食品科学与工程类(食工、食质、粮工),2,601,40678
2021,3238,南京财经大学,013,管理科学,2,602,40040
2021,3238,南京财经大学,014,大数据管理与应用,2,618,25799
2021,3238,南京财经大学,015,工商管理,2,616,27180
2021,3238,南京财经大学,016,工商管理(中外合作办学)(环境商务),2,596,46504
2021,3238,南京财经大学,017,市场营销,2,609,33318
2021,3238,南京财经大学,018,工商管理类(会计、财管、审计、资评),3,629,17714
2021,3238,南京财经大学,019,人力资源管理,3,626,20370
2021,3238,南京财经大学,020,劳动与社会保障,2,606,36491
2021,3238,南京财经大学,021,物流管理,4,599,43454
2021,3238,南京财经大学,022,质量管理工程,2,601,41139
2021,3238,南京财经大学,023,电子商务,4,608,34606
2021,3238,南京财经大学,024,旅游管理,2,601,40563
2021,3238,南京财经大学,026,金融工程(中外合作办学),4,595,47388
2021,3238,南京财经大学,027,经济统计学(中外合作办学),4,618,25635
2021,3238,南京财经大学,028,大数据管理与应用(中外合作办学),7,580,63062
2021,3239,南京财经大学红山学院(独立学院),001,国际经济与贸易,6,544,105781
2021,3239,南京财经大学红山学院(独立学院),002,贸易经济,6,542,107699
2021,3239,南京财经大学红山学院(独立学院),003,法学,4,556,91404
2021,3239,南京财经大学红山学院(独立学院),004,英语,4,550,98055
2021,3239,南京财经大学红山学院(独立学院),005,市场营销,6,538,112634
2021,3239,南京财经大学红山学院(独立学院),006,会计学,9,552,95815
2021,3239,南京财经大学红山学院(独立学院),007,审计学,8,548,100874
2021,3239,南京财经大学红山学院(独立学院),008,人力资源管理,4,547,102210
2021,3239,南京财经大学红山学院(独立学院),009,金融学,10,546,102997
2021,3239,南京财经大学红山学院(独立学院),010,保险学,4,538,111888
2021,3239,南京财经大学红山学院(独立学院),011,税收学,4,548,101183
2021,3239,南京财经大学红山学院(独立学院),012,工商管理,4,549,99761
2021,3239,南京财经大学红山学院(独立学院),013,财务管理,9,546,103231
2021,3239,南京财经大学红山学院(独立学院),014,电子商务,6,544,105854
2021,3239,南京财经大学红山学院(独立学院),015,物流管理,6,546,103686
2021,3240,南京大学(一流大学建设高校),001,汉语言文学,9,674,1418
2021,3240,南京大学(一流大学建设高校),002,社会科学试验班,6,672,1593
2021,3240,南京大学(一流大学建设高校),003,经济管理试验班,11,671,1834
2021,3240,南京大学(一流大学建设高校),004,外国语言文学类,2,671,1771
2021,3240,南京大学(一流大学建设高校),005,理科试验班(数理科学类),7,667,2344
2021,3240,南京大学(一流大学建设高校),006,计算机科学与技术,6,673,1563
2021,3240,南京大学(一流大学建设高校),007,人工智能,4,679,848
2021,3240,南京大学(一流大学建设高校),008,软件工程,4,671,1764
2021,3240,南京大学(一流大学建设高校),009,理科试验班类(匡亚明学院大理科班),6,676,1108
2021,3240,南京大学(一流大学建设高校),010,理科试验班类(化学与生命科学类),5,666,2619
2021,3242,南京工程学院,001,机械类,6,575,69397
2021,3242,南京工程学院,002,土木类,5,570,74837
2021,3242,南京工程学院,003,环境科学与工程类,5,575,69398
2021,3242,南京工程学院,004,工业工程,3,574,70982
2021,3242,南京工程学院,005,车辆工程,2,572,72565
2021,3242,南京工程学院,006,交通设备与控制工程,2,570,75104
2021,3242,南京工程学院,007,交通运输,2,569,76072
2021,3242,南京工程学院,008,自动化,2,591,51255
2021,3242,南京工程学院,009,测控技术与仪器,2,570,75374
2021,3242,南京工程学院,010,数字媒体技术,2,581,62540
2021,3242,南京工程学院,011,软件工程(中外合作办学),5,567,78697
2021,3242,南京工程学院,012,电气工程及其自动化(电力系统及其自动化),5,616,27643
2021,3242,南京工程学院,013,电气工程及其自动化(电力系统继电保护),4,613,29770
2021,3242,南京工程学院,014,电气工程及其自动化(输配电工程),4,610,32296
2021,3242,南京工程学院,015,智能电网信息工程,2,609,33802
2021,3242,南京工程学院,016,建筑电气与智能化,3,575,69503
2021,3242,南京工程学院,017,电气工程与智能控制,2,611,32171
2021,3242,南京工程学院,018,电气工程及其自动化(中外合作办学),5,598,43838
2021,3242,南京工程学院,019,通信工程,2,583,59663
2021,3242,南京工程学院,020,工业设计,2,574,70972
2021,3242,南京工程学院,021,市场营销,2,580,63871
2021,3242,南京工程学院,022,物流管理,2,576,67853
2021,3242,南京工程学院,023,国际经济与贸易,2,584,58779
2021,3242,南京工程学院,024,劳动与社会保障,2,574,69997
2021,3242,南京工程学院,025,大数据管理与应用,2,581,61971
2021,3242,南京工程学院,026,能源动力类,12,577,67328
2021,3242,南京工程学院,027,材料类,8,570,74809
2021,3243,南京工业大学,001,金融学,2,633,15191
2021,3243,南京工业大学,002,国际经济与贸易,7,608,34287
2021,3243,南京工业大学,003,工商管理类,10,613,30290
2021,3243,南京工业大学,004,法学,5,622,23134
2021,3243,南京工业大学,005,公共管理类,9,600,41752
2021,3243,南京工业大学,006,英语,4,619,25312
2021,3243,南京工业大学,007,西班牙语,2,601,41452
2021,3243,南京工业大学,008,日语,5,606,35950
2021,3243,南京工业大学,009,城乡规划,2,626,20371
2021,3243,南京工业大学,010,机械类,3,611,31759
2021,3243,南京工业大学,011,测控技术与仪器,2,610,32565
2021,3243,南京工业大学,012,自动化,2,622,22623
2021,3243,南京工业大学,013,建筑学,2,627,19387
2021,3243,南京工业大学,014,管理科学与工程类,3,608,34881
2021,3243,南京工业大学,015,制药工程,3,611,31620
2021,3243,南京工业大学,016,生物工程,6,605,37357
2021,3243,南京工业大学,017,食品科学与工程类,2,605,36821
2021,3243,南京工业大学,018,电子信息类,2,622,23177
2021,3243,南京工业大学,019,土木类,13,602,40007
2021,3243,南京工业大学,020,地质工程,4,599,43256
2021,3243,南京工业大学,021,建筑环境与能源应用工程,3,602,40161
2021,3243,南京工业大学,022,给排水科学与工程,2,608,34552
2021,3243,南京工业大学,023,环境科学与工程类,15,599,42721
2021,3243,南京工业大学,024,材料类,24,596,45889
2021,3243,南京工业大学,025,化学工程与工艺,14,611,32057
2021,3243,南京工业大学,026,资源循环科学与工程,5,597,45285
2021,3243,南京工业大学,027,能源动力类,6,615,28359
2021,3243,南京工业大学,028,药学类,4,606,36032
2021,3243,南京工业大学,029,轻化工程,5,599,42969
2021,3243,南京工业大学,030,交通工程,4,608,34137
2021,3244,南京工业大学浦江学院(独立学院),001,国际经济与贸易,2,554,94040
2021,3244,南京工业大学浦江学院(独立学院),002,日语,6,546,103308
2021,3244,南京工业大学浦江学院(独立学院),003,市场营销,3,543,107091
2021,3244,南京工业大学浦江学院(独立学院),004,财务管理,6,551,96662
2021,3244,南京工业大学浦江学院(独立学院),005,人力资源管理,2,554,93671
2021,3244,南京工业大学浦江学院(独立学院),006,公共事业管理,3,550,98678
2021,3244,南京工业大学浦江学院(独立学院),007,机械工程,2,533,117841
2021,3244,南京工业大学浦江学院(独立学院),008,电气工程及其自动化,6,525,127506
2021,3244,南京工业大学浦江学院(独立学院),009,通信工程,2,539,110963
2021,3244,南京工业大学浦江学院(独立学院),010,土木工程,5,526,125670
2021,3244,南京工业大学浦江学院(独立学院),011,建筑环境与能源应用工程,3,518,135090
2021,3244,南京工业大学浦江学院(独立学院),012,给排水科学与工程,3,515,138246
2021,3244,南京工业大学浦江学院(独立学院),013,工程管理,2,522,130868
2021,3244,南京工业大学浦江学院(独立学院),014,工业工程,2,546,103255
2021,3244,南京工业大学浦江学院(独立学院),015,食品科学与工程,2,550,98315
2021,3244,南京工业大学浦江学院(独立学院),019,酒店管理(中外合作办学),15,524,128712
2021,3244,南京工业大学浦江学院(独立学院),020,建筑学,4,530,120999
2021,3244,南京工业大学浦江学院(独立学院),021,工商管理,2,552,95972
2021,3244,南京工业大学浦江学院(独立学院),022,自动化类,5,521,131250
2021,3245,南京工业职业技术大学,501,大数据与会计,5,513,140347
2021,3245,南京工业职业技术大学,502,大数据与财务管理,2,519,133713
2021,3245,南京工业职业技术大学,503,工程造价,3,521,132215
2021,3245,南京工业职业技术大学,504,房地产经营与管理,5,496,159314
2021,3245,南京工业职业技术大学,505,旅游管理,3,503,151267
2021,3245,南京工业职业技术大学,506,工商企业管理,5,517,136820
2021,3245,南京工业职业技术大学,507,现代物流管理,5,510,144586
2021,3245,南京工业职业技术大学,508,电子商务,8,509,145532
2021,3245,南京工业职业技术大学,514,机械设计与制造,4,510,144314
2021,3245,南京工业职业技术大学,515,电力系统自动化技术,3,515,138471
2021,3245,南京工业职业技术大学,516,建筑智能化工程技术,3,511,142992
2021,3245,南京工业职业技术大学,517,物联网应用技术,6,514,140108
2021,3245,南京工业职业技术大学,518,飞机机电设备维修,2,508,145828
2021,3245,南京工业职业技术大学,519,飞行器数字化制造技术,2,514,139656
2021,3245,南京工业职业技术大学,520,飞机电子设备维修,2,505,150013
2021,3245,南京工业职业技术大学,521,汽车技术服务与营销,2,496,159188
2021,3245,南京工业职业技术大学,522,城市轨道交通机电技术,18,502,152470
2021,3245,南京工业职业技术大学,523,汽车制造与试验技术,10,495,
2021,3245,南京工业职业技术大学,524,计算机网络技术,4,512,141940
2021,3245,南京工业职业技术大学,525,云计算技术应用,4,511,143306
2021,3245,南京工业职业技术大学,526,人工智能技术应用,3,515,137978
2021,3246,南京航空航天大学(一流学科建设高校),001,建筑环境与能源应用工程,3,636,13525
2021,3246,南京航空航天大学(一流学科建设高校),002,车辆工程,4,638,12826
2021,3246,南京航空航天大学(一流学科建设高校),003,自动化,6,643,10058
2021,3246,南京航空航天大学(一流学科建设高校),004,电气工程及其自动化,9,644,9649
2021,3246,南京航空航天大学(一流学科建设高校),005,测控技术与仪器,6,637,13047
2021,3246,南京航空航天大学(一流学科建设高校),006,生物医学工程,5,637,12919
2021,3246,南京航空航天大学(一流学科建设高校),007,探测制导与控制技术,6,638,12790
2021,3246,南京航空航天大学(一流学科建设高校),008,土木工程,3,637,13040
2021,3246,南京航空航天大学(一流学科建设高校),009,光电信息科学与工程,5,643,10332
2021,3246,南京航空航天大学(一流学科建设高校),010,计算机科学与技术,5,649,7578
2021,3246,南京航空航天大学(一流学科建设高校),011,信息安全,3,646,8766
2021,3246,南京航空航天大学(一流学科建设高校),012,软件工程,4,647,8365
2021,3246,南京航空航天大学(一流学科建设高校),013,物联网工程,2,646,8716
2021,3246,南京航空航天大学(一流学科建设高校),014,人工智能,7,646,8729
2021,3246,南京航空航天大学(一流学科建设高校),015,信息与计算科学,4,645,9236
2021,3246,南京航空航天大学(一流学科建设高校),016,应用物理学,4,639,12158
2021,3246,南京航空航天大学(一流学科建设高校),017,应用统计学,3,642,10491
2021,3246,南京航空航天大学(一流学科建设高校),018,交通运输(中外合作办学)(机场运行与管理),6,626,20373
2021,3246,南京航空航天大学(一流学科建设高校),019,电子信息类,11,642,10506
2021,3246,南京航空航天大学(一流学科建设高校),020,微电子科学与工程(集成电路设计),5,643,10270
2021,3246,南京航空航天大学(一流学科建设高校),021,机械工程,14,636,13491
2021,3246,南京航空航天大学(一流学科建设高校),022,机器人工程,2,643,10080
2021,3246,南京航空航天大学(一流学科建设高校),023,工业设计,3,638,12353
2021,3246,南京航空航天大学(一流学科建设高校),024,智能制造工程,4,642,10748
2021,3246,南京航空航天大学(一流学科建设高校),025,材料科学与工程,4,636,13604
2021,3246,南京航空航天大学(一流学科建设高校),026,核工程类,5,635,14081
2021,3246,南京航空航天大学(一流学科建设高校),027,管理科学与工程类,6,637,12920
2021,3246,南京航空航天大学(一流学科建设高校),028,经济与贸易类,5,640,11342
2021,3246,南京航空航天大学(一流学科建设高校),029,工商管理类,9,636,13471
2021,3246,南京航空航天大学(一流学科建设高校),030,法学,5,646,8964
2021,3246,南京航空航天大学(一流学科建设高校),031,行政管理,2,644,9764
2021,3246,南京航空航天大学(一流学科建设高校),032,英语(民航业务、国际贸易),4,643,10309
2021,3246,南京航空航天大学(一流学科建设高校),036,航空航天类,24,640,11514
2021,3247,南京航空航天大学金城学院(独立学院),001,电气工程及其自动化,3,530,121434
2021,3247,南京航空航天大学金城学院(独立学院),002,自动化,2,525,126892
2021,3247,南京航空航天大学金城学院(独立学院),003,物联网工程,4,528,123338
2021,3247,南京航空航天大学金城学院(独立学院),004,信息工程,3,525,127364
2021,3247,南京航空航天大学金城学院(独立学院),005,信息工程(嵌入式培养),5,523,129163
2021,3247,南京航空航天大学金城学院(独立学院),006,计算机科学与技术,3,541,108838
2021,3247,南京航空航天大学金城学院(独立学院),007,计算机科学与技术(嵌入式培养),4,531,119966
2021,3247,南京航空航天大学金城学院(独立学院),008,软件工程,4,537,113764
2021,3247,南京航空航天大学金城学院(独立学院),009,软件工程(嵌入式培养),5,529,122520
2021,3247,南京航空航天大学金城学院(独立学院),010,土木工程,3,524,127902
2021,3247,南京航空航天大学金城学院(独立学院),011,交通运输,4,520,133214
2021,3247,南京航空航天大学金城学院(独立学院),012,工商管理,7,546,103078
2021,3247,南京航空航天大学金城学院(独立学院),013,金融学,10,550,97795
2021,3247,南京航空航天大学金城学院(独立学院),014,国际经济与贸易,11,544,105412
2021,3247,南京航空航天大学金城学院(独立学院),015,英语,5,551,97772
2021,3247,南京航空航天大学金城学院(独立学院),016,翻译,8,544,106005
2021,3247,南京航空航天大学金城学院(独立学院),017,会计学,22,552,95859
2021,3247,南京航空航天大学金城学院(独立学院),018,工业设计,4,526,125794
2021,3248,南京科技职业学院,501,机电一体化技术,2,501,153862
2021,3248,南京科技职业学院,502,电气自动化技术,5,495,
2021,3248,南京科技职业学院,504,无人机应用技术,3,495,
2021,3248,南京科技职业学院,505,电子信息工程技术,3,495,159558
2021,3248,南京科技职业学院,506,计算机应用技术,5,502,153007
2021,3248,南京科技职业学院,508,电子商务,4,496,158647
2021,3249,南京机电职业技术学院,502,机械设计与制造,6,495,
2021,3249,南京机电职业技术学院,509,无人机应用技术,4,495,
2021,3249,南京机电职业技术学院,511,物联网应用技术,2,495,
2021,3249,南京机电职业技术学院,513,软件技术,5,495,
2021,3250,南京交通职业技术学院,501,道路与桥梁工程技术,6,495,
2021,3250,南京交通职业技术学院,502,道路工程造价,5,495,
2021,3250,南京交通职业技术学院,503,城市轨道交通运营管理,5,512,141824
2021,3250,南京交通职业技术学院,505,城市轨道交通机电技术,5,499,155561
2021,3250,南京交通职业技术学院,506,工程造价,4,495,
2021,3251,南京理工大学(一流学科建设高校),001,经济学类,10,641,11280
2021,3251,南京理工大学(一流学科建设高校),002,法学,4,644,9777
2021,3251,南京理工大学(一流学科建设高校),003,英语,9,639,12251
2021,3251,南京理工大学(一流学科建设高校),004,语言学,8,637,13236
2021,3251,南京理工大学(一流学科建设高校),005,数学类,10,638,12379
2021,3251,南京理工大学(一流学科建设高校),006,机械类,18,634,14663
2021,3251,南京理工大学(一流学科建设高校),007,智能制造工程,10,635,14038
2021,3251,南京理工大学(一流学科建设高校),008,材料类,18,632,15782
2021,3251,南京理工大学(一流学科建设高校),009,能源动力类,10,634,14723
2021,3251,南京理工大学(一流学科建设高校),010,新能源科学与工程,8,634,15094
2021,3251,南京理工大学(一流学科建设高校),011,电子信息类,16,639,12035
2021,3251,南京理工大学(一流学科建设高校),012,自动化类,24,639,11972
2021,3251,南京理工大学(一流学科建设高校),013,计算机类,7,643,10084
2021,3251,南京理工大学(一流学科建设高校),014,数据科学与大数据技术,8,639,11932
2021,3251,南京理工大学(一流学科建设高校),015,网络空间安全,8,638,12536
2021,3251,南京理工大学(一流学科建设高校),016,土木工程,6,634,14562
2021,3251,南京理工大学(一流学科建设高校),017,化工与制药类,26,632,16178
2021,3251,南京理工大学(一流学科建设高校),018,信息管理与信息系统,6,636,13825
2021,3251,南京理工大学(一流学科建设高校),019,工商管理类,18,639,11954
2021,3252,南京理工大学泰州科技学院(独立学院),001,机械工程,5,513,141059
2021,3252,南京理工大学泰州科技学院(独立学院),002,机械电子工程,5,509,144764
2021,3252,南京理工大学泰州科技学院(独立学院),003,自动化,5,515,138946
2021,3252,南京理工大学泰州科技学院(独立学院),004,机器人工程,5,515,138317
2021,3252,南京理工大学泰州科技学院(独立学院),005,工业工程,5,537,113210
2021,3252,南京理工大学泰州科技学院(独立学院),006,电气工程及其自动化,5,517,136260
2021,3252,南京理工大学泰州科技学院(独立学院),007,电气工程与智能控制,5,512,141343
2021,3252,南京理工大学泰州科技学院(独立学院),008,电子信息工程,5,514,139480
2021,3252,南京理工大学泰州科技学院(独立学院),009,化学工程与工艺,5,544,105081
2021,3252,南京理工大学泰州科技学院(独立学院),010,制药工程,5,545,104677
2021,3252,南京理工大学泰州科技学院(独立学院),011,环境工程,5,542,107797
2021,3252,南京理工大学泰州科技学院(独立学院),012,土木工程,15,508,146486
2021,3252,南京理工大学泰州科技学院(独立学院),013,工程管理,15,505,150077
2021,3252,南京理工大学泰州科技学院(独立学院),014,计算机科学与技术,9,524,128809
2021,3252,南京理工大学泰州科技学院(独立学院),015,软件工程,5,524,128413
2021,3252,南京理工大学泰州科技学院(独立学院),016,数据科学与大数据技术,5,525,126781
2021,3252,南京理工大学泰州科技学院(独立学院),017,信息管理与信息系统,5,515,138405
2021,3252,南京理工大学泰州科技学院(独立学院),018,经济与金融,5,544,105794
2021,3252,南京理工大学泰州科技学院(独立学院),019,国际经济与贸易,5,548,100516
2021,3252,南京理工大学泰州科技学院(独立学院),020,市场营销,5,534,117039
2021,3252,南京理工大学泰州科技学院(独立学院),021,会计学,4,553,94659
2021,3252,南京理工大学泰州科技学院(独立学院),022,财务管理,2,549,99391
2021,3252,南京理工大学泰州科技学院(独立学院),023,人力资源管理,5,543,106822
2021,3252,南京理工大学泰州科技学院(独立学院),024,审计学,5,547,102399
2021,3252,南京理工大学泰州科技学院(独立学院),025,英语,5,550,98328
2021,3252,南京理工大学泰州科技学院(独立学院),026,软件工程(嵌入式培养),5,515,138075
2021,3253,南京理工大学紫金学院(独立学院),001,国际经济与贸易,15,544,105413
2021,3253,南京理工大学紫金学院(独立学院),002,金融学,20,547,101356
2021,3253,南京理工大学紫金学院(独立学院),003,会计学,15,551,96874
2021,3253,南京理工大学紫金学院(独立学院),004,人力资源管理,10,544,105596
2021,3253,南京理工大学紫金学院(独立学院),005,市场营销,10,542,107316
2021,3253,南京理工大学紫金学院(独立学院),006,法学,20,557,90028
2021,3253,南京理工大学紫金学院(独立学院),007,英语,30,547,101733
2021,3253,南京理工大学紫金学院(独立学院),008,公共事业管理,10,543,107214
2021,3253,南京理工大学紫金学院(独立学院),009,土木工程,5,522,130190
2021,3253,南京理工大学紫金学院(独立学院),010,工业工程,9,509,145222
2021,3253,南京理工大学紫金学院(独立学院),011,电气工程及其自动化,3,523,128954
2021,3253,南京理工大学紫金学院(独立学院),012,机器人工程,5,521,131654
2021,3253,南京理工大学紫金学院(独立学院),013,通信工程(嵌入式培养),5,520,132562
2021,3253,南京理工大学紫金学院(独立学院),014,电子信息工程(嵌入式培养),6,520,133165
2021,3253,南京理工大学紫金学院(独立学院),015,物联网工程(嵌入式培养),5,525,126698
2021,3253,南京理工大学紫金学院(独立学院),016,自动化,7,519,133996
2021,3253,南京理工大学紫金学院(独立学院),017,计算机科学与技术(嵌入式培养),8,531,120096
2021,3253,南京理工大学紫金学院(独立学院),018,软件工程(嵌入式培养),8,533,118492
2021,3253,南京理工大学紫金学院(独立学院),019,光电信息科学与工程,9,518,135039
2021,3253,南京理工大学紫金学院(独立学院),020,人工智能,12,521,131901
2021,3253,南京理工大学紫金学院(独立学院),021,计算机科学与技术,11,530,121827
2021,3253,南京理工大学紫金学院(独立学院),022,软件工程,12,530,121049
2021,3253,南京理工大学紫金学院(独立学院),023,智能感知工程,5,519,134710
2021,3254,南京林业大学(一流学科建设高校),001,机械类,4,604,37854
2021,3254,南京林业大学(一流学科建设高校),002,土木类,4,602,39652
2021,3254,南京林业大学(一流学科建设高校),003,家具设计与工程,2,607,35167
2021,3254,南京林业大学(一流学科建设高校),004,车辆工程,2,601,41222
2021,3254,南京林业大学(一流学科建设高校),005,轻化工程,2,602,40372
2021,3254,南京林业大学(一流学科建设高校),006,环境工程,2,614,29539
2021,3254,南京林业大学(一流学科建设高校),007,林学类,4,622,22897
2021,3254,南京林业大学(一流学科建设高校),008,木材科学与工程,4,604,38295
2021,3254,南京林业大学(一流学科建设高校),009,生态学,2,616,27466
2021,3254,南京林业大学(一流学科建设高校),011,工商管理类,2,627,19103
2021,3254,南京林业大学(一流学科建设高校),012,风景园林,2,629,17865
2021,3254,南京林业大学(一流学科建设高校),013,园林,2,621,23490
2021,3254,南京林业大学(一流学科建设高校),014,新闻传播学类,2,627,19241
2021,3254,南京林业大学(一流学科建设高校),015,日语,2,613,30216
2021,3255,南京旅游职业学院,501,大数据与财务管理,1,509,145530
2021,3255,南京旅游职业学院,502,大数据技术,1,498,156581
2021,3255,南京旅游职业学院,504,民宿管理与运营,1,495,160491
2021,3255,南京旅游职业学院,505,旅游管理,1,510,144549
2021,3255,南京旅游职业学院,508,烹饪工艺与营养,2,532,119101
2021,3255,南京旅游职业学院,509,中西面点工艺,1,515,138492
2021,3255,南京旅游职业学院,511,旅游日语,1,520,133192
2021,3255,南京旅游职业学院,512,应用韩语,1,504,150843
2021,3256,南京农业大学(一流学科建设高校),001,农学,6,631,16768
2021,3256,南京农业大学(一流学科建设高校),002,种子科学与工程,3,627,19335
2021,3256,南京农业大学(一流学科建设高校),003,植物保护,4,628,18587
2021,3256,南京农业大学(一流学科建设高校),004,环境科学与工程类,10,626,20291
2021,3256,南京农业大学(一流学科建设高校),005,风景园林,4,635,14143
2021,3256,南京农业大学(一流学科建设高校),006,园艺,8,624,21572
2021,3256,南京农业大学(一流学科建设高校),007,园林,4,630,17321
2021,3256,南京农业大学(一流学科建设高校),008,国际经济与贸易,4,636,13640
2021,3256,南京农业大学(一流学科建设高校),009,农林经济管理,2,640,11358
2021,3256,南京农业大学(一流学科建设高校),010,工商管理类,6,635,14349
2021,3256,南京农业大学(一流学科建设高校),011,动物医学类,4,630,16995
2021,3256,南京农业大学(一流学科建设高校),012,食品科学与工程类,9,629,17719
2021,3256,南京农业大学(一流学科建设高校),013,公共管理类,11,637,13160
2021,3256,南京农业大学(一流学科建设高校),014,人文地理与城乡规划,6,634,14855
2021,3256,南京农业大学(一流学科建设高校),015,英语,5,636,13763
2021,3256,南京农业大学(一流学科建设高校),016,日语,2,633,15507
2021,3256,南京农业大学(一流学科建设高校),017,社会学类,8,635,14268
2021,3256,南京农业大学(一流学科建设高校),018,文化遗产,2,635,14387
2021,3256,南京农业大学(一流学科建设高校),019,信息与计算科学,4,629,18183
2021,3256,南京农业大学(一流学科建设高校),020,应用化学,5,625,20951
2021,3256,南京农业大学(一流学科建设高校),021,统计学,2,638,12736
2021,3256,南京农业大学(一流学科建设高校),022,生物科学类,8,628,18843
2021,3256,南京农业大学(一流学科建设高校),023,生物科学(生物学基地班),4,631,16453
2021,3256,南京农业大学(一流学科建设高校),024,生物技术(生命科学与技术基地班),4,628,18912
2021,3256,南京农业大学(一流学科建设高校),025,金融学,4,639,12306
2021,3256,南京农业大学(一流学科建设高校),026,会计学,4,639,11998
2021,3256,南京农业大学(一流学科建设高校),027,投资学,2,638,12751
2021,3256,南京农业大学(一流学科建设高校),028,机械类,10,622,22734
2021,3256,南京农业大学(一流学科建设高校),029,交通运输,2,622,22869
2021,3256,南京农业大学(一流学科建设高校),030,电子信息类,14,626,19825
2021,3256,南京农业大学(一流学科建设高校),031,人工智能,2,632,16129
2021,3256,南京农业大学(一流学科建设高校),032,计算机科学与技术,4,632,15966
2021,3256,南京农业大学(一流学科建设高校),033,数据科学与大数据技术,2,633,15692
2021,3256,南京农业大学(一流学科建设高校),034,信息管理与信息系统,5,627,19065
2021,3256,南京农业大学(一流学科建设高校),035,工程管理,3,624,21105
2021,3257,南京审计大学,001,金融学,4,634,15071
2021,3257,南京审计大学,002,金融工程(中外合作办学),4,599,42811
2021,3257,南京审计大学,003,金融数学,4,626,19806
2021,3257,南京审计大学,004,法学类(法务会计),5,631,16413
2021,3257,南京审计大学,005,英语,5,620,24754
2021,3257,南京审计大学,006,计算机科学与技术,4,623,22507
2021,3257,南京审计大学,007,信息管理与信息系统,4,613,29779
2021,3257,南京审计大学,008,信息管理与信息系统(中外合作办学),2,590,52818
2021,3257,南京审计大学,009,工程管理(中外合作办学),2,592,50432
2021,3257,南京审计大学,010,会计学,4,636,13676
2021,3257,南京审计大学,011,财务管理,4,630,17046
2021,3257,南京审计大学,012,审计学,4,642,10700
2021,3257,南京审计大学,013,审计学(中外合作办学),4,630,17326
2021,3258,南京审计大学金审学院(独立学院),001,审计学,3,568,77511
2021,3258,南京审计大学金审学院(独立学院),002,会计学,3,565,81190
2021,3258,南京审计大学金审学院(独立学院),003,财务管理,3,563,83366
2021,3258,南京审计大学金审学院(独立学院),004,金融学,3,563,83198
2021,3258,南京审计大学金审学院(独立学院),005,保险学,3,549,99454
2021,3258,南京审计大学金审学院(独立学院),006,国际经济与贸易,3,557,90044
2021,3258,南京审计大学金审学院(独立学院),007,税收学,3,559,88260
2021,3258,南京审计大学金审学院(独立学院),008,工商管理,3,556,90785
2021,3258,南京审计大学金审学院(独立学院),009,物流管理,1,553,95120
2021,3258,南京审计大学金审学院(独立学院),010,行政管理,2,558,89247
2021,3258,南京审计大学金审学院(独立学院),011,计算机科学与技术(嵌入式培养),2,552,96383
2021,3258,南京审计大学金审学院(独立学院),012,信息管理与信息系统,1,540,109875
2021,3259,南京师范大学(一流学科建设高校),001,小学教育(师范),3,652,6549
2021,3259,南京师范大学(一流学科建设高校),002,学前教育(师范),2,645,9232
2021,3259,南京师范大学(一流学科建设高校),003,教育技术学(师范),2,646,8793
2021,3259,南京师范大学(一流学科建设高校),004,应用心理学,2,649,7378
2021,3259,南京师范大学(一流学科建设高校),007,中国语言文学类,4,656,5106
2021,3259,南京师范大学(一流学科建设高校),008,外国语言文学类(双外语),2,654,5861
2021,3259,南京师范大学(一流学科建设高校),009,新闻传播学类,2,652,6395
2021,3259,南京师范大学(一流学科建设高校),010,历史学类,3,654,5662
2021,3259,南京师范大学(一流学科建设高校),011,社会学,3,647,8462
2021,3259,南京师范大学(一流学科建设高校),012,数学类,3,650,7120
2021,3259,南京师范大学(一流学科建设高校),013,统计学,3,644,9499
2021,3259,南京师范大学(一流学科建设高校),014,物理学,3,646,8809
2021,3259,南京师范大学(一流学科建设高校),015,化学类,5,645,9256
2021,3259,南京师范大学(一流学科建设高校),016,测绘工程,3,629,18022
2021,3259,南京师范大学(一流学科建设高校),017,地理科学类,5,653,6028
2021,3259,南京师范大学(一流学科建设高校),018,生物科学类,5,648,8035
2021,3259,南京师范大学(一流学科建设高校),019,能源动力类,8,629,17756
2021,3259,南京师范大学(一流学科建设高校),020,自动化,3,634,14584
2021,3259,南京师范大学(一流学科建设高校),021,计算机科学与技术,3,639,12264
2021,3259,南京师范大学(一流学科建设高校),022,环境科学与工程类,4,636,13437
2021,3259,南京师范大学(一流学科建设高校),023,海洋资源与环境,5,630,17595
2021,3259,南京师范大学(一流学科建设高校),024,食品科学与工程,3,635,14141
2021,3260,南京师范大学泰州学院(独立学院),001,工商管理,8,541,108890
2021,3260,南京师范大学泰州学院(独立学院),002,国际经济与贸易,8,545,104045
2021,3260,南京师范大学泰州学院(独立学院),003,财务管理,8,549,100012
2021,3260,南京师范大学泰州学院(独立学院),004,法学,9,551,97474
2021,3260,南京师范大学泰州学院(独立学院),005,行政管理,8,542,107949
2021,3260,南京师范大学泰州学院(独立学院),006,汉语言文学,9,557,90596
2021,3260,南京师范大学泰州学院(独立学院),007,英语,9,551,97247
2021,3260,南京师范大学泰州学院(独立学院),008,制药工程,6,545,104306
2021,3261,南京师范大学中北学院(独立学院),002,法学,2,564,81930
2021,3261,南京师范大学中北学院(独立学院),003,物联网工程,2,527,124403
2021,3261,南京师范大学中北学院(独立学院),004,电气工程及其自动化,2,528,123905
2021,3261,南京师范大学中北学院(独立学院),005,眼视光学,2,526,125730
2021,3263,南京特殊教育师范学院,001,特殊教育(师范),3,584,59161
2021,3263,南京特殊教育师范学院,002,小学教育(师范),2,579,64429
2021,3263,南京特殊教育师范学院,003,手语翻译,2,568,77581
2021,3263,南京特殊教育师范学院,004,学前教育(师范),6,571,74187
2021,3263,南京特殊教育师范学院,005,教育康复学(师范),2,571,74422
2021,3263,南京特殊教育师范学院,006,公共事业管理,2,571,73750
2021,3263,南京特殊教育师范学院,007,英语(师范),4,578,65999
2021,3263,南京特殊教育师范学院,008,汉语言文学(师范),4,578,65893
2021,3263,南京特殊教育师范学院,009,康复治疗学,3,561,85877
2021,3263,南京特殊教育师范学院,010,教育技术学(师范),4,568,77215
2021,3263,南京特殊教育师范学院,011,计算机科学与技术(嵌入式培养),2,558,88599
2021,3263,南京特殊教育师范学院,012,数学与应用数学(师范),7,553,94423
2021,3263,南京特殊教育师范学院,013,数据科学与大数据技术,4,537,113332
2021,3264,南京体育学院,004,新闻学,10,566,79175
2021,3264,南京体育学院,005,体育经济与管理,10,557,90650
2021,3264,南京体育学院,006,运动人体科学,4,555,92967
2021,3264,南京体育学院,007,运动康复,5,559,88227
2021,3265,南京铁道职业技术学院,501,智能控制技术,8,495,160423
2021,3265,南京铁道职业技术学院,502,风景园林设计,1,504,150313
2021,3265,南京铁道职业技术学院,503,铁道工程技术,7,509,144998
2021,3265,南京铁道职业技术学院,504,铁道机车运用与维护,5,533,118297
2021,3265,南京铁道职业技术学院,505,高速铁路综合维修技术,6,510,144340
2021,3265,南京铁道职业技术学院,506,城市轨道车辆应用技术,27,497,157683
2021,3265,南京铁道职业技术学院,507,城市轨道交通通信信号技术,39,499,156132
2021,3265,南京铁道职业技术学院,508,城市轨道交通供配电技术,19,496,159213
2021,3265,南京铁道职业技术学院,509,城市轨道交通运营管理,34,510,143611
2021,3265,南京铁道职业技术学院,510,人工智能技术应用,7,504,150449
2021,3265,南京铁道职业技术学院,511,现代通信技术,7,498,156879
2021,3265,南京铁道职业技术学院,513,大数据与会计,2,505,149096
2021,3265,南京铁道职业技术学院,514,跨境电子商务,2,495,
2021,3265,南京铁道职业技术学院,515,现代物流管理,2,495,160224
2021,3265,南京铁道职业技术学院,516,铁路物流管理,14,508,146661
2021,3265,南京铁道职业技术学院,517,城市轨道交通车辆制造与维护,4,508,146162
2021,3265,南京铁道职业技术学院,518,铁道运输类,24,521,132142
2021,3266,南京晓庄学院,001,英语(师范),5,586,57022
2021,3266,南京晓庄学院,002,日语,4,574,70666
2021,3266,南京晓庄学院,003,化学(师范),3,564,81465
2021,3267,南京信息工程大学(一流学科建设高校),001,大气科学类,22,622,22736
2021,3267,南京信息工程大学(一流学科建设高校),002,应用气象学,5,616,27234
2021,3267,南京信息工程大学(一流学科建设高校),003,安全工程,2,612,30652
2021,3267,南京信息工程大学(一流学科建设高校),004,气象技术与工程,2,614,29172
2021,3267,南京信息工程大学(一流学科建设高校),005,地理科学类,4,622,22613
2021,3267,南京信息工程大学(一流学科建设高校),006,地理空间信息工程,2,617,26352
2021,3267,南京信息工程大学(一流学科建设高校),007,水文与水资源工程,2,612,30543
2021,3267,南京信息工程大学(一流学科建设高校),008,海洋科学类,4,606,36414
2021,3267,南京信息工程大学(一流学科建设高校),009,环境科学与工程类,4,608,34453
2021,3267,南京信息工程大学(一流学科建设高校),010,测控技术与仪器,3,612,30791
2021,3267,南京信息工程大学(一流学科建设高校),011,电气工程及其自动化,3,615,28679
2021,3267,南京信息工程大学(一流学科建设高校),012,机器人工程,2,620,24424
2021,3267,南京信息工程大学(一流学科建设高校),013,机械电子工程,2,615,28367
2021,3267,南京信息工程大学(一流学科建设高校),014,电子信息类,6,622,22680
2021,3267,南京信息工程大学(一流学科建设高校),015,计算机类,6,626,19846
2021,3267,南京信息工程大学(一流学科建设高校),016,软件工程(中外合作办学),3,609,33308
2021,3267,南京信息工程大学(一流学科建设高校),017,数学与应用数学,2,627,19505
2021,3267,南京信息工程大学(一流学科建设高校),018,信息与计算科学,2,624,21175
2021,3267,南京信息工程大学(一流学科建设高校),019,应用统计学,3,622,22876
2021,3267,南京信息工程大学(一流学科建设高校),020,应用物理学,2,610,32807
2021,3267,南京信息工程大学(一流学科建设高校),021,光电信息科学与工程,4,615,28131
2021,3267,南京信息工程大学(一流学科建设高校),022,金融工程,2,622,22687
2021,3267,南京信息工程大学(一流学科建设高校),023,信息管理与信息系统,4,614,29345
2021,3267,南京信息工程大学(一流学科建设高校),024,国际经济与贸易,4,619,25344
2021,3267,南京信息工程大学(一流学科建设高校),025,工商管理类,4,616,27955
2021,3267,南京信息工程大学(一流学科建设高校),026,汉语国际教育,3,616,27387
2021,3267,南京信息工程大学(一流学科建设高校),027,英语,2,621,23575
2021,3267,南京信息工程大学(一流学科建设高校),028,日语,2,614,29643
2021,3267,南京信息工程大学(一流学科建设高校),029,法学,3,628,18776
2021,3267,南京信息工程大学(一流学科建设高校),030,行政管理,2,614,29618
2021,3267,南京信息工程大学(一流学科建设高校),036,环境工程(中外合作办学),2,594,48482
2021,3267,南京信息工程大学(一流学科建设高校),037,数学与应用数学(中外合作办学),4,590,52121
2021,3267,南京信息工程大学(一流学科建设高校),038,应用化学(中外合作办学),3,599,42728
2021,3267,南京信息工程大学(一流学科建设高校),039,地理信息科学(中外合作办学),2,609,33698
2021,3267,南京信息工程大学(一流学科建设高校),040,国际经济与贸易(中外合作办学),3,608,34540
2021,3267,南京信息工程大学(一流学科建设高校),041,地理科学(师范),2,624,21656
2021,3267,南京信息工程大学(一流学科建设高校),042,数学与应用数学(师范),2,621,23330
2021,3267,南京信息工程大学(一流学科建设高校),043,数据科学与大数据技术(中外合作办学),2,608,34323
2021,3267,南京信息工程大学(一流学科建设高校),044,大气科学(中外合作办学),2,614,29271
2021,3268,无锡学院,001,计算机科学与技术,2,560,86788
2021,3268,无锡学院,002,软件工程,2,557,90003
2021,3268,无锡学院,003,网络工程,2,551,97211
2021,3268,无锡学院,004,物联网工程,2,552,96142
2021,3268,无锡学院,005,数据科学与大数据技术,3,550,97835
2021,3268,无锡学院,006,信息安全,3,548,101106
2021,3268,无锡学院,007,电子信息工程,2,548,100211
2021,3268,无锡学院,008,通信工程,2,551,96700
2021,3268,无锡学院,009,电子科学与技术,2,549,99170
2021,3268,无锡学院,010,信息工程,2,546,102518
2021,3268,无锡学院,011,人工智能,2,551,97149
2021,3268,无锡学院,012,光电信息科学与工程,2,547,101873
2021,3268,无锡学院,013,微电子科学与工程,2,546,102633
2021,3268,无锡学院,014,电气工程及其自动化,2,548,100405
2021,3268,无锡学院,015,自动化,3,548,100578
2021,3268,无锡学院,016,机械电子工程,2,548,100542
2021,3268,无锡学院,017,轨道交通信号与控制,3,544,105092
2021,3268,无锡学院,018,车辆工程,3,542,108045
2021,3268,无锡学院,019,大气科学,2,549,98939
2021,3268,无锡学院,020,会计学,2,573,71351
2021,3268,无锡学院,021,金融工程,2,569,76324
2021,3269,南京信息职业技术学院,503,城市轨道交通通信信号技术,10,495,
2021,3269,南京信息职业技术学院,504,现代通信技术,10,495,
2021,3270,南京医科大学,001,临床医学(5+3一体化),4,656,5249
2021,3270,南京医科大学,002,临床医学(5+3一体化，儿科医学),2,653,6224
2021,3270,南京医科大学,003,口腔医学(5+3一体化),2,660,3915
2021,3270,南京医科大学,004,临床医学,4,651,6976
2021,3270,南京医科大学,005,医学影像学,2,641,11234
2021,3270,南京医科大学,006,儿科学,2,646,8707
2021,3270,南京医科大学,007,口腔医学,4,652,6539
2021,3270,南京医科大学,008,预防医学,3,635,13965
2021,3270,南京医科大学,009,法医学,2,629,17820
2021,3270,南京医科大学,010,临床药学,4,632,15985
2021,3270,南京医科大学,011,医学检验技术,2,626,19743
2021,3270,南京医科大学,012,康复治疗学,2,618,25722
2021,3270,南京医科大学,013,卫生检验与检疫,2,620,24700
2021,3270,南京医科大学,014,应用统计学(生物统计学),2,616,27263
2021,3270,南京医科大学,015,药学,2,631,16714
2021,3270,南京医科大学,016,护理学,4,598,44049
2021,3271,南京医科大学康达学院(独立学院),001,临床医学(全科医学),4,560,86328
2021,3271,南京医科大学康达学院(独立学院),002,预防医学,2,560,86836
2021,3271,南京医科大学康达学院(独立学院),003,药学,2,558,89193
2021,3271,南京医科大学康达学院(独立学院),004,医学信息工程,2,531,119717
2021,3271,南京医科大学康达学院(独立学院),005,医疗保险,3,543,106780
2021,3271,南京医科大学康达学院(独立学院),006,公共事业管理(卫生事业管理),3,544,105124
2021,3272,南京艺术学院,005,美术学(书画鉴定),1,598,44445
2021,3272,南京艺术学院,011,艺术设计学,1,615,28534
2021,3272,南京艺术学院,031,戏剧影视文学,1,599,42973
2021,3272,南京艺术学院,032,戏剧影视文学(影视策划与制片),1,598,43850
2021,3272,南京艺术学院,039,影视摄影与制作,1,590,52242
2021,3272,南京艺术学院,044,公共事业管理,1,587,55497
2021,3272,南京艺术学院,045,文化产业管理,1,596,46574
2021,3272,南京艺术学院,046,艺术管理,1,605,37141
2021,3273,南京邮电大学(一流学科建设高校),001,经济学类,9,630,17012
2021,3273,南京邮电大学(一流学科建设高校),002,外国语言文学类,7,628,18735
2021,3273,南京邮电大学(一流学科建设高校),003,电气工程及其自动化,7,627,19177
2021,3273,南京邮电大学(一流学科建设高校),004,电子信息工程,5,631,16964
2021,3273,南京邮电大学(一流学科建设高校),005,电子科学与技术,4,633,15501
2021,3273,南京邮电大学(一流学科建设高校),006,通信工程,8,633,15393
2021,3273,南京邮电大学(一流学科建设高校),007,微电子科学与工程,7,628,18643
2021,3273,南京邮电大学(一流学科建设高校),008,人工智能,8,630,17486
2021,3273,南京邮电大学(一流学科建设高校),009,自动化,7,626,20013
2021,3273,南京邮电大学(一流学科建设高校),010,计算机科学与技术,4,634,14846
2021,3273,南京邮电大学(一流学科建设高校),011,软件工程,6,632,16250
2021,3273,南京邮电大学(一流学科建设高校),012,软件工程(嵌入式培养),5,632,15978
2021,3273,南京邮电大学(一流学科建设高校),013,网络工程,4,629,17849
2021,3273,南京邮电大学(一流学科建设高校),014,信息安全,6,631,16670
2021,3273,南京邮电大学(一流学科建设高校),015,物联网工程,5,630,17157
2021,3273,南京邮电大学(一流学科建设高校),016,管理科学与工程类,4,626,20174
2021,3274,南京邮电大学通达学院(独立学院),001,电子商务,2,549,100069
2021,3274,南京邮电大学通达学院(独立学院),002,广告学,2,558,88459
2021,3274,南京邮电大学通达学院(独立学院),003,信息管理与信息系统,2,534,117253
2021,3274,南京邮电大学通达学院(独立学院),004,金融工程,2,550,98119
2021,3274,南京邮电大学通达学院(独立学院),005,财务管理,2,547,101874
2021,3274,南京邮电大学通达学院(独立学院),006,物流管理,2,511,142710
2021,3274,南京邮电大学通达学院(独立学院),007,电气工程及其自动化,2,524,128623
2021,3274,南京邮电大学通达学院(独立学院),008,物联网工程,2,520,132601
2021,3274,南京邮电大学通达学院(独立学院),009,数据科学与大数据技术,2,525,127484
2021,3274,南京邮电大学通达学院(独立学院),010,信息工程,2,516,137808
2021,3274,南京邮电大学通达学院(独立学院),011,通信工程,2,517,136028
2021,3274,南京邮电大学通达学院(独立学院),012,通信工程(嵌入式培养),2,513,140406
2021,3274,南京邮电大学通达学院(独立学院),013,计算机科学与技术(嵌入式培养),2,528,123192
2021,3274,南京邮电大学通达学院(独立学院),014,软件工程(嵌入式培养),3,533,117884
2021,3274,南京邮电大学通达学院(独立学院),015,电子科学与技术,2,526,125857
2021,3275,南京中医药大学(一流学科建设高校),001,中医学,7,640,11355
2021,3275,南京中医药大学(一流学科建设高校),002,临床医学(老年医学),5,613,30098
2021,3275,南京中医药大学(一流学科建设高校),003,食品卫生与营养学,5,606,36518
2021,3275,南京中医药大学(一流学科建设高校),004,中药学类,3,616,27852
2021,3275,南京中医药大学(一流学科建设高校),005,眼视光学,6,607,34997
2021,3275,南京中医药大学(一流学科建设高校),006,康复治疗学(老年康复),6,601,41210
2021,3275,南京中医药大学(一流学科建设高校),007,信息管理与信息系统,5,590,52461
2021,3275,南京中医药大学(一流学科建设高校),008,中医康复学,5,611,31592
2021,3276,南通大学,001,思想政治教育(师范),2,617,26962
2021,3276,南通大学,002,小学教育(师范),2,614,29106
2021,3276,南通大学,003,应用心理学,3,602,39845
2021,3276,南通大学,004,翻译,1,605,37449
2021,3276,南通大学,005,化学(师范),5,600,41576
2021,3276,南通大学,006,高分子材料与工程,3,576,68188
2021,3276,南通大学,007,纺织工程,5,569,76274
2021,3276,南通大学,008,服装设计与工程,5,577,66923
2021,3276,南通大学,009,康复治疗学,2,591,51045
2021,3276,南通大学,010,医学影像学,2,610,32944
2021,3276,南通大学,011,护理学,4,576,68393
2021,3276,南通大学,012,预防医学,3,594,48190
2021,3276,南通大学,013,医学检验技术,3,594,48568
2021,3276,南通大学,018,地理信息科学,2,594,48540
2021,3276,南通大学,019,环境科学,2,588,55076
2021,3276,南通大学,020,交通工程,5,578,65688
2021,3276,南通大学,021,交通设备与控制工程,6,582,61254
2021,3276,南通大学,022,药学,2,593,49000
2021,3277,南通大学杏林学院(独立学院),001,经济统计学,10,542,107798
2021,3277,南通大学杏林学院(独立学院),002,海洋技术,10,534,116602
2021,3277,南通大学杏林学院(独立学院),003,酒店管理,10,524,128650
2021,3277,南通大学杏林学院(独立学院),004,行政管理,10,530,121344
2021,3277,南通大学杏林学院(独立学院),005,城市管理,10,527,124486
2021,3277,南通大学杏林学院(独立学院),006,物流管理,10,530,121576
2021,3278,南通科技职业学院,506,计算机应用技术,6,495,
2021,3279,南通职业大学,502,工程造价,6,495,
2021,3279,南通职业大学,509,大数据与会计,10,495,
2021,3279,南通职业大学,510,现代物流管理,5,495,
2021,3280,三江学院(民办),001,英语,6,550,98077
2021,3280,三江学院(民办),002,风景园林,6,543,106732
2021,3280,三江学院(民办),003,文化产业管理,9,545,104277
2021,3280,三江学院(民办),004,会展经济与管理,9,542,108374
2021,3280,三江学院(民办),011,互联网金融,6,514,139323
2021,3280,三江学院(民办),012,投资学,8,537,113710
2021,3280,三江学院(民办),013,网络空间安全,3,512,141671
2021,3280,三江学院(民办),014,智能制造工程,3,512,141582
2021,3280,三江学院(民办),015,机器人工程,3,513,140812
2021,3280,三江学院(民办),016,建筑电气与智能化,3,522,130835
2021,3280,三江学院(民办),017,土木工程,3,519,133930
2021,3280,三江学院(民办),018,集成电路设计与集成系统,3,506,148435
2021,3281,苏州大学(一流学科建设高校),001,中国语言文学类,1,655,5602
2021,3281,苏州大学(一流学科建设高校),003,新闻传播学类,1,654,5826
2021,3281,苏州大学(一流学科建设高校),004,图书情报与档案管理类,1,650,7319
2021,3281,苏州大学(一流学科建设高校),005,思想政治教育(师范),1,651,6780
2021,3281,苏州大学(一流学科建设高校),006,教育学(师范),1,652,6506
2021,3281,苏州大学(一流学科建设高校),007,经济学类,1,654,5909
2021,3281,苏州大学(一流学科建设高校),008,工商管理类,1,651,6915
2021,3281,苏州大学(一流学科建设高校),009,法学,1,655,5372
2021,3281,苏州大学(一流学科建设高校),010,法语,1,650,7208
2021,3281,苏州大学(一流学科建设高校),011,日语,1,648,7958
2021,3281,苏州大学(一流学科建设高校),012,建筑学,2,647,8260
2021,3281,苏州大学(一流学科建设高校),013,数学类,2,647,8469
2021,3281,苏州大学(一流学科建设高校),014,物理学(师范),2,643,10336
2021,3281,苏州大学(一流学科建设高校),015,电子信息科学与技术,2,644,9668
2021,3281,苏州大学(一流学科建设高校),016,化学工程与工艺,2,637,13136
2021,3281,苏州大学(一流学科建设高校),017,化学类,2,645,9306
2021,3281,苏州大学(一流学科建设高校),018,材料类,2,641,11112
2021,3281,苏州大学(一流学科建设高校),019,纳米材料与技术,5,637,12917
2021,3281,苏州大学(一流学科建设高校),020,软件工程,1,648,8113
2021,3281,苏州大学(一流学科建设高校),021,计算机科学与技术,2,646,8836
2021,3281,苏州大学(一流学科建设高校),022,电子信息类,2,644,9838
2021,3281,苏州大学(一流学科建设高校),023,电气工程及其自动化,2,643,10206
2021,3281,苏州大学(一流学科建设高校),024,机械工程,1,638,12709
2021,3281,苏州大学(一流学科建设高校),025,纺织工程(中外合作办学),3,622,23167
2021,3281,苏州大学(一流学科建设高校),026,轻化工程,2,634,14911
2021,3281,苏州大学(一流学科建设高校),027,纺织类,3,634,14969
2021,3281,苏州大学(一流学科建设高校),028,车辆工程,2,634,14859
2021,3281,苏州大学(一流学科建设高校),029,电气工程与智能控制,2,640,11450
2021,3281,苏州大学(一流学科建设高校),030,临床医学(5+3一体化),2,658,4508
2021,3281,苏州大学(一流学科建设高校),031,临床医学,2,654,5774
2021,3281,苏州大学(一流学科建设高校),032,医学影像学,2,648,7874
2021,3281,苏州大学(一流学科建设高校),033,放射医学,2,646,8574
2021,3281,苏州大学(一流学科建设高校),034,药学,2,643,10027
2021,3281,苏州大学(一流学科建设高校),035,护理学,1,641,10890
2021,3281,苏州大学(一流学科建设高校),045,人工智能,2,646,8678
2021,3281,苏州大学(一流学科建设高校),046,集成电路设计与集成系统,2,641,11200
2021,3281,苏州大学(一流学科建设高校),047,机械电子工程,2,637,13375
2021,3282,苏州城市学院,001,国际经济与贸易,9,563,83277
2021,3282,苏州城市学院,002,日语,8,562,83664
2021,3282,苏州城市学院,003,应用心理学,9,564,82342
2021,3282,苏州城市学院,004,测控技术与仪器,7,536,114018
2021,3282,苏州城市学院,005,轨道交通信号与控制,7,536,114327
2021,3283,苏州大学应用技术学院(独立学院),001,电气工程及其自动化,5,521,132098
2021,3283,苏州大学应用技术学院(独立学院),002,电子信息工程,5,512,141449
2021,3283,苏州大学应用技术学院(独立学院),003,机械工程,5,505,149945
2021,3283,苏州大学应用技术学院(独立学院),004,软件工程(嵌入式培养),18,510,143521
2021,3283,苏州大学应用技术学院(独立学院),005,电子商务(嵌入式培养),5,540,110105
2021,3283,苏州大学应用技术学院(独立学院),006,国际经济与贸易,5,545,104598
2021,3283,苏州大学应用技术学院(独立学院),007,投资学,5,542,108131
2021,3283,苏州大学应用技术学院(独立学院),008,物流管理,5,541,109001
2021,3283,苏州大学应用技术学院(独立学院),009,服装设计与工程(中外合作办学),5,527,124900
2021,3286,苏州工业园区职业技术学院,517,工程造价,2,495,
2021,3288,苏州科技大学,001,建筑学,2,612,30891
2021,3288,苏州科技大学,002,城乡规划,2,604,38314
2021,3288,苏州科技大学,003,风景园林,2,601,40896
2021,3288,苏州科技大学,004,给排水科学与工程,2,584,58544
2021,3288,苏州科技大学,005,地理信息科学,2,605,37183
2021,3288,苏州科技大学,006,测绘工程,2,576,68220
2021,3288,苏州科技大学,007,建筑环境与能源应用工程,2,588,54104
2021,3288,苏州科技大学,008,工程力学,2,580,63027
2021,3288,苏州科技大学,009,无机非金属材料工程,2,588,54938
2021,3288,苏州科技大学,010,电子信息工程,2,596,46468
2021,3288,苏州科技大学,011,计算机科学与技术,2,599,42622
2021,3288,苏州科技大学,012,通信工程,2,591,51152
2021,3288,苏州科技大学,013,数学与应用数学(师范),2,596,45811
2021,3288,苏州科技大学,014,信息与计算科学,2,592,49954
2021,3288,苏州科技大学,015,生物技术,2,590,52776
2021,3288,苏州科技大学,016,化学(师范),2,599,43553
2021,3288,苏州科技大学,017,应用化学,2,593,49613
2021,3288,苏州科技大学,018,功能材料,2,589,53143
2021,3288,苏州科技大学,019,旅游管理,2,588,54638
2021,3288,苏州科技大学,020,物流管理,2,592,50383
2021,3288,苏州科技大学,021,金融工程,2,593,48977
2021,3288,苏州科技大学,022,财务管理,2,593,49082
2021,3288,苏州科技大学,023,汉语言文学,2,601,41127
2021,3288,苏州科技大学,024,历史学(师范),2,609,33263
2021,3288,苏州科技大学,025,英语,2,597,45535
2021,3288,苏州科技大学,032,土木工程(中外合作办学),2,576,67936
2021,3288,苏州科技大学,033,工程管理(中外合作办学),2,566,79649
2021,3288,苏州科技大学,034,物流管理(中外合作办学),2,576,68416
2021,3288,苏州科技大学,035,机械设计制造及其自动化(中外合作办学),2,572,72353
2021,3289,苏州农业职业技术学院,501,园林技术,5,495,
2021,3289,苏州农业职业技术学院,504,商务英语,5,495,
2021,3291,苏州卫生职业技术学院,501,护理,8,510,144146
2021,3291,苏州卫生职业技术学院,502,药学,6,509,145337
2021,3291,苏州卫生职业技术学院,503,医学检验技术,4,512,141541
2021,3291,苏州卫生职业技术学院,504,口腔医学,2,514,139928
2021,3292,苏州职业大学,501,机械制造及自动化,5,495,
2021,3292,苏州职业大学,504,工业机器人技术,2,498,156832
2021,3292,苏州职业大学,505,应用电子技术,5,495,
2021,3292,苏州职业大学,506,计算机网络技术,5,506,148299
2021,3292,苏州职业大学,507,国际经济与贸易,3,497,158255
2021,3292,苏州职业大学,508,市场营销,6,495,
2021,3292,苏州职业大学,509,电子商务,5,505,149847
2021,3292,苏州职业大学,510,现代物流管理,6,495,160060
2021,3292,苏州职业大学,511,商务英语,6,510,143900
2021,3292,苏州职业大学,512,商务日语,6,504,150174
2021,3293,无锡城市职业技术学院,506,酒店管理与数字化运营,8,495,
2021,3297,西交利物浦大学(中外合作办学),001,数学类(中外合作办学),16,583,59974
2021,3297,西交利物浦大学(中外合作办学),002,电子信息类(中外合作办学),43,583,59704
2021,3297,西交利物浦大学(中外合作办学),003,生物科学类(中外合作办学),9,587,55207
2021,3297,西交利物浦大学(中外合作办学),004,化学类(中外合作办学),2,589,53663
2021,3297,西交利物浦大学(中外合作办学),005,工商管理类(中外合作办学),23,585,58169
2021,3297,西交利物浦大学(中外合作办学),006,金融学类(中外合作办学),36,584,58829
2021,3297,西交利物浦大学(中外合作办学),007,建筑类(中外合作办学),15,588,54662
2021,3297,西交利物浦大学(中外合作办学),008,土木类(中外合作办学),2,588,54931
2021,3297,西交利物浦大学(中外合作办学),009,外国语言文学类(中外合作办学),14,589,53901
2021,3298,徐州工程学院,001,土木工程,4,545,104311
2021,3298,徐州工程学院,002,机械设计制造及其自动化,5,543,106882
2021,3298,徐州工程学院,003,电子信息工程,6,548,101040
2021,3298,徐州工程学院,004,会计学,3,570,75216
2021,3298,徐州工程学院,005,英语,3,569,76378
2021,3298,徐州工程学院,006,朝鲜语,4,557,90441
2021,3298,徐州工程学院,007,物流工程,5,558,89286
2021,3298,徐州工程学院,008,汉语言文学,2,575,69293
2021,3298,徐州工程学院,009,国际经济与贸易,3,564,82123
2021,3298,徐州工程学院,010,市场营销,3,562,84261
2021,3298,徐州工程学院,011,旅游管理,2,558,88867
2021,3299,江苏建筑职业技术学院,505,建设工程监理,2,495,
2021,3301,江苏师范大学,001,广告学,2,605,37147
2021,3301,江苏师范大学,002,法学,2,610,33036
2021,3301,江苏师范大学,003,行政管理,2,595,47671
2021,3301,江苏师范大学,004,化学(师范),2,619,25430
2021,3301,江苏师范大学,005,历史学(师范),2,630,17400
2021,3301,江苏师范大学,006,文化产业管理,2,601,41270
2021,3301,江苏师范大学,007,思想政治教育(师范),3,625,20542
2021,3301,江苏师范大学,008,哲学,2,602,39663
2021,3301,江苏师范大学,009,生物科学(师范),4,620,24743
2021,3301,江苏师范大学,010,数学与应用数学(师范),2,619,24819
2021,3301,江苏师范大学,011,英语(师范),2,625,20678
2021,3301,江苏师范大学,012,汉语言文学(师范),2,629,18067
2021,3301,江苏师范大学,013,电子信息工程,2,590,52419
2021,3301,江苏师范大学,014,光电信息科学与工程,2,584,58933
2021,3301,江苏师范大学,015,汉语国际教育,4,612,31300
2021,3301,江苏师范大学,016,教育技术学(师范),3,605,37277
2021,3301,江苏师范大学,017,轨道交通信号与控制(中外合作办学),2,558,88697
2021,3301,江苏师范大学,018,电子信息工程(中外合作办学),2,571,73851
2021,3301,江苏师范大学,019,电子科学与技术(中外合作办学),2,560,86302
2021,3301,江苏师范大学,020,工业设计(中外合作办学),2,560,86416
2021,3301,江苏师范大学,021,机械设计制造及其自动化(中外合作办学),2,564,81438
2021,3301,江苏师范大学,022,金融工程(中外合作办学),2,576,67793
2021,3302,江苏师范大学科文学院(独立学院),001,财务管理,3,548,100641
2021,3302,江苏师范大学科文学院(独立学院),002,物流管理,3,541,108910
2021,3302,江苏师范大学科文学院(独立学院),003,国际经济与贸易,2,548,100862
2021,3302,江苏师范大学科文学院(独立学院),004,金融科技,3,545,104201
2021,3302,江苏师范大学科文学院(独立学院),005,汉语言文学,3,562,84209
2021,3302,江苏师范大学科文学院(独立学院),006,互联网金融,3,549,99806
2021,3302,江苏师范大学科文学院(独立学院),007,英语,3,555,92050
2021,3302,江苏师范大学科文学院(独立学院),008,机器人工程,3,512,141416
2021,3302,江苏师范大学科文学院(独立学院),009,电气工程与智能控制,4,513,140872
2021,3302,江苏师范大学科文学院(独立学院),010,软件工程,6,510,144194
2021,3302,江苏师范大学科文学院(独立学院),011,商务英语,3,544,105699
2021,3303,徐州医科大学,001,麻醉学,7,621,23979
2021,3303,徐州医科大学,002,临床医学,9,622,22583
2021,3303,徐州医科大学,003,医学影像学,2,610,32751
2021,3303,徐州医科大学,004,公共卫生与预防医学类,2,590,52714
2021,3303,徐州医科大学,005,护理学类,2,569,76094
2021,3304,盐城工学院,001,化学工程与工艺,4,552,96313
2021,3304,盐城工学院,002,应用化学,3,553,94797
2021,3304,盐城工学院,003,制药工程,3,554,93343
2021,3305,盐城师范学院,002,法语,5,563,83512
2021,3305,盐城师范学院,004,化学(师范),5,569,76080
2021,3306,扬州大学,001,广播电视学,2,610,33115
2021,3306,扬州大学,002,法语,2,615,28529
2021,3306,扬州大学,003,日语,1,606,36361
2021,3306,扬州大学,004,数学与应用数学(师范),1,623,21916
2021,3306,扬州大学,005,物理学,1,611,31618
2021,3306,扬州大学,006,微电子科学与工程,1,610,32481
2021,3306,扬州大学,007,高分子材料与工程,1,603,39433
2021,3306,扬州大学,008,化学工程与工艺,1,600,42159
2021,3306,扬州大学,009,电子信息工程,2,611,31552
2021,3306,扬州大学,010,交通工程,2,593,49784
2021,3306,扬州大学,011,工程管理,1,601,40937
2021,3306,扬州大学,012,水利类,2,602,39648
2021,3306,扬州大学,013,水文与水资源工程,2,593,49228
2021,3306,扬州大学,014,电气工程及其自动化,2,606,36186
2021,3306,扬州大学,015,环境工程,2,601,40728
2021,3306,扬州大学,016,给排水科学与工程,1,594,47969
2021,3306,扬州大学,017,动物医学,2,620,24125
2021,3306,扬州大学,018,生物科学(师范),2,617,27072
2021,3306,扬州大学,019,生物技术,1,608,34273
2021,3306,扬州大学,020,经济学,1,618,25818
2021,3306,扬州大学,021,国际经济与贸易,1,610,32654
2021,3306,扬州大学,022,汉语言文学(师范),1,633,15746
2021,3306,扬州大学,023,历史学(师范),1,631,16862
2021,3306,扬州大学,024,法学,2,623,22000
2021,3306,扬州大学,025,机械设计制造及其自动化,2,603,38856
2021,3306,扬州大学,026,车辆工程,2,602,40359
2021,3306,扬州大学,027,临床医学,2,625,20395
2021,3307,扬州大学广陵学院(独立学院),001,广播电视学,4,553,94924
2021,3307,扬州大学广陵学院(独立学院),002,汉语言文学,4,561,85179
2021,3307,扬州大学广陵学院(独立学院),003,英语,4,553,95421
2021,3307,扬州大学广陵学院(独立学院),004,国际经济与贸易,4,549,99515
2021,3307,扬州大学广陵学院(独立学院),005,会计学,2,559,87701
2021,3307,扬州大学广陵学院(独立学院),006,人力资源管理,2,552,96186
2021,3307,扬州大学广陵学院(独立学院),007,市场营销,2,548,100596
2021,3307,扬州大学广陵学院(独立学院),008,智能制造工程,2,515,138028
2021,3307,扬州大学广陵学院(独立学院),009,通信工程,2,530,121124
2021,3307,扬州大学广陵学院(独立学院),010,微电子科学与工程,2,524,128104
2021,3307,扬州大学广陵学院(独立学院),011,电气工程及其自动化,2,531,120549
2021,3307,扬州大学广陵学院(独立学院),012,工程管理,2,517,136289
2021,3307,扬州大学广陵学院(独立学院),013,生物制药,4,504,150946
2021,3307,扬州大学广陵学院(独立学院),014,旅游管理,4,539,110611
2021,3310,扬州市职业大学,503,大数据与会计,2,498,157363
2021,3310,扬州市职业大学,510,商务英语,5,495,
2021,3310,扬州市职业大学,513,现代文秘,5,495,
2021,3312,镇江市高等专科学校,501,大数据与会计,2,501,153566
2021,3312,镇江市高等专科学校,502,学前教育(师范),2,523,129874
2021,3312,镇江市高等专科学校,503,护理,3,511,143341
2021,3312,镇江市高等专科学校,504,眼视光技术,2,500,155130
2021,3312,镇江市高等专科学校,505,药品生产技术,1,498,156862
2021,3312,镇江市高等专科学校,506,医学检验技术,2,509,144792
2021,3312,镇江市高等专科学校,507,法律事务,2,508,146338
2021,3312,镇江市高等专科学校,508,计算机应用技术,1,495,160042
2021,3315,中国矿业大学(一流学科建设高校),001,人工智能,5,628,18638
2021,3315,中国矿业大学(一流学科建设高校),002,大数据管理与应用,4,629,18091
2021,3315,中国矿业大学(一流学科建设高校),003,机器人工程,2,627,19633
2021,3315,中国矿业大学(一流学科建设高校),004,遥感科学与技术,2,625,20869
2021,3315,中国矿业大学(一流学科建设高校),005,新能源材料与器件,2,624,21274
2021,3315,中国矿业大学(一流学科建设高校),006,电子信息类,10,626,19769
2021,3315,中国矿业大学(一流学科建设高校),007,机械类,6,622,22953
2021,3315,中国矿业大学(一流学科建设高校),008,材料类,2,622,22649
2021,3315,中国矿业大学(一流学科建设高校),009,公共管理类,5,633,15673
2021,3315,中国矿业大学(一流学科建设高校),010,土地资源管理,2,624,21170
2021,3315,中国矿业大学(一流学科建设高校),011,中国语言文学类,2,637,13217
2021,3315,中国矿业大学(一流学科建设高校),012,法学类,2,636,13658
2021,3315,中国矿业大学(一流学科建设高校),013,电气类,10,628,18687
2021,3315,中国矿业大学(一流学科建设高校),014,计算机类,15,629,17648
2021,3315,中国矿业大学(一流学科建设高校),015,安全科学与工程类,4,623,22130
2021,3315,中国矿业大学(一流学科建设高校),016,土木类,8,621,23839
2021,3315,中国矿业大学(一流学科建设高校),017,建筑类,10,623,22394
2021,3315,中国矿业大学(一流学科建设高校),018,数学类,9,625,20747
2021,3315,中国矿业大学(一流学科建设高校),019,经济与贸易类,14,630,17063
2021,3315,中国矿业大学(一流学科建设高校),020,工商管理类,20,630,17027
2021,3315,中国矿业大学(一流学科建设高校),021,外国语言文学类,12,631,16853
2021,3316,中国药科大学(一流学科建设高校),001,药学(基础药学理科基地),2,647,8211
2021,3316,中国药科大学(一流学科建设高校),002,药学类,26,632,15837
2021,3316,中国药科大学(一流学科建设高校),003,中药学类,15,627,19521
2021,3316,中国药科大学(一流学科建设高校),004,药学(国家生命科学与技术人才培养基地),2,651,6751
2021,3316,中国药科大学(一流学科建设高校),005,药学(中外合作办学),5,620,24371
2021,3316,中国药科大学(一流学科建设高校),006,生物技术,2,633,15546
2021,3316,中国药科大学(一流学科建设高校),007,生物制药,5,633,15433
2021,3316,中国药科大学(一流学科建设高校),008,化工与制药类,10,628,18640
2021,3316,中国药科大学(一流学科建设高校),009,临床药学,4,637,13302
2021,3316,中国药科大学(一流学科建设高校),010,临床药学(中外合作办学),5,621,23369
2021,3318,南通理工学院(民办),001,土木工程,3,501,154033
2021,3318,南通理工学院(民办),002,数据科学与大数据技术(嵌入式培养),2,513,140815
2021,3318,南通理工学院(民办),003,物流管理,5,533,118133
2021,3318,南通理工学院(民办),004,财务管理,4,533,117613
2021,3318,南通理工学院(民办),005,电子商务,4,541,109007
2021,3318,南通理工学院(民办),006,健康服务与管理,3,536,114945
2021,3318,南通理工学院(民办),007,酒店管理,4,523,129051
2021,3318,南通理工学院(民办),008,市场营销,5,527,124843
2021,3318,南通理工学院(民办),009,标准化工程,5,526,126263
2021,3321,无锡工艺职业技术学院,515,服装设计与工艺,2,495,
2021,3323,苏州科技大学天平学院(独立学院),001,电子信息工程,2,519,134077
2021,3323,苏州科技大学天平学院(独立学院),002,市场营销,2,549,98965
2021,3323,苏州科技大学天平学院(独立学院),003,财务管理,2,556,90978
2021,3323,苏州科技大学天平学院(独立学院),004,英语,6,542,107858
2021,3325,中国人民大学(苏州校区)(一流大学建设高校),001,国民经济管理(中外合作办学),3,646,8615
2021,3325,中国人民大学(苏州校区)(一流大学建设高校),002,金融学(中外合作办学),17,646,8833
2021,3325,中国人民大学(苏州校区)(一流大学建设高校),003,数学与应用数学(中外合作办学),5,647,8280
2021,3325,中国人民大学(苏州校区)(一流大学建设高校),004,人力资源管理(中外合作办学),1,653,6216
2021,3326,江苏科技大学苏州理工学院(独立学院),001,船舶与海洋工程,2,521,131461
2021,3326,江苏科技大学苏州理工学院(独立学院),002,机械设计制造及其自动化,2,526,125638
2021,3326,江苏科技大学苏州理工学院(独立学院),003,焊接技术与工程,2,517,136492
2021,3326,江苏科技大学苏州理工学院(独立学院),004,国际经济与贸易,2,544,105468
2021,3326,江苏科技大学苏州理工学院(独立学院),005,英语,2,551,97442
2021,3336,常州工程职业技术学院,503,数字媒体技术,3,495,
2021,3339,江苏航空职业技术学院,505,无人机应用技术,2,499,156165
2021,3339,江苏航空职业技术学院,507,空中乘务,2,512,142014
2021,3339,江苏航空职业技术学院,509,民航空中安全保卫,1,514,139433
2021,3339,江苏航空职业技术学院,510,机场运行服务与管理,1,510,144008
2021,3341,江苏航运职业技术学院,505,物联网应用技术,2,495,
2021,3346,江苏电子信息职业学院,501,城市轨道交通运营管理,3,495,
2021,3347,苏州信息职业技术学院,505,动漫制作技术,11,495,
2021,3348,江苏护理职业学院,501,护理,7,504,150786
2021,3348,江苏护理职业学院,502,助产,3,499,155872
2021,3348,江苏护理职业学院,503,医学检验技术,4,499,155492
2021,3348,江苏护理职业学院,504,口腔医学技术,2,508,145817
2021,3348,江苏护理职业学院,505,医学美容技术,2,499,155404
2021,3348,江苏护理职业学院,506,康复治疗技术,2,503,151747
2021,3349,江苏安全技术职业学院,501,机电一体化技术,2,495,
2021,3349,江苏安全技术职业学院,506,云计算技术应用,3,495,
2021,3350,江苏卫生健康职业学院,501,临床医学,20,515,137972
2021,3350,江苏卫生健康职业学院,502,护理,10,502,152947
2021,3350,江苏卫生健康职业学院,503,药学,6,503,151628
2021,3350,江苏卫生健康职业学院,504,中医学,10,508,146440
2021,3350,江苏卫生健康职业学院,505,医学检验技术,6,502,152932
2021,3350,江苏卫生健康职业学院,506,医学影像技术,8,508,146830
2021,3351,南京城市职业学院,504,大数据与财务管理,4,495,
2021,3351,南京城市职业学院,505,大数据与会计,4,495,
2021,3351,南京城市职业学院,509,计算机应用技术,6,495,
2021,3351,南京城市职业学院,510,计算机网络技术,2,495,160365
2021,3351,南京城市职业学院,511,软件技术,6,495,
2021,3352,江苏旅游职业学院,505,烹饪工艺与营养,3,495,
2021,3353,连云港师范高等专科学校,501,数字媒体技术,3,495,
2021,3353,连云港师范高等专科学校,503,小学英语教育(师范),13,495,
2021,3401,安徽财经大学,001,经济学类,5,591,51033
2021,3401,安徽财经大学,002,金融学,6,591,51001
2021,3401,安徽财经大学,003,金融学类,4,592,50345
2021,3401,安徽财经大学,004,经济与贸易类,6,589,53054
2021,3401,安徽财经大学,005,工商管理类,5,591,51925
2021,3401,安徽财经大学,006,会计学,4,603,39413
2021,3402,蚌埠工商学院(民办),001,会计学,4,547,101409
2021,3402,蚌埠工商学院(民办),002,财务管理,3,545,103727
2021,3402,蚌埠工商学院(民办),003,金融学,3,549,98960
2021,3402,蚌埠工商学院(民办),004,国际经济与贸易,3,540,110223
2021,3402,蚌埠工商学院(民办),005,人力资源管理,3,543,106360
2021,3402,蚌埠工商学院(民办),006,审计学,2,546,103014
2021,3402,蚌埠工商学院(民办),007,金融工程,2,541,108901
2021,3404,安徽大学(一流学科建设高校),001,数学类,4,629,17761
2021,3404,安徽大学(一流学科建设高校),002,材料类,6,621,23852
2021,3404,安徽大学(一流学科建设高校),003,计算机类,7,633,15432
2021,3404,安徽大学(一流学科建设高校),004,机械类,4,624,21521
2021,3404,安徽大学(一流学科建设高校),005,互联网金融,5,623,22076
2021,3404,安徽大学(一流学科建设高校),006,计算机类,10,631,16577
2021,3404,安徽大学(一流学科建设高校),007,应用物理学(中外合作办学),8,592,50121
2021,3404,安徽大学(一流学科建设高校),008,应用统计学(中外合作办学),8,597,45073
2021,3404,安徽大学(一流学科建设高校),009,数字媒体技术(中外合作办学),8,594,48175
2021,3404,安徽大学(一流学科建设高校),010,人工智能,6,630,17203
2021,3404,安徽大学(一流学科建设高校),011,新闻传播学类,6,636,13648
2021,3404,安徽大学(一流学科建设高校),012,经济学类,8,635,14197
2021,3404,安徽大学(一流学科建设高校),013,会计学,6,636,13895
2021,3404,安徽大学(一流学科建设高校),014,工商管理类,6,632,15828
2021,3404,安徽大学(一流学科建设高校),015,法学类,3,644,9605
2021,3404,安徽大学(一流学科建设高校),016,德语,2,635,14404
2021,3404,安徽大学(一流学科建设高校),017,法语,2,633,15596
2021,3404,安徽大学(一流学科建设高校),018,思想政治教育,3,635,14143
2021,3404,安徽大学(一流学科建设高校),023,电子信息类,5,629,17720
2021,3406,安徽工程大学,001,机械设计制造及其自动化,5,561,85504
2021,3406,安徽工程大学,002,测控技术与仪器,5,552,95873
2021,3406,安徽工程大学,003,材料成型及控制工程,5,552,96398
2021,3406,安徽工程大学,004,材料科学与工程,5,559,87255
2021,3406,安徽工程大学,005,自动化,5,561,85368
2021,3406,安徽工程大学,006,电子信息科学与技术,5,562,84489
2021,3406,安徽工程大学,007,服装设计与工程,5,557,89618
2021,3406,安徽工程大学,008,食品科学与工程,7,562,84501
2021,3406,安徽工程大学,009,生物工程,5,562,84129
2021,3406,安徽工程大学,010,化学工程与工艺,7,558,88503
2021,3406,安徽工程大学,011,环境工程,5,562,84644
2021,3406,安徽工程大学,012,应用化学,5,558,88651
2021,3406,安徽工程大学,013,高分子材料与工程,6,558,89225
2021,3406,安徽工程大学,014,工商管理,5,568,77287
2021,3406,安徽工程大学,015,工业工程,5,567,78579
2021,3406,安徽工程大学,016,工业设计,5,559,87261
2021,3406,安徽工程大学,017,软件工程,10,567,77942
2021,3406,安徽工程大学,018,物联网工程,5,561,85352
2021,3406,安徽工程大学,019,统计学,5,568,77736
2021,3406,安徽工程大学,020,金融工程,5,568,76732
2021,3406,安徽工程大学,021,土木工程,5,559,87812
2021,3406,安徽工程大学,022,给排水科学与工程,5,555,92305
2021,3406,安徽工程大学,023,建筑学,5,564,81349
2021,3407,安徽信息工程学院(民办),001,人工智能,5,500,154977
2021,3407,安徽信息工程学院(民办),002,数据科学与大数据技术,5,499,155702
2021,3407,安徽信息工程学院(民办),003,计算机科学与技术,10,503,151348
2021,3407,安徽信息工程学院(民办),004,软件工程,10,498,157351
2021,3409,安徽工商职业学院,503,机电一体化技术,8,495,
2021,3410,安徽工业大学,001,材料类,2,563,82595
2021,3410,安徽工业大学,002,土木工程,2,575,69530
2021,3410,安徽工业大学,003,车辆工程,2,566,79497
2021,3410,安徽工业大学,004,机械工程,2,568,76990
2021,3410,安徽工业大学,005,机械设计制造及其自动化,3,591,51382
2021,3410,安徽工业大学,006,电气工程及其自动化,2,578,66378
2021,3410,安徽工业大学,007,电子信息工程,2,576,67801
2021,3410,安徽工业大学,008,自动化,2,582,61211
2021,3410,安徽工业大学,009,计算机类,2,580,63104
2021,3410,安徽工业大学,010,人工智能,1,587,55480
2021,3410,安徽工业大学,011,光电信息科学与工程,2,567,77906
2021,3410,安徽工业大学,012,数据科学与大数据技术,2,580,63410
2021,3410,安徽工业大学,013,外国语言文学类,2,574,70917
2021,3410,安徽工业大学,014,财务管理,2,577,66618
2021,3410,安徽工业大学,015,经济统计学,2,580,63664
2021,3410,安徽工业大学,501,钢铁智能冶金技术,8,508,145972
2021,3410,安徽工业大学,502,金属智能加工技术,7,510,144259
2021,3411,马鞍山学院(民办),001,计算机科学与技术,6,502,152480
2021,3411,马鞍山学院(民办),002,金融学,12,529,122239
2021,3411,马鞍山学院(民办),003,国际经济与贸易,10,525,127452
2021,3411,马鞍山学院(民办),004,财务管理,12,525,126795
2021,3415,安徽机电职业技术学院,503,机电一体化技术,10,495,
2021,3416,安徽建筑大学,001,土木工程,2,576,68151
2021,3416,安徽建筑大学,002,城市地下空间工程,2,556,90790
2021,3416,安徽建筑大学,003,道路桥梁与渡河工程,2,559,87560
2021,3416,安徽建筑大学,004,地质工程,2,561,85225
2021,3416,安徽建筑大学,005,勘查技术与工程,2,563,82752
2021,3416,安徽建筑大学,006,交通工程,2,569,75703
2021,3416,安徽建筑大学,007,安全工程,2,558,88707
2021,3416,安徽建筑大学,008,建筑学,1,608,34147
2021,3416,安徽建筑大学,009,城乡规划,1,595,47462
2021,3416,安徽建筑大学,010,风景园林,1,583,59888
2021,3416,安徽建筑大学,011,地理信息科学,2,574,70582
2021,3416,安徽建筑大学,012,能源与动力工程,2,566,79607
2021,3416,安徽建筑大学,013,建筑环境与能源应用工程,2,566,79652
2021,3416,安徽建筑大学,014,给排水科学与工程,2,559,87630
2021,3416,安徽建筑大学,015,环境生态工程,2,568,76917
2021,3416,安徽建筑大学,016,经济学,2,575,69642
2021,3416,安徽建筑大学,017,金融工程,2,562,83783
2021,3416,安徽建筑大学,018,工程管理,2,561,85741
2021,3416,安徽建筑大学,019,房地产开发与管理,2,554,93429
2021,3416,安徽建筑大学,020,工程造价,2,569,75851
2021,3416,安徽建筑大学,021,会计学,2,582,61097
2021,3416,安徽建筑大学,022,财务管理,2,578,66365
2021,3416,安徽建筑大学,023,电子信息工程,2,568,76743
2021,3416,安徽建筑大学,024,通信工程,2,562,84203
2021,3416,安徽建筑大学,025,计算机科学与技术,2,576,68074
2021,3416,安徽建筑大学,026,网络工程,2,573,71092
2021,3416,安徽建筑大学,027,物联网工程,2,567,78244
2021,3416,安徽建筑大学,028,建筑电气与智能化,2,562,83730
2021,3416,安徽建筑大学,029,应用化学,2,560,86733
2021,3416,安徽建筑大学,030,金属材料工程,2,562,84237
2021,3416,安徽建筑大学,031,无机非金属材料工程,2,563,82964
2021,3416,安徽建筑大学,032,高分子材料与工程,2,563,83365
2021,3416,安徽建筑大学,033,应用物理学,2,556,91108
2021,3416,安徽建筑大学,034,声学,2,557,89545
2021,3416,安徽建筑大学,035,统计学,2,560,86427
2021,3416,安徽建筑大学,036,机械设计制造及其自动化,2,564,82278
2021,3416,安徽建筑大学,037,机械电子工程,2,566,79113
2021,3416,安徽建筑大学,038,工业设计,2,570,74827
2021,3416,安徽建筑大学,039,测控技术与仪器,2,554,93195
2021,3416,安徽建筑大学,040,电气工程及其自动化,2,567,78144
2021,3416,安徽建筑大学,041,自动化,2,566,80029
2021,3416,安徽建筑大学,042,法学,2,583,59770
2021,3416,安徽建筑大学,043,人力资源管理,2,574,70916
2021,3416,安徽建筑大学,044,土地资源管理,2,572,72501
2021,3417,合肥城市学院(民办),001,机械设计制造及其自动化,2,527,124488
2021,3417,合肥城市学院(民办),003,电气工程及其自动化,2,507,147034
2021,3417,合肥城市学院(民办),004,物联网工程,2,517,136018
2021,3417,合肥城市学院(民办),005,建筑学,2,546,103164
2021,3417,合肥城市学院(民办),006,城乡规划,2,506,148187
2021,3417,合肥城市学院(民办),007,工程审计,2,495,
2021,3417,合肥城市学院(民办),008,市场营销,2,531,120394
2021,3417,合肥城市学院(民办),009,财务管理,2,541,108916
2021,3417,合肥城市学院(民办),010,人力资源管理,2,539,111167
2021,3417,合肥城市学院(民办),011,资产评估,2,534,116356
2021,3417,合肥城市学院(民办),012,风景园林,3,533,118032
2021,3417,合肥城市学院(民办),013,数据科学与大数据技术,2,507,147249
2021,3420,安徽科技学院,001,国际经济与贸易,3,559,88249
2021,3420,安徽科技学院,002,电子信息工程,2,557,90139
2021,3420,安徽科技学院,003,光电信息科学与工程,3,552,95535
2021,3420,安徽科技学院,004,电气工程及其自动化,2,554,93355
2021,3420,安徽科技学院,005,工商管理,2,561,85262
2021,3420,安徽科技学院,006,物流管理,1,562,84630
2021,3420,安徽科技学院,007,应用化学,2,553,95290
2021,3420,安徽科技学院,008,无机非金属材料工程,3,532,119443
2021,3420,安徽科技学院,009,网络工程,2,548,100423
2021,3420,安徽科技学院,010,生物工程,2,559,87624
2021,3420,安徽科技学院,011,食品科学与工程,2,555,92411
2021,3420,安徽科技学院,012,食品质量与安全,1,557,89578
2021,3420,安徽科技学院,013,机械类,7,535,115409
2021,3421,安徽理工大学,001,金融学,2,587,55977
2021,3421,安徽理工大学,002,机械设计制造及其自动化,2,572,72810
2021,3421,安徽理工大学,003,机械电子工程(中外合作办学),6,548,100856
2021,3421,安徽理工大学,004,工业设计,2,564,81665
2021,3421,安徽理工大学,005,过程装备与控制工程,2,556,91459
2021,3421,安徽理工大学,006,车辆工程,2,559,87940
2021,3421,安徽理工大学,007,测控技术与仪器,3,559,87239
2021,3421,安徽理工大学,008,高分子材料与工程,4,569,76398
2021,3421,安徽理工大学,009,电气工程及其自动化,2,575,69187
2021,3421,安徽理工大学,010,电子信息工程,2,578,65306
2021,3421,安徽理工大学,011,通信工程,2,571,73554
2021,3421,安徽理工大学,012,光电信息科学与工程,2,568,77272
2021,3421,安徽理工大学,013,自动化,2,574,70894
2021,3421,安徽理工大学,014,计算机科学与技术,2,583,60651
2021,3421,安徽理工大学,015,信息安全,2,580,63724
2021,3421,安徽理工大学,016,物联网工程,2,575,68948
2021,3421,安徽理工大学,017,数字媒体技术,2,577,66653
2021,3421,安徽理工大学,018,区块链工程,4,556,91056
2021,3421,安徽理工大学,019,城市地下空间工程,2,561,85582
2021,3421,安徽理工大学,020,测绘工程,3,555,91932
2021,3421,安徽理工大学,021,遥感科学与技术,2,567,78033
2021,3421,安徽理工大学,022,地理空间信息工程,2,561,85436
2021,3421,安徽理工大学,023,制药工程,2,576,68020
2021,3421,安徽理工大学,024,弹药工程与爆炸技术,4,553,94607
2021,3421,安徽理工大学,025,建筑学,2,579,64776
2021,3421,安徽理工大学,026,职业卫生工程,4,537,112912
2021,3421,安徽理工大学,027,临床医学,3,602,39585
2021,3421,安徽理工大学,028,预防医学,6,579,64781
2021,3421,安徽理工大学,029,药学,4,577,67343
2021,3421,安徽理工大学,030,医学检验技术,2,581,62098
2021,3421,安徽理工大学,031,工程管理,4,557,90488
2021,3422,安徽农业大学,001,茶学,4,575,69905
2021,3422,安徽农业大学,002,食品卫生与营养学,4,571,74370
2021,3422,安徽农业大学,003,动物科学,4,570,74635
2021,3422,安徽农业大学,004,动物医学(含动医、动检),4,582,61146
2021,3422,安徽农业大学,005,水产养殖学,4,562,84864
2021,3422,安徽农业大学,006,农林经济管理,2,577,67283
2021,3422,安徽农业大学,007,应用化学,2,572,73146
2021,3422,安徽农业大学,008,测绘工程,2,558,88434
2021,3422,安徽农业大学,009,材料科学与工程,2,565,80897
2021,3422,安徽农业大学,010,木材科学与工程,4,563,82746
2021,3422,安徽农业大学,011,社会工作,2,574,71045
2021,3422,安徽农业大学,012,应用心理学,2,582,61725
2021,3422,安徽农业大学,013,生物制药,2,582,61214
2021,3422,安徽农业大学,014,日语,2,583,59863
2021,3422,安徽农业大学,015,植物保护,4,569,76498
2021,3422,安徽农业大学,016,地理信息科学,2,584,59480
2021,3422,安徽农业大学,017,农业资源与环境,3,569,75796
2021,3422,安徽农业大学,018,应用生物科学,2,570,75513
2021,3422,安徽农业大学,019,电子信息类,4,571,73834
2021,3422,安徽农业大学,020,生物科学类,4,572,73227
2021,3422,安徽农业大学,021,公共管理类,4,574,70579
2021,3422,安徽农业大学,022,机械类,2,566,79394
2021,3422,安徽农业大学,023,环境科学与工程类,4,569,76316
2021,3422,安徽农业大学,024,食品科学与工程类,4,573,72014
2021,3422,安徽农业大学,025,工商管理类,2,585,58138
2021,3422,安徽农业大学,026,植物生产类,6,565,80841
2021,3422,安徽农业大学,027,轻工类,4,557,90124
2021,3422,安徽农业大学,028,植物生产类,6,563,83517
2021,3422,安徽农业大学,029,计算机科学与技术,4,577,66972
2021,3425,安徽师范大学,001,旅游管理,3,583,60209
2021,3425,安徽师范大学,002,土地资源管理,2,588,54275
2021,3425,安徽师范大学,003,法学,2,611,31492
2021,3425,安徽师范大学,004,社会学类,2,592,50807
2021,3425,安徽师范大学,005,行政管理,2,603,39361
2021,3425,安徽师范大学,006,教育学类(师范),2,618,25693
2021,3425,安徽师范大学,007,工商管理类,2,591,51229
2021,3425,安徽师范大学,008,经济学类,2,592,50035
2021,3425,安徽师范大学,010,思想政治教育(师范),4,620,24352
2021,3425,安徽师范大学,013,生物技术,2,594,48069
2021,3425,安徽师范大学,014,生物科学(师范),2,614,29568
2021,3425,安徽师范大学,015,环境科学与工程类,2,579,64328
2021,3425,安徽师范大学,016,生态学,2,591,51762
2021,3425,安徽师范大学,017,统计学,2,593,49567
2021,3425,安徽师范大学,018,俄语,2,590,52425
2021,3425,安徽师范大学,019,法语,2,590,52840
2021,3425,安徽师范大学,020,日语,2,595,47311
2021,3425,安徽师范大学,021,中国语言文学类,2,624,21677
2021,3425,安徽师范大学,024,新闻传播学类,2,608,34119
2021,3426,安徽师范大学皖江学院(独立学院),001,汉语言文学,5,555,93016
2021,3426,安徽师范大学皖江学院(独立学院),002,物流工程,5,543,106958
2021,3429,安徽医科大学,001,临床医学,7,627,19634
2021,3429,安徽医科大学,002,麻醉学,2,622,22587
2021,3429,安徽医科大学,003,预防医学,2,616,27697
2021,3429,安徽医科大学,004,临床药学,3,617,26959
2021,3429,安徽医科大学,005,药学,2,603,39261
2021,3429,安徽医科大学,006,护理学,2,579,65172
2021,3431,安徽医学高等专科学校,501,临床医学,9,509,145182
2021,3431,安徽医学高等专科学校,503,口腔医学,9,514,139575
2021,3431,安徽医学高等专科学校,504,口腔医学技术,5,499,155505
2021,3431,安徽医学高等专科学校,505,护理,7,497,158179
2021,3431,安徽医学高等专科学校,507,药学,6,495,160179
2021,3431,安徽医学高等专科学校,508,生物制药技术,3,495,
2021,3431,安徽医学高等专科学校,509,眼视光技术,5,495,
2021,3431,安徽医学高等专科学校,510,医学检验技术,5,506,148609
2021,3431,安徽医学高等专科学校,511,卫生检验与检疫技术,4,495,
2021,3431,安徽医学高等专科学校,514,预防医学,5,495,
2021,3434,安徽中医药大学,001,中医学,5,607,35100
2021,3434,安徽中医药大学,002,中医骨伤科学,2,605,37371
2021,3434,安徽中医药大学,003,中药学类,3,585,58194
2021,3434,安徽中医药大学,004,数据科学与大数据技术,2,565,80251
2021,3434,安徽中医药大学,005,国际经济与贸易,3,570,75472
2021,3434,安徽中医药大学,006,护理学,5,570,75342
2021,3435,安徽中医药高等专科学校,501,中医学,14,508,146792
2021,3435,安徽中医药高等专科学校,502,中医骨伤,4,497,157488
2021,3435,安徽中医药高等专科学校,503,临床医学,4,514,139756
2021,3435,安徽中医药高等专科学校,504,预防医学,4,505,150080
2021,3435,安徽中医药高等专科学校,505,医学检验技术,8,495,160097
2021,3435,安徽中医药高等专科学校,506,医学影像技术,8,502,152802
2021,3435,安徽中医药高等专科学校,508,药学,10,495,
2021,3435,安徽中医药高等专科学校,509,中药学,8,500,155154
2021,3435,安徽中医药高等专科学校,510,药物制剂技术,6,495,
2021,3435,安徽中医药高等专科学校,511,药品质量与安全,6,495,
2021,3435,安徽中医药高等专科学校,513,针灸推拿,8,501,154261
2021,3435,安徽中医药高等专科学校,514,康复治疗技术,6,495,
2021,3435,安徽中医药高等专科学校,515,医学美容技术(中医美容),6,495,
2021,3435,安徽中医药高等专科学校,516,中医养生保健(中医养生旅游),4,495,
2021,3435,安徽中医药高等专科学校,517,护理,10,496,159342
2021,3435,安徽中医药高等专科学校,518,口腔医学,4,520,133182
2021,3435,安徽中医药高等专科学校,519,口腔医学技术,6,506,148372
2021,3436,安庆师范大学,001,电子信息类,5,550,98009
2021,3437,蚌埠学院,001,光电信息科学与工程,1,540,109698
2021,3437,蚌埠学院,002,无机非金属材料工程,1,553,94801
2021,3437,蚌埠学院,003,电子信息工程,1,543,106471
2021,3437,蚌埠学院,004,软件工程,1,553,94375
2021,3437,蚌埠学院,005,汉语言文学,1,571,73698
2021,3438,蚌埠医学院,001,医学影像学,5,583,59818
2021,3438,蚌埠医学院,002,精神医学,10,564,81483
2021,3438,蚌埠医学院,003,医学检验技术,5,574,70097
2021,3439,巢湖学院,001,国际经济与贸易,9,554,93076
2021,3439,巢湖学院,002,金融工程,9,554,93846
2021,3439,巢湖学院,003,旅游管理,8,551,97325
2021,3439,巢湖学院,004,会展经济与管理,5,551,97327
2021,3439,巢湖学院,005,软件工程,4,544,105324
2021,3440,合肥职业技术学院,501,药学,30,495,
2021,3440,合肥职业技术学院,503,护理,30,495,
2021,3440,合肥职业技术学院,506,大数据与会计,20,495,
2021,3441,池州学院,001,汉语言文学(师范),10,573,71103
2021,3441,池州学院,002,数学与应用数学(师范),10,548,100362
2021,3441,池州学院,003,英语(师范),5,572,72898
2021,3442,滁州学院,001,汉语言文学(师范),2,582,61161
2021,3442,滁州学院,002,新闻学,1,570,74532
2021,3442,滁州学院,003,网络与新媒体,1,572,72755
2021,3442,滁州学院,004,金融工程,2,561,85358
2021,3442,滁州学院,005,地理信息科学,2,570,74721
2021,3442,滁州学院,006,旅游管理,1,558,89071
2021,3442,滁州学院,007,工商管理,1,562,84310
2021,3442,滁州学院,008,市场营销,1,559,87895
2021,3442,滁州学院,009,国际经济与贸易,1,561,85563
2021,3442,滁州学院,010,财务管理,1,566,79378
2021,3442,滁州学院,011,英语,1,574,70148
2021,3442,滁州学院,012,商务英语,1,563,82827
2021,3443,阜阳师范大学,001,科学教育(师范),35,554,93324
2021,3443,阜阳师范大学,002,电气工程及其自动化,5,543,106447
2021,3444,阜阳师范大学信息工程学院(独立学院),001,经济学,6,543,107056
2021,3445,合肥工业大学(一流学科建设高校),001,工商管理类,4,633,15304
2021,3445,合肥工业大学(一流学科建设高校),002,食品科学与工程类,11,622,23212
2021,3445,合肥工业大学(一流学科建设高校),003,地质类,2,620,24181
2021,3445,合肥工业大学(一流学科建设高校),004,土木类(智慧城市),22,619,25291
2021,3445,合肥工业大学(一流学科建设高校),005,仪器类(智能感知),12,620,24077
2021,3445,合肥工业大学(一流学科建设高校),006,材料类(先进材料与智能制造),14,619,25040
2021,3445,合肥工业大学(一流学科建设高校),007,机械类(智能制造),19,624,21360
2021,3445,合肥工业大学(一流学科建设高校),008,自动化,3,633,15514
2021,3445,合肥工业大学(一流学科建设高校),009,机器人工程,4,629,17731
2021,3445,合肥工业大学(一流学科建设高校),010,电气工程及其自动化,12,631,16564
2021,3445,合肥工业大学(一流学科建设高校),011,智能电网信息工程,2,630,17198
2021,3445,合肥工业大学(一流学科建设高校),012,计算机科学与技术,5,640,11618
2021,3445,合肥工业大学(一流学科建设高校),013,电子信息工程,5,632,15949
2021,3445,合肥工业大学(一流学科建设高校),014,通信工程,5,631,16529
2021,3445,合肥工业大学(一流学科建设高校),015,信息安全,3,633,15264
2021,3445,合肥工业大学(一流学科建设高校),016,智能科学与技术,2,635,13996
2021,3445,合肥工业大学(一流学科建设高校),017,建筑学,4,634,14578
2021,3445,合肥工业大学(一流学科建设高校),018,城乡规划,2,635,14257
2021,3445,合肥工业大学(一流学科建设高校),021,交通运输,4,624,21106
2021,3445,合肥工业大学(一流学科建设高校),022,车辆工程,8,626,19802
2021,3445,合肥工业大学(一流学科建设高校),023,交通工程,4,625,20907
2021,3445,合肥工业大学(一流学科建设高校),024,能源与动力工程,4,625,20802
2021,3445,合肥工业大学(一流学科建设高校),025,新能源科学与工程,2,628,18340
2021,3445,合肥工业大学(一流学科建设高校),026,信息与计算科学,3,629,17678
2021,3445,合肥工业大学(一流学科建设高校),027,统计学,2,632,15773
2021,3445,合肥工业大学(一流学科建设高校),028,环境工程,2,622,22891
2021,3445,合肥工业大学(一流学科建设高校),029,工业工程,4,626,20066
2021,3445,合肥工业大学(一流学科建设高校),030,英语,4,631,16742
2021,3445,合肥工业大学(一流学科建设高校),031,软件工程,7,636,13546
2021,3445,合肥工业大学(一流学科建设高校),032,法学,2,637,13366
2021,3445,合肥工业大学(一流学科建设高校),033,金融工程,4,632,16132
2021,3445,合肥工业大学(一流学科建设高校),034,国际经济与贸易(中外合作办学),6,625,20852
2021,3445,合肥工业大学(一流学科建设高校),035,信息管理与信息系统,4,630,17201
2021,3445,合肥工业大学(一流学科建设高校),036,电子科学与技术,3,632,16053
2021,3445,合肥工业大学(一流学科建设高校),037,应用物理学,2,631,16813
2021,3445,合肥工业大学(一流学科建设高校),038,微电子科学与工程,2,631,16737
2021,3445,合肥工业大学(一流学科建设高校),039,集成电路设计与集成系统,6,628,18627
2021,3445,合肥工业大学(一流学科建设高校),040,高分子材料与工程,5,620,24365
2021,3445,合肥工业大学(一流学科建设高校),041,化学工程与工艺,4,620,24241
2021,3445,合肥工业大学(一流学科建设高校),042,应用化学,3,621,23442
2021,3446,合肥学院,001,电子信息工程,2,563,82693
2021,3446,合肥学院,002,计算机科学与技术,2,563,82744
2021,3446,合肥学院,003,数据科学与大数据技术,2,566,79302
2021,3446,合肥学院,004,土木工程,4,546,102936
2021,3446,合肥学院,005,食品质量与安全,2,562,83989
2021,3446,合肥学院,006,生物工程,4,556,91231
2021,3446,合肥学院,007,无机非金属材料工程,2,553,94702
2021,3446,合肥学院,008,化学工程与工艺,4,557,90661
2021,3446,合肥学院,009,工业设计,2,558,88586
2021,3446,合肥学院,015,金融学,2,571,74177
2021,3446,合肥学院,016,国际经济与贸易,2,565,81238
2021,3446,合肥学院,017,财务管理,2,569,76518
2021,3446,合肥学院,018,新闻学,2,573,72109
2021,3446,合肥学院,019,学前教育(师范),2,572,73072
2021,3446,合肥学院,020,英语,2,583,60228
2021,3446,合肥学院,021,德语,2,561,85511
2021,3446,合肥学院,022,日语,2,571,73791
2021,3446,合肥学院,023,旅游管理,2,561,85872
2021,3446,合肥学院,024,物流管理(中外合作办学),2,558,88800
2021,3447,皖江工学院(民办),001,水利水电工程,3,540,109947
2021,3447,皖江工学院(民办),002,港口航道与海岸工程,3,528,123775
2021,3447,皖江工学院(民办),003,国际经济与贸易,2,529,122823
2021,3447,皖江工学院(民办),004,人力资源管理,2,535,115216
2021,3448,淮北师范大学,001,经济学,1,580,63310
2021,3448,淮北师范大学,002,国际经济与贸易,1,573,72065
2021,3448,淮北师范大学,003,法学,1,593,49216
2021,3448,淮北师范大学,004,新闻学,1,578,66225
2021,3448,淮北师范大学,005,历史学类(师范),1,592,50879
2021,3448,淮北师范大学,006,应用化学,1,575,68867
2021,3448,淮北师范大学,007,应用心理学,1,587,55246
2021,3448,淮北师范大学,008,统计学,1,574,69939
2021,3448,淮北师范大学,009,材料化学,1,549,99105
2021,3448,淮北师范大学,010,化学工程与工艺,1,574,71003
2021,3448,淮北师范大学,011,环境科学,1,565,81285
2021,3448,淮北师范大学,012,园艺,1,565,80369
2021,3448,淮北师范大学,013,人力资源管理,1,573,71317
2021,3448,淮北师范大学,014,物流管理,1,570,75238
2021,3448,淮北师范大学,015,电子商务,1,573,72075
2021,3448,淮北师范大学,016,生物科学(师范),1,591,51930
2021,3448,淮北师范大学,017,英语(师范),1,600,41855
2021,3448,淮北师范大学,018,汉语言文学(师范),1,597,44842
2021,3448,淮北师范大学,019,特殊教育(师范),1,583,59731
2021,3448,淮北师范大学,020,学前教育(师范),1,584,59192
2021,3449,淮北职业技术学院,501,小学教育(师范),10,510,143855
2021,3449,淮北职业技术学院,502,学前教育(师范),10,495,
2021,3449,淮北职业技术学院,503,护理,10,495,
2021,3450,淮南联合大学,501,工程造价,10,495,
2021,3450,淮南联合大学,502,大数据与会计,10,495,
2021,3450,淮南联合大学,503,电子商务,10,495,
2021,3450,淮南联合大学,505,动漫制作技术,10,495,
2021,3450,淮南联合大学,506,护理,10,495,
2021,3450,淮南联合大学,507,口腔医学技术,10,495,
2021,3450,淮南联合大学,508,医学美容技术,10,495,
2021,3450,淮南联合大学,509,药学,10,495,
2021,3450,淮南联合大学,510,机电一体化技术,10,495,
2021,3451,淮南师范学院,001,机器人工程,2,534,117167
2021,3451,淮南师范学院,002,数据科学与大数据技术,3,535,115269
2021,3451,淮南师范学院,003,生物工程,3,563,83080
2021,3451,淮南师范学院,004,财务管理,2,573,72094
2021,3451,淮南师范学院,005,金融工程,3,530,121681
2021,3451,淮南师范学院,006,材料化学,3,551,96749
2021,3451,淮南师范学院,007,金融数学,2,544,105483
2021,3451,淮南师范学院,008,法学,3,573,71136
2021,3451,淮南师范学院,009,学前教育(师范),3,573,71552
2021,3451,淮南师范学院,010,小学教育(师范),2,583,60699
2021,3451,淮南师范学院,011,电子信息工程,2,537,113961
2021,3451,淮南师范学院,012,通信工程,2,535,115428
2021,3453,皖南医学院,001,临床医学,12,592,49813
2021,3453,皖南医学院,002,麻醉学,6,585,58436
2021,3453,皖南医学院,003,医学影像学,6,563,82947
2021,3453,皖南医学院,004,口腔医学,6,601,40732
2021,3453,皖南医学院,005,预防医学,2,584,59294
2021,3453,皖南医学院,006,药学,2,575,69600
2021,3453,皖南医学院,007,药物制剂,2,569,75952
2021,3453,皖南医学院,008,法医学,2,591,51612
2021,3453,皖南医学院,009,医学检验技术,2,580,64032
2021,3453,皖南医学院,010,卫生检验与检疫,2,569,75720
2021,3453,皖南医学院,011,护理学,2,567,78442
2021,3454,芜湖职业技术学院,501,机械设计与制造,8,495,
2021,3455,中国科学技术大学(一流大学建设高校),001,经济管理试验班,4,671,1827
2021,3455,中国科学技术大学(一流大学建设高校),002,工科试验班(信息、计算机及工程科学),21,669,2117
2021,3455,中国科学技术大学(一流大学建设高校),003,理科试验班类(少年班学院教学改革试点班及科技英才班),10,679,849
2021,3455,中国科学技术大学(一流大学建设高校),004,理科试验班类(基础科学),35,668,2292
2021,3456,黄山学院,001,酒店管理(中外合作办学),6,547,101678
2021,3457,合肥工业大学(宣城校区)(一流学科建设高校),001,材料成型及控制工程,2,619,25160
2021,3457,合肥工业大学(宣城校区)(一流学科建设高校),002,新能源材料与器件,2,621,23891
2021,3457,合肥工业大学(宣城校区)(一流学科建设高校),003,计算机科学与技术,4,632,15912
2021,3457,合肥工业大学(宣城校区)(一流学科建设高校),004,物联网工程,2,631,16689
2021,3457,合肥工业大学(宣城校区)(一流学科建设高校),005,电子信息科学与技术,2,629,18112
2021,3457,合肥工业大学(宣城校区)(一流学科建设高校),006,环境工程,2,619,25484
2021,3457,合肥工业大学(宣城校区)(一流学科建设高校),007,环境生态工程,2,619,25220
2021,3457,合肥工业大学(宣城校区)(一流学科建设高校),008,机械工程,5,619,25382
2021,3457,合肥工业大学(宣城校区)(一流学科建设高校),009,过程装备与控制工程,2,618,25577
2021,3457,合肥工业大学(宣城校区)(一流学科建设高校),010,英语,2,629,18247
2021,3457,合肥工业大学(宣城校区)(一流学科建设高校),011,法学,2,636,13744
2021,3457,合肥工业大学(宣城校区)(一流学科建设高校),012,网络与新媒体,2,633,15277
2021,3457,合肥工业大学(宣城校区)(一流学科建设高校),013,城市地下空间工程,3,616,27256
2021,3457,合肥工业大学(宣城校区)(一流学科建设高校),014,食品质量与安全,4,620,24702
2021,3457,合肥工业大学(宣城校区)(一流学科建设高校),015,能源化学工程,3,620,24605
2021,3457,合肥工业大学(宣城校区)(一流学科建设高校),016,应用化学,3,620,24184
2021,3457,合肥工业大学(宣城校区)(一流学科建设高校),017,机械工程,2,619,25192
2021,3457,合肥工业大学(宣城校区)(一流学科建设高校),018,电气工程与智能控制,4,624,21100
2021,3458,安徽大学江淮学院(独立学院),001,计算机科学与技术,10,520,132407
2021,3458,安徽大学江淮学院(独立学院),002,财务管理,10,545,104707
2021,3477,皖西卫生职业学院,502,临床医学,10,495,
2021,3501,福建电力职业技术学院,501,供用电技术,3,495,
2021,3503,福建工程学院,001,机械设计制造及其自动化,3,553,94615
2021,3503,福建工程学院,002,材料成型及控制工程,8,529,122204
2021,3503,福建工程学院,003,城市地下空间工程,5,537,113107
2021,3503,福建工程学院,004,建筑学,4,556,91138
2021,3503,福建工程学院,005,城乡规划,5,538,112394
2021,3503,福建工程学院,006,给排水科学与工程,5,545,103842
2021,3503,福建工程学院,007,建筑环境与能源应用工程,5,542,107621
2021,3503,福建工程学院,008,英语,2,563,83219
2021,3503,福建工程学院,009,翻译,2,561,84959
2021,3503,福建工程学院,010,法学,5,576,68741
2021,3503,福建工程学院,011,知识产权,3,567,78971
2021,3503,福建工程学院,012,交通运输,5,556,90979
2021,3503,福建工程学院,013,交通工程,5,553,94768
2021,3507,福建农林大学,001,种子科学与工程,8,565,80310
2021,3507,福建农林大学,002,农学,5,579,65235
2021,3507,福建农林大学,003,植物科学与技术,5,569,76415
2021,3507,福建农林大学,004,植物保护,9,569,76546
2021,3507,福建农林大学,005,生物信息学,2,583,60555
2021,3507,福建农林大学,006,生物工程,2,584,59250
2021,3507,福建农林大学,007,水产养殖学,8,563,83588
2021,3507,福建农林大学,008,动物医学,3,582,61226
2021,3507,福建农林大学,009,动物科学,2,572,73250
2021,3507,福建农林大学,010,蜂学,6,561,85819
2021,3507,福建农林大学,011,轻化工程,4,567,78374
2021,3507,福建农林大学,012,木材科学与工程,3,566,79957
2021,3507,福建农林大学,013,茶学,2,575,69795
2021,3507,福建农林大学,014,林学类,10,572,73148
2021,3507,福建农林大学,015,生物科学类,7,579,65194
2021,3507,福建农林大学,016,食品科学与工程类,4,573,71230
2021,3507,福建农林大学,017,农业资源与环境(中外合作办学),8,555,92173
2021,3507,福建农林大学,018,园艺(中外合作办学),5,560,86635
2021,3507,福建农林大学,019,风景园林(中外合作办学),3,582,61692
2021,3507,福建农林大学,020,生态学(中外合作办学),4,566,79336
2021,3511,福建师范大学,001,工商管理类,6,594,48524
2021,3511,福建师范大学,004,英语,4,624,21211
2021,3511,福建师范大学,006,网络空间安全,5,584,59365
2021,3511,福建师范大学,007,文化产业管理,5,592,50522
2021,3511,福建师范大学,008,旅游管理类,4,589,53916
2021,3511,福建师范大学,009,软件工程,8,587,55231
2021,3511,福建师范大学,010,环境科学与工程类,4,588,54706
2021,3511,福建师范大学,014,数字媒体技术(中外合作办学)(中日合作),5,577,67031
2021,3511,福建师范大学,015,网络工程(中外合作办学)(中日合作),5,571,73595
2021,3511,福建师范大学,016,通信工程(中外合作办学)(中英合作),7,558,88949
2021,3511,福建师范大学,017,学前教育(中外合作办学)(中美合作)(师范),9,579,65140
2021,3511,福建师范大学,018,电子信息工程(中外合作办学)(中英合作),7,560,86359
2021,3511,福建师范大学,019,计算机科学与技术(中外合作办学)(中英合作),9,570,75536
2021,3512,福建师范大学协和学院(独立学院),001,国际经济与贸易,6,537,113569
2021,3512,福建师范大学协和学院(独立学院),002,国际商务,5,535,115298
2021,3512,福建师范大学协和学院(独立学院),003,投资学,5,533,118344
2021,3512,福建师范大学协和学院(独立学院),004,法学,5,547,102122
2021,3512,福建师范大学协和学院(独立学院),005,工商管理,5,540,109694
2021,3512,福建师范大学协和学院(独立学院),006,市场营销,4,543,106799
2021,3512,福建师范大学协和学院(独立学院),007,人力资源管理,5,542,107855
2021,3512,福建师范大学协和学院(独立学院),008,物流管理,5,533,117442
2021,3512,福建师范大学协和学院(独立学院),012,金融学(国际金融实验班),5,528,123944
2021,3512,福建师范大学协和学院(独立学院),013,财务管理(国际会计实验班),6,528,123907
2021,3515,福建医科大学,001,临床医学,3,640,11597
2021,3515,福建医科大学,002,麻醉学,2,620,24524
2021,3515,福建医科大学,003,预防医学,2,605,36961
2021,3515,福建医科大学,004,卫生检验与检疫,2,593,49140
2021,3515,福建医科大学,005,口腔医学,2,641,11020
2021,3515,福建医科大学,006,药学,2,603,38616
2021,3515,福建医科大学,007,医学影像技术,2,594,48162
2021,3515,福建医科大学,008,生物信息学,1,587,55450
2021,3515,福建医科大学,009,智能医学工程,2,597,44667
2021,3515,福建医科大学,010,应用心理学,2,597,45045
2021,3515,福建医科大学,011,护理学,2,591,51809
2021,3516,福建中医药大学,001,中医学,2,616,27625
2021,3516,福建中医药大学,002,针灸推拿学,1,607,35852
2021,3516,福建中医药大学,003,中西医临床医学,1,618,25838
2021,3516,福建中医药大学,004,临床医学,1,623,21875
2021,3516,福建中医药大学,005,药学,1,603,39238
2021,3516,福建中医药大学,006,药物制剂,1,593,49666
2021,3516,福建中医药大学,007,中药学,1,603,39502
2021,3516,福建中医药大学,008,信息管理与信息系统,1,579,65220
2021,3516,福建中医药大学,009,公共事业管理,1,580,63333
2021,3516,福建中医药大学,010,护理学,1,586,56610
2021,3516,福建中医药大学,011,康复物理治疗,1,591,51504
2021,3517,福州大学(一流学科建设高校),001,电气工程及其自动化,4,636,13438
2021,3517,福州大学(一流学科建设高校),002,智能电网信息工程,3,631,16699
2021,3517,福州大学(一流学科建设高校),003,车辆工程,4,624,21242
2021,3517,福州大学(一流学科建设高校),004,数学类,4,634,14768
2021,3517,福州大学(一流学科建设高校),005,人工智能,2,636,13933
2021,3517,福州大学(一流学科建设高校),006,化学工程与工艺,4,620,24751
2021,3517,福州大学(一流学科建设高校),007,土木工程,3,626,19774
2021,3517,福州大学(一流学科建设高校),008,智能建造,2,630,16992
2021,3517,福州大学(一流学科建设高校),009,人文地理与城乡规划,4,637,13391
2021,3517,福州大学(一流学科建设高校),010,金融学,4,639,12272
2021,3517,福州大学(一流学科建设高校),011,会计学,4,639,11802
2021,3517,福州大学(一流学科建设高校),012,公共管理类,4,634,14785
2021,3517,福州大学(一流学科建设高校),013,生物医学工程,4,628,18594
2021,3517,福州大学(一流学科建设高校),014,德语,4,633,15710
2021,3517,福州大学(一流学科建设高校),015,日语,4,631,16458
2021,3517,福州大学(一流学科建设高校),016,电子信息类,4,633,15243
2021,3517,福州大学(一流学科建设高校),017,数字媒体技术,3,633,15180
2021,3517,福州大学(一流学科建设高校),018,集成电路设计与集成系统,3,628,18406
2021,3517,福州大学(一流学科建设高校),019,化学,4,629,18092
2021,3517,福州大学(一流学科建设高校),020,制药工程,3,620,24492
2021,3517,福州大学(一流学科建设高校),021,建筑学,4,634,14961
2021,3517,福州大学(一流学科建设高校),024,材料科学与工程,5,618,26141
2021,3517,福州大学(一流学科建设高校),025,法学,4,644,9745
2021,3517,福州大学(一流学科建设高校),026,软件工程,4,635,14134
2021,3517,福州大学(一流学科建设高校),027,自动化(中外合作办学),4,616,27560
2021,3517,福州大学(一流学科建设高校),028,软件工程(中外合作办学),4,623,22487
2021,3517,福州大学(一流学科建设高校),029,数字媒体技术(中外合作办学),3,622,23081
2021,3517,福州大学(一流学科建设高校),030,电子信息工程(中外合作办学),3,618,26281
2021,3518,阳光学院(民办),001,计算机科学与技术,3,502,153068
2021,3518,阳光学院(民办),002,电子信息类,3,507,147835
2021,3518,阳光学院(民办),003,商务英语,5,528,123876
2021,3518,阳光学院(民办),004,土木工程,4,496,159151
2021,3518,阳光学院(民办),005,数字媒体技术,3,509,145277
2021,3518,阳光学院(民办),006,金融学,5,527,124920
2021,3518,阳光学院(民办),007,国际经济与贸易,4,526,126140
2021,3518,阳光学院(民办),008,会计学,5,532,118762
2021,3518,阳光学院(民办),009,工商管理,4,527,124746
2021,3518,阳光学院(民办),010,电子商务,4,527,124734
2021,3518,阳光学院(民办),011,跨境电子商务,4,520,132581
2021,3518,阳光学院(民办),012,酒店管理,4,523,129738
2021,3518,阳光学院(民办),013,应用心理学,5,544,105499
2021,3518,阳光学院(民办),014,法学,5,533,117567
2021,3518,阳光学院(民办),015,学前教育,5,540,110551
2021,3518,阳光学院(民办),018,人工智能,4,501,153826
2021,3518,阳光学院(民办),019,电子商务(中外合作办学),4,516,137534
2021,3519,福州大学至诚学院(独立学院),001,材料成型及控制工程,4,502,152765
2021,3519,福州大学至诚学院(独立学院),004,网络与新媒体,4,552,96559
2021,3519,福州大学至诚学院(独立学院),005,化学工程与工艺,7,538,111827
2021,3519,福州大学至诚学院(独立学院),006,应用化学,7,533,117429
2021,3519,福州大学至诚学院(独立学院),007,环境工程,3,540,110421
2021,3519,福州大学至诚学院(独立学院),008,机械设计制造及其自动化,6,508,146647
2021,3519,福州大学至诚学院(独立学院),009,计算机科学与技术,5,521,131614
2021,3519,福州大学至诚学院(独立学院),010,软件工程,5,517,136315
2021,3519,福州大学至诚学院(独立学院),011,数字媒体技术,3,509,145400
2021,3519,福州大学至诚学院(独立学院),012,建筑学,4,550,97897
2021,3519,福州大学至诚学院(独立学院),013,财务管理,4,547,102509
2021,3519,福州大学至诚学院(独立学院),014,国际经济与贸易,4,543,106170
2021,3519,福州大学至诚学院(独立学院),015,金融工程,3,545,103749
2021,3519,福州大学至诚学院(独立学院),016,金融科技,4,539,111041
2021,3519,福州大学至诚学院(独立学院),017,物流管理,4,537,113273
2021,3519,福州大学至诚学院(独立学院),018,汉语言文学,3,558,89434
2021,3519,福州大学至诚学院(独立学院),020,土木工程,3,507,147019
2021,3519,福州大学至诚学院(独立学院),021,日语,4,545,104577
2021,3519,福州大学至诚学院(独立学院),022,英语,4,547,101406
2021,3519,福州大学至诚学院(独立学院),023,电子信息工程,4,509,145477
2021,3520,福州理工学院(民办),001,广告学,5,529,123018
2021,3520,福州理工学院(民办),002,网络与新媒体,5,532,119226
2021,3520,福州理工学院(民办),003,经济学,5,524,128560
2021,3520,福州理工学院(民办),004,财务管理,10,528,123713
2021,3520,福州理工学院(民办),005,商务英语,5,525,126926
2021,3520,福州理工学院(民办),006,物流管理,5,526,125808
2021,3520,福州理工学院(民办),007,电子商务,5,527,125316
2021,3521,福州外语外贸学院(民办),001,会计学,2,541,109221
2021,3521,福州外语外贸学院(民办),002,财务管理,4,529,122655
2021,3521,福州外语外贸学院(民办),003,审计学,5,529,122173
2021,3521,福州外语外贸学院(民办),004,金融学,6,528,124137
2021,3521,福州外语外贸学院(民办),005,金融工程,4,525,127743
2021,3521,福州外语外贸学院(民办),006,投资学,4,522,130757
2021,3521,福州外语外贸学院(民办),007,经济统计学,4,523,129443
2021,3521,福州外语外贸学院(民办),008,国际经济与贸易,4,528,124127
2021,3521,福州外语外贸学院(民办),009,市场营销,4,526,126440
2021,3521,福州外语外贸学院(民办),010,资产评估,4,526,126597
2021,3521,福州外语外贸学院(民办),011,物流管理,2,525,126804
2021,3521,福州外语外贸学院(民办),012,电子商务,4,527,124616
2021,3521,福州外语外贸学院(民办),013,英语,2,539,111144
2021,3521,福州外语外贸学院(民办),014,翻译,2,530,121327
2021,3521,福州外语外贸学院(民办),015,法语,2,530,121887
2021,3521,福州外语外贸学院(民办),016,日语,4,531,120848
2021,3521,福州外语外贸学院(民办),017,西班牙语,2,532,118880
2021,3521,福州外语外贸学院(民办),024,学前教育,2,546,102912
2021,3521,福州外语外贸学院(民办),025,小学教育,2,549,99564
2021,3522,福州职业技术学院,501,机械制造及自动化,4,495,
2021,3522,福州职业技术学院,503,空中乘务,4,495,
2021,3523,华侨大学,001,哲学(中西人文综合试验班),3,612,31252
2021,3523,华侨大学,002,社会学,2,609,33558
2021,3523,华侨大学,003,国际事务与国际关系,3,606,36577
2021,3523,华侨大学,004,汉语国际教育,3,608,34427
2021,3523,华侨大学,005,新闻传播学类,2,618,25990
2021,3523,华侨大学,006,机械工程,9,594,48139
2021,3523,华侨大学,007,工业设计,2,606,36352
2021,3523,华侨大学,008,车辆工程,3,587,55998
2021,3523,华侨大学,009,应用化学(拔尖人才试点班),3,602,39787
2021,3523,华侨大学,010,材料科学与工程,2,596,46362
2021,3523,华侨大学,011,高分子材料与工程(拔尖人才试点班),2,603,38839
2021,3523,华侨大学,012,应用物理学(拔尖人才试点班),3,597,45386
2021,3523,华侨大学,013,电气工程及其自动化,6,597,44678
2021,3523,华侨大学,014,电子信息类,8,598,43989
2021,3523,华侨大学,015,计算机类,7,605,37176
2021,3523,华侨大学,016,软件工程,2,606,36561
2021,3523,华侨大学,017,土木类,14,587,56093
2021,3523,华侨大学,018,给排水科学与工程(城镇智能水系统),3,578,65975
2021,3523,华侨大学,019,化工与制药类,2,597,45204
2021,3523,华侨大学,020,环境科学与工程类,2,595,47455
2021,3523,华侨大学,021,生物工程,2,590,52024
2021,3523,华侨大学,022,建筑学,3,619,25397
2021,3523,华侨大学,023,城乡规划,4,612,30603
2021,3523,华侨大学,024,风景园林,3,608,34837
2021,3523,华侨大学,025,经济学类,6,598,44212
2021,3523,华侨大学,026,金融学,4,605,37169
2021,3523,华侨大学,027,法学,6,622,23265
2021,3523,华侨大学,028,中国语言文学类,5,613,30362
2021,3523,华侨大学,029,英语,4,607,35705
2021,3523,华侨大学,030,翻译,4,603,38734
2021,3523,华侨大学,031,数学与应用数学(金融统计、数据分析),5,594,48065
2021,3523,华侨大学,032,光电信息科学与工程,3,595,47454
2021,3523,华侨大学,033,物联网工程,2,599,42678
2021,3523,华侨大学,034,数据科学与大数据技术,3,594,47711
2021,3523,华侨大学,035,信息管理与信息系统,5,588,54935
2021,3523,华侨大学,036,工商管理类,8,593,49732
2021,3523,华侨大学,037,财务管理,2,610,32704
2021,3523,华侨大学,038,公共管理类,6,589,54042
2021,3523,华侨大学,039,旅游管理类,2,590,52019
2021,3523,华侨大学,040,经济学类(中美121双学位班、可接轨CFA金融分析师),5,588,54317
2021,3523,华侨大学,041,工商管理类(中美121双学位班、可接轨ACCA国际注会),5,589,53731
2021,3523,华侨大学,042,国际商务(全英文教学),4,589,53180
2021,3524,集美大学,001,交通运输,3,585,57565
2021,3524,集美大学,004,轮机工程(船机修造),3,560,86884
2021,3524,集美大学,006,船舶与海洋工程,2,586,56911
2021,3524,集美大学,007,水产养殖学,3,579,65264
2021,3524,集美大学,008,海洋渔业科学与技术,3,583,60510
2021,3524,集美大学,009,水生动物医学,3,581,62827
2021,3524,集美大学,010,国际经济与贸易,2,598,43858
2021,3524,集美大学,011,投资学,2,597,45461
2021,3524,集美大学,012,工商管理,2,597,45443
2021,3524,集美大学,016,数学与应用数学,2,587,55227
2021,3524,集美大学,017,英语,2,607,35533
2021,3524,集美大学,018,日语,2,599,43191
2021,3524,集美大学,019,法学,2,613,30491
2021,3524,集美大学,020,港口航道与海岸工程,2,582,61216
2021,3526,集美大学诚毅学院(独立学院),001,财政学,5,551,96844
2021,3526,集美大学诚毅学院(独立学院),002,金融学,5,554,94146
2021,3526,集美大学诚毅学院(独立学院),003,金融工程,5,549,99482
2021,3526,集美大学诚毅学院(独立学院),004,国际经济与贸易,4,549,98983
2021,3526,集美大学诚毅学院(独立学院),005,法学,4,557,90246
2021,3526,集美大学诚毅学院(独立学院),007,汉语言文学,5,560,86116
2021,3526,集美大学诚毅学院(独立学院),008,英语,4,559,88131
2021,3526,集美大学诚毅学院(独立学院),009,机械工程,3,515,138662
2021,3526,集美大学诚毅学院(独立学院),010,智能制造工程,2,528,123275
2021,3526,集美大学诚毅学院(独立学院),011,电子信息工程,3,530,121471
2021,3526,集美大学诚毅学院(独立学院),012,通信工程,2,525,127065
2021,3526,集美大学诚毅学院(独立学院),013,自动化,2,534,116782
2021,3526,集美大学诚毅学院(独立学院),014,计算机科学与技术,4,532,118552
2021,3526,集美大学诚毅学院(独立学院),015,软件工程,2,527,125435
2021,3526,集美大学诚毅学院(独立学院),016,网络工程,2,523,128973
2021,3526,集美大学诚毅学院(独立学院),017,数据科学与大数据技术,3,532,118568
2021,3526,集美大学诚毅学院(独立学院),018,交通运输,4,549,99989
2021,3526,集美大学诚毅学院(独立学院),019,工商管理,5,551,96829
2021,3526,集美大学诚毅学院(独立学院),020,会计学,5,554,93357
2021,3526,集美大学诚毅学院(独立学院),021,供应链管理,3,549,100067
2021,3526,集美大学诚毅学院(独立学院),022,电子商务,5,549,99121
2021,3528,龙岩学院,001,经济与贸易类,2,560,86531
2021,3528,龙岩学院,002,汉语言文学,2,571,73948
2021,3528,龙岩学院,003,广播电视学,2,561,85716
2021,3528,龙岩学院,004,心理学(师范),3,572,72891
2021,3528,龙岩学院,005,计算机科学与技术,1,552,95579
2021,3528,龙岩学院,006,工商管理类,2,562,84357
2021,3529,闽江学院,001,电子商务,3,564,82274
2021,3529,闽江学院,002,物流工程,1,563,82516
2021,3529,闽江学院,003,汉语国际教育,2,572,73174
2021,3529,闽江学院,004,广告学,1,578,66190
2021,3529,闽江学院,008,通信工程,2,554,94180
2021,3529,闽江学院,009,电气工程及其自动化,1,560,86445
2021,3529,闽江学院,010,人工智能,2,554,93149
2021,3530,闽南理工学院(民办),001,机械设计制造及其自动化,1,525,126780
2021,3530,闽南理工学院(民办),002,电子商务,1,528,123940
2021,3530,闽南理工学院(民办),003,电气工程及其自动化,1,518,135226
2021,3530,闽南理工学院(民办),004,经济学,1,532,118856
2021,3530,闽南理工学院(民办),005,人力资源管理,1,535,115293
2021,3530,闽南理工学院(民办),006,金融工程,1,530,121618
2021,3530,闽南理工学院(民办),007,财务管理,1,536,114808
2021,3530,闽南理工学院(民办),008,审计学,1,532,118824
2021,3532,宁德职业技术学院,519,学前教育(师范),10,495,
2021,3532,宁德职业技术学院,520,小学教育(师范),10,510,143597
2021,3534,泉州华光职业学院(民办),509,电子商务,5,495,
2021,3536,泉州职业技术大学(民办),001,大数据与财务管理,15,517,136319
2021,3536,泉州职业技术大学(民办),002,大数据与会计,10,521,131800
2021,3536,泉州职业技术大学(民办),003,学前教育,15,527,125037
2021,3537,泉州师范学院,001,学前教育(师范),5,575,69426
2021,3537,泉州师范学院,002,汉语言文学(师范),5,585,58259
2021,3537,泉州师范学院,003,汉语国际教育(师范),3,580,63375
2021,3537,泉州师范学院,004,历史学(师范),2,589,53655
2021,3537,泉州师范学院,005,地理科学(师范),6,583,60548
2021,3537,泉州师范学院,006,数学与应用数学(师范),5,568,76855
2021,3537,泉州师范学院,007,物理学(师范),3,562,83673
2021,3537,泉州师范学院,008,化学(师范),3,577,66678
2021,3537,泉州师范学院,009,生物科学(师范),6,581,62168
2021,3537,泉州师范学院,010,金融工程,2,561,85253
2021,3537,泉州师范学院,011,国际经济与贸易,2,566,79202
2021,3537,泉州师范学院,012,知识产权,2,574,70274
2021,3537,泉州师范学院,013,人文地理与城乡规划,3,559,87956
2021,3537,泉州师范学院,014,国际商务,2,564,82405
2021,3537,泉州师范学院,015,应用心理学,2,576,68432
2021,3537,泉州师范学院,016,机械设计制造及其自动化,2,538,111900
2021,3537,泉州师范学院,017,材料化学,2,555,92539
2021,3537,泉州师范学院,018,电气工程与智能控制,2,543,106220
2021,3537,泉州师范学院,019,电子信息科学与技术,2,545,103820
2021,3537,泉州师范学院,020,计算机科学与技术,1,565,80263
2021,3537,泉州师范学院,021,数字媒体技术,2,550,97828
2021,3537,泉州师范学院,022,数据科学与大数据技术,2,558,88597
2021,3537,泉州师范学院,023,化工与制药类,3,554,93049
2021,3537,泉州师范学院,024,纺织工程,6,550,98072
2021,3537,泉州师范学院,025,环境科学,3,555,92109
2021,3537,泉州师范学院,026,食品科学与工程,5,556,91573
2021,3537,泉州师范学院,029,体育经济与管理,2,555,92471
2021,3537,泉州师范学院,035,软件工程,10,542,108234
2021,3538,泉州信息工程学院(民办),001,电子信息工程,2,500,154455
2021,3538,泉州信息工程学院(民办),002,通信工程,2,506,148497
2021,3538,泉州信息工程学院(民办),003,机械设计制造及其自动化,1,508,146020
2021,3538,泉州信息工程学院(民办),004,电气工程及其自动化,2,501,153299
2021,3538,泉州信息工程学院(民办),005,物联网工程,2,504,151060
2021,3538,泉州信息工程学院(民办),006,工程造价,1,500,155178
2021,3538,泉州信息工程学院(民办),007,电子商务,50,519,134268
2021,3538,泉州信息工程学院(民办),008,金融工程,50,518,135738
2021,3538,泉州信息工程学院(民办),009,国际商务,20,517,136390
2021,3538,泉州信息工程学院(民办),010,物流管理,20,518,135364
2021,3538,泉州信息工程学院(民办),011,审计学,20,526,126141
2021,3538,泉州信息工程学院(民办),012,国际经济与贸易,20,521,131536
2021,3538,泉州信息工程学院(民办),013,财务管理,50,521,132283
2021,3538,泉州信息工程学院(民办),018,软件工程(中外合作办学),5,495,
2021,3539,泉州医学高等专科学校,501,临床医学,2,520,132416
2021,3539,泉州医学高等专科学校,502,口腔医学,3,537,113627
2021,3539,泉州医学高等专科学校,503,护理,3,508,146599
2021,3539,泉州医学高等专科学校,504,药学,2,517,136155
2021,3540,三明学院,001,物流管理,3,551,96935
2021,3540,三明学院,002,旅游管理与服务教育,2,555,92643
2021,3540,三明学院,003,物联网工程,4,534,116365
2021,3540,三明学院,004,人工智能,3,535,115414
2021,3540,三明学院,005,电子信息工程,4,538,111753
2021,3540,三明学院,006,车辆工程,3,524,128658
2021,3540,三明学院,007,机器人工程,5,530,121409
2021,3540,三明学院,008,化学工程与工艺,2,552,96180
2021,3540,三明学院,009,土木工程,4,529,122378
2021,3540,三明学院,010,商务英语,4,559,88084
2021,3541,武夷学院,001,茶学,2,558,89389
2021,3541,武夷学院,002,旅游管理,2,554,93803
2021,3541,武夷学院,003,酒店管理,1,553,94620
2021,3541,武夷学院,004,文化产业管理,1,559,87944
2021,3541,武夷学院,010,机械设计制造及其自动化,3,538,111975
2021,3541,武夷学院,011,电气工程及其自动化,1,549,99660
2021,3541,武夷学院,012,环境工程,2,558,88560
2021,3541,武夷学院,013,土木工程,2,538,111804
2021,3541,武夷学院,014,建筑学,3,558,89196
2021,3541,武夷学院,015,通信工程,2,538,111911
2021,3541,武夷学院,016,汉语言文学,1,574,70947
2021,3541,武夷学院,017,商务英语,1,562,84598
2021,3541,武夷学院,019,国际经济与贸易,2,560,86481
2021,3541,武夷学院,020,物流管理,2,557,89885
2021,3542,厦门城市职业学院,501,大数据与会计,8,495,
2021,3542,厦门城市职业学院,502,金融服务与管理,5,495,
2021,3542,厦门城市职业学院,508,学前教育(师范),4,506,148710
2021,3542,厦门城市职业学院,510,商务英语,6,495,
2021,3543,厦门大学(一流大学建设高校),001,人文科学试验班,2,661,3671
2021,3543,厦门大学(一流大学建设高校),002,新闻传播学类,2,660,3894
2021,3543,厦门大学(一流大学建设高校),003,外国语言文学类,4,659,4308
2021,3543,厦门大学(一流大学建设高校),004,外国语言文学类(外国语言文学加会计或财务),2,661,3885
2021,3543,厦门大学(一流大学建设高校),005,法学类,3,667,2492
2021,3543,厦门大学(一流大学建设高校),006,公共管理类,2,659,4287
2021,3543,厦门大学(一流大学建设高校),007,经济学类,16,660,3891
2021,3543,厦门大学(一流大学建设高校),008,统计学类,2,659,4272
2021,3543,厦门大学(一流大学建设高校),009,数据科学与大数据技术,2,658,4521
2021,3543,厦门大学(一流大学建设高校),010,会计学(含会计、财务、审计),10,665,2861
2021,3543,厦门大学(一流大学建设高校),011,工商管理类,2,661,3845
2021,3543,厦门大学(一流大学建设高校),012,管理科学与工程类,2,652,6605
2021,3543,厦门大学(一流大学建设高校),013,数学类,3,655,5296
2021,3543,厦门大学(一流大学建设高校),014,物理学类,4,650,7245
2021,3543,厦门大学(一流大学建设高校),015,化学类,5,649,7704
2021,3543,厦门大学(一流大学建设高校),016,化学工程与工艺,2,649,7422
2021,3543,厦门大学(一流大学建设高校),017,材料类,3,651,6918
2021,3543,厦门大学(一流大学建设高校),018,海洋科学类,3,652,6616
2021,3543,厦门大学(一流大学建设高校),019,环境科学与工程类,2,652,6313
2021,3543,厦门大学(一流大学建设高校),020,能源动力类,2,653,6107
2021,3543,厦门大学(一流大学建设高校),021,计算机类,10,654,5930
2021,3543,厦门大学(一流大学建设高校),022,软件工程(含软件、数媒技术),7,652,6375
2021,3543,厦门大学(一流大学建设高校),023,工科试验班,7,649,7454
2021,3543,厦门大学(一流大学建设高校),024,建筑类,3,656,5009
2021,3543,厦门大学(一流大学建设高校),025,理科试验班(生命科学与医学类),7,651,6921
2021,3543,厦门大学(一流大学建设高校),026,临床医学,3,654,5713
2021,3544,厦门大学嘉庚学院(独立学院),001,财政学,3,561,85055
2021,3544,厦门大学嘉庚学院(独立学院),002,税收学,4,560,87090
2021,3544,厦门大学嘉庚学院(独立学院),003,金融学,4,564,81978
2021,3544,厦门大学嘉庚学院(独立学院),004,国际经济与贸易,6,560,86496
2021,3544,厦门大学嘉庚学院(独立学院),005,法学,4,573,71547
2021,3544,厦门大学嘉庚学院(独立学院),006,汉语言文学,4,570,75277
2021,3544,厦门大学嘉庚学院(独立学院),007,英语,5,562,84405
2021,3544,厦门大学嘉庚学院(独立学院),008,日语,6,555,92391
2021,3544,厦门大学嘉庚学院(独立学院),009,新闻学,4,564,82230
2021,3544,厦门大学嘉庚学院(独立学院),010,广播电视学,4,561,85878
2021,3544,厦门大学嘉庚学院(独立学院),011,广告学,5,560,86730
2021,3544,厦门大学嘉庚学院(独立学院),012,机械设计制造及其自动化,4,529,122549
2021,3544,厦门大学嘉庚学院(独立学院),013,机械电子工程,4,523,129175
2021,3544,厦门大学嘉庚学院(独立学院),014,车辆工程,3,521,131880
2021,3544,厦门大学嘉庚学院(独立学院),015,电气工程及其自动化,4,526,125546
2021,3544,厦门大学嘉庚学院(独立学院),016,电子信息工程,3,548,101192
2021,3544,厦门大学嘉庚学院(独立学院),017,通信工程,4,534,116390
2021,3544,厦门大学嘉庚学院(独立学院),018,光电信息科学与工程,3,524,128622
2021,3544,厦门大学嘉庚学院(独立学院),019,自动化,3,525,126928
2021,3544,厦门大学嘉庚学院(独立学院),020,机器人工程,3,531,120586
2021,3544,厦门大学嘉庚学院(独立学院),021,计算机科学与技术,4,550,98399
2021,3544,厦门大学嘉庚学院(独立学院),022,软件工程,3,552,96018
2021,3544,厦门大学嘉庚学院(独立学院),023,物联网工程,2,546,103455
2021,3544,厦门大学嘉庚学院(独立学院),024,智能科学与技术,2,542,107414
2021,3544,厦门大学嘉庚学院(独立学院),025,数据科学与大数据技术,3,543,106813
2021,3544,厦门大学嘉庚学院(独立学院),026,土木工程,5,524,128370
2021,3544,厦门大学嘉庚学院(独立学院),027,给排水科学与工程,3,525,126737
2021,3544,厦门大学嘉庚学院(独立学院),028,环境科学与工程,3,552,96050
2021,3544,厦门大学嘉庚学院(独立学院),029,建筑学,3,559,87854
2021,3544,厦门大学嘉庚学院(独立学院),030,城乡规划,4,561,85307
2021,3544,厦门大学嘉庚学院(独立学院),031,风景园林,2,562,83816
2021,3544,厦门大学嘉庚学院(独立学院),032,信息管理与信息系统,6,524,127935
2021,3544,厦门大学嘉庚学院(独立学院),033,工程管理,5,519,133596
2021,3544,厦门大学嘉庚学院(独立学院),034,工程管理,2,524,128440
2021,3544,厦门大学嘉庚学院(独立学院),035,工程造价,4,524,128067
2021,3544,厦门大学嘉庚学院(独立学院),036,大数据管理与应用,4,526,125687
2021,3544,厦门大学嘉庚学院(独立学院),037,工商管理,6,556,91646
2021,3544,厦门大学嘉庚学院(独立学院),038,市场营销,5,551,97104
2021,3544,厦门大学嘉庚学院(独立学院),039,会计学,6,568,77658
2021,3544,厦门大学嘉庚学院(独立学院),040,财务管理,3,563,83276
2021,3544,厦门大学嘉庚学院(独立学院),041,国际商务,4,556,91695
2021,3544,厦门大学嘉庚学院(独立学院),042,文化产业管理,3,557,89565
2021,3544,厦门大学嘉庚学院(独立学院),043,行政管理,5,552,96102
2021,3544,厦门大学嘉庚学院(独立学院),044,物流管理,5,551,97292
2021,3544,厦门大学嘉庚学院(独立学院),045,电子商务,7,555,92348
2021,3544,厦门大学嘉庚学院(独立学院),046,旅游管理,5,548,100295
2021,3545,厦门海洋职业技术学院,506,航海技术,4,495,
2021,3547,厦门华厦学院(民办),001,金融学,4,532,118924
2021,3547,厦门华厦学院(民办),002,投资学,2,533,118360
2021,3547,厦门华厦学院(民办),003,国际经济与贸易,2,537,113362
2021,3547,厦门华厦学院(民办),004,艺术教育,4,525,127499
2021,3547,厦门华厦学院(民办),005,商务英语,3,541,108609
2021,3547,厦门华厦学院(民办),006,网络与新媒体,2,538,111947
2021,3547,厦门华厦学院(民办),007,数据科学与大数据技术,2,515,138264
2021,3547,厦门华厦学院(民办),008,制药工程,2,545,103838
2021,3547,厦门华厦学院(民办),009,环境科学与工程,1,537,113079
2021,3547,厦门华厦学院(民办),010,康复治疗学,2,545,104251
2021,3547,厦门华厦学院(民办),011,会计学,3,532,119399
2021,3547,厦门华厦学院(民办),012,财务管理,3,533,117379
2021,3547,厦门华厦学院(民办),013,审计学,3,534,117328
2021,3547,厦门华厦学院(民办),014,物流工程,2,528,123752
2021,3547,厦门华厦学院(民办),015,供应链管理,2,534,116307
2021,3547,厦门华厦学院(民办),016,电子商务,3,530,121319
2021,3547,厦门华厦学院(民办),017,会展经济与管理,1,537,113822
2021,3548,厦门理工学院,001,车辆工程,3,570,74750
2021,3548,厦门理工学院,002,计算机类,3,578,66139
2021,3548,厦门理工学院,004,电子信息工程(中外合作办学),3,564,81494
2021,3548,厦门理工学院,005,电子商务,3,577,66601
2021,3553,闽南师范大学,001,法学,2,592,50583
2021,3553,闽南师范大学,002,社会工作,2,577,67066
2021,3553,闽南师范大学,003,小学教育(师范),2,606,36348
2021,3553,闽南师范大学,004,英语(师范),2,604,37731
2021,3553,闽南师范大学,005,日语,3,582,61883
2021,3553,闽南师范大学,006,翻译,2,581,62101
2021,3553,闽南师范大学,007,广告学,3,578,65393
2021,3553,闽南师范大学,008,心理学(师范),2,591,51756
2021,3553,闽南师范大学,009,国际商务,3,565,80786
2021,3553,闽南师范大学,010,经济与金融,3,575,68855
2021,3553,闽南师范大学,011,旅游管理,3,565,81224
2021,3553,闽南师范大学,012,人力资源管理,3,573,71770
2021,3553,闽南师范大学,013,市场营销,2,567,77940
2021,3555,泉州海洋职业学院(民办),501,航海技术,6,495,
2021,3562,福州墨尔本理工职业学院(中外合作办学),505,国际金融(中外合作办学),9,495,
2021,3562,福州墨尔本理工职业学院(中外合作办学),507,国际经济与贸易(中外合作办学),7,495,
2021,3563,厦门大学（马来西亚分校招生专业）(一流大学建设高校),001,金融学(厦门大学马来西亚分校招生专业),2,630,17177
2021,3563,厦门大学（马来西亚分校招生专业）(一流大学建设高校),002,会计学(厦门大学马来西亚分校招生专业),3,633,15182
2021,3563,厦门大学（马来西亚分校招生专业）(一流大学建设高校),003,化学工程与工艺(厦门大学马来西亚分校招生专业),3,603,39561
2021,3563,厦门大学（马来西亚分校招生专业）(一流大学建设高校),004,海洋技术(厦门大学马来西亚分校招生专业),2,622,22809
2021,3563,厦门大学（马来西亚分校招生专业）(一流大学建设高校),005,新能源科学与工程(厦门大学马来西亚分校招生专业),1,628,18621
2021,3563,厦门大学（马来西亚分校招生专业）(一流大学建设高校),006,数字媒体技术(厦门大学马来西亚分校招生专业),3,613,30194
2021,3563,厦门大学（马来西亚分校招生专业）(一流大学建设高校),007,计算机科学与技术(厦门大学马来西亚分校招生专业),3,617,27082
2021,3563,厦门大学（马来西亚分校招生专业）(一流大学建设高校),008,软件工程(厦门大学马来西亚分校招生专业),2,618,25959
2021,3563,厦门大学（马来西亚分校招生专业）(一流大学建设高校),009,数学与应用数学(厦门大学马来西亚分校招生专业),2,623,22376
2021,3563,厦门大学（马来西亚分校招生专业）(一流大学建设高校),010,广告学(厦门大学马来西亚分校招生专业),2,627,19631
2021,3563,厦门大学（马来西亚分校招生专业）(一流大学建设高校),011,英语(厦门大学马来西亚分校招生专业),2,628,18814
2021,3563,厦门大学（马来西亚分校招生专业）(一流大学建设高校),012,物理学(厦门大学马来西亚分校招生专业),2,611,32134
2021,3563,厦门大学（马来西亚分校招生专业）(一流大学建设高校),013,人工智能(厦门大学马来西亚分校招生专业),2,617,26833
2021,3564,仰恩大学(民办),001,网络与新媒体,5,535,115707
2021,3601,东华理工大学,001,地质学类,3,589,54008
2021,3601,东华理工大学,002,地质类,3,582,61880
2021,3601,东华理工大学,003,城乡规划,3,575,69222
2021,3601,东华理工大学,004,地球物理学类,3,563,83474
2021,3601,东华理工大学,005,勘查技术与工程,3,566,79226
2021,3601,东华理工大学,006,环境工程,3,569,76469
2021,3601,东华理工大学,007,给排水科学与工程,3,567,78317
2021,3601,东华理工大学,008,地下水科学与工程,3,563,82563
2021,3601,东华理工大学,009,应用化学,4,569,76300
2021,3601,东华理工大学,010,化学工程与工艺,4,589,53215
2021,3601,东华理工大学,011,材料科学与工程,5,564,81973
2021,3601,东华理工大学,012,国际经济与贸易,3,580,64020
2021,3601,东华理工大学,013,英语(外贸),5,575,69863
2021,3601,东华理工大学,014,测绘类,6,560,86180
2021,3601,东华理工大学,015,土地资源管理,3,575,69440
2021,3601,东华理工大学,016,土木类,6,567,78794
2021,3602,赣东学院,002,英语,4,556,91609
2021,3602,赣东学院,003,机械工程,3,530,121476
2021,3602,赣东学院,004,电子信息工程,3,534,116803
2021,3602,赣东学院,005,通信工程,3,531,120838
2021,3602,赣东学院,006,自动化,2,533,117909
2021,3602,赣东学院,007,计算机科学与技术,3,536,115074
2021,3602,赣东学院,008,软件工程,2,539,111097
2021,3602,赣东学院,009,网络工程,3,532,118662
2021,3602,赣东学院,010,土木工程,4,531,120241
2021,3602,赣东学院,011,测绘工程,6,525,127320
2021,3602,赣东学院,012,化学工程与工艺,2,552,96094
2021,3602,赣东学院,013,市场营销,4,553,94905
2021,3602,赣东学院,014,会计学,4,555,92139
2021,3602,赣东学院,015,财务管理,3,555,91876
2021,3603,赣南师范大学,001,历史学(师范),2,596,46259
2021,3603,赣南师范大学,002,汉语言文学(师范),2,603,39252
2021,3603,赣南师范大学,003,思想政治教育(师范),2,594,48501
2021,3603,赣南师范大学,004,社会工作,3,566,79992
2021,3603,赣南师范大学,005,旅游管理,2,565,80956
2021,3603,赣南师范大学,006,日语,3,570,75052
2021,3603,赣南师范大学,007,商务英语,3,569,76575
2021,3603,赣南师范大学,008,会计学,4,571,73976
2021,3603,赣南师范大学,009,金融学,2,571,74262
2021,3603,赣南师范大学,010,人力资源管理,3,562,84093
2021,3603,赣南师范大学,011,学前教育(师范),4,580,63176
2021,3603,赣南师范大学,012,法学,2,581,62891
2021,3603,赣南师范大学,013,人文地理与城乡规划,3,568,77850
2021,3603,赣南师范大学,014,地理信息科学,3,573,71440
2021,3603,赣南师范大学,015,新闻学,4,576,67694
2021,3603,赣南师范大学,016,数学与应用数学(师范),2,574,70537
2021,3603,赣南师范大学,017,计算机科学与技术,4,560,87046
2021,3603,赣南师范大学,018,数据科学与大数据技术,2,563,82520
2021,3603,赣南师范大学,019,电子信息工程,4,553,94551
2021,3603,赣南师范大学,020,电子科学与技术,4,553,94821
2021,3603,赣南师范大学,021,应用化学,4,560,86626
2021,3603,赣南师范大学,022,材料化学,2,557,89653
2021,3603,赣南师范大学,023,环境科学,4,555,92392
2021,3603,赣南师范大学,024,教育技术学(师范),3,578,66272
2021,3603,赣南师范大学,025,生物科学(师范),4,581,62459
2021,3603,赣南师范大学,026,园艺,4,554,93411
2021,3604,赣南医学院,001,临床医学,12,584,59452
2021,3604,赣南医学院,002,麻醉学,3,583,60119
2021,3604,赣南医学院,003,医学影像学,4,561,84890
2021,3604,赣南医学院,004,口腔医学,4,591,51087
2021,3604,赣南医学院,005,预防医学,3,568,77490
2021,3604,赣南医学院,006,法医学,3,568,77164
2021,3604,赣南医学院,007,应用心理学,2,569,75716
2021,3604,赣南医学院,008,法学,2,572,73190
2021,3604,赣南医学院,009,药学,2,567,78739
2021,3604,赣南医学院,010,医学影像技术,2,567,78401
2021,3604,赣南医学院,011,物联网工程,2,536,114443
2021,3604,赣南医学院,012,康复治疗学,2,547,102214
2021,3604,赣南医学院,013,精神医学,3,574,70186
2021,3604,赣南医学院,014,儿科学,3,582,61467
2021,3604,赣南医学院,015,生物信息学,2,559,87252
2021,3604,赣南医学院,016,假肢矫形工程,2,539,111604
2021,3604,赣南医学院,017,健康服务与管理,2,557,90126
2021,3604,赣南医学院,018,公共事业管理,2,555,92579
2021,3605,华东交通大学,001,土木工程,3,582,61078
2021,3605,华东交通大学,002,铁道工程,2,577,67389
2021,3605,华东交通大学,003,建筑环境与能源应用工程,2,572,72349
2021,3605,华东交通大学,004,给排水科学与工程,2,577,67498
2021,3605,华东交通大学,005,建筑学,2,598,44272
2021,3605,华东交通大学,006,工程管理(中外合作办学),2,562,83762
2021,3605,华东交通大学,007,电气工程及其自动化,3,589,53376
2021,3605,华东交通大学,008,自动化类,3,586,56783
2021,3605,华东交通大学,009,机械设计制造及其自动化,3,592,50853
2021,3605,华东交通大学,010,机械电子工程,2,590,52088
2021,3605,华东交通大学,011,车辆工程,2,578,65349
2021,3605,华东交通大学,012,车辆工程(中外合作办学),2,553,94724
2021,3605,华东交通大学,013,交通运输,2,594,48120
2021,3605,华东交通大学,014,通信工程,3,583,59709
2021,3605,华东交通大学,015,计算机类,2,584,59189
2021,3605,华东交通大学,016,金融学,2,592,50344
2021,3605,华东交通大学,017,会计学,2,603,39553
2021,3605,华东交通大学,018,人力资源管理,2,594,48366
2021,3605,华东交通大学,019,材料成型及控制工程,2,560,86408
2021,3605,华东交通大学,020,高分子材料与工程,3,555,92204
2021,3605,华东交通大学,021,翻译,2,589,53277
2021,3605,华东交通大学,501,道路与桥梁工程技术,5,506,148833
2021,3605,华东交通大学,502,铁道车辆技术,5,495,159504
2021,3605,华东交通大学,503,铁道工程技术,5,504,150146
2021,3605,华东交通大学,504,铁道机车运用与维护,5,495,
2021,3606,南昌交通学院(民办),001,金融学,2,527,124690
2021,3606,南昌交通学院(民办),002,国际经济与贸易,2,540,109853
2021,3606,南昌交通学院(民办),003,市场营销,2,530,121469
2021,3606,南昌交通学院(民办),004,人力资源管理,2,534,117122
2021,3606,南昌交通学院(民办),005,公共事业管理,2,533,118131
2021,3606,南昌交通学院(民办),006,电子商务,2,529,122697
2021,3606,南昌交通学院(民办),007,旅游管理与服务教育,2,521,132277
2021,3606,南昌交通学院(民办),008,会计学,2,551,97598
2021,3606,南昌交通学院(民办),009,电气工程及其自动化,2,525,126794
2021,3606,南昌交通学院(民办),010,交通工程,2,545,104047
2021,3606,南昌交通学院(民办),011,物流管理,2,538,112817
2021,3606,南昌交通学院(民办),012,软件工程,3,525,127345
2021,3606,南昌交通学院(民办),013,物联网工程,2,508,145806
2021,3606,南昌交通学院(民办),014,计算机科学与技术,2,512,141972
2021,3606,南昌交通学院(民办),015,建筑学,2,545,104083
2021,3606,南昌交通学院(民办),016,土木工程,2,515,138686
2021,3606,南昌交通学院(民办),017,道路桥梁与渡河工程,2,495,
2021,3606,南昌交通学院(民办),018,英语,2,548,101082
2021,3606,南昌交通学院(民办),019,法学,2,539,111671
2021,3606,南昌交通学院(民办),020,机械设计制造及其自动化,2,518,135187
2021,3606,南昌交通学院(民办),026,机械电子工程,2,506,148829
2021,3607,江西财经大学,001,金融学类,4,632,16014
2021,3607,江西财经大学,002,财政学类,4,626,20122
2021,3607,江西财经大学,003,会计学(国际会计),2,630,17074
2021,3607,江西财经大学,004,金融学(国际投资与金融),2,629,17681
2021,3607,江西财经大学,005,金融学(CFA),2,631,16882
2021,3607,江西财经大学,006,国际经济与贸易(CITF),2,626,19799
2021,3607,江西财经大学,007,工商管理类,3,627,19506
2021,3607,江西财经大学,008,物流管理,2,598,43880
2021,3607,江西财经大学,009,市场营销(国际营销),5,601,40670
2021,3607,江西财经大学,010,公共管理类,2,615,28653
2021,3607,江西财经大学,011,工商管理类,5,630,17337
2021,3607,江西财经大学,012,会计学(CIMA),2,632,15810
2021,3607,江西财经大学,013,会计学(ACCA),2,636,13937
2021,3607,江西财经大学,014,国际经济与贸易,4,622,22791
2021,3607,江西财经大学,015,国际商务,2,607,35373
2021,3607,江西财经大学,016,电子商务,3,616,27579
2021,3607,江西财经大学,017,经济学类,4,628,18958
2021,3607,江西财经大学,018,金融学(FRM),3,630,17431
2021,3607,江西财经大学,019,经济统计学,4,626,20072
2021,3607,江西财经大学,020,应用统计学,2,626,19940
2021,3607,江西财经大学,021,计算机科学与技术(财经大数据管理),3,610,32592
2021,3607,江西财经大学,022,数据科学与大数据技术,2,609,33201
2021,3607,江西财经大学,023,信息与计算科学(经济计量),2,605,36872
2021,3607,江西财经大学,024,信息管理与信息系统(金融智能),2,604,38424
2021,3607,江西财经大学,025,管理科学与工程类,3,600,41815
2021,3607,江西财经大学,026,土地资源管理,2,609,33670
2021,3607,江西财经大学,027,旅游管理,4,588,54781
2021,3607,江西财经大学,028,法学类,4,631,16492
2021,3607,江西财经大学,029,法学(国际经济法),2,625,20990
2021,3607,江西财经大学,030,物联网工程,2,609,33211
2021,3607,江西财经大学,031,商务英语,2,614,29621
2021,3607,江西财经大学,032,日语,2,606,36537
2021,3607,江西财经大学,033,社会工作,4,600,42211
2021,3607,江西财经大学,034,新闻学,4,608,34723
2021,3607,江西财经大学,039,汉语国际教育,2,616,27821
2021,3608,江西财经大学现代经济管理学院(独立学院),001,会计学,4,548,100346
2021,3608,江西财经大学现代经济管理学院(独立学院),002,会计学(注册会计师),8,547,101731
2021,3608,江西财经大学现代经济管理学院(独立学院),003,财务管理,5,543,106136
2021,3608,江西财经大学现代经济管理学院(独立学院),004,金融学,6,541,108804
2021,3608,江西财经大学现代经济管理学院(独立学院),005,国际经济与贸易,5,538,112135
2021,3608,江西财经大学现代经济管理学院(独立学院),006,保险学,3,533,118447
2021,3608,江西财经大学现代经济管理学院(独立学院),007,电子商务,6,535,115994
2021,3608,江西财经大学现代经济管理学院(独立学院),008,人力资源管理,4,536,114761
2021,3608,江西财经大学现代经济管理学院(独立学院),009,工程造价,4,501,153630
2021,3608,江西财经大学现代经济管理学院(独立学院),010,物流管理,4,532,118559
2021,3608,江西财经大学现代经济管理学院(独立学院),011,市场营销,6,534,116597
2021,3608,江西财经大学现代经济管理学院(独立学院),012,法学,4,547,102348
2021,3608,江西财经大学现代经济管理学院(独立学院),015,商务英语,4,542,108053
2021,3608,江西财经大学现代经济管理学院(独立学院),016,计算机科学与技术,4,505,149324
2021,3608,江西财经大学现代经济管理学院(独立学院),017,信息管理与信息系统,2,500,154522
2021,3608,江西财经大学现代经济管理学院(独立学院),018,大数据管理与应用,3,502,152582
2021,3608,江西财经大学现代经济管理学院(独立学院),019,旅游管理,2,518,135594
2021,3610,江西应用科技学院(民办),001,智能科学与技术,4,506,148755
2021,3610,江西应用科技学院(民办),003,电子商务,2,526,126294
2021,3610,江西应用科技学院(民办),004,国际商务,2,524,128447
2021,3610,江西应用科技学院(民办),005,商务英语,4,525,126830
2021,3610,江西应用科技学院(民办),006,国际经济与贸易,5,524,128788
2021,3610,江西应用科技学院(民办),007,财务管理,2,533,118049
2021,3610,江西应用科技学院(民办),008,金融工程,4,526,126139
2021,3610,江西应用科技学院(民办),009,会计学,4,529,122162
2021,3610,江西应用科技学院(民办),010,物流管理,2,524,127865
2021,3610,江西应用科技学院(民办),011,市场营销,2,524,128318
2021,3610,江西应用科技学院(民办),012,酒店管理,2,521,131342
2021,3610,江西应用科技学院(民办),013,旅游管理与服务教育,2,519,133791
2021,3610,江西应用科技学院(民办),014,健康服务与管理,3,526,125888
2021,3610,江西应用科技学院(民办),015,学前教育,35,529,122493
2021,3610,江西应用科技学院(民办),017,小学教育,20,542,107686
2021,3610,江西应用科技学院(民办),025,宝石及材料工艺学,2,496,159067
2021,3610,江西应用科技学院(民办),026,商务英语(跨境电商),3,518,135664
2021,3610,江西应用科技学院(民办),503,软件技术,20,495,
2021,3611,南昌职业大学(民办),505,机械制造及自动化,2,495,
2021,3611,南昌职业大学(民办),516,中文,18,495,
2021,3612,江西电力职业技术学院,502,电力系统自动化技术,6,495,
2021,3613,江西服装学院(民办),003,服装设计与工程,6,522,130940
2021,3613,江西服装学院(民办),005,纺织工程,3,519,133811
2021,3613,江西服装学院(民办),009,国际经济与贸易,2,524,128359
2021,3613,江西服装学院(民办),010,电子商务,2,524,127936
2021,3613,江西服装学院(民办),011,财务管理,2,527,125017
2021,3613,江西服装学院(民办),012,物流管理,7,520,133088
2021,3613,江西服装学院(民办),013,市场营销,2,523,129508
2021,3613,江西服装学院(民办),014,广告学,4,526,126374
2021,3613,江西服装学院(民办),015,网络与新媒体,2,529,122726
2021,3613,江西服装学院(民办),501,国际经济与贸易,26,495,
2021,3613,江西服装学院(民办),502,电子商务,4,495,
2021,3613,江西服装学院(民办),505,大数据与财务管理,10,495,
2021,3613,江西服装学院(民办),506,现代物流管理,10,495,
2021,3614,南昌工学院(民办),001,会计学,4,532,119503
2021,3614,南昌工学院(民办),002,家政学,6,522,130664
2021,3614,南昌工学院(民办),003,英语(教师教育),3,542,107357
2021,3614,南昌工学院(民办),004,社会工作,6,528,123232
2021,3614,南昌工学院(民办),005,思想政治教育(教师教育),3,548,100399
2021,3614,南昌工学院(民办),006,城乡规划,3,495,
2021,3614,南昌工学院(民办),009,计算机类,3,514,139557
2021,3614,南昌工学院(民办),010,电子信息类,6,502,152601
2021,3614,南昌工学院(民办),011,管理科学与工程类,4,495,
2021,3614,南昌工学院(民办),012,土木类,3,495,
2021,3614,南昌工学院(民办),013,工商管理类,28,525,127721
2021,3614,南昌工学院(民办),014,经济与贸易类,11,525,127534
2021,3614,南昌工学院(民办),015,教育学类,6,547,101727
2021,3614,南昌工学院(民办),016,中国语言文学类,6,540,109937
2021,3614,南昌工学院(民办),017,机械类,3,497,157576
2021,3614,南昌工学院(民办),504,法律事务,7,495,
2021,3614,南昌工学院(民办),507,计算机网络技术,12,495,
2021,3614,南昌工学院(民办),508,软件技术,12,495,
2021,3614,南昌工学院(民办),509,大数据技术,9,495,
2021,3619,江西科技师范大学,001,旅游管理(国际导游),3,563,83087
2021,3619,江西科技师范大学,002,管理科学,2,542,107674
2021,3619,江西科技师范大学,003,会计学(国际会计),3,573,71292
2021,3619,江西科技师范大学,004,财务管理,2,573,71864
2021,3619,江西科技师范大学,005,国际经济与贸易,2,570,75276
2021,3619,江西科技师范大学,008,计算机科学与技术,3,568,76802
2021,3619,江西科技师范大学,009,涂料工程,3,553,95397
2021,3619,江西科技师范大学,010,建筑学,2,563,82554
2021,3619,江西科技师范大学,011,生物工程,3,558,88556
2021,3619,江西科技师范大学,012,药学,2,568,76819
2021,3619,江西科技师范大学,013,材料化学,3,560,86824
2021,3619,江西科技师范大学,016,汉语言文学(师范),2,593,49518
2021,3619,江西科技师范大学,017,历史学(师范),2,592,50189
2021,3619,江西科技师范大学,018,英语(师范),2,589,53900
2021,3619,江西科技师范大学,019,酒店管理(国际酒店),3,558,88631
2021,3619,江西科技师范大学,020,法学(企业法律实务),2,582,61511
2021,3619,江西科技师范大学,021,社会工作(含职教师范),2,566,79644
2021,3619,江西科技师范大学,022,教育技术学(师范),2,585,57611
2021,3619,江西科技师范大学,023,学前教育(师范),2,582,61461
2021,3619,江西科技师范大学,024,思想政治教育(师范),2,591,51783
2021,3619,江西科技师范大学,030,数学与应用数学(师范),2,584,58624
2021,3619,江西科技师范大学,031,物理学(师范),2,574,70429
2021,3619,江西科技师范大学,032,化学(师范),2,582,61205
2021,3619,江西科技师范大学,033,应用化学(含职教师范),2,575,68916
2021,3619,江西科技师范大学,034,土木工程(含职教师范),2,552,96427
2021,3619,江西科技师范大学,035,建筑环境与能源应用工程(含职教师范),2,560,86614
2021,3619,江西科技师范大学,036,生物科学(师范),2,582,61094
2021,3619,江西科技师范大学,037,制药工程(含职教师范),2,563,82569
2021,3619,江西科技师范大学,038,机械电子工程(含职教师范),3,553,94462
2021,3619,江西科技师范大学,039,计算机科学与技术,3,565,80504
2021,3619,江西科技师范大学,040,虚拟现实技术,3,557,89688
2021,3620,南昌应用技术师范学院(民办),001,国际经济与贸易,5,519,134241
2021,3620,南昌应用技术师范学院(民办),004,汉语言文学,1,549,100107
2021,3620,南昌应用技术师范学院(民办),006,数学与应用数学,2,516,137006
2021,3620,南昌应用技术师范学院(民办),007,电子信息工程,1,520,132921
2021,3620,南昌应用技术师范学院(民办),008,计算机科学与技术,1,511,142548
2021,3620,南昌应用技术师范学院(民办),009,财务管理,3,526,126093
2021,3620,南昌应用技术师范学院(民办),010,旅游管理,2,512,142339
2021,3620,南昌应用技术师范学院(民办),012,法学,2,547,101670
2021,3620,南昌应用技术师范学院(民办),013,英语,2,537,113041
2021,3621,江西科技学院(民办),011,计算机科学与技术,2,511,142553
2021,3621,江西科技学院(民办),012,软件工程,2,506,148801
2021,3621,江西科技学院(民办),013,工程造价,2,504,150575
2021,3621,江西科技学院(民办),014,人力资源管理,6,528,123491
2021,3621,江西科技学院(民办),015,工商管理,6,524,128371
2021,3621,江西科技学院(民办),016,电子商务,6,532,119038
2021,3621,江西科技学院(民办),017,会计学,8,532,118937
2021,3621,江西科技学院(民办),018,财务管理,2,531,120773
2021,3621,江西科技学院(民办),019,金融工程,2,534,116977
2021,3621,江西科技学院(民办),020,国际经济与贸易,2,527,124638
2021,3621,江西科技学院(民办),021,商务英语,4,528,124182
2021,3621,江西科技学院(民办),022,护理学,8,540,110115
2021,3621,江西科技学院(民办),023,新闻学,3,536,114560
2021,3621,江西科技学院(民办),024,网络与新媒体,4,538,112326
2021,3621,江西科技学院(民办),025,汉语言文学,4,543,106765
2021,3621,江西科技学院(民办),026,学前教育,8,543,106772
2021,3621,江西科技学院(民办),027,小学教育,8,552,95701
2021,3621,江西科技学院(民办),028,市场营销,3,517,135932
2021,3621,江西科技学院(民办),509,大数据技术,5,495,
2021,3621,江西科技学院(民办),522,商务英语,8,495,
2021,3621,江西科技学院(民办),524,护理,65,495,
2021,3622,江西理工大学,001,矿业类,1,571,74460
2021,3622,江西理工大学,002,环境工程,2,569,76482
2021,3622,江西理工大学,003,地质工程,2,563,82831
2021,3622,江西理工大学,004,采矿工程(中外合作办学),2,549,99656
2021,3622,江西理工大学,005,土木类,2,562,84673
2021,3622,江西理工大学,006,测绘工程,2,550,98500
2021,3622,江西理工大学,007,地理信息科学,2,579,64729
2021,3622,江西理工大学,008,给排水科学与工程,1,556,90957
2021,3622,江西理工大学,009,冶金工程,2,565,80628
2021,3622,江西理工大学,010,化学工程与工艺,2,565,80993
2021,3622,江西理工大学,011,应用化学,2,568,77027
2021,3622,江西理工大学,012,新能源科学与工程,1,580,63867
2021,3622,江西理工大学,013,金属材料工程,2,542,107253
2021,3622,江西理工大学,014,材料科学与工程,2,552,96361
2021,3622,江西理工大学,015,机械工程,2,563,82786
2021,3622,江西理工大学,016,车辆工程,1,562,84434
2021,3622,江西理工大学,017,智能制造工程,2,573,71310
2021,3622,江西理工大学,018,电气工程及其自动化,2,567,78091
2021,3622,江西理工大学,019,自动化,2,565,81034
2021,3622,江西理工大学,020,电子科学与技术,2,567,78331
2021,3622,江西理工大学,021,电子科学与技术(中外合作办学),2,550,98535
2021,3622,江西理工大学,022,计算机类,3,577,67208
2021,3622,江西理工大学,023,电子信息类,3,569,76538
2021,3622,江西理工大学,024,会计学,2,584,58945
2021,3622,江西理工大学,025,工商管理,2,578,66426
2021,3622,江西理工大学,026,金融学,2,580,63549
2021,3622,江西理工大学,027,国际经济与贸易,2,573,71907
2021,3622,江西理工大学,028,法学,2,589,53720
2021,3622,江西理工大学,029,行政管理,2,574,70772
2021,3622,江西理工大学,030,英语,2,579,65066
2021,3622,江西理工大学,031,日语,2,574,70126
2021,3622,江西理工大学,032,汉语国际教育,2,577,67456
2021,3622,江西理工大学,033,信息与计算科学,2,563,82509
2021,3622,江西理工大学,034,电子信息科学与技术,2,566,79243
2021,3622,江西理工大学,036,建筑学,2,581,62261
2021,3622,江西理工大学,037,城乡规划,2,574,70930
2021,3622,江西理工大学,039,应急管理,2,544,105787
2021,3622,江西理工大学,040,虚拟现实技术,2,573,71107
2021,3622,江西理工大学,041,财务管理,2,580,63042
2021,3622,江西理工大学,042,人力资源管理,2,577,66534
2021,3622,江西理工大学,043,材料成型及控制工程,2,559,87551
2021,3622,江西理工大学,044,机器人工程,2,572,72837
2021,3622,江西理工大学,045,工程造价,2,562,84147
2021,3623,赣南科技学院,001,冶金工程,2,551,97445
2021,3623,赣南科技学院,002,电气工程及其自动化,2,537,113019
2021,3623,赣南科技学院,003,机械类,3,531,120680
2021,3623,赣南科技学院,004,自动化,2,535,115539
2021,3623,赣南科技学院,005,矿业类,2,553,94796
2021,3623,赣南科技学院,006,测绘工程,2,554,93937
2021,3623,赣南科技学院,007,土木工程,2,531,120854
2021,3623,赣南科技学院,008,工程造价,2,533,118372
2021,3623,赣南科技学院,009,金融学,2,554,93652
2021,3623,赣南科技学院,010,电子商务,2,555,92988
2021,3623,赣南科技学院,011,工商管理,2,554,93456
2021,3623,赣南科技学院,012,会计学,2,557,90177
2021,3623,赣南科技学院,013,国际经济与贸易,2,554,93449
2021,3623,赣南科技学院,014,法学,2,558,89331
2021,3623,赣南科技学院,016,电子信息工程,2,534,116536
2021,3623,赣南科技学院,017,计算机科学与技术,2,542,107955
2021,3623,赣南科技学院,018,通信工程,2,534,116253
2021,3625,江西农业大学,001,农学,2,569,75650
2021,3625,江西农业大学,002,园艺,3,565,80381
2021,3625,江西农业大学,003,植物保护,4,563,82863
2021,3625,江西农业大学,004,动植物检疫,4,561,85030
2021,3625,江西农业大学,005,茶学,3,562,84324
2021,3625,江西农业大学,006,林产化工,2,560,87205
2021,3625,江西农业大学,007,林学,2,568,77792
2021,3625,江西农业大学,008,风景园林,2,577,67434
2021,3625,江西农业大学,010,动物科学,4,562,83988
2021,3625,江西农业大学,011,动物药学,2,568,76880
2021,3625,江西农业大学,012,动物医学,5,573,71652
2021,3625,江西农业大学,013,水产养殖学,4,560,86975
2021,3625,江西农业大学,014,机械设计制造及其自动化,2,560,86153
2021,3625,江西农业大学,015,车辆工程,2,552,96224
2021,3625,江西农业大学,016,农业机械化及其自动化,2,558,89253
2021,3625,江西农业大学,017,土木工程,2,558,88537
2021,3625,江西农业大学,018,国际经济与贸易,1,577,67215
2021,3625,江西农业大学,019,会计学,2,579,64855
2021,3625,江西农业大学,020,金融学,2,578,65763
2021,3625,江西农业大学,021,经济学,2,577,66610
2021,3625,江西农业大学,022,农林经济管理,2,572,72959
2021,3625,江西农业大学,023,环境科学与工程,4,562,84666
2021,3625,江西农业大学,024,农业资源与环境,1,566,80100
2021,3625,江西农业大学,025,地理信息科学,3,561,84904
2021,3625,江西农业大学,026,土地资源管理,1,576,68679
2021,3625,江西农业大学,027,农业水利工程,2,554,93790
2021,3625,江西农业大学,028,电子商务,2,554,93604
2021,3625,江西农业大学,029,计算机科学与技术,2,573,71250
2021,3625,江西农业大学,030,数据科学与大数据技术,2,566,79664
2021,3625,江西农业大学,031,软件工程(英语),2,564,82235
2021,3625,江西农业大学,032,应用化学,4,560,86374
2021,3625,江西农业大学,033,材料化学,2,551,97434
2021,3625,江西农业大学,034,食品质量与安全,5,562,84162
2021,3625,江西农业大学,035,食品科学与工程,4,562,83964
2021,3625,江西农业大学,036,生物工程,3,564,82067
2021,3625,江西农业大学,037,制药工程,4,566,79370
2021,3625,江西农业大学,038,日语,3,574,70913
2021,3625,江西农业大学,039,英语,4,584,59496
2021,3626,江西农业大学南昌商学院(独立学院),001,数字经济,2,540,110227
2021,3626,江西农业大学南昌商学院(独立学院),002,国际经济与贸易,3,540,109699
2021,3626,江西农业大学南昌商学院(独立学院),003,日语,3,539,111602
2021,3626,江西农业大学南昌商学院(独立学院),004,商务英语,3,544,105955
2021,3626,江西农业大学南昌商学院(独立学院),005,新闻学,2,549,100055
2021,3626,江西农业大学南昌商学院(独立学院),006,广告学,3,547,102418
2021,3626,江西农业大学南昌商学院(独立学院),007,电子信息工程,2,507,146940
2021,3626,江西农业大学南昌商学院(独立学院),008,物联网工程,2,516,137084
2021,3626,江西农业大学南昌商学院(独立学院),009,风景园林,2,550,98810
2021,3626,江西农业大学南昌商学院(独立学院),010,园林,3,542,107811
2021,3626,江西农业大学南昌商学院(独立学院),011,工程管理,3,495,
2021,3626,江西农业大学南昌商学院(独立学院),012,工商管理,3,543,106544
2021,3626,江西农业大学南昌商学院(独立学院),013,财务管理,2,546,103496
2021,3626,江西农业大学南昌商学院(独立学院),014,人力资源管理,2,541,108789
2021,3626,江西农业大学南昌商学院(独立学院),015,审计学,2,543,106562
2021,3626,江西农业大学南昌商学院(独立学院),016,物流管理,3,531,120343
2021,3626,江西农业大学南昌商学院(独立学院),017,电子商务,2,538,112723
2021,3626,江西农业大学南昌商学院(独立学院),018,旅游管理,3,511,142571
2021,3627,江西师范大学,001,金融学,3,593,49066
2021,3627,江西师范大学,002,城乡规划(国土空间规划),1,598,43734
2021,3627,江西师范大学,003,地理科学类,7,614,29188
2021,3627,江西师范大学,004,化学类,7,597,45281
2021,3627,江西师范大学,005,计算机科学与技术(师范),3,595,47051
2021,3627,江西师范大学,006,数据科学与大数据技术,3,586,57232
2021,3627,江西师范大学,007,历史学类,8,618,25713
2021,3627,江西师范大学,009,思想政治教育(师范),5,623,22396
2021,3627,江西师范大学,017,工商管理(企业管理),1,596,46647
2021,3627,江西师范大学,018,工商管理(组织人事管理),1,589,53341
2021,3627,江西师范大学,019,工商管理(大数据营销),1,595,47221
2021,3627,江西师范大学,020,生物科学(师范),7,614,29369
2021,3627,江西师范大学,021,食品营养与健康,2,585,58402
2021,3627,江西师范大学,022,数学与应用数学(师范),8,608,34004
2021,3627,江西师范大学,023,日语,3,592,50317
2021,3627,江西师范大学,024,英语(师范),8,619,25318
2021,3627,江西师范大学,025,中国语言文学类,9,621,23931
2021,3627,江西师范大学,026,物理学(师范),7,600,41700
2021,3627,江西师范大学,027,心理学类,5,609,33956
2021,3627,江西师范大学,029,新闻传播学类,8,596,46120
2021,3627,江西师范大学,032,法学,5,602,40078
2021,3628,江西师范大学科学技术学院(独立学院),001,金融工程,2,541,108555
2021,3628,江西师范大学科学技术学院(独立学院),002,国际经济与贸易,3,541,109292
2021,3628,江西师范大学科学技术学院(独立学院),003,工商管理,2,547,102451
2021,3628,江西师范大学科学技术学院(独立学院),004,财务管理,3,544,104964
2021,3628,江西师范大学科学技术学院(独立学院),005,会计学,3,550,98838
2021,3628,江西师范大学科学技术学院(独立学院),006,电子商务,2,537,113265
2021,3628,江西师范大学科学技术学院(独立学院),007,小学教育,3,561,85194
2021,3628,江西师范大学科学技术学院(独立学院),009,翻译,2,521,131725
2021,3628,江西师范大学科学技术学院(独立学院),010,日语,2,543,106259
2021,3628,江西师范大学科学技术学院(独立学院),011,广告学,2,545,104010
2021,3628,江西师范大学科学技术学院(独立学院),012,物理学,2,530,121040
2021,3629,江西司法警官职业学院,501,司法信息技术,5,495,
2021,3629,江西司法警官职业学院,502,司法鉴定技术,5,495,
2021,3629,江西司法警官职业学院,504,行政管理,5,495,
2021,3629,江西司法警官职业学院,505,社区管理与服务,5,495,
2021,3629,江西司法警官职业学院,506,法律事务,10,495,
2021,3633,江西信息应用职业技术学院,502,大气探测技术,5,495,
2021,3637,江西中医药大学,001,中医学,4,610,32792
2021,3637,江西中医药大学,002,中西医临床医学,2,606,36620
2021,3637,江西中医药大学,003,中医骨伤科学,1,604,38587
2021,3637,江西中医药大学,004,针灸推拿学,4,585,58048
2021,3637,江西中医药大学,005,护理学,1,569,75714
2021,3637,江西中医药大学,007,英语,1,573,71975
2021,3637,江西中医药大学,009,应用心理学,2,584,59103
2021,3637,江西中医药大学,010,保险学,2,558,89323
2021,3637,江西中医药大学,011,公共事业管理,2,569,76025
2021,3637,江西中医药大学,012,市场营销,2,563,82842
2021,3637,江西中医药大学,013,生物医学工程,1,566,79908
2021,3637,江西中医药大学,014,医学影像技术,1,585,57620
2021,3637,江西中医药大学,015,中药学,4,582,61133
2021,3637,江西中医药大学,016,药学,2,577,66792
2021,3637,江西中医药大学,017,中药制药,1,572,72773
2021,3638,南昌医学院,001,中医学,10,572,72244
2021,3638,南昌医学院,002,针灸推拿学,10,565,80699
2021,3638,南昌医学院,003,中西医临床医学,9,572,73247
2021,3638,南昌医学院,004,医学检验技术,3,567,77995
2021,3638,南昌医学院,005,康复治疗学,3,562,84290
2021,3638,南昌医学院,006,医学影像技术,5,565,80364
2021,3638,南昌医学院,007,药学,10,559,87963
2021,3638,南昌医学院,008,中药学,3,563,82948
2021,3638,南昌医学院,009,护理学,8,559,87285
2021,3638,南昌医学院,010,市场营销,16,550,97915
2021,3638,南昌医学院,011,保险学,14,550,98913
2021,3639,江西中医药高等专科学校,501,中医学,18,499,156046
2021,3639,江西中医药高等专科学校,502,针灸推拿,10,495,
2021,3639,江西中医药高等专科学校,503,护理,12,498,156884
2021,3639,江西中医药高等专科学校,504,助产,4,495,
2021,3639,江西中医药高等专科学校,505,药学,6,498,156890
2021,3640,井冈山大学,007,护理学,20,558,89279
2021,3640,井冈山大学,008,预防医学,4,564,81560
2021,3640,井冈山大学,009,应用心理学,10,562,84095
2021,3640,井冈山大学,010,小学教育(师范),12,579,65228
2021,3640,井冈山大学,011,生物科学(师范),2,576,68436
2021,3640,井冈山大学,012,化学(师范),2,576,68392
2021,3640,井冈山大学,013,会计学,4,565,80689
2021,3640,井冈山大学,014,西班牙语,2,563,83611
2021,3640,井冈山大学,015,日语,2,563,82767
2021,3640,井冈山大学,016,德语,2,562,83853
2021,3640,井冈山大学,017,英语(师范),2,579,64136
2021,3640,井冈山大学,018,历史学(师范),4,579,64285
2021,3640,井冈山大学,019,新闻学,6,568,77300
2021,3640,井冈山大学,020,汉语国际教育,2,572,73089
2021,3640,井冈山大学,021,汉语言文学(师范),8,581,62992
2021,3640,井冈山大学,022,思想政治教育(师范),3,579,64867
2021,3641,景德镇学院,005,物流管理,2,556,91841
2021,3641,景德镇学院,006,财务管理,2,560,86526
2021,3641,景德镇学院,007,网络工程,3,536,114744
2021,3641,景德镇学院,008,小学教育(师范),3,578,66108
2021,3641,景德镇学院,009,汉语言文学(师范),3,578,66313
2021,3642,景德镇陶瓷大学,001,材料化学,2,526,125492
2021,3642,景德镇陶瓷大学,002,无机非金属材料工程,3,519,133816
2021,3642,景德镇陶瓷大学,003,粉体材料科学与工程,1,533,117801
2021,3642,景德镇陶瓷大学,004,环境工程,2,558,89108
2021,3642,景德镇陶瓷大学,017,机械设计制造及其自动化,3,539,110869
2021,3642,景德镇陶瓷大学,018,材料成型及控制工程,2,537,113388
2021,3642,景德镇陶瓷大学,019,电子科学与技术,2,550,98645
2021,3642,景德镇陶瓷大学,020,自动化,1,548,100463
2021,3642,景德镇陶瓷大学,021,工商管理类,6,562,84632
2021,3642,景德镇陶瓷大学,022,国际经济与贸易,1,567,78907
2021,3642,景德镇陶瓷大学,023,信息与计算科学,1,559,88316
2021,3642,景德镇陶瓷大学,024,日语,1,565,81265
2021,3642,景德镇陶瓷大学,025,知识产权,1,571,74414
2021,3642,景德镇陶瓷大学,026,考古学,1,585,58496
2021,3642,景德镇陶瓷大学,027,文物保护技术,1,572,73238
2021,3642,景德镇陶瓷大学,028,文化遗产,1,576,67874
2021,3642,景德镇陶瓷大学,029,智能制造工程,1,545,103804
2021,3643,景德镇艺术职业大学(民办),001,国际经济与贸易,2,525,127455
2021,3643,景德镇艺术职业大学(民办),002,英语,3,530,121839
2021,3643,景德镇艺术职业大学(民办),003,日语,3,529,122495
2021,3643,景德镇艺术职业大学(民办),004,公共事业管理,2,517,136129
2021,3643,景德镇艺术职业大学(民办),005,物流管理,2,521,132186
2021,3643,景德镇艺术职业大学(民办),006,电子商务,2,533,118245
2021,3643,景德镇艺术职业大学(民办),007,机械设计制造及其自动化,2,495,
2021,3643,景德镇艺术职业大学(民办),008,计算机科学与技术,2,511,143317
2021,3644,九江学院,001,国际经济与贸易,3,556,91585
2021,3644,九江学院,002,金融学,3,563,83212
2021,3644,九江学院,004,汉语国际教育,3,562,84593
2021,3644,九江学院,009,电子信息工程,3,538,111786
2021,3644,九江学院,010,物联网工程,3,536,114074
2021,3644,九江学院,011,临床医学,4,573,71584
2021,3644,九江学院,012,口腔医学,4,589,53796
2021,3644,九江学院,013,药学,3,555,91912
2021,3644,九江学院,014,护理学,4,559,87312
2021,3644,九江学院,015,工商管理,4,557,89899
2021,3644,九江学院,016,会计学,3,567,78617
2021,3644,九江学院,017,审计学,3,565,80837
2021,3646,南昌大学(一流学科建设高校),001,历史学,2,641,10985
2021,3646,南昌大学(一流学科建设高校),002,中国语言文学类,4,641,11145
2021,3646,南昌大学(一流学科建设高校),003,哲学,2,633,15668
2021,3646,南昌大学(一流学科建设高校),004,新闻传播学类,4,638,12870
2021,3646,南昌大学(一流学科建设高校),005,英语,5,637,12902
2021,3646,南昌大学(一流学科建设高校),006,日语,4,630,17031
2021,3646,南昌大学(一流学科建设高校),007,法语,2,634,15049
2021,3646,南昌大学(一流学科建设高校),008,西班牙语,2,633,15682
2021,3646,南昌大学(一流学科建设高校),009,俄语,2,630,17452
2021,3646,南昌大学(一流学科建设高校),022,法学类,2,643,10316
2021,3646,南昌大学(一流学科建设高校),023,应用心理学,2,636,13943
2021,3646,南昌大学(一流学科建设高校),024,经济学,4,637,13188
2021,3646,南昌大学(一流学科建设高校),025,金融学,4,638,12791
2021,3646,南昌大学(一流学科建设高校),026,工商管理,3,636,13821
2021,3646,南昌大学(一流学科建设高校),027,会计学,2,639,12071
2021,3646,南昌大学(一流学科建设高校),028,工业工程,3,618,25646
2021,3646,南昌大学(一流学科建设高校),030,管理科学与工程类,6,623,22170
2021,3646,南昌大学(一流学科建设高校),031,数学类,3,628,18383
2021,3646,南昌大学(一流学科建设高校),032,物理学类,4,622,22702
2021,3646,南昌大学(一流学科建设高校),033,化学类,5,623,22213
2021,3646,南昌大学(一流学科建设高校),034,生物科学类,5,625,20690
2021,3646,南昌大学(一流学科建设高校),035,水产养殖学,3,620,24611
2021,3646,南昌大学(一流学科建设高校),036,食品科学与工程类,4,620,24615
2021,3646,南昌大学(一流学科建设高校),037,生物工程,3,623,22171
2021,3646,南昌大学(一流学科建设高校),038,材料类,5,617,26709
2021,3646,南昌大学(一流学科建设高校),039,化工与制药类,2,623,21850
2021,3646,南昌大学(一流学科建设高校),040,环境科学与工程类,4,611,31995
2021,3646,南昌大学(一流学科建设高校),041,机械设计制造及其自动化,5,620,24305
2021,3646,南昌大学(一流学科建设高校),042,车辆工程,2,619,24978
2021,3646,南昌大学(一流学科建设高校),043,材料成型及控制工程,3,616,27167
2021,3646,南昌大学(一流学科建设高校),044,土木类,4,621,23580
2021,3646,南昌大学(一流学科建设高校),045,建筑类,3,628,18385
2021,3646,南昌大学(一流学科建设高校),046,水利水电工程,5,622,22643
2021,3646,南昌大学(一流学科建设高校),047,电子信息类,5,627,19116
2021,3646,南昌大学(一流学科建设高校),048,电气工程及其自动化,4,628,18709
2021,3646,南昌大学(一流学科建设高校),049,自动化,4,626,19875
2021,3646,南昌大学(一流学科建设高校),050,测控技术与仪器,4,618,25606
2021,3646,南昌大学(一流学科建设高校),051,计算机类(计算机与大数据),5,630,17116
2021,3646,南昌大学(一流学科建设高校),052,临床医学,10,637,12893
2021,3646,南昌大学(一流学科建设高校),053,临床医学类(中外合作办学)(中英双学位),10,618,25783
2021,3646,南昌大学(一流学科建设高校),054,医学影像学,4,629,17710
2021,3646,南昌大学(一流学科建设高校),055,预防医学,2,633,15566
2021,3646,南昌大学(一流学科建设高校),056,药学,5,621,23968
2021,3647,南昌大学科学技术学院(独立学院),001,汉语言文学,2,556,91679
2021,3647,南昌大学科学技术学院(独立学院),002,德语,10,513,140976
2021,3647,南昌大学科学技术学院(独立学院),003,会计学,2,550,98280
2021,3647,南昌大学科学技术学院(独立学院),004,旅游管理,12,503,152061
2021,3647,南昌大学科学技术学院(独立学院),005,财务管理,2,548,100651
2021,3647,南昌大学科学技术学院(独立学院),006,金融学,2,544,105256
2021,3647,南昌大学科学技术学院(独立学院),007,生物工程,2,544,105538
2021,3647,南昌大学科学技术学院(独立学院),008,土木工程,2,505,149320
2021,3647,南昌大学科学技术学院(独立学院),009,电气工程及其自动化,2,506,148178
2021,3647,南昌大学科学技术学院(独立学院),010,电子信息工程,2,507,147687
2021,3647,南昌大学科学技术学院(独立学院),011,计算机科学与技术,2,519,133692
2021,3648,南昌工程学院,001,水利水电工程,6,562,83696
2021,3648,南昌工程学院,002,水文与水资源工程,2,557,90283
2021,3648,南昌工程学院,003,水土保持与荒漠化防治,2,556,90737
2021,3648,南昌工程学院,004,园林,2,560,86780
2021,3648,南昌工程学院,005,港口航道与海岸工程,2,557,90552
2021,3648,南昌工程学院,006,土木工程,4,540,110436
2021,3648,南昌工程学院,007,给排水科学与工程,2,550,98226
2021,3648,南昌工程学院,008,建筑学,2,568,77303
2021,3648,南昌工程学院,009,电气工程及其自动化,4,548,100368
2021,3648,南昌工程学院,010,能源与动力工程,2,562,84094
2021,3648,南昌工程学院,011,车辆工程,2,542,107940
2021,3648,南昌工程学院,012,自动化,2,551,97164
2021,3648,南昌工程学院,013,通信工程,2,556,91455
2021,3648,南昌工程学院,014,电子信息工程,2,555,92090
2021,3648,南昌工程学院,015,计算机类,2,561,85958
2021,3648,南昌工程学院,016,应用统计学,2,565,81269
2021,3648,南昌工程学院,017,土木工程(中外合作办学)(中荷合作),2,532,119442
2021,3648,南昌工程学院,018,电气工程及其自动化(中外合作办学)(中韩合作),2,538,112456
2021,3648,南昌工程学院,019,市场营销,2,558,88499
2021,3648,南昌工程学院,020,物流管理,2,564,82412
2021,3648,南昌工程学院,021,电子商务,2,560,86727
2021,3648,南昌工程学院,022,人力资源管理,2,561,85683
2021,3648,南昌工程学院,023,国际经济与贸易,2,561,85012
2021,3648,南昌工程学院,024,审计学,2,569,76346
2021,3648,南昌工程学院,025,投资学,2,560,86632
2021,3648,南昌工程学院,026,英语,2,567,78704
2021,3648,南昌工程学院,027,翻译,2,560,86643
2021,3648,南昌工程学院,028,法语,2,561,85858
2021,3649,南昌航空大学,001,金属材料工程,3,562,84771
2021,3649,南昌航空大学,002,高分子材料与工程,2,561,84883
2021,3649,南昌航空大学,003,复合材料与工程,2,552,95576
2021,3649,南昌航空大学,004,应用化学,1,574,71051
2021,3649,南昌航空大学,005,材料化学,1,573,71262
2021,3649,南昌航空大学,006,环境工程,2,567,78350
2021,3649,南昌航空大学,007,给排水科学与工程,2,570,75044
2021,3649,南昌航空大学,008,机械设计制造及其自动化,2,574,70589
2021,3649,南昌航空大学,009,材料成型及控制工程,2,555,92161
2021,3649,南昌航空大学,010,焊接技术与工程,1,566,79934
2021,3649,南昌航空大学,011,电子封装技术,1,567,78122
2021,3649,南昌航空大学,012,通信工程,2,576,67716
2021,3649,南昌航空大学,013,网络工程,2,577,66700
2021,3649,南昌航空大学,014,电气工程及其自动化,1,587,55815
2021,3649,南昌航空大学,015,计算机科学与技术,3,581,61912
2021,3649,南昌航空大学,016,飞行器设计与工程,2,581,62346
2021,3649,南昌航空大学,017,飞行器制造工程(航空维修工程与技术),2,574,70111
2021,3649,南昌航空大学,018,测控技术与仪器,2,571,73593
2021,3649,南昌航空大学,019,光电信息科学与工程,2,573,71920
2021,3649,南昌航空大学,020,电子科学与技术,2,579,64794
2021,3649,南昌航空大学,021,生物医学工程(医疗电子与软件),2,563,83322
2021,3649,南昌航空大学,022,经济学(金融与投资),2,581,62214
2021,3649,南昌航空大学,023,工商管理(人力资源),2,577,66527
2021,3649,南昌航空大学,024,电子商务(商务运营),3,575,69155
2021,3649,南昌航空大学,025,工业工程,1,563,82957
2021,3649,南昌航空大学,026,会计学,2,583,59874
2021,3649,南昌航空大学,028,土木工程,2,567,78861
2021,3649,南昌航空大学,029,工程管理,2,562,84513
2021,3649,南昌航空大学,035,物联网工程,2,576,68673
2021,3649,南昌航空大学,036,数学与应用数学,1,577,66509
2021,3649,南昌航空大学,037,法语,1,592,50905
2021,3649,南昌航空大学,038,德语,1,585,58277
2021,3649,南昌航空大学,039,英语(外贸英语),1,589,53926
2021,3649,南昌航空大学,040,新闻学,2,582,61468
2021,3649,南昌航空大学,041,公共事业管理,1,576,68269
2021,3650,南昌航空大学科技学院(独立学院),001,机械设计制造及其自动化(智能制造),2,511,142987
2021,3650,南昌航空大学科技学院(独立学院),002,材料成型及控制工程,1,515,138087
2021,3650,南昌航空大学科技学院(独立学院),003,金属材料工程,1,533,117628
2021,3650,南昌航空大学科技学院(独立学院),004,测控技术与仪器,1,526,126162
2021,3650,南昌航空大学科技学院(独立学院),005,计算机科学与技术,2,524,127868
2021,3650,南昌航空大学科技学院(独立学院),006,软件工程,2,516,137500
2021,3650,南昌航空大学科技学院(独立学院),007,电子商务,2,532,118765
2021,3650,南昌航空大学科技学院(独立学院),008,工商管理,3,529,122801
2021,3650,南昌航空大学科技学院(独立学院),009,市场营销,4,527,125067
2021,3650,南昌航空大学科技学院(独立学院),010,英语,3,538,112780
2021,3650,南昌航空大学科技学院(独立学院),015,网络空间安全,3,511,142470
2021,3651,南昌理工学院(民办),001,金融科技,5,530,121389
2021,3651,南昌理工学院(民办),002,国际经济与贸易,6,527,124715
2021,3651,南昌理工学院(民办),003,法学,5,540,110464
2021,3651,南昌理工学院(民办),004,学前教育,12,538,112285
2021,3651,南昌理工学院(民办),005,汉语言文学,4,537,112972
2021,3651,南昌理工学院(民办),006,英语,7,532,119671
2021,3651,南昌理工学院(民办),007,日语,5,531,119819
2021,3651,南昌理工学院(民办),008,翻译,5,530,121245
2021,3651,南昌理工学院(民办),009,护理学,10,541,108662
2021,3651,南昌理工学院(民办),010,工商管理,6,530,121896
2021,3651,南昌理工学院(民办),011,会计学,6,537,112964
2021,3651,南昌理工学院(民办),012,财务管理,4,535,115178
2021,3651,南昌理工学院(民办),013,人力资源管理,5,531,120329
2021,3651,南昌理工学院(民办),014,电子商务,5,531,120570
2021,3651,南昌理工学院(民办),503,工程造价,8,495,
2021,3651,南昌理工学院(民办),508,电子信息工程技术,3,498,157413
2021,3651,南昌理工学院(民办),509,计算机网络技术,3,501,153427
2021,3651,南昌理工学院(民办),510,动漫制作技术,5,495,
2021,3651,南昌理工学院(民办),511,护理,20,495,
2021,3651,南昌理工学院(民办),513,心理咨询,4,512,141653
2021,3651,南昌理工学院(民办),514,金融服务与管理,3,495,
2021,3651,南昌理工学院(民办),517,国际经济与贸易,8,495,
2021,3651,南昌理工学院(民办),519,市场营销,8,495,
2021,3651,南昌理工学院(民办),520,电子商务,4,495,
2021,3651,南昌理工学院(民办),521,现代物流管理,3,495,
2021,3651,南昌理工学院(民办),522,学前教育,30,495,
2021,3651,南昌理工学院(民办),523,商务英语,5,495,
2021,3651,南昌理工学院(民办),524,法律事务,6,496,159171
2021,3652,豫章师范学院,001,特殊教育(师范),2,569,76029
2021,3652,豫章师范学院,003,英语,2,566,79170
2021,3652,豫章师范学院,004,商务英语,2,555,92141
2021,3652,豫章师范学院,005,环境工程,2,547,102341
2021,3652,豫章师范学院,006,物流管理(大数据),2,556,91158
2021,3652,豫章师范学院,009,人力资源管理,2,556,91075
2021,3652,豫章师范学院,010,生态学,2,549,99541
2021,3652,豫章师范学院,011,旅游管理与服务教育(师范),2,560,86869
2021,3652,豫章师范学院,501,旅游管理,3,506,148863
2021,3652,豫章师范学院,502,导游,7,503,151206
2021,3652,豫章师范学院,503,商务英语,3,511,143140
2021,3652,豫章师范学院,504,应用英语,6,514,139977
2021,3653,萍乡学院,001,汉语言文学(师范),1,577,66782
2021,3653,萍乡学院,002,小学教育(师范),4,576,68620
2021,3653,萍乡学院,003,学前教育(师范),5,565,80635
2021,3653,萍乡学院,004,英语(师范),1,576,68566
2021,3653,萍乡学院,005,电子商务,2,554,93328
2021,3653,萍乡学院,006,历史学(师范),2,574,70525
2021,3653,萍乡学院,007,数学与应用数学(师范),2,557,89946
2021,3653,萍乡学院,008,无机非金属材料工程,2,549,98975
2021,3653,萍乡学院,009,应用化学,2,552,96422
2021,3653,萍乡学院,010,复合材料与工程,2,521,131251
2021,3653,萍乡学院,015,数据科学与大数据技术,2,536,114371
2021,3653,萍乡学院,501,学前教育(师范),10,514,139347
2021,3654,上饶师范学院,003,物理学(师范),7,556,91364
2021,3654,上饶师范学院,004,英语(师范),6,578,66443
2021,3654,上饶师范学院,005,化学(师范),6,571,73624
2021,3654,上饶师范学院,006,生物科学(师范),6,572,72759
2021,3654,上饶师范学院,007,历史学(师范),6,576,67735
2021,3654,上饶师范学院,008,地理科学(师范),6,575,68832
2021,3654,上饶师范学院,009,数学与应用数学(师范),7,561,84938
2021,3654,上饶师范学院,010,数据科学与大数据技术,6,537,113601
2021,3654,上饶师范学院,012,汉语言文学(师范),6,580,63852
2021,3654,上饶师范学院,014,思想政治教育(师范),6,576,67641
2021,3656,新余学院,001,材料成型及控制工程,1,535,115494
2021,3656,新余学院,002,电子信息工程,1,542,107462
2021,3656,新余学院,003,通信工程,1,544,105939
2021,3656,新余学院,004,数学与应用数学(师范),1,562,83658
2021,3656,新余学院,005,软件工程,1,555,91880
2021,3656,新余学院,006,新能源材料与器件,1,550,97894
2021,3656,新余学院,007,新能源科学与工程,1,555,91993
2021,3656,新余学院,008,材料科学与工程,1,550,98208
2021,3656,新余学院,009,土木工程,1,547,101875
2021,3656,新余学院,010,工程造价,1,552,95515
2021,3656,新余学院,011,护理学,1,564,82434
2021,3656,新余学院,012,康复治疗学,1,559,87665
2021,3656,新余学院,013,经济统计学,1,562,83794
2021,3656,新余学院,014,财务管理,1,561,85190
2021,3656,新余学院,015,商务英语,1,562,84529
2021,3656,新余学院,016,网络与新媒体,1,564,81836
2021,3656,新余学院,018,学前教育(师范),1,571,74104
2021,3657,宜春学院,001,广播电视学,1,557,90618
2021,3657,宜春学院,004,法学,1,575,69775
2021,3657,宜春学院,005,公共事业管理,1,559,87405
2021,3657,宜春学院,006,国际经济与贸易,1,559,88147
2021,3657,宜春学院,007,市场营销,4,553,94885
2021,3657,宜春学院,008,财务管理,2,561,85749
2021,3657,宜春学院,009,旅游管理,1,554,93865
2021,3657,宜春学院,010,英语(师范),3,576,67921
2021,3657,宜春学院,011,法语,2,555,92960
2021,3657,宜春学院,012,翻译,1,557,89812
2021,3657,宜春学院,013,商务英语,2,557,90196
2021,3657,宜春学院,014,学前教育(师范),3,567,78526
2021,3657,宜春学院,022,数学与应用数学(师范),3,557,89724
2021,3657,宜春学院,023,数据科学与大数据技术,1,540,110253
2021,3657,宜春学院,024,计算机科学与技术,1,550,98360
2021,3657,宜春学院,025,网络工程,1,539,111073
2021,3657,宜春学院,026,材料物理,2,535,115220
2021,3657,宜春学院,027,化学(师范),2,569,75726
2021,3657,宜春学院,028,应用化学,1,562,84390
2021,3657,宜春学院,029,制药工程,1,557,89610
2021,3657,宜春学院,030,食品质量与安全,1,558,88808
2021,3657,宜春学院,031,生物工程,1,556,91580
2021,3657,宜春学院,032,药学,2,562,83674
2021,3657,宜春学院,033,人文地理与城乡规划,2,558,89294
2021,3657,宜春学院,034,环境科学,2,552,96000
2021,3657,宜春学院,035,园艺,2,553,94749
2021,3657,宜春学院,036,动物科学,2,556,91052
2021,3657,宜春学院,037,动物医学,2,563,83325
2021,3657,宜春学院,038,园林,2,558,88636
2021,3657,宜春学院,039,临床医学,12,566,79099
2021,3657,宜春学院,040,麻醉学,4,573,71366
2021,3657,宜春学院,041,预防医学,4,566,80171
2021,3657,宜春学院,042,护理学,4,558,88660
2021,3657,宜春学院,043,临床医学,3,572,72779
2021,3657,宜春学院,045,思想政治教育(师范),2,575,68908
2021,3659,江西青年职业学院,510,学前教育(师范),12,495,
2021,3666,九江职业大学,501,小学语文教育(师范),2,518,135352
2021,3666,九江职业大学,504,护理,4,503,151797
2021,3666,九江职业大学,505,大数据与会计,4,495,
2021,3666,九江职业大学,506,学前教育(师范),4,502,152413
2021,3669,江西医学高等专科学校,501,临床医学,5,512,142394
2021,3669,江西医学高等专科学校,502,临床医学(全科医学),4,509,145700
2021,3669,江西医学高等专科学校,503,口腔医学,3,525,127449
2021,3669,江西医学高等专科学校,504,卫生信息管理,2,498,156758
2021,3669,江西医学高等专科学校,505,眼视光技术,2,512,142056
2021,3669,江西医学高等专科学校,506,康复治疗技术,3,508,146585
2021,3669,江西医学高等专科学校,507,预防医学,3,503,152017
2021,3669,江西医学高等专科学校,508,药学,4,498,156451
2021,3669,江西医学高等专科学校,509,中药学,3,507,147576
2021,3669,江西医学高等专科学校,510,护理,6,501,153516
2021,3669,江西医学高等专科学校,511,助产,4,495,
2021,3669,江西医学高等专科学校,512,护理(美容),2,501,153467
2021,3669,江西医学高等专科学校,514,放射治疗技术,2,495,
2021,3669,江西医学高等专科学校,515,临床医学(医学影像),7,502,152703
2021,3669,江西医学高等专科学校,516,临床医学(医学美容),3,498,156981
2021,3669,江西医学高等专科学校,517,医学检验技术,4,499,155837
2021,3669,江西医学高等专科学校,518,临床医学(病理学),3,499,155592
2021,3669,江西医学高等专科学校,519,医学生物技术,3,496,158500
2021,3669,江西医学高等专科学校,520,中医学,2,505,149950
2021,3669,江西医学高等专科学校,521,中医康复技术,2,495,
2021,3679,江西水利职业学院,511,水利水电建筑工程,13,495,
2021,3681,江西航空职业技术学院(民办),506,飞行器数字化制造技术,2,495,
2021,3681,江西航空职业技术学院(民办),511,飞机电子设备维修,2,495,
2021,3682,赣州师范高等专科学校,501,小学语文教育(师范),4,526,126031
2021,3682,赣州师范高等专科学校,502,小学数学教育(师范),4,522,130288
2021,3682,赣州师范高等专科学校,503,小学英语教育(师范),2,525,127329
2021,3682,赣州师范高等专科学校,504,学前教育(师范),4,510,143628
2021,3682,赣州师范高等专科学校,505,小学教育(师范),2,536,114114
2021,3682,赣州师范高等专科学校,507,小学科学教育(师范),2,519,134576
2021,3683,宜春幼儿师范高等专科学校,501,学前教育(师范),20,495,
2021,3683,宜春幼儿师范高等专科学校,502,小学教育(师范),10,510,144513
2021,3683,宜春幼儿师范高等专科学校,503,小学语文教育(师范),10,506,148228
2021,3683,宜春幼儿师范高等专科学校,504,小学英语教育(师范),5,509,144654
2021,3683,宜春幼儿师范高等专科学校,505,美术教育(师范),20,495,
2021,3683,宜春幼儿师范高等专科学校,506,小学道德与法治教育(师范),5,505,149310
2021,3685,江西师范高等专科学校,501,小学教育(师范),10,516,137734
2021,3685,江西师范高等专科学校,502,小学英语教育(师范),5,512,141673
2021,3685,江西师范高等专科学校,503,学前教育(师范),5,511,143033
2021,3687,萍乡卫生职业学院,501,临床医学,5,499,155961
2021,3687,萍乡卫生职业学院,505,中药学,3,495,
2021,3687,萍乡卫生职业学院,507,医学检验技术,5,495,
2021,3687,萍乡卫生职业学院,508,医学影像技术,5,504,150471
2021,3690,南昌师范学院,001,旅游管理,1,566,79473
2021,3690,南昌师范学院,002,会展经济与管理,1,573,71135
2021,3690,南昌师范学院,003,秘书学,1,566,80187
2021,3701,滨州学院,001,财务管理,3,553,94628
2021,3701,滨州学院,002,应用化学,3,548,100325
2021,3701,滨州学院,003,化学工程与工艺,3,548,100521
2021,3701,滨州学院,004,油气储运工程(航空油料储运),5,546,102812
2021,3701,滨州学院,005,土木工程,5,533,118300
2021,3701,滨州学院,006,机械设计制造及其自动化,4,535,115697
2021,3701,滨州学院,007,食品质量与安全,3,556,91660
2021,3701,滨州学院,008,光电信息科学与工程,4,532,119231
2021,3702,滨州医学院,001,特殊教育,2,560,86791
2021,3702,滨州医学院,002,临床医学,4,587,55533
2021,3702,滨州医学院,003,口腔医学,2,619,25489
2021,3702,滨州医学院,004,眼视光学,2,575,68933
2021,3702,滨州医学院,005,康复治疗学,3,557,90296
2021,3702,滨州医学院,006,中医学,2,584,59277
2021,3703,德州学院,001,中国语言文学类(师范),5,565,81060
2021,3703,德州学院,002,法学,5,559,87862
2021,3703,德州学院,003,电子信息工程,5,535,115469
2021,3703,德州学院,004,制药工程,5,549,99675
2021,3704,东营职业学院,503,大数据与会计,1,499,156175
2021,3705,济南大学,001,中国语言文学类(师范),6,607,35732
2021,3705,济南大学,002,新闻传播学类,6,595,46984
2021,3705,济南大学,003,金融数学,4,586,56557
2021,3705,济南大学,004,数据科学与大数据技术,4,594,47912
2021,3705,济南大学,005,经济学类,6,591,51111
2021,3705,济南大学,006,工商管理类,6,589,53834
2021,3705,济南大学,007,英语,3,606,36699
2021,3705,济南大学,008,法学,6,595,47143
2021,3705,济南大学,009,社会工作,2,588,55143
2021,3705,济南大学,010,材料类,3,576,67679
2021,3705,济南大学,011,化学类,3,584,58992
2021,3705,济南大学,012,化工与制药类,3,586,56796
2021,3705,济南大学,013,机械类,3,580,63307
2021,3705,济南大学,014,土木类,2,582,60867
2021,3705,济南大学,015,建筑类,2,589,53300
2021,3705,济南大学,016,计算机类,3,597,44870
2021,3705,济南大学,017,电子信息类,3,592,50335
2021,3705,济南大学,018,地理科学,4,598,44615
2021,3705,济南大学,019,历史学(师范),3,606,36267
2021,3705,济南大学,020,应用心理学(师范),3,595,47292
2021,3705,济南大学,021,公共事业管理,3,589,53461
2021,3705,济南大学,022,特殊教育(师范),3,587,56226
2021,3705,济南大学,025,应急管理,3,563,82694
2021,3706,烟台科技学院(民办),001,软件工程,2,507,147332
2021,3706,烟台科技学院(民办),002,电气工程及其自动化,2,500,154663
2021,3706,烟台科技学院(民办),003,经济学,2,532,119072
2021,3706,烟台科技学院(民办),004,财务管理,2,533,118442
2021,3706,烟台科技学院(民办),005,市场营销,3,525,127693
2021,3706,烟台科技学院(民办),006,新闻学,3,533,118007
2021,3706,烟台科技学院(民办),007,英语,8,528,124271
2021,3706,烟台科技学院(民办),008,汉语言文学,8,542,107543
2021,3709,济宁医学院,001,临床医学,10,581,62172
2021,3709,济宁医学院,002,医学影像学,1,579,64561
2021,3709,济宁医学院,003,精神医学,2,574,69945
2021,3709,济宁医学院,004,口腔医学,3,597,45486
2021,3709,济宁医学院,005,预防医学,3,575,69346
2021,3709,济宁医学院,006,中西医临床医学,3,583,60628
2021,3709,济宁医学院,007,食品质量与安全,2,556,90699
2021,3709,济宁医学院,008,医学检验技术,3,568,77412
2021,3709,济宁医学院,009,康复治疗学,3,560,87141
2021,3709,济宁医学院,010,护理学,4,561,85685
2021,3709,济宁医学院,011,药学,2,567,77976
2021,3709,济宁医学院,012,药物制剂,2,562,84092
2021,3709,济宁医学院,013,中药学,2,564,82271
2021,3710,聊城大学,002,经济学,3,567,78589
2021,3710,聊城大学,003,法学,3,580,63227
2021,3710,聊城大学,004,思想政治教育(师范),3,586,57375
2021,3710,聊城大学,006,数学与应用数学(师范),3,569,76021
2021,3710,聊城大学,007,生物科学(师范),3,580,63527
2021,3710,聊城大学,008,计算机科学与技术,2,570,74725
2021,3710,聊城大学,009,生物工程,2,560,87145
2021,3710,聊城大学,010,行政管理,3,565,80559
2021,3711,临沂大学,001,生物科学(师范),6,578,66280
2021,3711,临沂大学,002,法学,5,577,67459
2021,3711,临沂大学,003,环境工程,7,556,90748
2021,3711,临沂大学,005,医学检验技术,7,566,80091
2021,3711,临沂大学,009,商务英语,5,570,75585
2021,3711,临沂大学,010,土木工程,6,547,102019
2021,3711,临沂大学,011,建筑学,5,571,74108
2021,3711,临沂大学,012,汉语言文学(师范),5,585,58193
2021,3711,临沂大学,013,数据科学与大数据技术,6,554,93268
2021,3711,临沂大学,014,新能源材料与器件,5,546,103528
2021,3712,鲁东大学,001,汉语国际教育,3,576,68329
2021,3712,鲁东大学,002,思想政治教育(师范),3,590,51978
2021,3712,鲁东大学,003,日语,3,568,77029
2021,3712,鲁东大学,004,应用心理学,3,575,69254
2021,3712,鲁东大学,005,经济学,3,575,69804
2021,3712,鲁东大学,006,国际经济与贸易,3,568,77879
2021,3712,鲁东大学,007,地理科学(师范),3,588,54866
2021,3712,鲁东大学,008,水产养殖学,3,556,91423
2021,3713,青岛滨海学院(民办),001,经济学,4,524,128190
2021,3713,青岛滨海学院(民办),002,经济统计学,3,521,131550
2021,3713,青岛滨海学院(民办),003,国际经济与贸易,4,524,128597
2021,3713,青岛滨海学院(民办),004,学前教育,3,527,124495
2021,3713,青岛滨海学院(民办),005,汉语国际教育,4,519,133934
2021,3713,青岛滨海学院(民办),006,英语,4,521,131879
2021,3713,青岛滨海学院(民办),007,日语,4,526,126239
2021,3713,青岛滨海学院(民办),008,朝鲜语,3,518,135589
2021,3713,青岛滨海学院(民办),009,翻译,4,521,132204
2021,3713,青岛滨海学院(民办),010,广播电视学,3,520,133027
2021,3713,青岛滨海学院(民办),011,广告学,3,528,123732
2021,3713,青岛滨海学院(民办),012,护理学,3,538,112706
2021,3713,青岛滨海学院(民办),013,市场营销,3,522,130384
2021,3713,青岛滨海学院(民办),014,财务管理,4,524,128876
2021,3713,青岛滨海学院(民办),015,物流管理,3,518,135497
2021,3713,青岛滨海学院(民办),016,机械设计制造及其自动化,3,495,
2021,3713,青岛滨海学院(民办),017,工业设计,3,495,
2021,3713,青岛滨海学院(民办),018,智能制造工程,3,495,
2021,3713,青岛滨海学院(民办),019,计算机科学与技术,3,495,
2021,3713,青岛滨海学院(民办),020,土木工程,3,498,156450
2021,3713,青岛滨海学院(民办),501,国际经济与贸易,2,495,
2021,3713,青岛滨海学院(民办),502,市场营销,2,495,
2021,3713,青岛滨海学院(民办),505,早期教育,3,495,
2021,3713,青岛滨海学院(民办),506,应用英语,2,495,
2021,3713,青岛滨海学院(民办),509,计算机类,3,495,
2021,3714,青岛大学,001,环境科学与工程,6,579,64871
2021,3714,青岛大学,002,金融学,4,585,57532
2021,3714,青岛大学,003,法学,6,608,34074
2021,3714,青岛大学,004,汉语言文学,4,607,35370
2021,3714,青岛大学,005,西班牙语(中外合作办学),3,578,66162
2021,3714,青岛大学,006,电气工程及其自动化,5,589,53329
2021,3714,青岛大学,007,数学类,6,584,58822
2021,3714,青岛大学,008,应用化学,5,581,62114
2021,3714,青岛大学,009,化学工程与工艺,5,581,62841
2021,3714,青岛大学,010,纺织类,7,570,75224
2021,3714,青岛大学,011,临床医学,3,625,20547
2021,3714,青岛大学,012,药学,4,587,56108
2021,3714,青岛大学,013,工商管理,5,592,49979
2021,3714,青岛大学,014,材料类,10,566,80055
2021,3714,青岛大学,015,自动化,6,587,55258
2021,3714,青岛大学,016,微电子科学与工程,4,586,56564
2021,3714,青岛大学,017,应用物理学,5,583,60685
2021,3714,青岛大学,018,光电信息科学与工程,3,583,59815
2021,3714,青岛大学,019,生物技术,3,583,59737
2021,3714,青岛大学,020,食品科学与工程,5,585,57988
2021,3714,青岛大学,021,信息管理与信息系统,3,584,59164
2021,3714,青岛大学,022,物流管理,3,578,66409
2021,3714,青岛大学,023,测控技术与仪器,2,582,60798
2021,3714,青岛大学,024,机械工程,8,580,63210
2021,3717,青岛恒星科技学院(民办),001,学前教育,3,526,126064
2021,3717,青岛恒星科技学院(民办),002,汉语言文学,3,521,132069
2021,3717,青岛恒星科技学院(民办),003,英语,3,519,134704
2021,3717,青岛恒星科技学院(民办),005,电气工程及其自动化,3,495,
2021,3717,青岛恒星科技学院(民办),006,计算机类,4,495,
2021,3717,青岛恒星科技学院(民办),008,工商管理类,4,515,138323
2021,3717,青岛恒星科技学院(民办),009,旅游管理类,3,514,139123
2021,3719,青岛科技大学,001,海洋科学,2,577,66876
2021,3719,青岛科技大学,002,测控技术与仪器,2,570,74967
2021,3719,青岛科技大学,003,高分子材料与工程（橡胶工程方向）,10,570,74636
2021,3719,青岛科技大学,004,计算机科学与技术,6,583,60591
2021,3719,青岛科技大学,005,制药工程,2,577,67409
2021,3719,青岛科技大学,006,船舶与海洋工程,2,563,82684
2021,3719,青岛科技大学,007,环境科学,4,571,74063
2021,3719,青岛科技大学,008,物流管理,2,577,67593
2021,3720,青岛理工大学,001,会计学,1,591,51180
2021,3720,青岛理工大学,002,财务管理,1,591,51309
2021,3720,青岛理工大学,003,市场营销,1,576,68384
2021,3720,青岛理工大学,004,建筑学,2,601,41191
2021,3720,青岛理工大学,005,城乡规划,1,597,45110
2021,3720,青岛理工大学,006,风景园林,1,594,48497
2021,3720,青岛理工大学,007,材料科学与工程,2,575,69652
2021,3720,青岛理工大学,008,测控技术与仪器,1,570,75361
2021,3720,青岛理工大学,009,给排水科学与工程,2,572,72543
2021,3720,青岛理工大学,010,建筑环境与能源应用工程,2,573,71733
2021,3720,青岛理工大学,011,能源与动力工程,1,579,64321
2021,3720,青岛理工大学,012,环境工程,2,583,60150
2021,3720,青岛理工大学,013,环境科学,2,576,67900
2021,3720,青岛理工大学,014,安全工程,1,575,69037
2021,3720,青岛理工大学,015,交通工程,2,579,64854
2021,3720,青岛理工大学,016,交通运输,1,587,55179
2021,3720,青岛理工大学,017,计算机科学与技术,1,592,50010
2021,3720,青岛理工大学,018,软件工程,2,582,60986
2021,3720,青岛理工大学,019,自动化,2,577,67494
2021,3720,青岛理工大学,020,电气工程及其自动化,1,588,55046
2021,3720,青岛理工大学,021,建筑电气与智能化,1,586,56431
2021,3720,青岛理工大学,022,工业工程,1,572,73184
2021,3720,青岛理工大学,023,应用物理学,1,581,62049
2021,3720,青岛理工大学,024,数学与应用数学,1,580,63412
2021,3720,青岛理工大学,025,经济学,2,589,53270
2021,3720,青岛理工大学,026,统计学,2,582,61006
2021,3720,青岛理工大学,027,机械类,7,571,73620
2021,3720,青岛理工大学,028,电子信息类,2,582,61075
2021,3720,青岛理工大学,029,管理科学与工程类,5,564,81531
2021,3720,青岛理工大学,030,土木类,4,584,58793
2021,3721,青岛农业大学,001,园林,2,568,77484
2021,3721,青岛农业大学,002,食品科学与工程,3,563,83371
2021,3721,青岛农业大学,003,生物科学(创新实验班),2,566,79663
2021,3721,青岛农业大学,004,财务管理,2,574,70293
2021,3721,青岛农业大学,005,茶学,2,564,82185
2021,3721,青岛农业大学,006,公共事业管理,3,569,76292
2021,3721,青岛农业大学,007,马业科学,1,557,90624
2021,3721,青岛农业大学,008,社会工作,3,567,78362
2021,3721,青岛农业大学,009,制药工程,2,562,83935
2021,3722,青岛农业大学海都学院(独立学院),001,财务管理,5,531,120320
2021,3722,青岛农业大学海都学院(独立学院),002,电气工程及其自动化,1,505,149760
2021,3722,青岛农业大学海都学院(独立学院),003,动物医学,7,545,104843
2021,3722,青岛农业大学海都学院(独立学院),004,国际经济与贸易,1,547,102234
2021,3722,青岛农业大学海都学院(独立学院),006,园林,1,547,102343
2021,3722,青岛农业大学海都学院(独立学院),007,食品科学与工程,2,540,109747
2021,3722,青岛农业大学海都学院(独立学院),008,食品质量与安全,1,544,105918
2021,3722,青岛农业大学海都学院(独立学院),009,土木工程,1,513,140470
2021,3722,青岛农业大学海都学院(独立学院),502,畜牧兽医,4,495,
2021,3722,青岛农业大学海都学院(独立学院),505,软件技术,1,511,142943
2021,3722,青岛农业大学海都学院(独立学院),508,大数据技术,1,504,150755
2021,3722,青岛农业大学海都学院(独立学院),510,电气自动化技术,1,513,140219
2021,3723,青岛求实职业技术学院(民办),505,医学影像技术,5,495,
2021,3725,曲阜师范大学,002,教育技术学(师范),5,582,61041
2021,3725,曲阜师范大学,003,商务英语,4,577,66932
2021,3725,曲阜师范大学,004,物流管理,5,557,89570
2021,3725,曲阜师范大学,005,财务管理,5,584,59487
2021,3725,曲阜师范大学,006,教育学(师范),4,592,50419
2021,3725,曲阜师范大学,007,历史学(师范),4,602,39706
2021,3725,曲阜师范大学,008,汉语言文学(师范),5,607,35274
2021,3725,曲阜师范大学,009,物理学(师范),3,585,58025
2021,3726,齐鲁理工学院(民办),002,工程造价,2,495,
2021,3726,齐鲁理工学院(民办),003,生物医学工程,2,532,118554
2021,3726,齐鲁理工学院(民办),004,生物制药,2,530,121805
2021,3726,齐鲁理工学院(民办),005,护理学,2,539,111047
2021,3726,齐鲁理工学院(民办),006,康复治疗学,2,539,111513
2021,3726,齐鲁理工学院(民办),007,医学影像技术,2,538,112552
2021,3726,齐鲁理工学院(民办),008,中药学,2,531,119941
2021,3726,齐鲁理工学院(民办),009,学前教育,2,544,105623
2021,3726,齐鲁理工学院(民办),010,汉语言文学,2,537,113510
2021,3726,齐鲁理工学院(民办),504,医学影像技术,6,495,
2021,3726,齐鲁理工学院(民办),505,学前教育,5,495,
2021,3727,日照职业技术学院,501,动漫制作技术,1,543,106985
2021,3727,日照职业技术学院,503,软件技术,1,515,138365
2021,3728,山东财经大学,001,经济学类,2,604,37749
2021,3728,山东财经大学,002,财政学类,2,605,37092
2021,3728,山东财经大学,003,金融学类,3,607,35057
2021,3728,山东财经大学,004,经济与贸易类,2,598,44182
2021,3728,山东财经大学,005,电子商务类,6,495,
2021,3728,山东财经大学,006,工商管理类,6,603,39436
2021,3728,山东财经大学,007,工商管理类,4,607,35783
2021,3728,山东财经大学,008,法学,6,600,41976
2021,3728,山东财经大学,009,外国语言文学类,6,591,51562
2021,3728,山东财经大学,010,经济统计学,5,595,47169
2021,3728,山东财经大学,011,计算机类,8,586,56722
2021,3729,山东财经大学东方学院(独立学院),001,会计学,5,538,112117
2021,3729,山东财经大学东方学院(独立学院),002,财务管理,5,533,118011
2021,3729,山东财经大学东方学院(独立学院),003,金融学,5,535,115953
2021,3729,山东财经大学东方学院(独立学院),004,国际经济与贸易,5,530,121168
2021,3729,山东财经大学东方学院(独立学院),005,电子商务,5,528,123704
2021,3729,山东财经大学东方学院(独立学院),006,人力资源管理,5,530,121098
2021,3731,山东大学(一流大学建设高校),001,哲学类,2,654,5762
2021,3731,山东大学(一流大学建设高校),002,经济学类,5,654,5936
2021,3731,山东大学(一流大学建设高校),003,法学类,4,656,5147
2021,3731,山东大学(一流大学建设高校),004,中国语言文学类,4,657,4970
2021,3731,山东大学(一流大学建设高校),005,外国语言文学类,10,651,6962
2021,3731,山东大学(一流大学建设高校),006,历史学类,3,656,5283
2021,3731,山东大学(一流大学建设高校),007,数学类,7,651,6709
2021,3731,山东大学(一流大学建设高校),008,物理学类,4,646,8563
2021,3731,山东大学(一流大学建设高校),009,化学类,4,643,10144
2021,3731,山东大学(一流大学建设高校),010,电子信息类(通信电子与光电),5,645,9084
2021,3731,山东大学(一流大学建设高校),011,计算机类(计算机与智能),7,647,8248
2021,3731,山东大学(一流大学建设高校),012,生物科学类,4,646,8771
2021,3731,山东大学(一流大学建设高校),013,材料类,7,639,11838
2021,3731,山东大学(一流大学建设高校),014,机械类,7,642,10398
2021,3731,山东大学(一流大学建设高校),015,自动化类,8,644,9765
2021,3731,山东大学(一流大学建设高校),016,智能医学工程,2,643,9997
2021,3731,山东大学(一流大学建设高校),017,电气工程及其自动化,7,645,9106
2021,3731,山东大学(一流大学建设高校),018,土木类,7,640,11398
2021,3731,山东大学(一流大学建设高校),019,建筑学,5,646,8941
2021,3731,山东大学(一流大学建设高校),020,预防医学,2,649,7637
2021,3731,山东大学(一流大学建设高校),021,临床医学(5+3一体化),2,656,5206
2021,3731,山东大学(一流大学建设高校),022,临床医学,4,653,6142
2021,3731,山东大学(一流大学建设高校),023,口腔医学,3,658,4515
2021,3731,山东大学(一流大学建设高校),024,工商管理类,9,651,6917
2021,3731,山东大学(一流大学建设高校),026,计算机类(软件数媒与大数据),8,646,8657
2021,3731,山东大学(一流大学建设高校),027,电子信息类(微电子与电路集成),6,645,9319
2021,3731,山东大学(一流大学建设高校),028,网络空间安全,4,646,8963
2021,3731,山东大学(一流大学建设高校),029,生物医学科学,3,642,10507
2021,3732,山东大学威海分校(一流大学建设高校),001,经济学类,6,646,8887
2021,3732,山东大学威海分校(一流大学建设高校),002,工商管理类,8,645,9168
2021,3732,山东大学威海分校(一流大学建设高校),003,法学类,4,648,8076
2021,3732,山东大学威海分校(一流大学建设高校),004,外国语言文学类,5,646,8748
2021,3732,山东大学威海分校(一流大学建设高校),005,汉语言文学,4,648,7883
2021,3732,山东大学威海分校(一流大学建设高校),006,海洋科学,4,636,13592
2021,3732,山东大学威海分校(一流大学建设高校),007,海洋资源开发技术,3,637,13343
2021,3732,山东大学威海分校(一流大学建设高校),008,自动化类,3,640,11561
2021,3732,山东大学威海分校(一流大学建设高校),009,电子信息类,2,642,10451
2021,3732,山东大学威海分校(一流大学建设高校),010,物理学,2,639,11905
2021,3732,山东大学威海分校(一流大学建设高校),011,数学类,4,644,9624
2021,3732,山东大学威海分校(一流大学建设高校),012,金融学(中外合作办学),6,639,11824
2021,3732,山东大学威海分校(一流大学建设高校),013,机械设计制造及其自动化(中外合作办学),3,631,16494
2021,3732,山东大学威海分校(一流大学建设高校),014,计算机科学与技术(中外合作办学),6,638,12745
2021,3732,山东大学威海分校(一流大学建设高校),015,数学与应用数学(中外合作办学),2,636,13602
2021,3734,山东工商学院,001,国际经济与贸易,2,563,83485
2021,3734,山东工商学院,002,金融学,2,572,72252
2021,3734,山东工商学院,003,法学,2,578,66343
2021,3734,山东工商学院,004,会计学,2,572,72326
2021,3734,山东工商学院,005,财务管理,2,567,77977
2021,3734,山东工商学院,006,审计学,1,568,76986
2021,3734,山东工商学院,007,应用统计学,1,567,78336
2021,3734,山东工商学院,008,电气工程及其自动化,1,549,99545
2021,3734,山东工商学院,009,软件工程,1,566,79737
2021,3734,山东工商学院,010,网络工程,1,552,95516
2021,3734,山东工商学院,011,信息管理与信息系统,2,542,107518
2021,3734,山东工商学院,012,安全工程,1,536,114426
2021,3734,山东工商学院,013,工程管理,2,536,115052
2021,3734,山东工商学院,014,工商管理,2,563,83240
2021,3734,山东工商学院,015,市场营销,2,559,88253
2021,3734,山东工商学院,016,人力资源管理,3,561,85295
2021,3734,山东工商学院,017,资产评估,1,566,79368
2021,3734,山东工商学院,018,电子商务,1,559,87428
2021,3734,山东工商学院,019,金融学(中外合作办学),5,547,102329
2021,3734,山东工商学院,020,国际经济与贸易(中外合作办学),5,544,105314
2021,3734,山东工商学院,021,会计学(中外合作办学),5,548,101265
2021,3734,山东工商学院,022,财务管理(中外合作办学),5,546,103004
2021,3734,山东工商学院,023,电子信息类,2,546,102569
2021,3734,山东工商学院,024,公共管理类,3,557,90575
2021,3734,山东工商学院,025,经济学类,2,563,82772
2021,3734,山东工商学院,026,外国语言文学类,3,559,87752
2021,3734,山东工商学院,027,新闻传播学类,1,566,79091
2021,3735,山东工艺美术学院,013,文化产业管理,6,552,96448
2021,3735,山东工艺美术学院,014,工业设计,3,535,115383
2021,3735,山东工艺美术学院,015,服装设计与工程,3,541,109030
2021,3735,山东工艺美术学院,016,包装工程,3,520,133025
2021,3735,山东工艺美术学院,017,风景园林,3,527,124545
2021,3735,山东工艺美术学院,018,建筑学,7,527,124588
2021,3737,山东建筑大学,001,土木工程,2,601,41183
2021,3737,山东建筑大学,002,能源与动力工程,2,560,86588
2021,3737,山东建筑大学,003,建筑环境与能源应用工程,2,551,96763
2021,3737,山东建筑大学,004,给排水科学与工程,3,556,91120
2021,3737,山东建筑大学,005,机械工程,4,550,98242
2021,3737,山东建筑大学,006,车辆工程,4,546,103080
2021,3737,山东建筑大学,007,道路桥梁与渡河工程,4,549,99909
2021,3737,山东建筑大学,008,材料科学与工程,2,547,102258
2021,3737,山东建筑大学,009,计算机类,6,560,86223
2021,3737,山东建筑大学,010,信息与计算科学,2,565,81160
2021,3737,山东建筑大学,011,交通工程,3,552,95557
2021,3737,山东建筑大学,012,测绘工程,3,552,95792
2021,3737,山东建筑大学,013,城市地下空间工程,3,559,88157
2021,3738,山东交通学院,001,交通运输,2,552,96165
2021,3738,山东交通学院,002,机械类(车辆),2,533,117491
2021,3738,山东交通学院,003,土木类,4,539,111212
2021,3738,山东交通学院,004,机械工程,2,538,112087
2021,3738,山东交通学院,005,测控技术与仪器,2,530,121284
2021,3738,山东交通学院,006,飞行器制造工程,2,535,115761
2021,3738,山东交通学院,007,轨道交通信号与控制,2,549,99767
2021,3738,山东交通学院,008,财务管理,2,564,81645
2021,3738,山东交通学院,009,人力资源管理,2,558,89367
2021,3738,山东交通学院,010,英语,4,563,82678
2021,3738,山东交通学院,012,交通管理,2,557,89829
2021,3738,山东交通学院,013,金融工程,2,562,84227
2021,3742,山东科技大学,001,金融学,2,587,55630
2021,3742,山东科技大学,002,英语,2,585,57837
2021,3742,山东科技大学,003,日语,2,582,61051
2021,3742,山东科技大学,004,朝鲜语,2,574,70511
2021,3742,山东科技大学,005,海洋技术,2,568,76730
2021,3742,山东科技大学,006,智能制造工程,2,586,56708
2021,3742,山东科技大学,007,新能源材料与器件,2,577,67573
2021,3742,山东科技大学,008,机器人工程,2,581,62679
2021,3742,山东科技大学,009,计算机科学与技术,5,593,48820
2021,3742,山东科技大学,010,物联网工程,4,584,58574
2021,3742,山东科技大学,011,智能科学与技术,2,591,51322
2021,3742,山东科技大学,012,土木类,5,574,70523
2021,3742,山东科技大学,013,测绘工程,4,569,75625
2021,3742,山东科技大学,014,船舶与海洋工程,2,572,72806
2021,3742,山东科技大学,015,会计学,2,592,50809
2021,3742,山东科技大学,016,电气工程及其自动化(中外合作办学),5,561,85381
2021,3742,山东科技大学,017,自动化(中外合作办学),5,564,82174
2021,3743,山东理工大学,001,农业机械化及其自动化,2,558,88936
2021,3743,山东理工大学,002,食品科学与工程,2,568,77485
2021,3743,山东理工大学,003,自动化,6,568,77752
2021,3743,山东理工大学,004,计算机科学与技术,4,589,53881
2021,3743,山东理工大学,005,通信工程,2,568,76936
2021,3743,山东理工大学,006,化学工程与工艺,2,566,80149
2021,3743,山东理工大学,007,化学,2,570,74720
2021,3743,山东理工大学,008,应用化学,4,561,85855
2021,3743,山东理工大学,009,土木工程,2,568,77375
2021,3743,山东理工大学,010,城乡规划,2,573,71673
2021,3743,山东理工大学,011,环境工程,4,562,83809
2021,3743,山东理工大学,012,采矿工程,2,560,86058
2021,3743,山东理工大学,013,矿物加工工程,2,561,85200
2021,3743,山东理工大学,014,资源勘查工程,4,555,92448
2021,3743,山东理工大学,015,材料化学,2,550,98088
2021,3743,山东理工大学,016,高分子材料与工程,2,550,97955
2021,3743,山东理工大学,017,生物工程,2,563,82841
2021,3743,山东理工大学,018,生物科学,2,569,76688
2021,3743,山东理工大学,019,统计学,2,574,70752
2021,3743,山东理工大学,020,光电信息科学与工程,2,561,84976
2021,3743,山东理工大学,021,国际经济与贸易,2,573,71480
2021,3743,山东理工大学,022,经济学,4,575,68839
2021,3743,山东理工大学,023,工商管理,4,573,72130
2021,3743,山东理工大学,024,财务管理,2,582,61262
2021,3743,山东理工大学,025,市场营销,2,572,73055
2021,3743,山东理工大学,026,信息管理与信息系统,2,562,83714
2021,3743,山东理工大学,027,工业工程,4,566,79841
2021,3743,山东理工大学,028,汉语言文学,2,584,58638
2021,3743,山东理工大学,029,英语,4,578,66303
2021,3743,山东理工大学,030,法学,4,583,60596
2021,3743,山东理工大学,031,交通工程,2,556,90817
2021,3743,山东理工大学,032,车辆工程,2,558,88487
2021,3743,山东理工大学,033,数学类,4,568,76892
2021,3744,山东力明科技职业学院(民办),501,临床医学,2,495,160373
2021,3744,山东力明科技职业学院(民办),502,口腔医学,2,500,155117
2021,3745,山东农业大学,001,植物科学与技术,2,569,75905
2021,3745,山东农业大学,002,土地资源管理,4,570,75491
2021,3745,山东农业大学,003,土地整治工程,2,562,84618
2021,3745,山东农业大学,004,环境科学与工程类,4,566,79398
2021,3745,山东农业大学,005,农业资源与环境,2,563,83024
2021,3745,山东农业大学,006,园林,2,563,83239
2021,3745,山东农业大学,007,城乡规划,3,569,76060
2021,3745,山东农业大学,008,植物生产类,4,569,75707
2021,3745,山东农业大学,009,动物医学类,4,577,66821
2021,3745,山东农业大学,010,动物科学,2,574,70784
2021,3745,山东农业大学,011,水产养殖学,3,561,85403
2021,3745,山东农业大学,012,电气类,4,561,84973
2021,3745,山东农业大学,013,工商管理类,4,577,67059
2021,3745,山东农业大学,014,经济学类,4,578,66251
2021,3745,山东农业大学,015,食品科学与工程类,2,565,80254
2021,3745,山东农业大学,016,生物科学类,6,564,82241
2021,3745,山东农业大学,017,日语,3,569,76698
2021,3745,山东农业大学,018,公共管理类,4,568,76908
2021,3745,山东农业大学,019,水利类,4,560,86627
2021,3745,山东农业大学,020,土木类,4,553,94569
2021,3745,山东农业大学,021,数学类,3,572,72215
2021,3745,山东农业大学,022,测绘类,4,552,95906
2021,3745,山东农业大学,023,材料化学,2,559,88028
2021,3745,山东农业大学,024,应用化学,4,554,93219
2021,3746,齐鲁工业大学,002,工业设计,5,565,80419
2021,3746,齐鲁工业大学,003,测控技术与仪器(海洋测控),5,556,90698
2021,3746,齐鲁工业大学,004,酿酒工程,5,564,81492
2021,3746,齐鲁工业大学,005,化工与制药类,10,552,95921
2021,3746,齐鲁工业大学,006,人工智能,5,568,76826
2021,3746,齐鲁工业大学,007,电子竞技运动与管理,5,561,85362
2021,3746,齐鲁工业大学,008,材料类,12,546,103012
2021,3747,山东商业职业技术学院,503,软件技术,3,495,
2021,3748,山东师范大学,001,思想政治教育(师范),1,621,23972
2021,3748,山东师范大学,002,金融学类,4,591,50961
2021,3748,山东师范大学,003,法学,4,613,29965
2021,3748,山东师范大学,004,教育技术学(师范),1,600,42152
2021,3748,山东师范大学,006,中国语言文学类,2,631,16788
2021,3748,山东师范大学,007,汉语国际教育(师范),2,627,19299
2021,3748,山东师范大学,010,新闻传播学类,3,605,37093
2021,3748,山东师范大学,011,历史学类,3,620,24549
2021,3748,山东师范大学,012,数学与应用数学(师范),2,613,30299
2021,3748,山东师范大学,013,统计学,2,593,49130
2021,3748,山东师范大学,014,电子信息类,4,583,59816
2021,3748,山东师范大学,015,化学(师范),1,611,31444
2021,3748,山东师范大学,016,化工与制药类,1,585,57747
2021,3748,山东师范大学,017,生物科学类,2,609,33949
2021,3748,山东师范大学,018,环境科学,3,584,59579
2021,3748,山东师范大学,019,地理科学类,4,611,32175
2021,3748,山东师范大学,020,心理学类,2,608,34532
2021,3748,山东师范大学,021,通信工程,2,592,50015
2021,3748,山东师范大学,022,人工智能,1,594,47955
2021,3748,山东师范大学,023,信息管理与信息系统,2,579,64349
2021,3748,山东师范大学,024,工商管理类,2,597,45082
2021,3748,山东师范大学,025,哲学,1,612,31275
2021,3748,山东师范大学,026,公共管理类,7,585,58390
2021,3750,齐鲁医药学院(民办),001,临床医学,1,559,87782
2021,3750,齐鲁医药学院(民办),002,口腔医学,2,572,73177
2021,3750,齐鲁医药学院(民办),003,药学,1,555,92640
2021,3750,齐鲁医药学院(民办),004,药物制剂,1,547,102288
2021,3750,齐鲁医药学院(民办),005,医学检验技术,1,555,92452
2021,3750,齐鲁医药学院(民办),006,医学影像技术,1,558,88673
2021,3750,齐鲁医药学院(民办),007,卫生检验与检疫,1,551,96949
2021,3750,齐鲁医药学院(民办),008,助产学,1,556,91338
2021,3750,齐鲁医药学院(民办),009,健康服务与管理,1,546,102628
2021,3751,山东现代学院(民办),001,护理学,15,533,118499
2021,3751,山东现代学院(民办),002,药学,10,536,114869
2021,3751,山东现代学院(民办),003,医学检验技术,17,536,114250
2021,3751,山东现代学院(民办),004,康复治疗学,7,532,119542
2021,3751,山东现代学院(民办),005,中药学,6,536,115092
2021,3751,山东现代学院(民办),006,学前教育,15,530,121976
2021,3751,山东现代学院(民办),007,助产学,10,527,124966
2021,3751,山东现代学院(民办),501,临床医学,12,495,
2021,3751,山东现代学院(民办),502,口腔医学,7,502,153033
2021,3751,山东现代学院(民办),504,学前教育,10,495,
2021,3752,山东协和学院(民办),001,护理学,17,534,117343
2021,3752,山东协和学院(民办),002,助产学,3,539,110690
2021,3752,山东协和学院(民办),003,学前教育,4,536,114212
2021,3752,山东协和学院(民办),004,英语,1,543,106249
2021,3752,山东协和学院(民办),005,康复治疗学,6,537,113958
2021,3752,山东协和学院(民办),006,医学影像技术,7,541,108720
2021,3752,山东协和学院(民办),007,医学检验技术,6,539,110722
2021,3752,山东协和学院(民办),008,中药学,6,535,115830
2021,3752,山东协和学院(民办),009,口腔医学,3,562,84776
2021,3752,山东协和学院(民办),010,财务管理,1,534,116469
2021,3752,山东协和学院(民办),011,会计学,1,537,113539
2021,3752,山东协和学院(民办),012,审计学,1,529,123098
2021,3752,山东协和学院(民办),501,护理,16,495,
2021,3752,山东协和学院(民办),502,学前教育,4,495,
2021,3752,山东协和学院(民办),503,临床医学,26,495,
2021,3752,山东协和学院(民办),504,口腔医学,5,510,144383
2021,3752,山东协和学院(民办),505,针灸推拿,4,495,
2021,3752,山东协和学院(民办),506,中药学,3,512,142172
2021,3752,山东协和学院(民办),507,医学影像技术,6,508,146281
2021,3752,山东协和学院(民办),508,医学美容技术,1,504,150554
2021,3752,山东协和学院(民办),509,康复治疗技术,2,512,141451
2021,3752,山东协和学院(民办),510,中医学,8,495,160243
2021,3752,山东协和学院(民办),511,大数据与会计,1,512,141971
2021,3754,山东畜牧兽医职业学院,503,动物医学,5,495,
2021,3755,山东医学高等专科学校,501,临床医学,1,546,102580
2021,3755,山东医学高等专科学校,502,口腔医学,1,559,87988
2021,3755,山东医学高等专科学校,503,药学,1,534,116790
2021,3755,山东医学高等专科学校,504,医学检验技术,1,528,123489
2021,3755,山东医学高等专科学校,505,预防医学,1,534,116476
2021,3755,山东医学高等专科学校,506,口腔医学,1,542,107566
2021,3755,山东医学高等专科学校,507,医学影像技术,3,513,140833
2021,3755,山东医学高等专科学校,508,康复治疗技术,1,530,121963
2021,3756,山东英才学院(民办),001,网络与新媒体,9,517,135945
2021,3756,山东英才学院(民办),002,审计学,15,515,138945
2021,3756,山东英才学院(民办),003,市场营销,7,516,137893
2021,3756,山东英才学院(民办),004,国际商务,16,515,138913
2021,3756,山东英才学院(民办),005,土木工程,5,495,
2021,3756,山东英才学院(民办),006,康复治疗学,8,529,122284
2021,3756,山东英才学院(民办),007,金融工程,33,512,141859
2021,3756,山东英才学院(民办),009,物联网工程,7,495,
2021,3756,山东英才学院(民办),504,大数据技术,2,495,
2021,3756,山东英才学院(民办),505,学前教育,2,495,
2021,3757,泰山学院,002,汉语言文学,4,566,80077
2021,3757,泰山学院,003,历史学类,3,565,81178
2021,3757,泰山学院,004,英语,4,565,80825
2021,3757,泰山学院,005,工商管理类,4,552,96095
2021,3758,潍坊学院,001,数学与应用数学(师范),10,541,108651
2021,3758,潍坊学院,002,汉语言文学(师范),10,571,73709
2021,3758,潍坊学院,003,朝鲜语,10,549,99211
2021,3758,潍坊学院,004,会计学,10,555,91879
2021,3758,潍坊学院,005,法学,10,559,87656
2021,3758,潍坊学院,006,旅游管理,10,550,98340
2021,3759,潍坊医学院,001,临床医学,6,597,44666
2021,3759,潍坊医学院,002,麻醉学,2,599,43118
2021,3759,潍坊医学院,003,护理学,2,564,82161
2021,3759,潍坊医学院,004,口腔医学,2,614,29204
2021,3759,潍坊医学院,005,预防医学,2,575,69268
2021,3759,潍坊医学院,006,医学影像学,2,600,41766
2021,3759,潍坊医学院,007,生物技术,2,557,90015
2021,3759,潍坊医学院,008,医学检验技术,2,574,70838
2021,3759,潍坊医学院,009,药学,2,573,71288
2021,3759,潍坊医学院,010,生物医学工程,2,559,88119
2021,3759,潍坊医学院,011,眼视光学,2,579,64801
2021,3759,潍坊医学院,012,康复治疗学,2,564,82088
2021,3759,潍坊医学院,013,卫生检验与检疫,2,567,78102
2021,3760,烟台大学,001,新闻学,2,590,52875
2021,3760,烟台大学,002,汉语国际教育,2,585,58145
2021,3760,烟台大学,003,法学,2,621,23619
2021,3760,烟台大学,004,知识产权,2,604,38133
2021,3760,烟台大学,005,英语,2,588,54346
2021,3760,烟台大学,006,日语,2,590,52249
2021,3760,烟台大学,007,国际经济与贸易,2,589,53449
2021,3760,烟台大学,008,统计学,2,581,62793
2021,3760,烟台大学,009,自动化,2,569,76521
2021,3760,烟台大学,010,建筑学,2,588,54255
2021,3760,烟台大学,011,土木工程,2,569,76686
2021,3760,烟台大学,012,应用化学,3,564,82386
2021,3760,烟台大学,013,化学工程与工艺,5,561,85321
2021,3760,烟台大学,014,食品质量与安全,2,569,75900
2021,3760,烟台大学,015,环境科学与工程,3,564,81348
2021,3760,烟台大学,016,材料科学与工程,5,559,88039
2021,3761,烟台南山学院(民办),001,自动化,3,495,
2021,3761,烟台南山学院(民办),002,机械设计制造及其自动化,4,499,155387
2021,3761,烟台南山学院(民办),003,计算机科学与技术,3,498,156462
2021,3761,烟台南山学院(民办),004,工商管理,5,530,120915
2021,3761,烟台南山学院(民办),005,旅游管理,5,526,125565
2021,3761,烟台南山学院(民办),006,金融工程,5,528,124303
2021,3761,烟台南山学院(民办),007,康复治疗学,5,541,108895
2021,3761,烟台南山学院(民办),008,日语,5,528,123841
2021,3761,烟台南山学院(民办),009,英语,4,535,115957
2021,3761,烟台南山学院(民办),011,飞行器动力工程,3,495,
2021,3761,烟台南山学院(民办),012,交通运输,5,532,119183
2021,3762,枣庄学院,001,金融数学,5,551,97017
2021,3763,中国海洋大学(一流大学建设高校),001,海洋科学,3,639,11877
2021,3763,中国海洋大学(一流大学建设高校),002,大气科学,4,637,13153
2021,3763,中国海洋大学(一流大学建设高校),003,电子信息类,5,639,11988
2021,3763,中国海洋大学(一流大学建设高校),004,光电信息科学与工程,2,638,12590
2021,3763,中国海洋大学(一流大学建设高校),005,计算机类,2,644,9747
2021,3763,中国海洋大学(一流大学建设高校),006,海洋技术,3,635,14022
2021,3763,中国海洋大学(一流大学建设高校),007,物理学,2,638,12556
2021,3763,中国海洋大学(一流大学建设高校),008,计算机科学与技术(中外合作办学),4,628,18520
2021,3763,中国海洋大学(一流大学建设高校),009,化学,2,638,12615
2021,3763,中国海洋大学(一流大学建设高校),010,材料类,2,638,12461
2021,3763,中国海洋大学(一流大学建设高校),011,生物科学类,2,643,10209
2021,3763,中国海洋大学(一流大学建设高校),012,海洋渔业科学与技术,2,639,12267
2021,3763,中国海洋大学(一流大学建设高校),013,海洋资源与环境,2,644,9740
2021,3763,中国海洋大学(一流大学建设高校),014,水产养殖学,3,637,13231
2021,3763,中国海洋大学(一流大学建设高校),015,食品科学与工程类,2,637,13274
2021,3763,中国海洋大学(一流大学建设高校),016,药学,2,640,11696
2021,3763,中国海洋大学(一流大学建设高校),017,环境工程,2,639,12212
2021,3763,中国海洋大学(一流大学建设高校),018,土木类,2,636,13583
2021,3763,中国海洋大学(一流大学建设高校),019,船舶与海洋工程,2,636,13927
2021,3763,中国海洋大学(一流大学建设高校),020,港口航道与海岸工程,2,637,13286
2021,3763,中国海洋大学(一流大学建设高校),021,工业设计,2,637,13389
2021,3763,中国海洋大学(一流大学建设高校),022,机械设计制造及其自动化,2,639,12287
2021,3763,中国海洋大学(一流大学建设高校),023,自动化,2,640,11428
2021,3763,中国海洋大学(一流大学建设高校),024,数学类,3,640,11319
2021,3763,中国海洋大学(一流大学建设高校),025,文化产业管理,2,644,9642
2021,3763,中国海洋大学(一流大学建设高校),026,新闻传播学类,2,648,7953
2021,3763,中国海洋大学(一流大学建设高校),027,电子商务,2,642,10436
2021,3763,中国海洋大学(一流大学建设高校),028,工商管理,2,645,9364
2021,3763,中国海洋大学(一流大学建设高校),029,市场营销,2,642,10777
2021,3763,中国海洋大学(一流大学建设高校),030,国际经济与贸易,3,643,10237
2021,3763,中国海洋大学(一流大学建设高校),031,数学与应用数学(中外合作办学),4,625,20691
2021,3763,中国海洋大学(一流大学建设高校),032,生物技术(中外合作办学),2,633,15298
2021,3763,中国海洋大学(一流大学建设高校),033,食品科学与工程(中外合作办学),4,624,21481
2021,3763,中国海洋大学(一流大学建设高校),034,法语,2,642,10781
2021,3763,中国海洋大学(一流大学建设高校),035,日语,2,641,11288
2021,3763,中国海洋大学(一流大学建设高校),036,英语,1,647,8440
2021,3764,青岛工学院(民办),001,工业设计,4,501,153795
2021,3764,青岛工学院(民办),002,产品设计,4,518,135321
2021,3764,青岛工学院(民办),003,信息安全,4,499,155739
2021,3764,青岛工学院(民办),004,食品科学与工程,6,525,127164
2021,3764,青岛工学院(民办),005,食品营养与检验教育,8,523,129361
2021,3764,青岛工学院(民办),006,食品质量与安全,6,525,126679
2021,3764,青岛工学院(民办),007,化学工程与工业生物工程,6,523,130005
2021,3764,青岛工学院(民办),008,英语,4,525,127482
2021,3764,青岛工学院(民办),009,日语,4,521,131363
2021,3764,青岛工学院(民办),010,德语,4,520,133058
2021,3764,青岛工学院(民办),011,电子商务,4,522,131180
2021,3764,青岛工学院(民办),012,物流管理,4,519,134211
2021,3764,青岛工学院(民办),013,国际商务,4,518,134881
2021,3764,青岛工学院(民办),014,金融工程,4,521,131270
2021,3764,青岛工学院(民办),015,工商管理,4,522,130391
2021,3764,青岛工学院(民办),016,市场营销,4,520,133522
2021,3764,青岛工学院(民办),017,人力资源管理,4,519,134271
2021,3764,青岛工学院(民办),018,审计学,4,525,126971
2021,3764,青岛工学院(民办),019,汉语言文学,4,528,124323
2021,3764,青岛工学院(民办),020,知识产权,4,524,128432
2021,3765,中国石油大学(华东)(一流学科建设高校),001,船舶与海洋工程,2,617,26605
2021,3765,中国石油大学(华东)(一流学科建设高校),002,化工安全工程,2,616,27455
2021,3765,中国石油大学(华东)(一流学科建设高校),003,化学工程与工艺,2,620,24236
2021,3765,中国石油大学(华东)(一流学科建设高校),004,能源化学工程,2,617,26386
2021,3765,中国石油大学(华东)(一流学科建设高校),005,应用化学,2,620,24636
2021,3765,中国石油大学(华东)(一流学科建设高校),006,土木工程,2,620,24287
2021,3765,中国石油大学(华东)(一流学科建设高校),007,油气储运工程,2,619,24912
2021,3765,中国石油大学(华东)(一流学科建设高校),008,电气工程及其自动化,4,626,19952
2021,3765,中国石油大学(华东)(一流学科建设高校),009,过程装备与控制工程,3,619,25006
2021,3765,中国石油大学(华东)(一流学科建设高校),010,能源与动力工程,2,621,23866
2021,3765,中国石油大学(华东)(一流学科建设高校),011,地理信息科学,4,625,20912
2021,3765,中国石油大学(华东)(一流学科建设高校),012,电子信息工程,3,626,20065
2021,3765,中国石油大学(华东)(一流学科建设高校),013,通信工程,2,625,20851
2021,3765,中国石油大学(华东)(一流学科建设高校),014,智能感知工程,2,623,22404
2021,3765,中国石油大学(华东)(一流学科建设高校),015,自动化,2,626,20158
2021,3765,中国石油大学(华东)(一流学科建设高校),016,计算机科学与技术,3,628,18351
2021,3765,中国石油大学(华东)(一流学科建设高校),017,软件工程,3,628,18844
2021,3765,中国石油大学(华东)(一流学科建设高校),018,物联网工程,3,625,20841
2021,3765,中国石油大学(华东)(一流学科建设高校),019,智能科学与技术,2,625,20977
2021,3765,中国石油大学(华东)(一流学科建设高校),020,管理科学与工程类,2,622,22976
2021,3765,中国石油大学(华东)(一流学科建设高校),021,光电信息科学与工程,2,624,21582
2021,3765,中国石油大学(华东)(一流学科建设高校),022,化学,2,617,26511
2021,3765,中国石油大学(华东)(一流学科建设高校),023,数据科学与大数据技术,2,626,20117
2021,3765,中国石油大学(华东)(一流学科建设高校),024,数学类,4,623,21815
2021,3766,山东石油化工学院,001,能源动力类,2,551,97466
2021,3766,山东石油化工学院,002,机械类,3,525,127410
2021,3766,山东石油化工学院,003,计算机类,7,526,126170
2021,3766,山东石油化工学院,004,财务管理,2,553,94420
2021,3766,山东石油化工学院,005,汉语言文学,3,557,90120
2021,3766,山东石油化工学院,006,学前教育(师范),2,556,91024
2021,3766,山东石油化工学院,007,应用化学,3,549,99627
2021,3766,山东石油化工学院,008,建筑环境与能源应用工程,5,519,134564
2021,3766,山东石油化工学院,009,自动化,3,526,126531
2021,3768,青岛城市学院(民办),001,土木工程,1,512,141402
2021,3768,青岛城市学院(民办),002,智能建造,1,511,142945
2021,3768,青岛城市学院(民办),003,工程造价,1,514,140171
2021,3768,青岛城市学院(民办),004,工程管理,1,501,153343
2021,3768,青岛城市学院(民办),005,机械设计制造及其自动化,1,512,141869
2021,3768,青岛城市学院(民办),006,电气工程及其自动化,1,523,128979
2021,3768,青岛城市学院(民办),007,机器人工程,1,506,148601
2021,3768,青岛城市学院(民办),008,建筑学,1,544,105203
2021,3768,青岛城市学院(民办),009,城乡规划,1,544,105207
2021,3768,青岛城市学院(民办),010,国际经济与贸易,1,525,127775
2021,3768,青岛城市学院(民办),011,市场营销,1,523,129288
2021,3768,青岛城市学院(民办),012,物流管理,1,527,124637
2021,3768,青岛城市学院(民办),013,会计学,1,540,110488
2021,3768,青岛城市学院(民办),014,财务管理,1,536,114379
2021,3768,青岛城市学院(民办),015,审计学,1,538,111924
2021,3768,青岛城市学院(民办),016,互联网金融,1,527,124590
2021,3768,青岛城市学院(民办),017,外国语言文学类,1,529,122246
2021,3768,青岛城市学院(民办),018,计算机类,2,512,142112
2021,3768,青岛城市学院(民办),501,建筑设计,2,495,
2021,3768,青岛城市学院(民办),503,工程造价,2,496,158531
2021,3768,青岛城市学院(民办),505,机电一体化技术,2,498,156847
2021,3768,青岛城市学院(民办),507,计算机应用技术,2,496,159265
2021,3768,青岛城市学院(民办),508,计算机网络技术,2,495,
2021,3768,青岛城市学院(民办),509,商务英语,2,505,149377
2021,3768,青岛城市学院(民办),510,大数据与会计,2,505,150034
2021,3768,青岛城市学院(民办),511,国际经济与贸易,2,510,143572
2021,3768,青岛城市学院(民办),512,市场营销,1,510,143671
2021,3768,青岛城市学院(民办),513,电子商务,1,500,154546
2021,3768,青岛城市学院(民办),514,现代物流管理,1,503,151511
2021,3769,山东工程职业技术大学(民办),001,大数据与财务管理,6,518,135647
2021,3770,山东中医药大学,001,中医学,2,617,26812
2021,3770,山东中医药大学,002,中西医临床医学,2,614,28934
2021,3770,山东中医药大学,003,中药学,1,614,29111
2021,3770,山东中医药大学,004,药学,1,584,58584
2021,3770,山东中医药大学,005,制药工程,1,582,61538
2021,3770,山东中医药大学,006,针灸推拿学,2,601,41073
2021,3770,山东中医药大学,007,康复治疗学,2,580,63121
2021,3770,山东中医药大学,008,护理学,1,579,65151
2021,3770,山东中医药大学,009,眼视光学,1,621,23687
2021,3770,山东中医药大学,010,眼视光医学,2,617,26974
2021,3771,青岛电影学院(民办),015,网络与新媒体,5,522,131167
2021,3771,青岛电影学院(民办),016,知识产权,6,521,132385
2021,3773,青岛黄海学院(民办),001,电气工程及其自动化,2,499,155686
2021,3773,青岛黄海学院(民办),002,人工智能,4,505,149562
2021,3773,青岛黄海学院(民办),003,财务管理,6,519,134438
2021,3773,青岛黄海学院(民办),004,物流管理,4,523,130061
2021,3773,青岛黄海学院(民办),005,商务英语,5,521,132054
2021,3773,青岛黄海学院(民办),006,经济统计学,5,518,134917
2021,3773,青岛黄海学院(民办),007,学前教育,6,534,116996
2021,3773,青岛黄海学院(民办),501,大数据与会计,3,495,
2021,3773,青岛黄海学院(民办),503,护理,4,495,
2021,3773,青岛黄海学院(民办),504,学前教育,4,495,
2021,3775,山东第一医科大学,001,临床医学,4,608,34415
2021,3775,山东第一医科大学,002,医学影像学,5,589,53389
2021,3775,山东第一医科大学,003,口腔医学,5,603,39248
2021,3775,山东第一医科大学,004,药学,3,578,65900
2021,3775,山东第一医科大学,005,药物制剂,5,570,75526
2021,3778,北京交通大学(威海校区)(一流学科建设高校),001,信息管理与信息系统(中外合作办学),4,617,27104
2021,3778,北京交通大学(威海校区)(一流学科建设高校),002,通信工程(中外合作办学),3,619,24882
2021,3778,北京交通大学(威海校区)(一流学科建设高校),003,计算机科学与技术(中外合作办学),3,623,22477
2021,3778,北京交通大学(威海校区)(一流学科建设高校),004,环境工程(中外合作办学),5,608,34062
2021,3778,北京交通大学(威海校区)(一流学科建设高校),005,工商管理(中外合作办学),3,624,21726
2021,3781,山东电力高等专科学校,501,供用电技术,50,548,100888
2021,4001,长江大学,001,历史学(师范),1,606,36570
2021,4001,长江大学,002,外国语言文学类(师范),2,598,44358
2021,4001,长江大学,003,日语(语言、商务),1,591,51668
2021,4001,长江大学,005,金融学(含荆楚卓越人才协同育人计划),2,597,45255
2021,4001,长江大学,006,工商管理类,1,583,59972
2021,4001,长江大学,007,法学类(含荆楚卓越法律人才协同育人计划),1,611,31926
2021,4001,长江大学,008,数学类(师范),1,580,63356
2021,4001,长江大学,009,化学类(含省支柱产业人才培养计划)(师范),1,591,51068
2021,4001,长江大学,010,环境工程(水处理、环境监测),1,570,75559
2021,4001,长江大学,011,化工与制药类,2,586,56983
2021,4001,长江大学,012,机械类(含教育部卓越工程师、省支柱人才培养计划),2,586,56476
2021,4001,长江大学,013,电子信息类(教育部卓越工程师培养计划),1,594,47876
2021,4001,长江大学,014,计算机类,1,596,46522
2021,4001,长江大学,015,资源勘查工程(石油勘探、新能源、油气测录工程),1,587,55883
2021,4001,长江大学,016,地质学类,1,609,33830
2021,4001,长江大学,017,新能源科学与工程,1,582,60858
2021,4001,长江大学,018,农业资源与环境(生态农业),2,567,78563
2021,4001,长江大学,019,园艺(都市园艺，教育部卓越农林、省荆楚卓越人才培养计划),1,573,71089
2021,4001,长江大学,020,风景园林,1,591,51492
2021,4001,长江大学,021,动物医学类(含教育部卓越农林人才教育培养计划),2,582,61643
2021,4001,长江大学,022,生物科学类,1,586,56351
2021,4001,长江大学,023,食品科学与工程类,1,597,44928
2021,4001,长江大学,024,临床医学(含教育部卓越医生、省荆楚卓越人才育人计划),2,609,33682
2021,4001,长江大学,025,中西医临床医学,1,597,44892
2021,4001,长江大学,026,土木工程(中外合作办学),5,544,105631
2021,4001,长江大学,027,植物生产类(含教育部卓越农林、省支柱产业人才培养计划),3,571,73322
2021,4003,长江工程职业技术学院,505,工程造价,4,495,
2021,4006,鄂州职业大学,501,护理,15,495,
2021,4006,鄂州职业大学,503,学前教育(师范),15,495,
2021,4006,鄂州职业大学,504,小学教育(师范),32,500,155011
2021,4006,鄂州职业大学,505,小学英语教育(师范),15,498,157409
2021,4007,恩施职业技术学院,503,小学教育(师范),10,498,156478
2021,4011,湖北大学,001,工商管理类,3,598,43861
2021,4011,湖北大学,002,旅游管理,2,590,52033
2021,4011,湖北大学,003,国际事务与国际关系(中外合作办学),4,582,61846
2021,4011,湖北大学,005,档案学,3,593,49036
2021,4011,湖北大学,006,环境工程(中外合作办学),4,575,69333
2021,4011,湖北大学,007,材料化学(中外合作办学),4,572,73207
2021,4011,湖北大学,008,新闻传播学类,3,601,41475
2021,4012,湖北大学知行学院(独立学院),001,机器人工程,2,500,154857
2021,4012,湖北大学知行学院(独立学院),002,会计学,4,542,108190
2021,4012,湖北大学知行学院(独立学院),003,审计学,2,549,98953
2021,4012,湖北大学知行学院(独立学院),004,财务管理,2,540,109759
2021,4012,湖北大学知行学院(独立学院),005,机械类,2,505,149730
2021,4012,湖北大学知行学院(独立学院),006,计算机类,4,513,140269
2021,4012,湖北大学知行学院(独立学院),007,电子信息类,2,506,148830
2021,4012,湖北大学知行学院(独立学院),008,管理科学与工程类,2,504,150231
2021,4012,湖北大学知行学院(独立学院),009,金融学,4,539,110811
2021,4012,湖北大学知行学院(独立学院),010,国际经济与贸易,2,540,109980
2021,4012,湖北大学知行学院(独立学院),011,食品科学与工程类,2,543,106574
2021,4012,湖北大学知行学院(独立学院),012,新闻传播学类,3,545,104632
2021,4012,湖北大学知行学院(独立学院),013,旅游管理,2,531,120277
2021,4012,湖北大学知行学院(独立学院),014,法学,2,559,87557
2021,4012,湖北大学知行学院(独立学院),015,生物工程,1,544,105822
2021,4012,湖北大学知行学院(独立学院),016,生物技术,1,541,108807
2021,4012,湖北大学知行学院(独立学院),017,应用化学,2,539,111618
2021,4012,湖北大学知行学院(独立学院),018,英语,5,545,104607
2021,4012,湖北大学知行学院(独立学院),019,商务英语,2,541,109414
2021,4012,湖北大学知行学院(独立学院),020,法语,2,542,108295
2021,4012,湖北大学知行学院(独立学院),021,风景园林,2,543,107205
2021,4013,湖北第二师范学院,001,电子信息科学与技术(中外合作办学),2,528,124028
2021,4013,湖北第二师范学院,002,中国语言文学类(师范),7,582,61607
2021,4013,湖北第二师范学院,003,外国语言文学类,3,581,62989
2021,4013,湖北第二师范学院,004,日语,2,572,72493
2021,4013,湖北第二师范学院,005,国际经济与贸易,3,567,78925
2021,4013,湖北第二师范学院,006,化学类,3,545,104018
2021,4013,湖北第二师范学院,007,学前教育(中外合作办学)(师范),5,566,79571
2021,4014,湖北工业大学,001,机械类,2,593,48793
2021,4014,湖北工业大学,002,电气工程及其自动化,2,615,28233
2021,4014,湖北工业大学,003,计算机类,2,596,46404
2021,4014,湖北工业大学,006,工商管理类,3,591,51520
2021,4015,湖北工业大学工程技术学院(独立学院),007,机械设计制造及其自动化,3,522,130645
2021,4015,湖北工业大学工程技术学院(独立学院),008,机械电子工程,3,500,155083
2021,4015,湖北工业大学工程技术学院(独立学院),009,新能源汽车工程,3,501,153690
2021,4015,湖北工业大学工程技术学院(独立学院),010,电气工程及其自动化,3,503,151234
2021,4015,湖北工业大学工程技术学院(独立学院),011,计算机科学与技术,4,515,138767
2021,4015,湖北工业大学工程技术学院(独立学院),012,物联网工程,2,509,145699
2021,4015,湖北工业大学工程技术学院(独立学院),013,道路桥梁与渡河工程,3,501,154069
2021,4015,湖北工业大学工程技术学院(独立学院),014,工程管理,3,496,159044
2021,4015,湖北工业大学工程技术学院(独立学院),015,金融学,3,537,113810
2021,4015,湖北工业大学工程技术学院(独立学院),016,国际经济与贸易,3,536,115115
2021,4015,湖北工业大学工程技术学院(独立学院),017,大数据管理与应用,2,511,143356
2021,4015,湖北工业大学工程技术学院(独立学院),018,财务管理,3,535,116159
2021,4015,湖北工业大学工程技术学院(独立学院),019,物流管理,3,533,117398
2021,4015,湖北工业大学工程技术学院(独立学院),020,电子商务,3,530,121318
2021,4015,湖北工业大学工程技术学院(独立学院),021,英语,3,536,114859
2021,4015,湖北工业大学工程技术学院(独立学院),022,商务英语,2,529,122878
2021,4016,湖北商贸学院(民办),001,金融学类,4,529,123046
2021,4016,湖北商贸学院(民办),002,工商管理类,4,529,123141
2021,4019,湖北经济学院,001,经济学类,4,570,75188
2021,4019,湖北经济学院,002,金融学类,6,572,72774
2021,4019,湖北经济学院,003,金融工程,4,571,73398
2021,4019,湖北经济学院,004,财政学类,4,569,75937
2021,4019,湖北经济学院,005,工商管理类,3,567,78309
2021,4019,湖北经济学院,006,物联网工程,2,560,87055
2021,4020,湖北经济学院法商学院(独立学院),001,金融学,20,527,125263
2021,4020,湖北经济学院法商学院(独立学院),002,会计学(注册会计师),20,532,119053
2021,4020,湖北经济学院法商学院(独立学院),003,国际经济与贸易(跨境电商),15,527,125482
2021,4020,湖北经济学院法商学院(独立学院),004,法学(经济法),15,535,115459
2021,4020,湖北经济学院法商学院(独立学院),005,英语(经贸英语),10,529,122179
2021,4022,湖北民族大学,001,汉语言文学,2,573,71797
2021,4022,湖北民族大学,002,新闻传播学类,2,562,83759
2021,4022,湖北民族大学,003,商务英语,2,561,85015
2021,4022,湖北民族大学,004,国际经济与贸易,2,561,85756
2021,4022,湖北民族大学,005,社会学,5,561,85489
2021,4022,湖北民族大学,006,临床医学,2,577,66857
2021,4022,湖北民族大学,007,思想政治教育,3,569,76112
2021,4022,湖北民族大学,008,旅游管理,2,554,93628
2021,4022,湖北民族大学,009,计算机类,2,549,99499
2021,4022,湖北民族大学,011,生物工程,2,558,89514
2021,4022,湖北民族大学,012,英语,2,567,78721
2021,4023,湖北汽车工业学院,001,车辆工程(含教育部卓越计划班),3,535,116200
2021,4023,湖北汽车工业学院,002,机械类,3,543,106398
2021,4023,湖北汽车工业学院,003,车辆工程(中外合作办学)(中英合作),4,519,134649
2021,4024,湖北汽车工业学院科技学院(独立学院),001,机械设计制造及其自动化,2,495,
2021,4024,湖北汽车工业学院科技学院(独立学院),002,材料成型及控制工程(智能制造),2,513,140430
2021,4024,湖北汽车工业学院科技学院(独立学院),004,车辆工程,2,498,156419
2021,4024,湖北汽车工业学院科技学院(独立学院),005,物流管理,3,530,121275
2021,4024,湖北汽车工业学院科技学院(独立学院),006,财务管理,3,528,123697
2021,4024,湖北汽车工业学院科技学院(独立学院),007,信息管理与信息系统(大数据分析与应用),1,505,149083
2021,4024,湖北汽车工业学院科技学院(独立学院),008,国际经济与贸易,2,525,127146
2021,4025,湖北轻工职业技术学院,501,机电一体化技术,8,495,
2021,4026,湖北三峡职业技术学院,509,学前教育,6,495,
2021,4026,湖北三峡职业技术学院,512,临床医学,6,503,151803
2021,4026,湖北三峡职业技术学院,513,口腔医学,6,511,143166
2021,4028,湖北生物科技职业学院,502,动物医学,3,495,
2021,4028,湖北生物科技职业学院,504,医学生物技术,4,495,
2021,4029,湖北师范大学,002,教育学类(师范),4,603,38818
2021,4029,湖北师范大学,003,社会工作,2,575,68953
2021,4029,湖北师范大学,004,广播电视学,2,581,62122
2021,4029,湖北师范大学,005,化学类,3,590,52314
2021,4029,湖北师范大学,006,化学工程与工艺,2,580,63781
2021,4029,湖北师范大学,007,地理科学类,6,595,46754
2021,4029,湖北师范大学,008,环境工程,2,563,83043
2021,4029,湖北师范大学,009,生物科学类,2,590,52217
2021,4029,湖北师范大学,010,食品科学与工程,2,571,73935
2021,4029,湖北师范大学,011,电子信息工程(中外合作办学),8,514,139648
2021,4031,湖北职业技术学院,504,临床医学,30,495,
2021,4031,湖北职业技术学院,505,医学检验技术,10,495,
2021,4031,湖北职业技术学院,506,医学影像技术,10,495,
2021,4031,湖北职业技术学院,507,药学,10,495,
2021,4031,湖北职业技术学院,508,口腔医学,40,501,153657
2021,4031,湖北职业技术学院,509,护理,20,495,
2021,4031,湖北职业技术学院,514,电子商务,10,495,
2021,4031,湖北职业技术学院,515,学前教育(师范),10,495,
2021,4032,湖北中医药大学,001,中医学,6,613,30266
2021,4032,湖北中医药大学,002,中西医临床医学,6,606,36365
2021,4032,湖北中医药大学,003,针灸推拿学,8,587,55389
2021,4032,湖北中医药大学,004,康复治疗学,1,580,64112
2021,4032,湖北中医药大学,005,中药学,6,589,53585
2021,4032,湖北中医药大学,006,药学,6,583,59760
2021,4032,湖北中医药大学,007,制药工程,2,575,69504
2021,4032,湖北中医药大学,008,药物制剂,4,575,68790
2021,4032,湖北中医药大学,009,中药制药,1,583,60642
2021,4032,湖北中医药大学,010,医学检验技术,5,593,48803
2021,4032,湖北中医药大学,011,生物技术,1,574,69931
2021,4032,湖北中医药大学,012,卫生检验与检疫,2,578,66298
2021,4032,湖北中医药大学,013,食品质量与安全,1,582,60904
2021,4032,湖北中医药大学,014,医学影像技术,2,594,47795
2021,4032,湖北中医药大学,015,护理学,1,575,69224
2021,4032,湖北中医药大学,016,助产学,1,589,53339
2021,4032,湖北中医药大学,017,市场营销,3,565,81222
2021,4032,湖北中医药大学,018,公共事业管理,2,572,72979
2021,4032,湖北中医药大学,019,国际商务,1,575,69403
2021,4032,湖北中医药大学,020,物流管理,1,573,71190
2021,4032,湖北中医药大学,021,保险学,2,562,83919
2021,4032,湖北中医药大学,022,信息管理与信息系统,2,562,83803
2021,4032,湖北中医药大学,023,医学信息工程,2,566,79711
2021,4032,湖北中医药大学,024,物联网工程,1,589,53322
2021,4032,湖北中医药大学,025,公共事业管理(医事法学),1,576,68368
2021,4032,湖北中医药大学,026,应用心理学,1,597,45629
2021,4032,湖北中医药大学,027,汉语国际教育,1,570,75150
2021,4032,湖北中医药大学,028,英语,2,578,65736
2021,4032,湖北中医药大学,029,医学实验技术,2,578,65456
2021,4032,湖北中医药大学,030,运动康复,5,564,81788
2021,4032,湖北中医药大学,031,健康服务与管理,1,565,80716
2021,4032,湖北中医药大学,032,中医学(5+3一体化),3,623,21982
2021,4032,湖北中医药大学,033,中医学(5+3一体化，针灸推拿),3,618,26221
2021,4032,湖北中医药大学,034,中医学(5+3一体化，中西医结合),4,621,24050
2021,4033,湖北中医药高等专科学校,501,药品质量与安全,1,502,152552
2021,4033,湖北中医药高等专科学校,502,药品经营与管理,2,495,
2021,4033,湖北中医药高等专科学校,503,智能医疗装备技术,2,499,156116
2021,4033,湖北中医药高等专科学校,504,临床医学,8,512,141524
2021,4033,湖北中医药高等专科学校,505,口腔医学,6,530,121522
2021,4033,湖北中医药高等专科学校,506,护理,4,509,145514
2021,4033,湖北中医药高等专科学校,507,助产,2,507,147896
2021,4033,湖北中医药高等专科学校,508,药学,2,517,136341
2021,4033,湖北中医药高等专科学校,509,中医学,8,511,142695
2021,4033,湖北中医药高等专科学校,510,中医骨伤,2,509,144825
2021,4033,湖北中医药高等专科学校,511,针灸推拿,7,505,149882
2021,4033,湖北中医药高等专科学校,512,中药学,2,518,135026
2021,4033,湖北中医药高等专科学校,513,中药制药,2,506,148095
2021,4033,湖北中医药高等专科学校,514,中医养生保健,2,502,153246
2021,4033,湖北中医药高等专科学校,515,医学检验技术,2,510,144091
2021,4033,湖北中医药高等专科学校,516,医学美容技术,2,507,147834
2021,4033,湖北中医药高等专科学校,517,康复治疗技术,2,498,156823
2021,4033,湖北中医药高等专科学校,518,公共卫生管理,1,508,146100
2021,4033,湖北中医药高等专科学校,519,健康管理,1,503,151943
2021,4033,湖北中医药高等专科学校,520,老年保健与管理,1,498,156675
2021,4034,华中科技大学(一流大学建设高校),001,数学类,6,652,6308
2021,4034,华中科技大学(一流大学建设高校),002,物理学类,8,651,6807
2021,4034,华中科技大学(一流大学建设高校),003,化学类,6,650,7017
2021,4034,华中科技大学(一流大学建设高校),004,机械类(机械学院),17,651,6779
2021,4034,华中科技大学(一流大学建设高校),005,能源动力类,12,650,7169
2021,4034,华中科技大学(一流大学建设高校),006,电气工程及其自动化,13,655,5446
2021,4034,华中科技大学(一流大学建设高校),007,电子信息类(电信学院),14,653,5996
2021,4034,华中科技大学(一流大学建设高校),008,电子信息类(光电学院),25,653,6236
2021,4034,华中科技大学(一流大学建设高校),009,计算机类(计算机学院),9,666,2583
2021,4034,华中科技大学(一流大学建设高校),010,计算机类(网安、软件学院),14,657,4703
2021,4034,华中科技大学(一流大学建设高校),011,自动化类(AI试验班),15,655,5313
2021,4034,华中科技大学(一流大学建设高校),012,建筑类(智慧建筑规划试验班),8,654,5827
2021,4034,华中科技大学(一流大学建设高校),013,工商管理类,8,655,5433
2021,4034,华中科技大学(一流大学建设高校),014,经济学类,10,651,6681
2021,4034,华中科技大学(一流大学建设高校),015,新闻传播学类,5,659,4397
2021,4034,华中科技大学(一流大学建设高校),016,临床医学(本硕博贯通培养),5,668,2270
2021,4034,华中科技大学(一流大学建设高校),017,临床医学类(同济医学院),20,659,4176
2021,4034,华中科技大学(一流大学建设高校),018,预防医学(同济医学院),4,655,5601
2021,4034,华中科技大学(一流大学建设高校),019,生物科学(中外合作办学),10,636,13925
2021,4034,华中科技大学(一流大学建设高校),020,生物医学工程类(国家生命科学与技术人才试验班),13,651,6730
2021,4034,华中科技大学(一流大学建设高校),021,生物科学(国家科教协同计划贝时璋菁英班),4,652,6303
2021,4035,文华学院(民办),001,智能制造工程,2,497,157692
2021,4035,文华学院(民办),002,智能制造工程（3D打印及三维数字设计特色班）,2,495,
2021,4035,文华学院(民办),003,能源与动力工程,2,510,144541
2021,4035,文华学院(民办),004,电气类,2,499,155791
2021,4035,文华学院(民办),005,机械设计制造及其自动化,2,500,154418
2021,4035,文华学院(民办),006,机器人工程,2,507,146943
2021,4035,文华学院(民办),007,建筑类,2,548,101224
2021,4035,文华学院(民办),008,土木类,2,505,149360
2021,4035,文华学院(民办),010,环境工程,2,541,109011
2021,4035,文华学院(民办),011,通信工程(智能技术与5G应用),2,511,142771
2021,4035,文华学院(民办),012,电子信息工程(智能信息处理与应用),2,510,143514
2021,4035,文华学院(民办),013,计算机科学与技术,2,528,123582
2021,4035,文华学院(民办),014,软件工程,2,513,140676
2021,4035,文华学院(民办),015,金融学,2,539,111636
2021,4035,文华学院(民办),016,工商管理,2,538,112596
2021,4035,文华学院(民办),017,电子商务(数字化商务与管理),2,533,117969
2021,4035,文华学院(民办),018,会计学,2,537,113295
2021,4035,文华学院(民办),019,财务管理,2,537,113696
2021,4035,文华学院(民办),020,国际经济与贸易,2,536,114711
2021,4035,文华学院(民办),021,广告学,3,544,105764
2021,4035,文华学院(民办),022,新闻学,3,545,104538
2021,4035,文华学院(民办),023,网络与新媒体,2,546,102815
2021,4035,文华学院(民办),024,汉语言文学,2,548,100570
2021,4035,文华学院(民办),025,法学,2,538,111993
2021,4035,文华学院(民办),026,英语,2,544,105475
2021,4035,文华学院(民办),027,日语,2,537,113567
2021,4035,文华学院(民办),028,翻译,2,543,106307
2021,4035,文华学院(民办),034,光电信息科学与工程(5G通信智能光网络技术),2,499,155636
2021,4035,文华学院(民办),502,计算机应用技术(中软国际大数据卓越班),10,495,
2021,4035,文华学院(民办),504,工程造价,8,495,
2021,4035,文华学院(民办),505,大数据与财务管理,6,496,159137
2021,4035,文华学院(民办),507,应用英语,7,495,160345
2021,4036,武昌首义学院(民办),001,计算机科学与技术,1,528,123501
2021,4036,武昌首义学院(民办),002,软件工程,1,538,111812
2021,4036,武昌首义学院(民办),003,通信工程,1,519,133570
2021,4036,武昌首义学院(民办),004,物联网工程,1,516,136984
2021,4036,武昌首义学院(民办),005,计算机科学与技术(华为云特色班),1,531,120038
2021,4036,武昌首义学院(民办),006,软件工程(华为云特色班),1,520,133200
2021,4036,武昌首义学院(民办),007,通信工程(讯方5G特色班),1,517,136393
2021,4036,武昌首义学院(民办),008,物联网工程(厚溥智能信息特色班),1,512,141453
2021,4036,武昌首义学院(民办),009,电气工程及其自动化,2,522,130966
2021,4036,武昌首义学院(民办),010,机械电子工程,2,497,157912
2021,4036,武昌首义学院(民办),011,自动化(智能制造),2,498,156493
2021,4036,武昌首义学院(民办),012,机械设计制造及其自动化(智能制造),2,518,135137
2021,4036,武昌首义学院(民办),014,土木类,2,499,156096
2021,4036,武昌首义学院(民办),015,管理科学与工程类,2,502,152495
2021,4036,武昌首义学院(民办),016,外国语言文学类,2,546,102524
2021,4036,武昌首义学院(民办),017,金融学,2,542,108002
2021,4036,武昌首义学院(民办),018,金融科技,2,527,125193
2021,4036,武昌首义学院(民办),019,财务管理,2,549,99596
2021,4036,武昌首义学院(民办),020,会计学,1,552,96372
2021,4036,武昌首义学院(民办),021,会计学(英国皇家特许管理会计师),1,542,107649
2021,4036,武昌首义学院(民办),022,市场营销(互联网新媒体营销),3,533,118216
2021,4036,武昌首义学院(民办),023,法学,3,547,102294
2021,4036,武昌首义学院(民办),024,网络与新媒体,3,553,95369
2021,4036,武昌首义学院(民办),025,汉语言文学,3,553,95316
2021,4036,武昌首义学院(民办),501,大数据与财务管理,7,500,154403
2021,4036,武昌首义学院(民办),502,市场营销,7,495,
2021,4036,武昌首义学院(民办),503,计算机应用技术(华为云特色班),5,504,150197
2021,4036,武昌首义学院(民办),504,机电一体化技术(工业机器人),4,495,
2021,4036,武昌首义学院(民办),505,机械制造及自动化,4,495,
2021,4036,武昌首义学院(民办),506,电气自动化技术,4,495,
2021,4036,武昌首义学院(民办),507,建筑工程技术,4,503,151539
2021,4037,华中农业大学(一流学科建设高校),001,动物科学(国家卓越农林人才计划),8,623,22402
2021,4037,华中农业大学(一流学科建设高校),002,动物医学,10,629,18174
2021,4037,华中农业大学(一流学科建设高校),003,环境科学与工程类,10,621,23893
2021,4037,华中农业大学(一流学科建设高校),004,生物工程,10,623,22027
2021,4037,华中农业大学(一流学科建设高校),005,风景园林,3,635,14036
2021,4037,华中农业大学(一流学科建设高校),006,园林(国家卓越农林人才计划),6,629,17833
2021,4037,华中农业大学(一流学科建设高校),007,园艺(国家卓越农林人才计划),10,624,21446
2021,4037,华中农业大学(一流学科建设高校),008,林学,7,618,25700
2021,4037,华中农业大学(一流学科建设高校),009,茶学,4,621,23526
2021,4037,华中农业大学(一流学科建设高校),010,设施农业科学与工程,7,619,25209
2021,4037,华中农业大学(一流学科建设高校),011,经济学类,5,633,15257
2021,4037,华中农业大学(一流学科建设高校),012,工商管理类,5,633,15252
2021,4037,华中农业大学(一流学科建设高校),013,食品科学与工程类,15,622,22874
2021,4037,华中农业大学(一流学科建设高校),014,广告学,4,633,15370
2021,4037,华中农业大学(一流学科建设高校),015,法学,4,638,12879
2021,4037,华中农业大学(一流学科建设高校),016,生物科学类,17,628,18943
2021,4037,华中农业大学(一流学科建设高校),017,农业工程类,19,613,30363
2021,4037,华中农业大学(一流学科建设高校),018,机械类,21,615,28084
2021,4037,华中农业大学(一流学科建设高校),019,水产类,14,615,28672
2021,4037,华中农业大学(一流学科建设高校),020,植物生产类,20,618,26139
2021,4037,华中农业大学(一流学科建设高校),021,社会学类,8,631,16764
2021,4037,华中农业大学(一流学科建设高校),022,外国语言文学类,3,632,16058
2021,4037,华中农业大学(一流学科建设高校),023,公共管理类,2,635,14463
2021,4037,华中农业大学(一流学科建设高校),024,管理科学与工程类,10,619,24951
2021,4037,华中农业大学(一流学科建设高校),025,智慧农业,1,632,16069
2021,4037,华中农业大学(一流学科建设高校),026,计算机类,4,628,18893
2021,4038,武汉设计工程学院(民办),009,食品科学与工程,2,533,117370
2021,4038,武汉设计工程学院(民办),010,园林,2,529,122294
2021,4038,武汉设计工程学院(民办),011,商务英语,2,529,122471
2021,4039,华中师范大学(一流学科建设高校),001,教育学类,4,653,6145
2021,4039,华中师范大学(一流学科建设高校),005,心理学类,2,648,7747
2021,4039,华中师范大学(一流学科建设高校),006,法学类,2,648,7961
2021,4039,华中师范大学(一流学科建设高校),009,中国语言文学类,2,656,5189
2021,4039,华中师范大学(一流学科建设高校),011,日语,2,644,9756
2021,4039,华中师范大学(一流学科建设高校),012,朝鲜语(韩语),2,641,11205
2021,4039,华中师范大学(一流学科建设高校),015,数学类,1,652,6387
2021,4039,华中师范大学(一流学科建设高校),016,统计学,2,643,10138
2021,4039,华中师范大学(一流学科建设高校),018,物理学(基地班),2,646,8838
2021,4039,华中师范大学(一流学科建设高校),019,物理学类,2,643,10191
2021,4039,华中师范大学(一流学科建设高校),020,电子信息类,4,636,13508
2021,4039,华中师范大学(一流学科建设高校),022,化学类,4,647,8430
2021,4039,华中师范大学(一流学科建设高校),024,生物科学类,4,647,8399
2021,4039,华中师范大学(一流学科建设高校),026,新闻传播学类,2,649,7520
2021,4039,华中师范大学(一流学科建设高校),027,计算机类,7,637,13293
2021,4039,华中师范大学(一流学科建设高校),029,教育技术学,3,642,10474
2021,4039,华中师范大学(一流学科建设高校),030,数字媒体技术,2,639,11800
2021,4039,华中师范大学(一流学科建设高校),031,数据科学与大数据技术,2,639,12089
2021,4039,华中师范大学(一流学科建设高校),032,管理科学与工程类,2,635,14171
2021,4039,华中师范大学(一流学科建设高校),033,经济学类,4,645,9294
2021,4039,华中师范大学(一流学科建设高校),034,金融工程,2,638,12335
2021,4039,华中师范大学(一流学科建设高校),035,房地产开发与管理,4,606,36296
2021,4039,华中师范大学(一流学科建设高校),036,社会学类,2,648,8059
2021,4039,华中师范大学(一流学科建设高校),037,公共管理类,2,646,8924
2021,4039,华中师范大学(一流学科建设高校),038,政治学类,2,651,6710
2021,4040,汉口学院(民办),001,英语,5,536,114464
2021,4040,汉口学院(民办),004,新闻传播学类,5,539,110969
2021,4040,汉口学院(民办),005,法学类,8,539,111669
2021,4040,汉口学院(民办),006,电子商务类,5,529,122945
2021,4042,黄冈职业技术学院,501,临床医学,12,495,
2021,4042,黄冈职业技术学院,502,口腔医学,14,505,149983
2021,4042,黄冈职业技术学院,503,药学,5,495,
2021,4043,湖北理工学院,001,应用化学,2,553,94692
2021,4043,湖北理工学院,002,材料类,2,534,116330
2021,4043,湖北理工学院,003,环境科学与工程类,4,549,99030
2021,4043,湖北理工学院,004,能源与环境系统工程,2,553,95347
2021,4045,荆楚理工学院,001,应用物理学,2,539,110699
2021,4045,荆楚理工学院,002,印刷工程,2,552,96502
2021,4045,荆楚理工学院,003,生物工程,2,554,93332
2021,4045,荆楚理工学院,006,化学工程与工艺,2,549,99245
2021,4045,荆楚理工学院,501,园林技术,5,508,146449
2021,4045,荆楚理工学院,502,学前教育(师范),2,514,139126
2021,4045,荆楚理工学院,503,数控技术,5,508,145881
2021,4045,荆楚理工学院,504,电气自动化技术,5,499,156049
2021,4045,荆楚理工学院,505,应用化工技术,5,507,147470
2021,4045,荆楚理工学院,506,印刷数字图文技术,6,505,150032
2021,4045,荆楚理工学院,507,护理,2,517,136703
2021,4047,荆州职业技术学院,512,学前教育(师范),25,495,
2021,4048,三峡大学,001,国际经济与贸易,2,583,59705
2021,4048,三峡大学,002,建筑类,2,590,52541
2021,4048,三峡大学,003,材料类,3,571,74287
2021,4048,三峡大学,004,电气工程及其自动化,4,617,26956
2021,4048,三峡大学,005,财务管理,6,585,57630
2021,4048,三峡大学,006,临床医学,4,590,52830
2021,4048,三峡大学,007,计算机类,6,589,53156
2021,4049,三峡大学科技学院(独立学院),001,水利水电工程,3,522,130494
2021,4049,三峡大学科技学院(独立学院),002,土木类,1,511,142563
2021,4049,三峡大学科技学院(独立学院),003,机械设计制造及其自动化,1,508,145950
2021,4049,三峡大学科技学院(独立学院),004,电气工程及其自动化(含电力系统、输电线路工程),2,524,128089
2021,4049,三峡大学科技学院(独立学院),005,计算机类,2,520,132713
2021,4049,三峡大学科技学院(独立学院),006,临床医学,5,556,91862
2021,4049,三峡大学科技学院(独立学院),007,国际经济与贸易,2,533,118458
2021,4049,三峡大学科技学院(独立学院),008,金融学,3,538,112309
2021,4049,三峡大学科技学院(独立学院),009,财务管理,3,534,116255
2021,4049,三峡大学科技学院(独立学院),010,工商管理类,2,533,118523
2021,4049,三峡大学科技学院(独立学院),011,英语(含商务、教育),2,548,101203
2021,4049,三峡大学科技学院(独立学院),012,法学,2,542,108055
2021,4050,三峡电力职业学院,501,工程造价,6,495,
2021,4050,三峡电力职业学院,504,电力系统自动化技术,14,495,
2021,4053,随州职业技术学院,501,临床医学,50,495,
2021,4053,随州职业技术学院,503,学前教育,20,495,
2021,4055,武汉大学(一流大学建设高校),004,中国语言文学类(含中国语言文学国家拔尖学生培养基地),2,664,3123
2021,4055,武汉大学(一流大学建设高校),005,历史学类,2,662,3561
2021,4055,武汉大学(一流大学建设高校),006,外国语言文学类,3,660,4130
2021,4055,武汉大学(一流大学建设高校),007,经济学类(含经济学国家拔尖学生培养基地),8,661,3666
2021,4055,武汉大学(一流大学建设高校),008,工商管理类,8,653,6064
2021,4055,武汉大学(一流大学建设高校),009,公共管理类,4,660,4022
2021,4055,武汉大学(一流大学建设高校),011,数学类(含数学国家拔尖学生培养基地),3,658,4626
2021,4055,武汉大学(一流大学建设高校),012,物理学类(含物理学国家拔尖学生培养基地),6,654,5717
2021,4055,武汉大学(一流大学建设高校),013,化学类(含化学国家拔尖学生培养基地),3,654,5939
2021,4055,武汉大学(一流大学建设高校),014,生物科学类(含生物国家拔尖学生培养基地),3,654,5753
2021,4055,武汉大学(一流大学建设高校),015,建筑学(中外合作办学),2,650,7026
2021,4055,武汉大学(一流大学建设高校),016,计算机类(国家网络安全学院),10,657,4828
2021,4055,武汉大学(一流大学建设高校),017,药学类,2,651,6884
2021,4055,武汉大学(一流大学建设高校),018,理科试验班(弘毅学堂),2,662,3620
2021,4055,武汉大学(一流大学建设高校),019,哲学类(含哲学国家拔尖学生培养基地),1,666,2636
2021,4055,武汉大学(一流大学建设高校),020,新闻传播学类(含卓越新闻传播人才教育培养计划),4,663,3336
2021,4055,武汉大学(一流大学建设高校),021,社会科学试验班(信息管理类),6,650,7033
2021,4055,武汉大学(一流大学建设高校),022,法学(含国际法试验班),5,672,1645
2021,4055,武汉大学(一流大学建设高校),023,理科试验班(空间信息与资源环境类),5,653,6288
2021,4055,武汉大学(一流大学建设高校),024,临床医学,4,665,2743
2021,4055,武汉大学(一流大学建设高校),025,口腔医学,2,669,2087
2021,4055,武汉大学(一流大学建设高校),026,口腔医学(5+3一体化),2,669,2036
2021,4055,武汉大学(一流大学建设高校),027,临床医学(5+3一体化),4,662,3485
2021,4055,武汉大学(一流大学建设高校),028,计算机类(计算机学院),16,659,4289
2021,4055,武汉大学(一流大学建设高校),029,工科试验班,18,651,6677
2021,4055,武汉大学(一流大学建设高校),030,电子信息类(含卓越工程师教育培养计划),14,653,5997
2021,4055,武汉大学(一流大学建设高校),031,轻工类(含卓越工程师教育培养计划),3,649,7588
2021,4055,武汉大学(一流大学建设高校),032,测绘类(含卓越工程师教育培养计划),4,651,6781
2021,4055,武汉大学(一流大学建设高校),033,遥感科学与技术,6,651,6791
2021,4055,武汉大学(一流大学建设高校),034,临床医学类,3,656,5029
2021,4055,武汉大学(一流大学建设高校),035,工科试验班(弘毅学堂),2,662,3595
2021,4056,武汉晴川学院(民办),001,计算机科学与技术,4,521,131906
2021,4056,武汉晴川学院(民办),002,英语,4,540,110565
2021,4056,武汉晴川学院(民办),003,翻译,2,538,112393
2021,4056,武汉晴川学院(民办),004,学前教育,2,547,101989
2021,4056,武汉晴川学院(民办),005,国际经济与贸易,2,530,121334
2021,4056,武汉晴川学院(民办),006,电子商务,2,531,120368
2021,4056,武汉晴川学院(民办),007,市场营销,2,531,120276
2021,4056,武汉晴川学院(民办),008,物流管理,2,531,119899
2021,4056,武汉晴川学院(民办),009,金融科技,2,528,123225
2021,4056,武汉晴川学院(民办),010,会计学,2,536,114577
2021,4056,武汉晴川学院(民办),011,财务管理,2,534,116771
2021,4056,武汉晴川学院(民办),012,新闻学,2,538,112575
2021,4056,武汉晴川学院(民办),013,网络与新媒体,2,540,110274
2021,4056,武汉晴川学院(民办),501,供用电技术,4,495,
2021,4056,武汉晴川学院(民办),502,电子信息工程技术,3,506,148383
2021,4056,武汉晴川学院(民办),503,电子商务,4,502,152785
2021,4056,武汉晴川学院(民办),504,金融服务与管理,4,495,
2021,4058,武汉工程大学,001,电子信息类,2,596,45856
2021,4058,武汉工程大学,002,电气工程及其自动化,2,593,48857
2021,4058,武汉工程大学,003,工商管理类,2,593,48835
2021,4058,武汉工程大学,004,计算机类,5,597,45633
2021,4058,武汉工程大学,005,人工智能,3,594,48444
2021,4058,武汉工程大学,006,法学类,4,604,37988
2021,4058,武汉工程大学,007,数据科学与大数据技术,2,595,46783
2021,4058,武汉工程大学,008,英语,2,595,47660
2021,4058,武汉工程大学,009,汉语国际教育,2,593,48867
2021,4059,武汉工程大学邮电与信息工程学院(独立学院),001,过程装备与控制工程(计算机仿真模拟),2,505,149148
2021,4059,武汉工程大学邮电与信息工程学院(独立学院),002,自动化(AI),2,505,149602
2021,4059,武汉工程大学邮电与信息工程学院(独立学院),003,自动化(物联网),2,499,155524
2021,4059,武汉工程大学邮电与信息工程学院(独立学院),004,通信工程(移动通信),2,503,151598
2021,4059,武汉工程大学邮电与信息工程学院(独立学院),005,计算机科学与技术,3,521,131555
2021,4059,武汉工程大学邮电与信息工程学院(独立学院),006,计算机科学与技术(AI),3,509,145610
2021,4059,武汉工程大学邮电与信息工程学院(独立学院),007,软件工程,3,513,140979
2021,4059,武汉工程大学邮电与信息工程学院(独立学院),008,软件工程(大数据与云计算),2,520,133493
2021,4059,武汉工程大学邮电与信息工程学院(独立学院),009,网络工程(物联网),3,506,148167
2021,4059,武汉工程大学邮电与信息工程学院(独立学院),010,高分子材料与工程,4,531,119742
2021,4059,武汉工程大学邮电与信息工程学院(独立学院),011,高分子材料与工程(光电信息材料),9,531,120579
2021,4059,武汉工程大学邮电与信息工程学院(独立学院),012,国际经济与贸易(跨境电商),3,527,125210
2021,4059,武汉工程大学邮电与信息工程学院(独立学院),013,法学,4,541,108725
2021,4059,武汉工程大学邮电与信息工程学院(独立学院),014,英语,3,532,119457
2021,4060,武汉工程职业技术学院,514,计算机应用技术,3,495,
2021,4060,武汉工程职业技术学院,515,动漫制作技术,3,495,
2021,4061,武汉轻工大学,001,食品科学与工程类,4,573,71917
2021,4061,武汉轻工大学,002,生物工程类,3,570,75102
2021,4061,武汉轻工大学,003,化学工程与工艺,2,575,69488
2021,4061,武汉轻工大学,004,材料化学,2,573,71683
2021,4061,武汉轻工大学,005,机械类,4,568,77253
2021,4061,武汉轻工大学,006,动物药学,2,569,75960
2021,4061,武汉轻工大学,007,电子信息类,3,573,71464
2021,4061,武汉轻工大学,008,自动化,2,579,64363
2021,4061,武汉轻工大学,009,计算机类,5,576,68135
2021,4061,武汉轻工大学,010,工商管理类,5,575,69913
2021,4061,武汉轻工大学,011,物流管理,2,573,71892
2021,4061,武汉轻工大学,012,金融学,2,587,55618
2021,4061,武汉轻工大学,013,建筑学,2,585,57903
2021,4061,武汉轻工大学,015,外国语言文学类,2,579,64921
2021,4061,武汉轻工大学,016,广告学(中外合作办学),5,566,79816
2021,4062,武昌工学院(民办),004,投资学,2,526,126244
2021,4062,武昌工学院(民办),005,国际经济与贸易,3,526,126221
2021,4062,武昌工学院(民办),006,学前教育,4,539,111562
2021,4062,武昌工学院(民办),007,汉语国际教育,3,529,122966
2021,4062,武昌工学院(民办),008,英语(英法双语),3,528,123881
2021,4062,武昌工学院(民办),009,机械设计制造及其自动化(三维数字化技术运用),2,502,152436
2021,4062,武昌工学院(民办),010,计算机科学与技术,2,507,146902
2021,4062,武昌工学院(民办),011,软件工程,2,511,143121
2021,4062,武昌工学院(民办),012,土木工程(建筑信息化、市政建设),2,499,156056
2021,4062,武昌工学院(民办),013,工程造价(注册造价师),2,506,148235
2021,4062,武昌工学院(民办),014,工商管理,2,525,127436
2021,4062,武昌工学院(民办),015,会计学(注册会计师),6,530,121440
2021,4062,武昌工学院(民办),016,电子商务,3,527,125178
2021,4062,武昌工学院(民办),503,工业机器人技术,4,495,
2021,4062,武昌工学院(民办),504,计算机应用技术,4,496,159375
2021,4062,武昌工学院(民办),505,金融服务与管理,5,495,
2021,4062,武昌工学院(民办),506,大数据与会计,4,495,
2021,4066,武汉警官职业学院,501,计算机应用技术,2,495,159961
2021,4066,武汉警官职业学院,502,计算机网络技术,2,507,147663
2021,4066,武汉警官职业学院,503,法律事务,2,508,145977
2021,4066,武汉警官职业学院,504,法律文秘,2,510,144408
2021,4066,武汉警官职业学院,505,刑事执行,8,510,143685
2021,4066,武汉警官职业学院,506,行政执行,2,502,153032
2021,4066,武汉警官职业学院,507,司法警务,2,509,145359
2021,4066,武汉警官职业学院,508,刑事侦查技术,4,501,154181
2021,4066,武汉警官职业学院,509,司法鉴定技术,2,511,143244
2021,4066,武汉警官职业学院,510,司法信息安全,2,500,154460
2021,4066,武汉警官职业学院,511,智能安防运营管理,2,495,160403
2021,4067,武汉科技大学,001,机械类,10,595,47085
2021,4067,武汉科技大学,002,计算机类,11,603,39140
2021,4067,武汉科技大学,003,自动化类,14,599,42781
2021,4067,武汉科技大学,004,建筑类,2,610,32610
2021,4067,武汉科技大学,005,土木类,2,596,45670
2021,4067,武汉科技大学,006,工程力学,2,593,49057
2021,4067,武汉科技大学,007,机械类(汽车),2,592,49936
2021,4067,武汉科技大学,008,材料类,15,583,60470
2021,4067,武汉科技大学,009,应用化学,3,594,47862
2021,4067,武汉科技大学,010,化工与制药类,6,592,50498
2021,4067,武汉科技大学,011,工商管理类,13,594,47854
2021,4067,武汉科技大学,012,外国语言文学类,9,596,46099
2021,4067,武汉科技大学,013,德语,4,595,47486
2021,4067,武汉科技大学,014,经济与贸易类,6,593,49681
2021,4067,武汉科技大学,015,法学类,5,607,35726
2021,4068,武汉城市学院(民办),001,工商管理,3,541,109184
2021,4068,武汉城市学院(民办),002,物流管理,3,536,114155
2021,4068,武汉城市学院(民办),003,人力资源管理,2,542,108313
2021,4068,武汉城市学院(民办),004,市场营销,2,530,122012
2021,4068,武汉城市学院(民办),005,财务管理,3,538,112210
2021,4068,武汉城市学院(民办),006,会计学,3,545,104014
2021,4068,武汉城市学院(民办),007,国际经济与贸易,3,540,109491
2021,4068,武汉城市学院(民办),008,土木工程,2,522,130220
2021,4068,武汉城市学院(民办),009,工程管理,1,518,134789
2021,4068,武汉城市学院(民办),010,建筑学,2,548,101110
2021,4068,武汉城市学院(民办),011,环境工程,1,552,96145
2021,4068,武汉城市学院(民办),012,给排水科学与工程,1,522,130393
2021,4068,武汉城市学院(民办),013,城乡规划,3,546,102651
2021,4068,武汉城市学院(民办),014,工程造价,2,516,136873
2021,4068,武汉城市学院(民办),015,计算机科学与技术,4,523,129255
2021,4068,武汉城市学院(民办),016,软件工程,4,540,109711
2021,4068,武汉城市学院(民办),017,信息与计算科学,1,517,135942
2021,4068,武汉城市学院(民办),018,信息管理与信息系统,2,517,136200
2021,4068,武汉城市学院(民办),019,电子商务,2,535,115550
2021,4068,武汉城市学院(民办),020,机械设计制造及其自动化,2,528,124168
2021,4068,武汉城市学院(民办),021,汽车服务工程,2,510,143748
2021,4068,武汉城市学院(民办),022,电气工程及其自动化,2,519,133876
2021,4068,武汉城市学院(民办),023,自动化,1,523,129727
2021,4068,武汉城市学院(民办),024,智能车辆工程,1,517,136726
2021,4068,武汉城市学院(民办),025,机器人工程,1,533,118056
2021,4068,武汉城市学院(民办),026,机械电子工程,1,520,132612
2021,4068,武汉城市学院(民办),027,英语,4,537,113938
2021,4068,武汉城市学院(民办),028,日语,4,539,111686
2021,4068,武汉城市学院(民办),033,应用化学,1,541,108505
2021,4068,武汉城市学院(民办),034,药物制剂,1,553,94977
2021,4069,武昌理工学院(民办),001,投资学(金融),3,523,129312
2021,4069,武昌理工学院(民办),002,工商管理(精英班),16,521,132116
2021,4069,武昌理工学院(民办),003,电子商务,3,532,119213
2021,4069,武昌理工学院(民办),004,电气工程及其自动化,3,498,157010
2021,4069,武昌理工学院(民办),005,机器人工程,3,496,159132
2021,4069,武昌理工学院(民办),006,生物工程,3,532,119514
2021,4069,武昌理工学院(民办),007,环境工程,3,529,122710
2021,4069,武昌理工学院(民办),008,护理学,3,541,109073
2021,4069,武昌理工学院(民办),009,汉语言文学,3,550,98806
2021,4069,武昌理工学院(民办),502,计算机网络技术,3,504,151130
2021,4069,武昌理工学院(民办),505,生物制药技术,3,495,160132
2021,4070,武汉纺织大学,008,材料类,4,561,85829
2021,4070,武汉纺织大学,009,纺织类,8,555,92532
2021,4070,武汉纺织大学,010,纺织工程(中外合作办学),10,495,
2021,4070,武汉纺织大学,011,信息管理与信息系统,5,562,84436
2021,4070,武汉纺织大学,012,化学类,10,556,91711
2021,4070,武汉纺织大学,013,环境科学与工程类,5,564,81781
2021,4070,武汉纺织大学,014,会计学(ACCA),5,579,64766
2021,4070,武汉纺织大学,015,会计学,5,581,61929
2021,4070,武汉纺织大学,016,工程造价,4,558,88758
2021,4070,武汉纺织大学,017,国际经济与贸易,5,575,69728
2021,4070,武汉纺织大学,018,金融学类,3,577,66719
2021,4070,武汉纺织大学,019,人工智能,4,573,71415
2021,4070,武汉纺织大学,020,自动化类,4,565,80462
2021,4071,武汉纺织大学外经贸学院(独立学院),001,国际经济与贸易,3,527,125374
2021,4071,武汉纺织大学外经贸学院(独立学院),002,工商管理,4,527,125300
2021,4071,武汉纺织大学外经贸学院(独立学院),003,市场营销,3,524,128495
2021,4071,武汉纺织大学外经贸学院(独立学院),004,会计学,5,532,118683
2021,4071,武汉纺织大学外经贸学院(独立学院),005,电子商务,5,526,126227
2021,4071,武汉纺织大学外经贸学院(独立学院),006,英语,7,525,127464
2021,4071,武汉纺织大学外经贸学院(独立学院),007,计算机科学与技术,2,497,157904
2021,4072,武汉理工大学(一流学科建设高校),001,材料成型及控制工程,5,629,17717
2021,4072,武汉理工大学(一流学科建设高校),002,材料类,13,631,16632
2021,4072,武汉理工大学(一流学科建设高校),003,交通运输类,6,629,18222
2021,4072,武汉理工大学(一流学科建设高校),004,海洋工程类,6,626,20016
2021,4072,武汉理工大学(一流学科建设高校),005,机械类(车辆),15,628,18476
2021,4072,武汉理工大学(一流学科建设高校),006,机械类(机电工程),20,629,17987
2021,4072,武汉理工大学(一流学科建设高校),007,土木类,16,627,19173
2021,4072,武汉理工大学(一流学科建设高校),008,建筑类,5,636,13618
2021,4072,武汉理工大学(一流学科建设高校),009,环境科学与工程类,8,627,19599
2021,4072,武汉理工大学(一流学科建设高校),010,电子信息类,15,636,13596
2021,4072,武汉理工大学(一流学科建设高校),011,计算机类,16,638,12525
2021,4072,武汉理工大学(一流学科建设高校),012,自动化类,12,634,14558
2021,4072,武汉理工大学(一流学科建设高校),013,导航工程,5,627,19121
2021,4072,武汉理工大学(一流学科建设高校),014,海事管理,5,632,15926
2021,4072,武汉理工大学(一流学科建设高校),015,物流管理与工程类,9,626,19862
2021,4072,武汉理工大学(一流学科建设高校),016,机械设计制造及其自动化,12,631,16581
2021,4072,武汉理工大学(一流学科建设高校),017,数学类,14,635,14364
2021,4072,武汉理工大学(一流学科建设高校),018,化工与制药类(含生物方向),13,629,18042
2021,4072,武汉理工大学(一流学科建设高校),019,应用化学,5,629,18127
2021,4072,武汉理工大学(一流学科建设高校),020,工商管理类,10,637,13347
2021,4072,武汉理工大学(一流学科建设高校),021,经济学类,10,639,12226
2021,4072,武汉理工大学(一流学科建设高校),022,电子商务,5,634,14904
2021,4072,武汉理工大学(一流学科建设高校),025,外国语言文学类,9,634,14906
2021,4072,武汉理工大学(一流学科建设高校),026,思想政治教育,4,636,13846
2021,4072,武汉理工大学(一流学科建设高校),027,法学类,7,639,12023
2021,4072,武汉理工大学(一流学科建设高校),028,管理科学与工程类(大数据管理与安全科学),7,635,14440
2021,4072,武汉理工大学(一流学科建设高校),029,车辆工程(中外合作办学),3,623,22323
2021,4072,武汉理工大学(一流学科建设高校),030,金融学(中外合作办学),4,632,16171
2021,4072,武汉理工大学(一流学科建设高校),031,生物科学类(中外合作办学),10,616,27920
2021,4073,武汉华夏理工学院(民办),005,机械类,3,495,159974
2021,4073,武汉华夏理工学院(民办),006,计算机类,7,498,156764
2021,4073,武汉华夏理工学院(民办),007,数据科学与大数据技术,4,496,158865
2021,4073,武汉华夏理工学院(民办),008,制药工程,6,533,118410
2021,4073,武汉华夏理工学院(民办),009,生物制药,6,533,118350
2021,4073,武汉华夏理工学院(民办),010,医学检验技术,6,543,106433
2021,4073,武汉华夏理工学院(民办),011,大数据管理与应用,4,495,
2021,4073,武汉华夏理工学院(民办),012,城乡规划,6,531,120767
2021,4073,武汉华夏理工学院(民办),013,商务英语,4,530,121176
2021,4073,武汉华夏理工学院(民办),014,英语(英语教育方向),4,536,114703
2021,4073,武汉华夏理工学院(民办),015,广告学,5,533,117747
2021,4073,武汉华夏理工学院(民办),016,网络与新媒体,6,535,115915
2021,4073,武汉华夏理工学院(民办),017,会计学,4,528,123357
2021,4073,武汉华夏理工学院(民办),018,工商管理,4,528,124320
2021,4073,武汉华夏理工学院(民办),019,物流管理,4,524,127879
2021,4073,武汉华夏理工学院(民办),020,财务管理,4,526,125490
2021,4073,武汉华夏理工学院(民办),021,电子商务,4,529,122474
2021,4073,武汉华夏理工学院(民办),022,国际经济与贸易,4,527,125269
2021,4073,武汉华夏理工学院(民办),023,经济与金融,5,527,124608
2021,4075,武汉软件工程职业学院,501,软件技术,2,505,149345
2021,4075,武汉软件工程职业学院,502,计算机网络技术,2,495,
2021,4075,武汉软件工程职业学院,503,电子信息工程技术,2,495,
2021,4077,武汉商学院,501,旅游日语,3,511,143396
2021,4077,武汉商学院,502,酒店管理与数字化运营,3,509,145491
2021,4077,武汉商学院,503,现代物业管理,2,510,143629
2021,4077,武汉商学院,504,烹饪工艺与营养,2,512,141544
2021,4078,武汉生物工程学院(民办),001,生物工程,8,537,113068
2021,4078,武汉生物工程学院(民办),002,生物技术,6,534,116774
2021,4078,武汉生物工程学院(民办),003,医学检验技术,8,546,102886
2021,4078,武汉生物工程学院(民办),004,生物制药,6,536,114301
2021,4078,武汉生物工程学院(民办),005,制药工程,6,538,112106
2021,4078,武汉生物工程学院(民办),006,中药学,5,545,104689
2021,4078,武汉生物工程学院(民办),007,药学,6,543,106590
2021,4078,武汉生物工程学院(民办),008,护理学,5,544,105638
2021,4078,武汉生物工程学院(民办),009,财务管理,6,530,121968
2021,4078,武汉生物工程学院(民办),010,工商管理类,6,527,124547
2021,4078,武汉生物工程学院(民办),011,汉语言文学,5,542,107264
2021,4078,武汉生物工程学院(民办),012,金融工程,6,526,126039
2021,4078,武汉生物工程学院(民办),013,机械设计制造及其自动化,3,506,148860
2021,4078,武汉生物工程学院(民办),014,机器人工程,2,497,157635
2021,4078,武汉生物工程学院(民办),015,工程造价,2,503,151407
2021,4078,武汉生物工程学院(民办),016,土木类,2,505,149041
2021,4078,武汉生物工程学院(民办),017,英语,6,533,118470
2021,4078,武汉生物工程学院(民办),018,商务英语,6,529,123154
2021,4078,武汉生物工程学院(民办),019,园林,5,534,116689
2021,4078,武汉生物工程学院(民办),020,园艺,5,528,124035
2021,4078,武汉生物工程学院(民办),021,应用化学,5,532,119103
2021,4078,武汉生物工程学院(民办),022,环境工程,5,533,118023
2021,4078,武汉生物工程学院(民办),023,食品科学与工程类,5,532,118887
2021,4078,武汉生物工程学院(民办),024,计算机科学与技术,3,513,140443
2021,4078,武汉生物工程学院(民办),025,信息管理与信息系统,2,508,146353
2021,4078,武汉生物工程学院(民办),026,网络工程,3,502,152371
2021,4078,武汉生物工程学院(民办),027,数字媒体技术,3,512,141695
2021,4078,武汉生物工程学院(民办),028,大数据管理与应用,2,500,154879
2021,4078,武汉生物工程学院(民办),029,物联网工程,3,496,158916
2021,4078,武汉生物工程学院(民办),501,药品生产技术,5,495,
2021,4078,武汉生物工程学院(民办),502,药品经营与管理,5,495,
2021,4078,武汉生物工程学院(民办),503,药品生物技术,10,495,
2021,4078,武汉生物工程学院(民办),504,大数据与财务管理,10,495,
2021,4078,武汉生物工程学院(民办),505,市场营销,5,495,
2021,4078,武汉生物工程学院(民办),509,商务英语,10,497,158391
2021,4078,武汉生物工程学院(民办),510,环境工程技术,5,495,
2021,4078,武汉生物工程学院(民办),511,食品检验检测技术,5,495,
2021,4078,武汉生物工程学院(民办),512,园林技术,5,495,
2021,4078,武汉生物工程学院(民办),514,园林工程技术,5,495,
2021,4078,武汉生物工程学院(民办),515,计算机应用技术,10,495,
2021,4078,武汉生物工程学院(民办),516,计算机网络技术,5,500,154922
2021,4078,武汉生物工程学院(民办),517,软件技术,10,495,
2021,4078,武汉生物工程学院(民办),518,电子商务,5,495,
2021,4079,武汉体育学院,001,教育技术学,2,543,106686
2021,4079,武汉体育学院,003,英语,2,564,81650
2021,4079,武汉体育学院,004,新闻学,3,567,78967
2021,4079,武汉体育学院,005,应用心理学,2,557,89706
2021,4079,武汉体育学院,006,机械电子工程,2,537,113132
2021,4079,武汉体育学院,015,运动康复,2,569,75879
2021,4080,武汉铁路职业技术学院,501,智能控制技术,2,512,142171
2021,4080,武汉铁路职业技术学院,503,电气自动化技术,2,495,
2021,4080,武汉铁路职业技术学院,505,轨道交通通信信号设备制造与维护,3,495,
2021,4080,武汉铁路职业技术学院,506,软件技术,3,495,
2021,4080,武汉铁路职业技术学院,510,铁道机车运用与维护,3,505,149932
2021,4080,武汉铁路职业技术学院,511,铁道车辆技术,3,495,
2021,4080,武汉铁路职业技术学院,512,动车组检修技术,2,503,151315
2021,4080,武汉铁路职业技术学院,513,高速铁路综合维修技术,2,495,
2021,4080,武汉铁路职业技术学院,514,铁道交通运营管理,3,508,146183
2021,4080,武汉铁路职业技术学院,518,城市轨道车辆应用技术,3,495,160312
2021,4080,武汉铁路职业技术学院,519,城市轨道交通通信信号技术,2,495,
2021,4080,武汉铁路职业技术学院,521,城市轨道交通运营管理,4,503,151791
2021,4080,武汉铁路职业技术学院,523,铁路物流管理,2,495,160509
2021,4084,武汉职业技术学院,502,自动化类,10,495,
2021,4084,武汉职业技术学院,504,计算机类,15,495,
2021,4084,武汉职业技术学院,505,土建施工类,20,495,
2021,4084,武汉职业技术学院,507,电子商务类,5,495,
2021,4084,武汉职业技术学院,508,商务英语,13,495,
2021,4084,武汉职业技术学院,509,应用英语,5,495,
2021,4084,武汉职业技术学院,510,应用日语,2,499,156121
2021,4084,武汉职业技术学院,511,全媒体广告策划与营销,5,495,
2021,4085,仙桃职业学院,501,临床医学,14,495,
2021,4085,仙桃职业学院,502,护理,6,495,
2021,4085,仙桃职业学院,503,学前教育,2,495,
2021,4085,仙桃职业学院,504,小学教育,8,496,158895
2021,4086,湖北科技学院,001,中国语言文学类,4,566,80140
2021,4086,湖北科技学院,002,外国语言文学类,4,557,90027
2021,4086,湖北科技学院,003,电子信息类,4,543,106145
2021,4086,湖北科技学院,004,核工程与核技术,4,536,114241
2021,4086,湖北科技学院,005,生物医学工程,2,556,91360
2021,4086,湖北科技学院,006,酒店管理,2,553,95037
2021,4087,咸宁职业技术学院,505,学前教育(师范),8,495,
2021,4087,咸宁职业技术学院,506,小学教育(师范),8,505,149400
2021,4087,咸宁职业技术学院,507,小学语文教育(师范),12,498,156860
2021,4087,咸宁职业技术学院,508,小学英语教育(师范),5,496,158952
2021,4087,咸宁职业技术学院,510,小学科学教育(师范),2,497,158139
2021,4088,湖北文理学院,001,法学类,3,568,77480
2021,4088,湖北文理学院,002,汉语言文学,3,571,74129
2021,4088,湖北文理学院,003,计算机类,4,546,102852
2021,4088,湖北文理学院,004,交通设备与控制工程(智能交通),4,528,123998
2021,4088,湖北文理学院,005,机械类,4,536,114313
2021,4088,湖北文理学院,006,食品科学与工程类,4,554,93651
2021,4089,襄阳职业技术学院,501,护理,5,495,
2021,4089,襄阳职业技术学院,502,医学检验技术,5,495,
2021,4089,襄阳职业技术学院,503,医学影像技术,5,499,156093
2021,4089,襄阳职业技术学院,504,临床医学,10,497,158163
2021,4089,襄阳职业技术学院,505,口腔医学,15,506,148241
2021,4089,襄阳职业技术学院,506,学前教育(师范),5,495,
2021,4089,襄阳职业技术学院,507,小学教育(师范),5,511,142701
2021,4089,襄阳职业技术学院,508,小学语文教育(师范),10,503,152187
2021,4089,襄阳职业技术学院,509,小学英语教育(师范),5,500,155022
2021,4090,湖北工程学院,001,英语,2,568,77753
2021,4090,湖北工程学院,002,经济学,2,564,82192
2021,4090,湖北工程学院,003,金融工程,1,560,87075
2021,4090,湖北工程学院,004,电子商务,2,559,87904
2021,4090,湖北工程学院,005,数据科学与大数据技术,1,555,92556
2021,4090,湖北工程学院,006,机械设计制造及其自动化,2,545,104711
2021,4090,湖北工程学院,007,电子信息类,2,545,104410
2021,4090,湖北工程学院,008,计算机类,2,557,90155
2021,4090,湖北工程学院,009,自动化类,1,543,106608
2021,4091,汉江师范学院,001,化学(师范),1,567,78022
2021,4091,汉江师范学院,501,电子商务,6,505,149467
2021,4091,汉江师范学院,502,旅游管理,6,495,
2021,4091,汉江师范学院,503,学前教育(师范),9,514,140092
2021,4091,汉江师范学院,504,小学教育(师范),9,526,126262
2021,4091,汉江师范学院,505,小学语文教育(师范),9,521,131372
2021,4091,汉江师范学院,506,小学数学教育(师范),9,519,134108
2021,4091,汉江师范学院,507,小学英语教育(师范),9,521,132347
2021,4091,汉江师范学院,509,大数据与会计,8,509,145062
2021,4092,湖北医药学院,001,临床医学,2,595,46766
2021,4092,湖北医药学院,002,麻醉学,1,588,54210
2021,4092,湖北医药学院,003,医学影像学,1,584,58679
2021,4092,湖北医药学院,004,精神医学,2,578,65505
2021,4092,湖北医药学院,005,儿科学,2,583,59754
2021,4092,湖北医药学院,006,预防医学,2,574,70357
2021,4093,中国地质大学(武汉)(一流学科建设高校),001,地质学类(国家理科基地班、国家拔尖计划班),2,637,13214
2021,4093,中国地质大学(武汉)(一流学科建设高校),002,地质学类,3,633,15143
2021,4093,中国地质大学(武汉)(一流学科建设高校),003,地质类(资源能源),7,624,21690
2021,4093,中国地质大学(武汉)(一流学科建设高校),004,应用化学,2,628,18707
2021,4093,中国地质大学(武汉)(一流学科建设高校),005,材料类,4,623,21910
2021,4093,中国地质大学(武汉)(一流学科建设高校),006,地下水科学与工程(中外合作办学),5,610,32740
2021,4093,中国地质大学(武汉)(一流学科建设高校),007,环境科学与工程类(环境地球科学类),5,624,21118
2021,4093,中国地质大学(武汉)(一流学科建设高校),008,土木类,2,626,20156
2021,4093,中国地质大学(武汉)(一流学科建设高校),009,地质类,3,629,18081
2021,4093,中国地质大学(武汉)(一流学科建设高校),010,安全科学与工程类,3,624,21613
2021,4093,中国地质大学(武汉)(一流学科建设高校),011,海洋科学类,10,617,26831
2021,4093,中国地质大学(武汉)(一流学科建设高校),012,机械类,3,626,19722
2021,4093,中国地质大学(武汉)(一流学科建设高校),013,电子信息类,3,632,15938
2021,4093,中国地质大学(武汉)(一流学科建设高校),014,自动化类,4,629,17862
2021,4093,中国地质大学(武汉)(一流学科建设高校),015,经济学类,2,637,13080
2021,4093,中国地质大学(武汉)(一流学科建设高校),016,统计学,1,641,11114
2021,4093,中国地质大学(武汉)(一流学科建设高校),017,工商管理类,4,634,14989
2021,4093,中国地质大学(武汉)(一流学科建设高校),018,英语,2,638,12710
2021,4093,中国地质大学(武汉)(一流学科建设高校),019,地理科学类,5,632,16027
2021,4093,中国地质大学(武汉)(一流学科建设高校),020,测绘类(测绘与信息类),5,624,21575
2021,4093,中国地质大学(武汉)(一流学科建设高校),021,数学类,2,634,15045
2021,4093,中国地质大学(武汉)(一流学科建设高校),022,宝石及材料工艺学,3,627,19635
2021,4093,中国地质大学(武汉)(一流学科建设高校),024,土地资源管理,5,629,18284
2021,4093,中国地质大学(武汉)(一流学科建设高校),025,计算机类,6,634,14990
2021,4093,中国地质大学(武汉)(一流学科建设高校),026,计算机科学与技术(中外合作办学)(大数据),4,622,22929
2021,4093,中国地质大学(武汉)(一流学科建设高校),030,思想政治教育,2,639,12274
2021,4093,中国地质大学(武汉)(一流学科建设高校),031,地质学类(菁英班),1,636,13507
2021,4093,中国地质大学(武汉)(一流学科建设高校),032,地球物理学类(菁英班),1,638,12350
2021,4093,中国地质大学(武汉)(一流学科建设高校),033,应急管理,2,622,22646
2021,4094,武汉工程科技学院(民办),001,计算机类,2,504,150725
2021,4094,武汉工程科技学院(民办),002,工商管理类,4,527,124801
2021,4094,武汉工程科技学院(民办),003,金融学,4,528,123309
2021,4094,武汉工程科技学院(民办),004,教育学类,4,547,101983
2021,4094,武汉工程科技学院(民办),005,外国语言文学类,4,524,128241
2021,4094,武汉工程科技学院(民办),006,汉语言文学,4,537,113897
2021,4094,武汉工程科技学院(民办),007,网络与新媒体,3,530,121688
2021,4094,武汉工程科技学院(民办),502,大数据与会计,3,511,143452
2021,4095,中南财经政法大学(一流学科建设高校),001,国际政治,2,646,8560
2021,4095,中南财经政法大学(一流学科建设高校),002,经济学类,3,650,7249
2021,4095,中南财经政法大学(一流学科建设高校),003,财政学类,6,648,7785
2021,4095,中南财经政法大学(一流学科建设高校),004,金融学类,12,649,7505
2021,4095,中南财经政法大学(一流学科建设高校),005,管理科学与工程类,4,634,14640
2021,4095,中南财经政法大学(一流学科建设高校),006,法学类,11,655,5598
2021,4095,中南财经政法大学(一流学科建设高校),008,外国语言文学类,11,640,11498
2021,4095,中南财经政法大学(一流学科建设高校),009,法语,2,641,11308
2021,4095,中南财经政法大学(一流学科建设高校),010,俄语,1,639,12244
2021,4095,中南财经政法大学(一流学科建设高校),011,新闻传播学类,3,648,8003
2021,4095,中南财经政法大学(一流学科建设高校),012,汉语言文学,3,648,7966
2021,4095,中南财经政法大学(一流学科建设高校),013,工商管理类,15,644,9561
2021,4095,中南财经政法大学(一流学科建设高校),014,经济与贸易类,4,647,8172
2021,4095,中南财经政法大学(一流学科建设高校),015,工商管理类(财务会计),7,651,6948
2021,4095,中南财经政法大学(一流学科建设高校),016,公共管理类,12,641,11010
2021,4095,中南财经政法大学(一流学科建设高校),017,计算机类,3,639,11929
2021,4095,中南财经政法大学(一流学科建设高校),018,环境工程,1,636,13856
2021,4095,中南财经政法大学(一流学科建设高校),019,经济管理试验班,6,649,7569
2021,4096,中南民族大学,001,公共管理类,4,589,53642
2021,4096,中南民族大学,002,经济学类,3,592,50818
2021,4096,中南民族大学,003,外国语言文学类,2,602,40526
2021,4096,中南民族大学,004,新闻传播学类,3,598,44109
2021,4096,中南民族大学,005,工商管理类,3,592,50849
2021,4096,中南民族大学,006,数学类,3,573,71732
2021,4096,中南民族大学,007,材料类,3,573,71763
2021,4096,中南民族大学,008,自动化类,3,573,71276
2021,4096,中南民族大学,009,公共管理类(只招少数民族考生),5,575,68918
2021,4096,中南民族大学,010,外国语言文学类(只招少数民族考生),4,571,73942
2021,4096,中南民族大学,011,新闻传播学类(只招少数民族考生),5,578,66355
2021,4096,中南民族大学,012,工商管理类(只招少数民族考生),4,570,75602
2021,4096,中南民族大学,013,教育学类(只招少数民族考生),3,578,65826
2021,4096,中南民族大学,014,材料类(只招少数民族考生),5,549,99436
2021,4096,中南民族大学,015,自动化类(只招少数民族考生),4,557,89875
2021,4096,中南民族大学,016,化学类(只招少数民族考生),6,547,102328
2021,4097,武汉工商学院(民办),001,工商管理,5,529,122634
2021,4097,武汉工商学院(民办),002,人力资源管理,4,532,119284
2021,4097,武汉工商学院(民办),003,会计学,5,535,116231
2021,4097,武汉工商学院(民办),004,国际经济与贸易,5,527,125224
2021,4097,武汉工商学院(民办),005,英语,4,530,121750
2021,4097,武汉工商学院(民办),006,网络与新媒体,4,533,118068
2021,4097,武汉工商学院(民办),007,电子商务,3,530,121543
2021,4097,武汉工商学院(民办),008,市场营销,2,528,123585
2021,4097,武汉工商学院(民办),009,物流工程,6,523,129345
2021,4097,武汉工商学院(民办),010,微电子科学与工程,6,495,
2021,4097,武汉工商学院(民办),011,人工智能,3,504,150269
2021,4097,武汉工商学院(民办),012,数据科学与大数据技术,3,512,141689
2021,4097,武汉工商学院(民办),501,大数据与会计,4,496,158610
2021,4099,江汉大学,005,金融学,5,583,60057
2021,4110,湖北医药学院药护学院(独立学院),001,临床医学,3,562,84231
2021,4110,湖北医药学院药护学院(独立学院),002,预防医学,3,554,93092
2021,4111,武汉城市职业学院,501,学前教育(师范),4,495,
2021,4111,武汉城市职业学院,502,早期教育(师范),2,495,
2021,4112,武汉传媒学院(民办),001,广告学,1,548,100698
2021,4112,武汉传媒学院(民办),002,网络与新媒体,1,555,92753
2021,4112,武汉传媒学院(民办),003,电子商务,1,547,101860
2021,4114,长江大学文理学院(独立学院),001,新闻传播学类,4,535,115626
2021,4201,安阳工学院,001,交通运输(民航交通),2,528,123487
2021,4201,安阳工学院,002,食品科学与工程,3,546,102695
2021,4201,安阳工学院,003,安全工程,2,521,131928
2021,4201,安阳工学院,004,市场营销,2,550,97872
2021,4201,安阳工学院,005,土木工程(中外合作办学),2,524,127837
2021,4201,安阳工学院,006,机械电子工程(中外合作办学),2,517,135919
2021,4202,安阳师范学院,001,中国语言文学类(师范),3,575,69167
2021,4202,安阳师范学院,002,历史学类,3,570,74914
2021,4202,安阳师范学院,003,计算机类,3,535,115644
2021,4202,安阳师范学院,004,化学(师范),4,564,81720
2021,4202,安阳师范学院,005,物理学(师范),4,551,97334
2021,4202,安阳师范学院,006,行政管理,3,553,94809
2021,4202,安阳师范学院,007,社会学,3,557,89921
2021,4202,安阳师范学院,008,法学,3,565,80235
2021,4202,安阳师范学院,009,数学与应用数学(师范),4,554,93106
2021,4203,河南财经政法大学,001,经济学类,8,583,60171
2021,4203,河南财经政法大学,002,金融学类,4,584,59339
2021,4203,河南财经政法大学,003,经济与贸易类,4,582,61776
2021,4203,河南财经政法大学,004,工商管理类,2,582,61614
2021,4203,河南财经政法大学,005,会计学,3,592,50868
2021,4203,河南财经政法大学,006,法学,7,595,47544
2021,4203,河南财经政法大学,007,国际商务,2,580,63389
2021,4203,河南财经政法大学,008,金融学(中外合作办学),5,571,73835
2021,4203,河南财经政法大学,009,人文地理与城乡规划(中外合作办学),5,560,86213
2021,4204,郑州商学院(民办),001,工商管理,5,535,115573
2021,4204,郑州商学院(民办),002,国际经济与贸易,5,530,121724
2021,4204,郑州商学院(民办),003,会计学,5,534,116432
2021,4206,河南大学(一流学科建设高校),001,经济学类,5,606,35987
2021,4206,河南大学(一流学科建设高校),002,法学,4,622,22825
2021,4206,河南大学(一流学科建设高校),003,中国语言文学类(师范),4,623,22237
2021,4206,河南大学(一流学科建设高校),004,地理科学类,3,620,24805
2021,4206,河南大学(一流学科建设高校),005,教育学类(师范),4,613,30282
2021,4206,河南大学(一流学科建设高校),006,临床医学类,4,612,31140
2021,4206,河南大学(一流学科建设高校),007,药学,3,600,41655
2021,4206,河南大学(一流学科建设高校),008,工商管理类,4,604,38218
2021,4206,河南大学(一流学科建设高校),009,旅游管理类,4,599,43336
2021,4206,河南大学(一流学科建设高校),010,公共管理类,3,604,38532
2021,4206,河南大学(一流学科建设高校),011,环境科学(中外合作办学),4,576,68550
2021,4206,河南大学(一流学科建设高校),012,土木工程(中外合作办学),4,587,55399
2021,4206,河南大学(一流学科建设高校),013,电子信息科学与技术(中外合作办学),4,586,56955
2021,4206,河南大学(一流学科建设高校),014,自动化(中外合作办学),4,581,62716
2021,4206,河南大学(一流学科建设高校),015,软件工程,10,595,47370
2021,4206,河南大学(一流学科建设高校),016,网络工程,10,588,54667
2021,4206,河南大学(一流学科建设高校),017,俄语,3,596,46329
2021,4206,河南大学(一流学科建设高校),018,日语,3,602,40241
2021,4207,河南开封科技传媒学院(民办),001,护理学,16,536,114833
2021,4208,河南工业大学,001,材料科学与工程,2,549,99164
2021,4208,河南工业大学,002,道路桥梁与渡河工程,1,543,106143
2021,4208,河南工业大学,003,电气工程及其自动化,3,567,78037
2021,4208,河南工业大学,004,电子商务,1,594,47947
2021,4208,河南工业大学,005,动物科学,1,562,84104
2021,4208,河南工业大学,006,法学,1,594,48747
2021,4208,河南工业大学,007,工程管理,3,560,87123
2021,4208,河南工业大学,008,国际经济与贸易,1,578,66124
2021,4208,河南工业大学,009,化学,2,564,82187
2021,4208,河南工业大学,010,化学工程与工艺,3,560,86043
2021,4208,河南工业大学,011,环境工程,6,556,90992
2021,4208,河南工业大学,012,会计学(中外合作办学),4,566,79560
2021,4208,河南工业大学,013,机械类,4,549,98950
2021,4208,河南工业大学,014,机械设计制造及其自动化,4,556,91302
2021,4208,河南工业大学,015,建筑环境与能源应用工程,1,551,97069
2021,4208,河南工业大学,016,交通工程,1,568,77411
2021,4208,河南工业大学,017,金融学,1,581,61956
2021,4208,河南工业大学,018,经济学,1,579,64311
2021,4208,河南工业大学,019,空间信息与数字技术,2,569,76379
2021,4208,河南工业大学,020,人力资源管理(中外合作办学),5,561,85422
2021,4208,河南工业大学,022,生物工程,2,561,85096
2021,4208,河南工业大学,023,生物技术,2,573,71838
2021,4208,河南工业大学,024,生物技术(中外合作办学),4,553,94995
2021,4208,河南工业大学,025,食品科学与工程(中外合作办学),5,534,116834
2021,4208,河南工业大学,026,市场营销(中外合作办学),3,558,88997
2021,4208,河南工业大学,027,数学与应用数学,1,570,74705
2021,4208,河南工业大学,028,土木工程,4,569,76111
2021,4208,河南工业大学,029,网络与新媒体,2,581,62340
2021,4208,河南工业大学,030,物联网工程(中外合作办学),4,556,90803
2021,4208,河南工业大学,031,物流管理,1,573,71200
2021,4208,河南工业大学,032,新闻传播学类,4,582,60840
2021,4208,河南工业大学,033,英语,1,580,63868
2021,4208,河南工业大学,034,应用化学,2,568,77457
2021,4208,河南工业大学,035,应用物理学,1,568,76789
2021,4208,河南工业大学,036,制药工程,2,569,75948
2021,4208,河南工业大学,037,自动化,1,568,77225
2021,4208,河南工业大学,038,食品科学与工程类,8,546,102929
2021,4210,河南检察职业学院,501,法律事务,10,495,
2021,4210,河南检察职业学院,502,检察事务,10,495,
2021,4211,河南科技大学,001,经济学,2,582,60803
2021,4211,河南科技大学,002,金融学,2,582,61760
2021,4211,河南科技大学,003,国际经济与贸易,2,574,70914
2021,4211,河南科技大学,004,法学类,4,584,59130
2021,4211,河南科技大学,005,外国语言文学类,4,574,70360
2021,4211,河南科技大学,006,日语,3,569,75825
2021,4211,河南科技大学,007,数学类,4,568,76807
2021,4211,河南科技大学,008,机械类,6,565,81216
2021,4211,河南科技大学,009,材料成型及控制工程,3,560,87104
2021,4211,河南科技大学,010,车辆工程,3,559,88038
2021,4211,河南科技大学,011,能源与动力工程,3,561,85104
2021,4211,河南科技大学,012,电子信息类,4,575,69582
2021,4211,河南科技大学,013,电子科学与技术,3,569,75616
2021,4211,河南科技大学,014,自动化,3,570,75055
2021,4211,河南科技大学,015,计算机科学与技术,4,581,62062
2021,4211,河南科技大学,016,物联网工程,3,572,72470
2021,4211,河南科技大学,017,土木工程,6,558,88400
2021,4211,河南科技大学,018,建筑环境与能源应用工程,4,552,95813
2021,4211,河南科技大学,019,化学工程与工艺,6,559,87283
2021,4211,河南科技大学,020,制药工程,4,568,76877
2021,4211,河南科技大学,021,生物医学工程,4,566,79637
2021,4211,河南科技大学,022,建筑类,4,577,67101
2021,4211,河南科技大学,023,临床医学,3,593,48839
2021,4211,河南科技大学,024,法医学,3,583,59922
2021,4211,河南科技大学,025,医学检验技术,3,574,71067
2021,4211,河南科技大学,026,信息管理与信息系统,4,560,86168
2021,4211,河南科技大学,027,工商管理类,4,575,69675
2021,4211,河南科技大学,028,会计学,2,582,61458
2021,4212,河南理工大学,001,自动化类,2,572,72511
2021,4212,河南理工大学,002,电气工程及其自动化(中外合作办学),2,554,93692
2021,4212,河南理工大学,003,电子信息类,2,573,71421
2021,4212,河南理工大学,004,电子信息工程(中外合作办学),2,560,87025
2021,4212,河南理工大学,005,能源与动力工程,2,553,94558
2021,4212,河南理工大学,006,测控技术与仪器,2,551,97031
2021,4212,河南理工大学,007,工程管理,2,553,95177
2021,4212,河南理工大学,008,土木工程(中外合作办学),2,544,105492
2021,4212,河南理工大学,009,环境工程,1,569,76012
2021,4212,河南理工大学,010,水文与水资源工程,1,560,86278
2021,4212,河南理工大学,011,测绘类,2,557,90385
2021,4212,河南理工大学,012,土地资源管理,1,571,74307
2021,4212,河南理工大学,013,地理信息科学,2,574,70995
2021,4212,河南理工大学,014,交通工程,1,563,83483
2021,4212,河南理工大学,015,安全工程,2,563,82666
2021,4212,河南理工大学,016,消防工程,2,554,93842
2021,4212,河南理工大学,017,材料类,2,571,73536
2021,4212,河南理工大学,018,化工与制药类,2,565,80620
2021,4212,河南理工大学,019,应用化学,2,562,83974
2021,4212,河南理工大学,020,计算机类,2,577,67310
2021,4212,河南理工大学,021,计算机科学与技术(中外合作办学),2,559,87492
2021,4212,河南理工大学,022,数学类,2,564,81336
2021,4212,河南理工大学,023,工商管理类,1,576,68521
2021,4212,河南理工大学,024,工业工程,2,570,75589
2021,4212,河南理工大学,025,旅游管理,2,563,82942
2021,4212,河南理工大学,026,财务管理,1,577,67299
2021,4212,河南理工大学,027,金融学,1,584,59015
2021,4212,河南理工大学,028,国际经济与贸易,1,568,77019
2021,4212,河南理工大学,029,英语,2,573,71159
2021,4212,河南理工大学,030,建筑类,2,562,84353
2021,4212,河南理工大学,031,工业设计,2,564,81442
2021,4212,河南理工大学,032,公共事业管理,1,568,77454
2021,4212,河南理工大学,033,管理科学,2,547,101631
2021,4213,郑州工商学院(民办),001,机械设计制造及其自动化,1,501,153718
2021,4213,郑州工商学院(民办),002,计算机科学与技术,4,504,150509
2021,4213,郑州工商学院(民办),003,会计学,5,536,114347
2021,4213,郑州工商学院(民办),004,法学,5,538,112756
2021,4213,郑州工商学院(民办),005,英语,5,538,112419
2021,4214,河南农业大学,001,环境科学与工程类,2,565,80285
2021,4214,河南农业大学,002,旅游管理,2,568,76953
2021,4214,河南农业大学,003,建筑类,2,571,73558
2021,4214,河南农业大学,004,轻工类(烟工类),3,572,72993
2021,4214,河南农业大学,005,烟草,3,574,70264
2021,4214,河南农业大学,006,管理科学,2,555,92461
2021,4214,河南农业大学,007,土地资源管理,2,566,79540
2021,4214,河南农业大学,008,法学,2,587,55578
2021,4214,河南农业大学,009,外国语言文学类,2,571,74433
2021,4214,河南农业大学,010,食品科学与工程(中外合作办学),15,546,103051
2021,4216,河南师范大学,001,数学与应用数学(师范),5,591,51014
2021,4216,河南师范大学,002,工商管理类,5,576,67692
2021,4216,河南师范大学,003,汉语言文学(师范),5,614,29566
2021,4216,河南师范大学,004,法学类,5,587,55322
2021,4216,河南师范大学,005,水产类,5,564,82176
2021,4217,河南中医药大学,001,中医学,5,603,39454
2021,4217,河南中医药大学,002,护理学,6,567,78856
2021,4217,河南中医药大学,003,康复治疗学,4,569,76224
2021,4218,华北水利水电大学,001,水利水电工程,4,575,69252
2021,4218,华北水利水电大学,002,港口航道与海岸工程,5,534,116614
2021,4218,华北水利水电大学,003,农业水利工程,3,552,96416
2021,4218,华北水利水电大学,004,工程管理,4,552,95610
2021,4218,华北水利水电大学,005,城市地下空间工程,3,547,101367
2021,4218,华北水利水电大学,006,资源循环科学与工程,3,538,111831
2021,4218,华北水利水电大学,007,土木工程,5,549,99645
2021,4218,华北水利水电大学,008,能源与动力工程(水动),6,556,91249
2021,4218,华北水利水电大学,009,核工程与核技术,5,553,94350
2021,4218,华北水利水电大学,010,环境科学与工程类,3,558,89055
2021,4218,华北水利水电大学,011,建筑环境与能源应用工程,3,549,99040
2021,4218,华北水利水电大学,012,国际经济与贸易,2,565,80983
2021,4218,华北水利水电大学,013,市场营销,2,564,81899
2021,4218,华北水利水电大学,014,金融数学,6,549,98957
2021,4218,华北水利水电大学,015,计算机科学与技术,6,563,83171
2021,4219,黄河科技学院(民办),001,经济学,5,528,123935
2021,4219,黄河科技学院(民办),002,国际经济与贸易,5,525,126774
2021,4219,黄河科技学院(民办),003,社会工作,5,525,126893
2021,4219,黄河科技学院(民办),004,学前教育,5,535,115858
2021,4219,黄河科技学院(民办),005,翻译,5,525,127677
2021,4219,黄河科技学院(民办),006,工商管理,5,527,124536
2021,4220,黄河水利职业技术学院,502,大数据与会计(注册会计师),5,495,
2021,4221,黄淮学院,001,会计学(中外合作办学),20,542,107837
2021,4222,焦作大学,501,软件技术,5,495,159524
2021,4222,焦作大学,502,行政管理,5,496,159288
2021,4223,焦作师范高等专科学校,501,小学语文教育(师范),25,495,159980
2021,4224,开封大学,501,建筑工程技术,5,511,143175
2021,4224,开封大学,502,市场营销,5,509,145503
2021,4225,洛阳理工学院,001,机械类,4,533,118276
2021,4225,洛阳理工学院,002,机械设计制造及其自动化,8,530,121493
2021,4225,洛阳理工学院,003,电气工程及其自动化,4,536,114050
2021,4225,洛阳理工学院,004,计算机科学与技术,8,541,109120
2021,4225,洛阳理工学院,005,通信工程,4,534,117200
2021,4225,洛阳理工学院,006,物联网工程,6,533,117861
2021,4225,洛阳理工学院,007,土木工程,4,530,121515
2021,4225,洛阳理工学院,008,工商管理,6,554,94039
2021,4225,洛阳理工学院,009,国际经济与贸易,4,553,95430
2021,4225,洛阳理工学院,010,酒店管理,4,545,104033
2021,4225,洛阳理工学院,011,财务管理,4,555,92804
2021,4225,洛阳理工学院,012,会计学,6,559,87216
2021,4225,洛阳理工学院,013,学前教育(师范),6,562,84228
2021,4225,洛阳理工学院,014,英语,4,559,88122
2021,4225,洛阳理工学院,015,汉语言文学,4,567,78951
2021,4225,洛阳理工学院,016,新闻学,4,563,83316
2021,4226,洛阳师范学院,001,汉语言文学(师范),6,579,64559
2021,4226,洛阳师范学院,002,历史学(师范),6,578,65627
2021,4226,洛阳师范学院,003,化学工程与工艺,6,548,101080
2021,4226,洛阳师范学院,004,生物科学(师范),6,571,73874
2021,4226,洛阳师范学院,005,国际经济与贸易,6,552,96605
2021,4226,洛阳师范学院,006,旅游管理,6,550,98000
2021,4227,漯河医学高等专科学校,501,临床医学,17,501,154246
2021,4227,漯河医学高等专科学校,502,口腔医学,8,512,141497
2021,4228,南阳理工学院,001,机械设计制造及其自动化,8,527,124436
2021,4228,南阳理工学院,002,电气工程及其自动化,3,532,118639
2021,4228,南阳理工学院,003,自动化,8,528,123565
2021,4228,南阳理工学院,004,物联网工程,9,528,123308
2021,4228,南阳理工学院,005,计算机科学与技术,10,536,114142
2021,4228,南阳理工学院,006,人工智能,5,531,120295
2021,4228,南阳理工学院,007,土木工程(房屋建筑),9,526,125563
2021,4228,南阳理工学院,008,工程管理,7,528,123437
2021,4228,南阳理工学院,009,数学与应用数学(经济数学),4,527,124426
2021,4228,南阳理工学院,010,应用统计学,3,527,124437
2021,4228,南阳理工学院,011,学前教育(师范),10,559,88003
2021,4228,南阳理工学院,012,英语,4,556,90875
2021,4229,南阳师范学院,010,地理科学类,6,571,74160
2021,4229,南阳师范学院,011,法学,3,577,67406
2021,4229,南阳师范学院,012,制药工程,3,553,94914
2021,4229,南阳师范学院,013,机械类,6,526,126009
2021,4229,南阳师范学院,014,自动化,3,531,120043
2021,4229,南阳师范学院,015,软件工程(软件开发),8,530,121051
2021,4229,南阳师范学院,016,计算机类,6,533,117607
2021,4229,南阳师范学院,017,应用心理学(师范),2,568,77356
2021,4229,南阳师范学院,018,国际经济与贸易,3,552,96209
2021,4229,南阳师范学院,019,土木类,6,525,126718
2021,4229,南阳师范学院,020,建筑学,3,558,89494
2021,4229,南阳师范学院,021,工程管理,2,526,126165
2021,4229,南阳师范学院,022,电子信息类,5,532,119222
2021,4230,河南城建学院,001,土木工程,4,531,119923
2021,4230,河南城建学院,002,工程造价(数字化建造),5,529,122696
2021,4230,河南城建学院,003,建筑环境与能源应用工程,4,527,124621
2021,4230,河南城建学院,004,数学与应用数学,6,531,120196
2021,4230,河南城建学院,005,勘查技术与工程,5,546,103383
2021,4230,河南城建学院,006,计算机科学与技术,6,530,120930
2021,4230,河南城建学院,007,测绘工程,5,524,127836
2021,4230,河南城建学院,008,环境工程,5,547,102334
2021,4230,河南城建学院,009,化学工程与工艺,6,546,102668
2021,4230,河南城建学院,010,自动化,8,525,127180
2021,4230,河南城建学院,011,数字媒体技术(虚拟现实及游戏开发技术),6,531,119762
2021,4230,河南城建学院,012,财务管理,6,553,95137
2021,4230,河南城建学院,013,园林,5,550,98846
2021,4230,河南城建学院,014,水文与水资源工程,5,547,101825
2021,4230,河南城建学院,015,风景园林,8,552,95900
2021,4230,河南城建学院,016,新能源科学与工程,8,543,106238
2021,4230,河南城建学院,017,翻译,5,550,98547
2021,4230,河南城建学院,018,物联网工程,8,529,122786
2021,4232,新乡学院,001,化学工程与工艺,4,546,102638
2021,4232,新乡学院,002,材料类,5,546,103511
2021,4232,新乡学院,003,生物技术,5,549,99666
2021,4232,新乡学院,004,电子信息类,4,528,124126
2021,4232,新乡学院,005,机械类,4,524,128009
2021,4232,新乡学院,006,土木类,4,528,124225
2021,4232,新乡学院,007,计算机类,4,523,129598
2021,4232,新乡学院,008,数学类,4,536,114089
2021,4232,新乡学院,009,增材制造工程,4,516,136969
2021,4232,新乡学院,010,康复工程,4,547,101495
2021,4232,新乡学院,011,教育学类(师范),4,568,77523
2021,4232,新乡学院,012,心理学(师范),4,560,86420
2021,4232,新乡学院,013,中国语言文学类,4,563,83217
2021,4232,新乡学院,014,历史学(师范),5,568,77289
2021,4232,新乡学院,015,电子商务,5,551,97425
2021,4232,新乡学院,016,物流管理,5,550,98023
2021,4232,新乡学院,017,酒店管理(旅居新业态),4,546,103555
2021,4232,新乡学院,018,物业管理(物业智能化管理),4,547,102490
2021,4232,新乡学院,019,外国语言文学类,4,555,93022
2021,4232,新乡学院,020,健康服务与管理,4,545,103874
2021,4233,新乡医学院,001,临床医学(卓越医生教育培养计划),10,589,53467
2021,4233,新乡医学院,002,精神医学,6,562,84524
2021,4234,信阳师范学院,001,应用化学,5,542,108113
2021,4235,许昌学院,001,小学教育(师范),10,571,74203
2021,4235,许昌学院,002,化学(师范),10,555,92639
2021,4235,许昌学院,003,统计学,20,548,100481
2021,4235,许昌学院,004,工商管理,15,549,99531
2021,4236,郑州大学(一流大学建设高校),001,工商管理类,10,633,15544
2021,4236,郑州大学(一流大学建设高校),002,旅游管理类,12,625,21048
2021,4236,郑州大学(一流大学建设高校),003,公共管理类,8,632,16305
2021,4236,郑州大学(一流大学建设高校),004,中国语言文学类,14,636,13615
2021,4236,郑州大学(一流大学建设高校),005,哲学,10,629,17957
2021,4236,郑州大学(一流大学建设高校),006,化学类(含国际化班),14,621,23975
2021,4236,郑州大学(一流大学建设高校),007,电子信息类,12,626,19860
2021,4236,郑州大学(一流大学建设高校),008,计算机类,12,630,17276
2021,4236,郑州大学(一流大学建设高校),009,自动化类,24,623,22208
2021,4236,郑州大学(一流大学建设高校),010,机械类,17,618,26070
2021,4236,郑州大学(一流大学建设高校),011,土木类,12,618,26158
2021,4236,郑州大学(一流大学建设高校),012,临床医学类,12,637,13121
2021,4236,郑州大学(一流大学建设高校),013,药学类,12,622,23146
2021,4237,郑州航空工业管理学院,001,工商管理类,4,554,93948
2021,4237,郑州航空工业管理学院,002,工业工程类,3,546,102623
2021,4237,郑州航空工业管理学院,003,经济学类,2,559,87835
2021,4237,郑州航空工业管理学院,004,电气工程及其自动化,2,536,114066
2021,4237,郑州航空工业管理学院,005,航空航天类,4,533,117435
2021,4237,郑州航空工业管理学院,006,材料类,3,525,126861
2021,4237,郑州航空工业管理学院,007,工程管理,2,527,124750
2021,4240,河南牧业经济学院,001,财务管理,1,552,95566
2021,4240,河南牧业经济学院,002,会计学,1,554,93148
2021,4240,河南牧业经济学院,003,物流管理,1,553,95118
2021,4240,河南牧业经济学院,004,市场营销,2,548,100395
2021,4241,郑州轻工业大学,001,计算机科学与技术,2,570,74711
2021,4241,郑州轻工业大学,002,高分子材料与工程,4,538,112283
2021,4241,郑州轻工业大学,003,应用化学,3,557,89763
2021,4241,郑州轻工业大学,004,环境工程,4,558,89481
2021,4241,郑州轻工业大学,005,生物工程,4,559,87688
2021,4241,郑州轻工业大学,006,能源与动力工程,5,556,91460
2021,4241,郑州轻工业大学,007,人工智能,3,558,88374
2021,4241,郑州轻工业大学,008,过程装备与控制工程,3,543,106284
2021,4241,郑州轻工业大学,009,建筑电气与智能化,2,545,104800
2021,4241,郑州轻工业大学,010,建筑环境与能源应用工程,5,537,113445
2021,4241,郑州轻工业大学,011,数字媒体技术,3,556,91327
2021,4241,郑州轻工业大学,012,物流管理,4,565,81271
2021,4241,郑州轻工业大学,013,电子科学与技术,5,552,96518
2021,4241,郑州轻工业大学,014,材料物理,4,537,113212
2021,4241,郑州轻工业大学,015,电气工程及其自动化,5,556,90730
2021,4241,郑州轻工业大学,016,工商管理类,7,567,78449
2021,4241,郑州轻工业大学,017,机械设计制造及其自动化,4,550,98102
2021,4241,郑州轻工业大学,018,测控技术与仪器,2,546,102540
2021,4241,郑州轻工业大学,019,英语,4,569,76551
2021,4241,郑州轻工业大学,020,自动化类,4,548,100204
2021,4241,郑州轻工业大学,021,朝鲜语,2,555,92092
2021,4241,郑州轻工业大学,022,数学与应用数学,4,550,98629
2021,4243,郑州铁路职业技术学院,501,铁道车辆技术,3,495,159826
2021,4243,郑州铁路职业技术学院,503,铁道交通运营管理,5,495,
2021,4244,中原工学院,001,英语,6,556,91596
2021,4244,中原工学院,002,日语,6,553,95221
2021,4244,中原工学院,003,测控技术与仪器,3,529,122402
2021,4244,中原工学院,004,电气工程及其自动化,8,535,115450
2021,4244,中原工学院,005,计算机类,2,550,98845
2021,4244,中原工学院,006,建筑环境与能源应用工程,5,527,125441
2021,4244,中原工学院,007,纺织工程,20,542,107371
2021,4244,中原工学院,008,环境工程,5,551,97477
2021,4244,中原工学院,009,安全工程,6,525,127014
2021,4244,中原工学院,010,建筑学,5,556,91566
2021,4244,中原工学院,011,工程管理,5,529,122331
2021,4244,中原工学院,012,会展经济与管理,7,551,97361
2021,4244,中原工学院,016,纺织工程(中外合作办学),7,540,110328
2021,4244,中原工学院,017,市场营销(中外合作办学),9,538,112339
2021,4245,郑州经贸学院(民办),004,国际经济与贸易,15,526,126629
2021,4245,郑州经贸学院(民办),005,商务英语,15,526,125917
2021,4246,郑州工程技术学院,001,物流管理,2,553,95466
2021,4246,郑州工程技术学院,002,国际经济与贸易,4,551,97700
2021,4246,郑州工程技术学院,003,酒店管理,4,549,99320
2021,4246,郑州工程技术学院,004,网络与新媒体,2,559,87527
2021,4246,郑州工程技术学院,005,物流工程,6,549,99196
2021,4246,郑州工程技术学院,006,广告学,2,556,91376
2021,4247,周口师范学院,001,网络工程,4,527,124460
2021,4247,周口师范学院,002,计算机科学与技术,4,532,118714
2021,4247,周口师范学院,003,生物工程,4,550,98687
2021,4247,周口师范学院,004,应用化学,2,547,101518
2021,4247,周口师范学院,005,建筑电气与智能化,2,522,130068
2021,4247,周口师范学院,006,机械设计制造及其自动化,2,524,128498
2021,4247,周口师范学院,007,电气工程及其自动化,2,525,126810
2021,4247,周口师范学院,008,自动化,2,527,124492
2021,4247,周口师范学院,009,电子信息工程,4,527,124705
2021,4247,周口师范学院,010,信息与计算科学,4,526,125860
2021,4247,周口师范学院,011,法学,2,564,81455
2021,4247,周口师范学院,012,人力资源管理,3,552,95811
2021,4247,周口师范学院,013,财务管理,3,555,91875
2021,4247,周口师范学院,014,市场营销,3,545,104151
2021,4247,周口师范学院,015,国际经济与贸易,3,551,97787
2021,4247,周口师范学院,016,心理学(师范),2,558,89325
2021,4247,周口师范学院,017,生物科学(师范),4,568,77826
2021,4247,周口师范学院,018,化学(师范),2,564,82082
2021,4247,周口师范学院,019,数学与应用数学(师范),6,543,106416
2021,4247,周口师范学院,020,思想政治教育(师范),4,571,74158
2021,4247,周口师范学院,021,汉语言文学(师范),6,571,73830
2021,4247,周口师范学院,022,英语(师范),6,568,77746
2021,4247,周口师范学院,026,网络与新媒体,4,555,92634
2021,4247,周口师范学院,027,机械电子工程,2,530,121247
2021,4248,郑州工业应用技术学院(民办),001,经济学,5,528,123456
2021,4248,郑州工业应用技术学院(民办),002,市场营销,3,527,124723
2021,4249,商丘师范学院,001,电子商务,3,552,96394
2021,4249,商丘师范学院,002,新能源科学与工程,2,551,97029
2021,4249,商丘师范学院,003,学前教育(师范),2,566,79928
2021,4249,商丘师范学院,004,物流管理,2,553,95161
2021,4249,商丘师范学院,005,翻译,1,552,96577
2021,4249,商丘师范学院,006,汽车服务工程,2,523,128936
2021,4249,商丘师范学院,007,统计学,3,551,96919
2021,4249,商丘师范学院,008,财务管理,2,559,88083
2021,4249,商丘师范学院,009,数学与应用数学(师范),2,560,87003
2021,4249,商丘师范学院,010,电气工程及其自动化,1,532,119025
2021,4249,商丘师范学院,011,汉语言文学(师范),2,578,65909
2021,4249,商丘师范学院,012,法学,1,573,71843
2021,4249,商丘师范学院,013,社会工作,3,556,91106
2021,4249,商丘师范学院,014,通信工程,1,533,118124
2021,4249,商丘师范学院,015,化学(师范),2,568,77383
2021,4249,商丘师范学院,016,国际经济与贸易,2,559,88293
2021,4249,商丘师范学院,017,市场营销,1,552,96333
2021,4249,商丘师范学院,018,生物科学(师范),2,570,74879
2021,4249,商丘师范学院,019,园林,2,556,91766
2021,4249,商丘师范学院,020,商务英语,2,551,97631
2021,4249,商丘师范学院,021,秘书学,2,553,94651
2021,4250,河南工程学院,001,国际经济与贸易,4,554,93890
2021,4250,河南工程学院,002,数学与应用数学,4,538,111732
2021,4250,河南工程学院,003,机械设计制造及其自动化,4,534,116391
2021,4250,河南工程学院,004,电气工程及其自动化,4,536,114043
2021,4250,河南工程学院,005,物联网工程,3,536,114672
2021,4250,河南工程学院,006,纺织工程,8,545,104558
2021,4250,河南工程学院,007,服装设计与工程,4,546,103476
2021,4250,河南工程学院,008,轻化工程,4,544,105064
2021,4250,河南工程学院,009,市场营销,4,551,97671
2021,4250,河南工程学院,010,财务管理,3,557,90493
2021,4250,河南工程学院,011,行政管理,4,550,98197
2021,4250,河南工程学院,014,高分子材料与工程,4,550,98025
2021,4253,河南科技学院,001,生物工程,5,548,100370
2021,4253,河南科技学院,002,数学与应用数学(师范),5,540,110114
2021,4253,河南科技学院,003,英语(师范),5,570,75168
2021,4253,河南科技学院,004,环境科学,5,547,101604
2021,4253,河南科技学院,005,法学,5,564,81756
2021,4254,商丘医学高等专科学校,501,口腔医学,10,509,145427
2021,4254,商丘医学高等专科学校,502,护理,10,495,
2021,4260,商丘工学院(民办),001,机械设计制造及其自动化,5,496,158704
2021,4260,商丘工学院(民办),002,电气工程及其自动化,5,495,
2021,4260,商丘工学院(民办),003,城市地下空间工程,5,495,
2021,4262,信阳农林学院,001,网络工程,3,533,118106
2021,4262,信阳农林学院,002,会计学,2,553,95027
2021,4262,信阳农林学院,003,财务管理,2,555,91941
2021,4262,信阳农林学院,004,电子商务,3,549,99017
2021,4263,河南经贸职业学院,502,计算机网络技术,5,495,
2021,4264,洛阳职业技术学院,504,药学,2,495,
2021,4264,洛阳职业技术学院,505,临床医学,5,496,158793
2021,4264,洛阳职业技术学院,506,中医学,5,495,
2021,4265,平顶山学院,003,物联网工程,2,533,118152
2021,4266,郑州西亚斯学院(民办),001,金融学,8,533,117601
2021,4266,郑州西亚斯学院(民办),002,会计学,7,536,114077
2021,4267,郑州财经学院(民办),001,电子商务,1,531,119939
2021,4267,郑州财经学院(民办),002,金融学,1,538,112128
2021,4267,郑州财经学院(民办),003,会计学,2,532,119029
2021,4267,郑州财经学院(民办),004,物流管理,1,531,120080
2021,4268,河南工学院,001,材料科学与工程,2,511,143078
2021,4268,河南工学院,002,商务英语,3,550,98476
2021,4301,保险职业学院,501,护理,1,495,159760
2021,4302,长沙电力职业技术学院,502,分布式发电与智能微电网技术(风电),2,503,151208
2021,4302,长沙电力职业技术学院,503,电力系统自动化技术,2,508,146771
2021,4302,长沙电力职业技术学院,505,供用电技术,2,501,154323
2021,4302,长沙电力职业技术学院,506,热能动力工程技术,1,498,157277
2021,4305,长沙理工大学,001,会计学,2,607,35585
2021,4305,长沙理工大学,002,人力资源管理,2,595,47619
2021,4305,长沙理工大学,003,翻译,2,593,49667
2021,4305,长沙理工大学,004,数学与应用数学,2,597,44671
2021,4305,长沙理工大学,005,信息与计算科学,2,595,47365
2021,4305,长沙理工大学,006,应用统计学,2,598,44117
2021,4305,长沙理工大学,007,工程力学,2,590,52259
2021,4305,长沙理工大学,008,土木工程,10,591,51281
2021,4305,长沙理工大学,009,国际经济与贸易,2,593,48883
2021,4305,长沙理工大学,010,能源与动力工程,2,592,50362
2021,4305,长沙理工大学,011,新能源科学与工程,2,593,49334
2021,4305,长沙理工大学,012,自动化,2,596,46098
2021,4305,长沙理工大学,013,电气工程及其自动化,4,619,25421
2021,4305,长沙理工大学,014,通信工程,2,598,43800
2021,4305,长沙理工大学,015,道路桥梁与渡河工程,2,587,55431
2021,4305,长沙理工大学,016,工程管理,2,587,55157
2021,4305,长沙理工大学,017,电气工程及其自动化(中外合作办学),5,606,35953
2021,4305,长沙理工大学,018,金融学,2,604,38040
2021,4305,长沙理工大学,019,材料类,2,593,49544
2021,4305,长沙理工大学,020,数据科学与大数据技术,2,599,43436
2021,4305,长沙理工大学,021,机械类,2,591,51626
2021,4305,长沙理工大学,022,计算机类,7,601,40629
2021,4305,长沙理工大学,023,机械设计制造及其自动化(中外合作办学),2,576,67700
2021,4305,长沙理工大学,024,电子信息类,2,599,42835
2021,4305,长沙理工大学,025,数字经济,2,595,46757
2021,4305,长沙理工大学,026,网络与新媒体,2,597,45442
2021,4305,长沙理工大学,027,储能科学与工程,2,587,55722
2021,4305,长沙理工大学,028,智能电网信息工程,4,606,36208
2021,4305,长沙理工大学,029,城市地下空间工程,2,588,54383
2021,4305,长沙理工大学,030,智能建造,2,588,54291
2021,4306,长沙理工大学城南学院(独立学院),002,会计学,2,551,97191
2021,4306,长沙理工大学城南学院(独立学院),003,金融学,2,554,93705
2021,4306,长沙理工大学城南学院(独立学院),004,电气工程及其自动化,2,523,128975
2021,4306,长沙理工大学城南学院(独立学院),005,通信工程,2,522,130169
2021,4306,长沙理工大学城南学院(独立学院),006,自动化,2,515,138514
2021,4306,长沙理工大学城南学院(独立学院),007,土木工程,3,516,137838
2021,4307,长沙民政职业技术学院,502,物联网应用技术,2,495,
2021,4307,长沙民政职业技术学院,503,护理,2,505,149290
2021,4307,长沙民政职业技术学院,504,康复治疗技术,2,512,141990
2021,4307,长沙民政职业技术学院,505,心理咨询,2,529,122915
2021,4307,长沙民政职业技术学院,507,大数据与会计,2,502,152479
2021,4307,长沙民政职业技术学院,508,电子商务,2,495,
2021,4307,长沙民政职业技术学院,510,传播与策划,2,515,138926
2021,4307,长沙民政职业技术学院,511,小学英语教育,2,514,139219
2021,4307,长沙民政职业技术学院,512,商务英语,2,504,150913
2021,4307,长沙民政职业技术学院,513,社会工作,2,506,148835
2021,4307,长沙民政职业技术学院,514,民政服务与管理,2,497,158400
2021,4307,长沙民政职业技术学院,516,人力资源管理,2,501,154205
2021,4307,长沙民政职业技术学院,517,婚庆服务与管理,4,497,158147
2021,4307,长沙民政职业技术学院,518,现代殡葬技术与管理,2,528,123748
2021,4307,长沙民政职业技术学院,519,陵园服务与管理,2,501,154319
2021,4308,长沙学院,001,工程管理,2,546,103057
2021,4308,长沙学院,002,工程造价,2,553,94806
2021,4308,长沙学院,003,机械设计制造及其自动化,2,550,98191
2021,4308,长沙学院,004,材料成型及控制工程,2,545,104462
2021,4308,长沙学院,005,机械电子工程,2,549,99536
2021,4308,长沙学院,006,汽车服务工程,2,546,103222
2021,4308,长沙学院,007,数学与应用数学,2,558,89042
2021,4308,长沙学院,008,计算机科学与技术,2,561,85260
2021,4308,长沙学院,009,物联网工程,2,557,89827
2021,4308,长沙学院,010,数字媒体技术,2,566,79166
2021,4308,长沙学院,011,电气工程及其自动化,2,549,98986
2021,4308,长沙学院,012,光电信息科学与工程,2,550,98553
2021,4308,长沙学院,013,机器人工程,2,553,94755
2021,4308,长沙学院,014,法学,3,576,67687
2021,4308,长沙学院,015,汉语言文学,2,576,67952
2021,4308,长沙学院,016,新闻学,3,573,71485
2021,4308,长沙学院,017,英语,2,573,71851
2021,4308,长沙学院,018,日语,2,565,81146
2021,4308,长沙学院,019,市场营销,2,567,78186
2021,4308,长沙学院,020,财务管理,2,571,73996
2021,4308,长沙学院,021,物业管理,3,560,86640
2021,4308,长沙学院,022,公共事业管理,3,564,82170
2021,4308,长沙学院,023,旅游管理,3,562,84810
2021,4308,长沙学院,024,功能材料,4,551,97170
2021,4308,长沙学院,025,环境工程,3,557,90362
2021,4308,长沙学院,026,生物工程,3,559,87233
2021,4308,长沙学院,027,生物制药,2,560,87050
2021,4309,长沙医学院(民办),001,临床医学,20,548,101028
2021,4309,长沙医学院(民办),002,中医学,20,551,97488
2021,4309,长沙医学院(民办),003,口腔医学,20,566,79538
2021,4309,长沙医学院(民办),004,预防医学,8,548,100979
2021,4309,长沙医学院(民办),005,妇幼保健医学,4,542,107773
2021,4309,长沙医学院(民办),006,针灸推拿学,6,548,101257
2021,4309,长沙医学院(民办),007,医学影像学,20,543,106098
2021,4309,长沙医学院(民办),008,药学,4,542,107555
2021,4309,长沙医学院(民办),009,中药学,4,545,103734
2021,4309,长沙医学院(民办),010,药物制剂,4,540,110142
2021,4309,长沙医学院(民办),011,药物分析,4,540,110495
2021,4309,长沙医学院(民办),012,医学检验技术,6,546,103309
2021,4309,长沙医学院(民办),013,医学影像技术,4,546,102548
2021,4309,长沙医学院(民办),014,护理学,6,545,104745
2021,4309,长沙医学院(民办),015,眼视光学,4,550,98537
2021,4309,长沙医学院(民办),016,生物技术,4,535,115760
2021,4309,长沙医学院(民办),017,康复治疗学,4,542,108217
2021,4309,长沙医学院(民办),018,卫生检验与检疫,4,541,108839
2021,4309,长沙医学院(民办),019,助产学,4,536,115000
2021,4310,衡阳师范学院,001,经济学,2,562,84487
2021,4310,衡阳师范学院,002,国际经济与贸易,2,559,87438
2021,4310,衡阳师范学院,003,财务管理,1,566,80200
2021,4310,衡阳师范学院,004,电子商务,2,558,88357
2021,4310,衡阳师范学院,005,法学,2,575,69473
2021,4310,衡阳师范学院,006,知识产权,2,564,82194
2021,4310,衡阳师范学院,007,思想政治教育(师范),1,582,60951
2021,4310,衡阳师范学院,008,历史学(师范),1,587,55452
2021,4310,衡阳师范学院,009,汉语言文学(师范),1,588,54912
2021,4310,衡阳师范学院,010,汉语国际教育(师范),2,580,63438
2021,4310,衡阳师范学院,011,编辑出版学,2,564,82395
2021,4310,衡阳师范学院,012,新闻学,1,572,73129
2021,4310,衡阳师范学院,013,广告学,2,567,78788
2021,4310,衡阳师范学院,014,网络与新媒体,2,572,73256
2021,4310,衡阳师范学院,015,英语(师范),1,588,54658
2021,4310,衡阳师范学院,016,翻译,1,575,69580
2021,4310,衡阳师范学院,017,商务英语,2,564,82303
2021,4310,衡阳师范学院,018,数学与应用数学(师范),1,567,78023
2021,4310,衡阳师范学院,019,信息与计算科学,2,543,106092
2021,4310,衡阳师范学院,026,地理科学(师范),1,589,53978
2021,4310,衡阳师范学院,027,人文地理与城乡规划,2,559,87815
2021,4310,衡阳师范学院,028,地理信息科学,1,574,70645
2021,4310,衡阳师范学院,029,旅游管理,1,552,96631
2021,4310,衡阳师范学院,030,物理学(师范),1,557,90192
2021,4310,衡阳师范学院,031,电子信息科学与技术,2,543,106928
2021,4310,衡阳师范学院,032,化学(师范),1,578,65412
2021,4310,衡阳师范学院,033,应用化学,2,551,96799
2021,4310,衡阳师范学院,034,化学生物学,1,548,101185
2021,4310,衡阳师范学院,035,高分子材料与工程,2,549,99699
2021,4310,衡阳师范学院,036,计算机科学与技术(师范),1,565,80810
2021,4310,衡阳师范学院,037,软件工程,2,552,95719
2021,4310,衡阳师范学院,038,网络工程,1,545,104233
2021,4310,衡阳师范学院,039,物联网工程,1,553,94226
2021,4310,衡阳师范学院,040,学前教育(师范),1,575,68990
2021,4310,衡阳师范学院,041,生物科学(师范),1,582,61357
2021,4310,衡阳师范学院,042,环境工程,2,552,95798
2021,4310,衡阳师范学院,043,食品科学与工程,2,555,92323
2021,4310,衡阳师范学院,044,电子信息工程,2,539,110921
2021,4310,衡阳师范学院,045,计算机科学与技术,1,564,81804
2021,4311,湖南财政经济学院,001,金融学类,2,568,77381
2021,4311,湖南财政经济学院,002,财政学类,2,567,78766
2021,4311,湖南财政经济学院,003,经济与贸易类,2,565,81078
2021,4311,湖南财政经济学院,004,外国语言文学类,2,567,78425
2021,4311,湖南财政经济学院,005,网络与新媒体,2,575,68838
2021,4311,湖南财政经济学院,006,会计学,6,574,70437
2021,4311,湖南财政经济学院,007,审计学,2,572,72199
2021,4311,湖南财政经济学院,008,工商管理类,2,564,82403
2021,4311,湖南财政经济学院,009,电子商务,2,565,81188
2021,4311,湖南财政经济学院,010,计算机类,3,551,97181
2021,4311,湖南财政经济学院,011,电子信息类,2,547,101522
2021,4311,湖南财政经济学院,012,财务管理,3,569,76088
2021,4313,湖南城市学院,001,建筑学,2,546,102527
2021,4313,湖南城市学院,002,城乡规划,2,570,75584
2021,4313,湖南城市学院,003,风景园林,2,562,84611
2021,4313,湖南城市学院,004,建筑环境与能源应用工程,2,536,114537
2021,4313,湖南城市学院,005,给排水科学与工程,2,529,122254
2021,4313,湖南城市学院,006,地理信息科学,2,551,97742
2021,4313,湖南城市学院,007,土木工程,3,536,114020
2021,4313,湖南城市学院,008,工程管理,2,534,116649
2021,4313,湖南城市学院,009,房地产开发与管理,2,531,119809
2021,4313,湖南城市学院,010,旅游管理,2,555,93019
2021,4313,湖南城市学院,011,外国语言文学类,2,562,84066
2021,4313,湖南城市学院,012,计算机科学与技术,2,547,101688
2021,4313,湖南城市学院,013,通信工程,2,538,112056
2021,4313,湖南城市学院,014,化学工程与工艺,2,553,94830
2021,4313,湖南城市学院,015,信息与计算科学,2,541,108818
2021,4313,湖南城市学院,016,机械设计制造及其自动化,2,535,115242
2021,4313,湖南城市学院,017,人工智能,2,542,107635
2021,4313,湖南城市学院,018,交通工程,2,530,121309
2021,4313,湖南城市学院,019,材料类,2,549,99776
2021,4313,湖南城市学院,020,汉语言文学(师范),2,573,71597
2021,4314,湖南大学(一流大学建设高校),001,材料科学与工程,6,639,12123
2021,4314,湖南大学(一流大学建设高校),002,测控技术与仪器,1,641,11097
2021,4314,湖南大学(一流大学建设高校),003,电气工程及其自动化,5,644,9817
2021,4314,湖南大学(一流大学建设高校),004,电子信息工程,2,645,9287
2021,4314,湖南大学(一流大学建设高校),005,自动化,2,643,10152
2021,4314,湖南大学(一流大学建设高校),006,法学,4,651,6745
2021,4314,湖南大学(一流大学建设高校),007,工商管理,5,649,7460
2021,4314,湖南大学(一流大学建设高校),008,会计学,6,650,7029
2021,4314,湖南大学(一流大学建设高校),009,电子商务,3,640,11523
2021,4314,湖南大学(一流大学建设高校),010,行政管理,2,648,7946
2021,4314,湖南大学(一流大学建设高校),011,化学类,5,643,9978
2021,4314,湖南大学(一流大学建设高校),012,化学工程与工艺,2,643,10038
2021,4314,湖南大学(一流大学建设高校),013,环境科学与工程类,2,645,9011
2021,4314,湖南大学(一流大学建设高校),014,机械类,6,641,10972
2021,4314,湖南大学(一流大学建设高校),015,能源与动力工程,2,645,9218
2021,4314,湖南大学(一流大学建设高校),016,建筑学,4,644,9659
2021,4314,湖南大学(一流大学建设高校),017,城乡规划,3,642,10472
2021,4314,湖南大学(一流大学建设高校),018,金融学,4,650,7262
2021,4314,湖南大学(一流大学建设高校),019,保险学(风险管理实验班),1,649,7635
2021,4314,湖南大学(一流大学建设高校),020,精算学,1,650,7324
2021,4314,湖南大学(一流大学建设高校),021,统计学类,2,649,7540
2021,4314,湖南大学(一流大学建设高校),022,经济学类,2,651,6753
2021,4314,湖南大学(一流大学建设高校),023,国际经济与贸易,2,649,7503
2021,4314,湖南大学(一流大学建设高校),024,国际经济与贸易(实验班),1,651,6972
2021,4314,湖南大学(一流大学建设高校),025,工业设计,5,646,8752
2021,4314,湖南大学(一流大学建设高校),026,生物技术,2,645,9402
2021,4314,湖南大学(一流大学建设高校),027,生物医学工程,2,645,9200
2021,4314,湖南大学(一流大学建设高校),028,数学类,3,646,8694
2021,4314,湖南大学(一流大学建设高校),029,土木类,7,639,12001
2021,4314,湖南大学(一流大学建设高校),030,建筑环境与能源应用工程,3,637,12927
2021,4314,湖南大学(一流大学建设高校),031,给排水科学与工程,2,639,12033
2021,4314,湖南大学(一流大学建设高校),032,英语,2,653,6257
2021,4314,湖南大学(一流大学建设高校),033,日语,4,646,8741
2021,4314,湖南大学(一流大学建设高校),034,汉语言文学,2,654,5727
2021,4314,湖南大学(一流大学建设高校),035,应用物理学,2,643,10283
2021,4314,湖南大学(一流大学建设高校),036,电子科学与技术,4,643,10105
2021,4314,湖南大学(一流大学建设高校),037,新闻传播学类,4,652,6563
2021,4314,湖南大学(一流大学建设高校),038,通信工程,2,643,9948
2021,4314,湖南大学(一流大学建设高校),039,计算机科学与技术,3,646,8882
2021,4314,湖南大学(一流大学建设高校),040,计算机科学与技术(拔尖实验班),1,648,7929
2021,4314,湖南大学(一流大学建设高校),041,计算机科学与技术(智能班),2,646,8599
2021,4314,湖南大学(一流大学建设高校),042,软件工程,4,645,9108
2021,4314,湖南大学(一流大学建设高校),043,信息安全,3,645,9267
2021,4314,湖南大学(一流大学建设高校),044,机器人工程,1,644,9515
2021,4314,湖南大学(一流大学建设高校),045,智能制造工程,1,644,9638
2021,4315,湖南大众传媒职业技术学院,501,新闻采编与制作,3,510,143672
2021,4315,湖南大众传媒职业技术学院,506,数字媒体技术,2,502,152795
2021,4315,湖南大众传媒职业技术学院,507,云计算技术应用,2,495,
2021,4315,湖南大众传媒职业技术学院,510,电子商务,2,495,
2021,4315,湖南大众传媒职业技术学院,511,传播与策划,2,513,140561
2021,4315,湖南大众传媒职业技术学院,512,休闲服务与管理,2,495,
2021,4316,湖南第一师范学院,001,小学教育(师范),1,588,54353
2021,4316,湖南第一师范学院,002,汉语言文学(师范),1,592,50434
2021,4316,湖南第一师范学院,003,英语(师范),2,588,54994
2021,4316,湖南第一师范学院,004,电子信息工程,1,565,80834
2021,4316,湖南第一师范学院,005,通信工程,1,562,83665
2021,4316,湖南第一师范学院,006,计算机科学与技术,2,566,79161
2021,4316,湖南第一师范学院,007,会计学,2,576,68587
2021,4317,湖南外贸职业学院,502,商务英语,5,495,
2021,4318,湖南工程学院,001,金融工程,2,561,85400
2021,4318,湖南工程学院,002,应用化学,2,550,98332
2021,4318,湖南工程学院,003,机械设计制造及其自动化,4,535,115267
2021,4318,湖南工程学院,004,机械电子工程,5,533,117488
2021,4318,湖南工程学院,005,高分子材料与工程,2,550,98379
2021,4318,湖南工程学院,006,电气工程及其自动化,5,536,114856
2021,4318,湖南工程学院,007,电子信息工程,4,540,110028
2021,4318,湖南工程学院,008,通信工程,2,542,108059
2021,4318,湖南工程学院,009,微电子科学与工程,2,541,109041
2021,4318,湖南工程学院,010,土木工程,6,536,114061
2021,4318,湖南工程学院,011,建筑环境与能源应用工程,2,540,109703
2021,4318,湖南工程学院,012,纺织工程,5,544,105496
2021,4318,湖南工程学院,013,服装设计与工程,3,545,103989
2021,4318,湖南工程学院,014,物流管理,4,553,94632
2021,4318,湖南工程学院,015,机器人工程,2,540,109604
2021,4319,湖南工程学院应用技术学院(独立学院),001,机械设计制造及其自动化,2,518,134880
2021,4319,湖南工程学院应用技术学院(独立学院),002,电气工程及其自动化,3,498,156972
2021,4320,湖南工程职业技术学院,503,测绘地理信息技术(无人机测绘),1,508,145837
2021,4320,湖南工程职业技术学院,515,大数据与会计,2,495,
2021,4321,湖南工学院,001,材料成型及控制工程,2,534,116387
2021,4321,湖南工学院,002,金属材料工程,2,548,100939
2021,4321,湖南工学院,003,通信工程,2,538,112336
2021,4321,湖南工学院,004,自动化,2,539,111652
2021,4321,湖南工学院,005,机器人工程,2,533,117691
2021,4321,湖南工学院,006,计算机科学与技术,2,555,92333
2021,4321,湖南工学院,007,软件工程,2,550,97996
2021,4321,湖南工学院,008,网络工程,2,546,102612
2021,4321,湖南工学院,009,物联网工程,2,543,106851
2021,4321,湖南工学院,010,信息与计算科学,2,548,100935
2021,4321,湖南工学院,011,工程造价,2,533,117680
2021,4321,湖南工学院,012,工业设计,2,538,111915
2021,4321,湖南工学院,013,建筑学,2,538,112038
2021,4321,湖南工学院,014,工程管理,2,533,118047
2021,4321,湖南工学院,015,安全工程,2,534,116717
2021,4321,湖南工学院,016,工业工程,2,557,90191
2021,4321,湖南工学院,017,环境工程,2,555,92167
2021,4321,湖南工学院,018,高分子材料与工程,2,550,98623
2021,4321,湖南工学院,019,化学工程与工艺,2,549,99067
2021,4321,湖南工学院,020,应用化学,2,552,96074
2021,4321,湖南工学院,021,工商管理,2,559,87526
2021,4321,湖南工学院,022,国际经济与贸易,2,559,87885
2021,4321,湖南工学院,023,会计学,2,568,77057
2021,4321,湖南工学院,024,物流管理,3,555,91959
2021,4321,湖南工学院,025,英语,2,561,85820
2021,4321,湖南工学院,026,商务英语,2,558,89103
2021,4321,湖南工学院,027,日语,2,557,90386
2021,4321,湖南工学院,028,材料物理,2,532,118876
2021,4321,湖南工学院,029,应用统计学,2,557,90065
2021,4322,湖南工业大学,010,机械类,2,561,85495
2021,4322,湖南工业大学,011,电气类,2,567,78777
2021,4322,湖南工业大学,012,电子信息类,2,571,73628
2021,4322,湖南工业大学,013,自动化类,2,567,78852
2021,4322,湖南工业大学,014,计算机类,2,581,62396
2021,4322,湖南工业大学,015,土木类,2,564,82062
2021,4322,湖南工业大学,016,工商管理类,4,574,70109
2021,4322,湖南工业大学,017,交通运输类,2,560,86701
2021,4322,湖南工业大学,018,新闻传播学类,5,579,64757
2021,4322,湖南工业大学,019,材料类,2,561,84989
2021,4322,湖南工业大学,020,材料类,2,562,83938
2021,4322,湖南工业大学,021,仪器类,1,560,86756
2021,4322,湖南工业大学,022,金融工程,2,577,66838
2021,4322,湖南工业大学,023,国际经济与贸易,2,575,69277
2021,4322,湖南工业大学,024,法学,5,585,57689
2021,4322,湖南工业大学,025,汉语言文学,1,586,57330
2021,4322,湖南工业大学,026,英语,1,590,52053
2021,4322,湖南工业大学,027,日语,2,575,69834
2021,4322,湖南工业大学,028,翻译,2,580,63314
2021,4322,湖南工业大学,029,信息与计算科学,2,565,81150
2021,4322,湖南工业大学,030,应用化学,2,568,77079
2021,4322,湖南工业大学,031,生物技术,2,566,79276
2021,4322,湖南工业大学,032,工业设计,2,564,81570
2021,4322,湖南工业大学,033,通信工程,2,569,76020
2021,4322,湖南工业大学,034,包装工程,3,495,
2021,4322,湖南工业大学,035,印刷工程,1,527,124569
2021,4322,湖南工业大学,036,环境生态工程,2,566,79151
2021,4322,湖南工业大学,037,信息管理与信息系统,2,563,82527
2021,4322,湖南工业大学,038,会计学,2,584,59600
2021,4322,湖南工业大学,039,财务管理,1,583,59879
2021,4322,湖南工业大学,040,电子信息工程,3,571,73575
2021,4322,湖南工业大学,041,化学工程与工艺,2,525,127115
2021,4323,湖南工业大学科技学院(独立学院),005,电气工程及其自动化,3,515,138832
2021,4323,湖南工业大学科技学院(独立学院),006,土木工程,3,495,160043
2021,4323,湖南工业大学科技学院(独立学院),007,机械设计制造及其自动化,2,497,158069
2021,4323,湖南工业大学科技学院(独立学院),008,包装工程,2,539,111438
2021,4323,湖南工业大学科技学院(独立学院),009,计算机科学与技术,3,524,128828
2021,4323,湖南工业大学科技学院(独立学院),010,数字媒体技术,2,515,138356
2021,4323,湖南工业大学科技学院(独立学院),011,财务管理,5,535,115245
2021,4323,湖南工业大学科技学院(独立学院),012,会计学,8,535,116195
2021,4323,湖南工业大学科技学院(独立学院),013,工商管理,6,530,121815
2021,4323,湖南工业大学科技学院(独立学院),014,国际经济与贸易,6,529,122479
2021,4324,湖南工业职业技术学院,501,机械制造及自动化,8,495,
2021,4326,湖南环境生物职业技术学院,503,临床医学,10,495,
2021,4326,湖南环境生物职业技术学院,504,口腔医学,2,505,149438
2021,4326,湖南环境生物职业技术学院,506,药学,10,495,
2021,4328,湖南高速铁路职业技术学院,501,铁道工程技术,8,495,
2021,4328,湖南高速铁路职业技术学院,502,铁道交通运营管理,4,495,
2021,4328,湖南高速铁路职业技术学院,503,铁道信号自动控制,5,495,
2021,4328,湖南高速铁路职业技术学院,504,铁道机车运用与维护,8,495,
2021,4328,湖南高速铁路职业技术学院,505,铁道车辆技术,5,495,
2021,4330,湖南科技大学,001,地理科学(师范),1,608,34858
2021,4330,湖南科技大学,002,地理信息科学,2,589,53980
2021,4330,湖南科技大学,003,土木工程,4,569,76215
2021,4330,湖南科技大学,004,给排水科学与工程,2,567,78759
2021,4330,湖南科技大学,005,建筑环境与能源应用工程,1,573,71119
2021,4330,湖南科技大学,006,机械设计制造及其自动化,2,582,61021
2021,4330,湖南科技大学,007,电气工程及其自动化,2,583,60458
2021,4330,湖南科技大学,008,通信工程,1,582,61163
2021,4330,湖南科技大学,009,机器人工程,2,577,66769
2021,4330,湖南科技大学,010,计算机科学与技术,2,587,56105
2021,4330,湖南科技大学,011,信息安全,2,579,64351
2021,4330,湖南科技大学,012,化学工程与工艺,3,571,73608
2021,4330,湖南科技大学,013,环境工程,2,568,77700
2021,4330,湖南科技大学,014,制药工程,2,573,71804
2021,4330,湖南科技大学,015,能源化学工程,2,570,75329
2021,4330,湖南科技大学,016,数学与应用数学(师范),2,595,47132
2021,4330,湖南科技大学,017,信息与计算科学,3,581,62730
2021,4330,湖南科技大学,018,光电信息科学与工程,3,566,79294
2021,4330,湖南科技大学,019,生物科学(师范),2,601,40912
2021,4330,湖南科技大学,020,生物工程,3,561,85370
2021,4330,湖南科技大学,021,城乡规划,4,580,63341
2021,4330,湖南科技大学,022,风景园林,2,580,63964
2021,4330,湖南科技大学,025,历史学(师范),1,616,27665
2021,4330,湖南科技大学,026,新闻学,2,586,56964
2021,4330,湖南科技大学,027,广告学,2,589,53144
2021,4330,湖南科技大学,028,思想政治教育(师范),2,606,36007
2021,4330,湖南科技大学,029,日语,2,584,59055
2021,4330,湖南科技大学,030,翻译,2,585,57828
2021,4330,湖南科技大学,031,教育学(师范),3,589,53357
2021,4330,湖南科技大学,032,应用心理学,2,584,59594
2021,4330,湖南科技大学,033,小学教育(师范),2,608,34884
2021,4330,湖南科技大学,034,国际经济与贸易,2,583,60359
2021,4330,湖南科技大学,035,会计学,2,583,60232
2021,4330,湖南科技大学,036,市场营销,2,575,69825
2021,4330,湖南科技大学,037,人力资源管理,2,583,60055
2021,4330,湖南科技大学,044,法学,3,596,46511
2021,4330,湖南科技大学,045,化学工程与工艺(卓越工程师班),2,556,91652
2021,4330,湖南科技大学,046,数据科学与大数据技术,2,585,57739
2021,4330,湖南科技大学,047,智能制造工程,2,576,67667
2021,4330,湖南科技大学,048,集成电路设计与集成系统,2,574,70118
2021,4331,湖南科技大学潇湘学院(独立学院),001,机械设计制造及其自动化,1,521,131549
2021,4331,湖南科技大学潇湘学院(独立学院),002,电气工程及其自动化,1,519,134200
2021,4331,湖南科技大学潇湘学院(独立学院),003,建筑学,1,526,125523
2021,4331,湖南科技大学潇湘学院(独立学院),004,汉语言文学,1,557,90405
2021,4331,湖南科技大学潇湘学院(独立学院),005,会计学,2,552,96508
2021,4332,湖南科技学院,001,秘书学,3,557,90513
2021,4332,湖南科技学院,002,数字媒体技术,3,553,94944
2021,4332,湖南科技学院,003,国际经济与贸易,3,556,90796
2021,4332,湖南科技学院,004,法学,3,573,72143
2021,4332,湖南科技学院,005,商务英语,3,561,85871
2021,4332,湖南科技学院,006,旅游管理,3,551,97459
2021,4333,湖南理工学院,001,秘书学,3,562,84603
2021,4333,湖南理工学院,002,朝鲜语,3,559,87639
2021,4333,湖南理工学院,003,国际经济与贸易,5,563,83558
2021,4333,湖南理工学院,004,人力资源管理,5,562,84484
2021,4333,湖南理工学院,005,新闻学,5,568,77548
2021,4333,湖南理工学院,006,信息与计算科学,4,547,101460
2021,4333,湖南理工学院,007,应用化学(中外合作办学),2,545,104838
2021,4333,湖南理工学院,008,机械设计制造及其自动化,4,543,106212
2021,4333,湖南理工学院,009,电气工程及其自动化,4,551,97001
2021,4333,湖南理工学院,010,计算机科学与技术,4,560,87066
2021,4333,湖南理工学院,011,建筑学,4,564,82108
2021,4333,湖南理工学院,012,历史建筑保护工程,2,562,84470
2021,4334,湖南理工学院南湖学院(独立学院),001,机械设计制造及其自动化,3,495,159505
2021,4334,湖南理工学院南湖学院(独立学院),002,计算机科学与技术,3,502,153100
2021,4334,湖南理工学院南湖学院(独立学院),003,土木工程,3,498,156448
2021,4334,湖南理工学院南湖学院(独立学院),004,广告学,7,545,103815
2021,4334,湖南理工学院南湖学院(独立学院),005,会计学,6,540,110453
2021,4334,湖南理工学院南湖学院(独立学院),006,英语,8,540,109787
2021,4335,湖南农业大学,001,水利水电工程,2,576,68091
2021,4335,湖南农业大学,002,土木工程,2,564,81746
2021,4335,湖南农业大学,003,人文地理与城乡规划,2,581,62647
2021,4335,湖南农业大学,004,环境科学,2,568,77789
2021,4335,湖南农业大学,005,信息与计算科学,2,567,78535
2021,4335,湖南农业大学,006,材料化学,2,568,77762
2021,4335,湖南农业大学,007,园林,4,575,69455
2021,4335,湖南农业大学,008,茶学,3,570,74505
2021,4335,湖南农业大学,009,风景园林,3,579,64722
2021,4335,湖南农业大学,010,计算机科学与技术,2,580,63057
2021,4335,湖南农业大学,011,国际经济与贸易,5,575,69778
2021,4335,湖南农业大学,012,经济学,3,579,64934
2021,4335,湖南农业大学,013,英语,2,585,58329
2021,4335,湖南农业大学,014,日语,2,579,64886
2021,4335,湖南农业大学,015,教育技术学(师范),2,581,62077
2021,4335,湖南农业大学,016,公共管理类,3,577,67043
2021,4335,湖南农业大学,017,生物信息学,2,575,69329
2021,4335,湖南农业大学,018,工商管理类,5,578,66475
2021,4335,湖南农业大学,019,机械类,5,558,89251
2021,4335,湖南农业大学,020,机器人工程,2,569,75990
2021,4335,湖南农业大学,021,智慧农业,2,584,58702
2021,4335,湖南农业大学,022,水产类,3,563,83006
2021,4335,湖南农业大学,023,食品科学与工程类,4,569,76341
2021,4335,湖南农业大学,024,生物科学类,2,574,70733
2021,4335,湖南农业大学,027,动物医学,2,577,67469
2021,4336,湖南女子学院,001,旅游管理,2,558,88990
2021,4336,湖南女子学院,003,英语(师范),2,570,74528
2021,4337,湖南人文科技学院,002,化学(师范),2,566,79375
2021,4337,湖南人文科技学院,003,农学,3,551,97155
2021,4337,湖南人文科技学院,004,市场营销,6,551,97067
2021,4337,湖南人文科技学院,005,商务英语,6,553,95147
2021,4337,湖南人文科技学院,006,秘书学,3,552,96435
2021,4337,湖南人文科技学院,007,通信工程,8,529,122205
2021,4337,湖南人文科技学院,008,软件工程,6,533,117512
2021,4337,湖南人文科技学院,009,学前教育(中外合作办学),4,553,94876
2021,4338,湖南商务职业技术学院,502,现代物流管理,3,495,
2021,4339,湖南工商大学,001,经济学,3,584,59586
2021,4339,湖南工商大学,002,国际经济与贸易,3,581,62883
2021,4339,湖南工商大学,003,电子商务,3,575,69164
2021,4339,湖南工商大学,004,国际商务,4,572,72634
2021,4339,湖南工商大学,005,工商管理类,5,578,65771
2021,4339,湖南工商大学,006,会计学,3,590,52067
2021,4339,湖南工商大学,007,审计学,3,584,58539
2021,4339,湖南工商大学,008,经济统计学,3,580,63424
2021,4339,湖南工商大学,009,金融数学,3,578,65373
2021,4339,湖南工商大学,010,数据科学与大数据技术,3,571,74342
2021,4339,湖南工商大学,014,旅游管理类,3,572,72218
2021,4339,湖南工商大学,015,计算机类,3,572,72262
2021,4339,湖南工商大学,016,人工智能,3,569,75617
2021,4339,湖南工商大学,017,商务英语,2,578,66359
2021,4340,湘潭理工学院(民办),001,信息管理与信息系统,2,496,158837
2021,4340,湘潭理工学院(民办),002,工商管理,2,544,105034
2021,4340,湘潭理工学院(民办),003,财务管理,2,545,104628
2021,4340,湘潭理工学院(民办),004,人力资源管理,2,543,106683
2021,4340,湘潭理工学院(民办),005,物流管理,2,545,104590
2021,4341,湖南涉外经济学院(民办),001,金融学,2,528,124177
2021,4341,湖南涉外经济学院(民办),002,国际经济与贸易,2,532,119484
2021,4341,湖南涉外经济学院(民办),003,汉语言文学,2,536,114055
2021,4341,湖南涉外经济学院(民办),004,英语,2,532,119509
2021,4341,湖南涉外经济学院(民办),005,西班牙语,2,531,120454
2021,4341,湖南涉外经济学院(民办),006,日语,2,526,125980
2021,4341,湖南涉外经济学院(民办),007,朝鲜语,2,517,136773
2021,4341,湖南涉外经济学院(民办),010,计算机科学与技术,2,505,149240
2021,4341,湖南涉外经济学院(民办),011,工商管理,2,525,127557
2021,4341,湖南涉外经济学院(民办),012,市场营销,2,524,128478
2021,4341,湖南涉外经济学院(民办),013,会计学,2,530,121240
2021,4341,湖南涉外经济学院(民办),014,财务管理,2,526,125864
2021,4341,湖南涉外经济学院(民办),015,国际商务,2,526,126409
2021,4341,湖南涉外经济学院(民办),016,人力资源管理,2,529,123055
2021,4341,湖南涉外经济学院(民办),017,物流管理,2,522,130406
2021,4341,湖南涉外经济学院(民办),018,电子商务,2,525,127512
2021,4341,湖南涉外经济学院(民办),019,旅游管理,2,520,132930
2021,4341,湖南涉外经济学院(民办),020,酒店管理,2,520,133108
2021,4341,湖南涉外经济学院(民办),027,网络与新媒体,2,536,115148
2021,4341,湖南涉外经济学院(民办),028,物联网工程,2,495,
2021,4341,湖南涉外经济学院(民办),029,商务英语,2,526,126312
2021,4341,湖南涉外经济学院(民办),031,软件工程,4,498,156963
2021,4341,湖南涉外经济学院(民办),032,会计学,4,528,123918
2021,4342,湖南师范大学(一流学科建设高校),001,汉语言文学(师范),2,649,7571
2021,4342,湖南师范大学(一流学科建设高校),002,文化产业管理,2,638,12835
2021,4342,湖南师范大学(一流学科建设高校),005,法学,3,645,9303
2021,4342,湖南师范大学(一流学科建设高校),006,知识产权,2,642,10825
2021,4342,湖南师范大学(一流学科建设高校),007,行政管理,2,636,13852
2021,4342,湖南师范大学(一流学科建设高校),008,哲学,2,635,14370
2021,4342,湖南师范大学(一流学科建设高校),009,政治学与行政学,2,638,12478
2021,4342,湖南师范大学(一流学科建设高校),010,旅游管理类,4,630,17260
2021,4342,湖南师范大学(一流学科建设高校),011,外国语言文学类,5,644,9705
2021,4342,湖南师范大学(一流学科建设高校),020,数学类,2,644,9579
2021,4342,湖南师范大学(一流学科建设高校),021,数据科学与大数据技术,2,626,20277
2021,4342,湖南师范大学(一流学科建设高校),022,电子信息科学与技术,4,623,21867
2021,4342,湖南师范大学(一流学科建设高校),023,化学(师范),2,642,10426
2021,4342,湖南师范大学(一流学科建设高校),024,化工与制药类,4,624,21160
2021,4342,湖南师范大学(一流学科建设高校),025,生物科学类,3,643,10276
2021,4342,湖南师范大学(一流学科建设高校),026,地理科学(师范),2,647,8233
2021,4342,湖南师范大学(一流学科建设高校),027,地理信息科学,3,637,13006
2021,4342,湖南师范大学(一流学科建设高校),028,人文地理与城乡规划,3,632,16182
2021,4342,湖南师范大学(一流学科建设高校),029,土地资源管理,2,633,15449
2021,4342,湖南师范大学(一流学科建设高校),031,电子信息工程,2,624,21389
2021,4342,湖南师范大学(一流学科建设高校),033,机械设计制造及其自动化,2,627,19447
2021,4342,湖南师范大学(一流学科建设高校),034,临床医学,2,637,13199
2021,4342,湖南师范大学(一流学科建设高校),035,药学,2,623,22176
2021,4342,湖南师范大学(一流学科建设高校),036,医学检验技术,2,628,18862
2021,4342,湖南师范大学(一流学科建设高校),037,预防医学,2,632,15891
2021,4342,湖南师范大学(一流学科建设高校),038,计算机科学与技术,2,629,17718
2021,4342,湖南师范大学(一流学科建设高校),039,软件工程,2,626,20355
2021,4342,湖南师范大学(一流学科建设高校),040,物联网工程,2,625,20755
2021,4342,湖南师范大学(一流学科建设高校),041,人工智能,4,623,22345
2021,4342,湖南师范大学(一流学科建设高校),044,新闻传播学类,8,641,11223
2021,4345,湖南司法警官职业学院,501,法律事务,10,495,
2021,4345,湖南司法警官职业学院,502,司法鉴定技术,10,495,
2021,4346,湖南铁道职业技术学院,501,铁道机车车辆制造与维护,4,495,
2021,4346,湖南铁道职业技术学院,506,铁道信号自动控制,5,495,
2021,4347,湖南文理学院,001,汉语言文学(师范),2,584,58868
2021,4347,湖南文理学院,002,电子商务及法律,2,557,90075
2021,4347,湖南文理学院,003,英语(师范),2,579,64964
2021,4347,湖南文理学院,004,日语,2,560,86083
2021,4347,湖南文理学院,005,商务英语,3,558,88580
2021,4347,湖南文理学院,010,学前教育(师范),2,572,73023
2021,4347,湖南文理学院,011,材料科学与工程,2,549,99896
2021,4347,湖南文理学院,012,市场营销,2,557,90471
2021,4347,湖南文理学院,013,财务管理,2,558,89435
2021,4347,湖南文理学院,014,地理科学(师范),2,579,65289
2021,4347,湖南文理学院,015,旅游管理,2,551,97225
2021,4347,湖南文理学院,016,水产养殖学,2,548,101238
2021,4347,湖南文理学院,017,计算机科学与技术,2,552,96638
2021,4347,湖南文理学院,018,网络工程,2,542,108225
2021,4347,湖南文理学院,019,软件工程,2,549,99831
2021,4347,湖南文理学院,020,通信工程,2,536,114159
2021,4347,湖南文理学院,021,风景园林,2,557,90211
2021,4348,湖南文理学院芙蓉学院(独立学院),001,国际经济与贸易,2,537,113221
2021,4348,湖南文理学院芙蓉学院(独立学院),002,旅游管理,1,547,101651
2021,4348,湖南文理学院芙蓉学院(独立学院),003,财务管理,2,538,112305
2021,4349,湖南信息学院(民办),001,财务管理,3,526,125763
2021,4349,湖南信息学院(民办),002,金融工程,4,521,131918
2021,4349,湖南信息学院(民办),003,电子商务,3,524,128155
2021,4350,湖南信息职业技术学院,505,软件技术,2,505,150006
2021,4352,湖南中医药大学,001,中医学(5+3一体化，卓越1班),3,626,20263
2021,4352,湖南中医药大学,002,中医学,4,619,25358
2021,4352,湖南中医药大学,003,中西医临床医学,3,612,30928
2021,4352,湖南中医药大学,004,针灸推拿学,3,597,44993
2021,4352,湖南中医药大学,005,康复治疗学,1,586,56816
2021,4352,湖南中医药大学,006,临床医学,5,607,35271
2021,4352,湖南中医药大学,007,医学影像学,4,605,37558
2021,4352,湖南中医药大学,008,口腔医学,2,625,20550
2021,4352,湖南中医药大学,009,医学检验技术,2,595,47271
2021,4352,湖南中医药大学,010,护理学,3,569,75606
2021,4352,湖南中医药大学,011,药学,3,581,62185
2021,4352,湖南中医药大学,012,药物制剂,1,586,56332
2021,4352,湖南中医药大学,013,中药学,2,597,45362
2021,4352,湖南中医药大学,014,中药资源与开发,1,579,64203
2021,4352,湖南中医药大学,015,制药工程,1,584,58683
2021,4352,湖南中医药大学,016,食品科学与工程,1,593,49085
2021,4352,湖南中医药大学,017,生物工程,1,584,59611
2021,4352,湖南中医药大学,018,医学信息工程,1,569,75839
2021,4352,湖南中医药大学,019,运动康复,1,582,60963
2021,4352,湖南中医药大学,020,英语,1,580,63124
2021,4352,湖南中医药大学,021,应用心理学,1,594,48230
2021,4352,湖南中医药大学,022,计算机科学与技术,1,576,67787
2021,4352,湖南中医药大学,023,信息管理与信息系统,1,570,75369
2021,4352,湖南中医药大学,024,市场营销,1,576,68602
2021,4352,湖南中医药大学,025,公共事业管理,1,574,70415
2021,4352,湖南中医药大学,026,中医康复学,1,598,44071
2021,4352,湖南中医药大学,027,中医学(5+3一体化，卓越2班),2,627,19655
2021,4352,湖南中医药大学,028,中医学(5+3一体化，卓越3班),1,627,19513
2021,4352,湖南中医药大学,029,中医儿科学,1,611,31457
2021,4352,湖南中医药大学,030,中医骨伤科学,2,606,36762
2021,4353,湖南中医药大学湘杏学院(独立学院),001,中医学,5,563,83323
2021,4353,湖南中医药大学湘杏学院(独立学院),002,中西医临床医学,3,562,83652
2021,4353,湖南中医药大学湘杏学院(独立学院),003,针灸推拿学,4,560,86964
2021,4353,湖南中医药大学湘杏学院(独立学院),004,护理学,3,551,96791
2021,4354,湖南中医药高等专科学校,501,中医骨伤,6,495,
2021,4355,怀化学院,008,学前教育(师范),2,569,75659
2021,4355,怀化学院,009,小学教育(师范),2,575,68958
2021,4355,怀化学院,011,汉语言文学(师范),2,575,69740
2021,4355,怀化学院,012,网络与新媒体,2,561,85566
2021,4355,怀化学院,013,英语(师范),2,574,70150
2021,4355,怀化学院,014,商务英语,2,556,91374
2021,4355,怀化学院,015,数学与应用数学(师范),2,545,103894
2021,4355,怀化学院,016,信息与计算科学,2,537,113005
2021,4355,怀化学院,017,生物科学(师范),2,570,75332
2021,4355,怀化学院,018,机械设计制造及其自动化,2,538,112821
2021,4355,怀化学院,019,材料化学,2,548,100774
2021,4355,怀化学院,020,电气工程及其自动化,2,534,116504
2021,4355,怀化学院,021,通信工程,2,537,113280
2021,4355,怀化学院,022,计算机科学与技术,2,546,102831
2021,4355,怀化学院,023,软件工程,2,542,107245
2021,4355,怀化学院,024,制药工程,2,556,91770
2021,4355,怀化学院,025,食品质量与安全,2,551,96954
2021,4355,怀化学院,026,风景园林,2,555,92390
2021,4355,怀化学院,027,生物制药,2,550,98024
2021,4355,怀化学院,028,园林,2,551,97498
2021,4355,怀化学院,029,财务管理,2,559,88216
2021,4355,怀化学院,030,公共事业管理,2,555,92541
2021,4355,怀化学院,031,物流管理,2,553,95204
2021,4355,怀化学院,032,酒店管理,2,551,97612
2021,4355,怀化学院,033,物理学(师范),2,544,105112
2021,4355,怀化学院,034,人工智能,2,534,117270
2021,4355,怀化学院,035,数据科学与大数据技术,2,538,112053
2021,4355,怀化学院,036,历史学(师范),2,572,72571
2021,4356,吉首大学,001,临床医学,2,598,43926
2021,4356,吉首大学,002,医学影像技术,2,575,69589
2021,4356,吉首大学,003,旅游管理,2,563,82918
2021,4356,吉首大学,004,电子商务,3,565,81041
2021,4356,吉首大学,005,电气工程及其自动化,2,547,101379
2021,4356,吉首大学,006,通信工程,2,549,98951
2021,4356,吉首大学,007,物理学(师范),2,560,86469
2021,4356,吉首大学,008,材料科学与工程,2,539,111191
2021,4356,吉首大学,009,机械设计制造及其自动化,2,546,103498
2021,4356,吉首大学,010,翻译,2,568,77567
2021,4356,吉首大学,011,日语,2,570,75093
2021,4356,吉首大学,012,国际经济与贸易,2,568,77897
2021,4356,吉首大学,013,工商管理,2,567,78769
2021,4356,吉首大学,014,经济学,2,570,74852
2021,4356,吉首大学,015,金融工程,3,569,76358
2021,4356,吉首大学,016,软件工程,4,550,98786
2021,4356,吉首大学,017,生物科学(师范),2,578,65637
2021,4356,吉首大学,018,食品科学与工程,2,562,83804
2021,4356,吉首大学,019,商务英语,2,569,76630
2021,4356,吉首大学,020,法学,2,578,66458
2021,4357,吉首大学张家界学院(独立学院),001,工商管理,3,533,118055
2021,4357,吉首大学张家界学院(独立学院),002,旅游管理,2,540,110237
2021,4357,吉首大学张家界学院(独立学院),003,电子商务,3,528,124297
2021,4358,南华大学,001,机械类,25,549,99273
2021,4358,南华大学,002,能源与动力工程,5,564,81466
2021,4358,南华大学,003,电气工程及其自动化,8,563,82512
2021,4358,南华大学,004,核工程类,10,564,81817
2021,4358,南华大学,005,核物理,3,565,80894
2021,4358,南华大学,006,矿业类,3,564,82114
2021,4358,南华大学,007,城市地下空间工程,5,548,100696
2021,4358,南华大学,008,环境工程,8,563,83594
2021,4358,南华大学,009,医学信息工程,4,560,86997
2021,4358,南华大学,010,土木类,7,557,90151
2021,4358,南华大学,011,建筑类,2,580,63873
2021,4358,南华大学,012,化工与制药类,4,563,83411
2021,4358,南华大学,013,材料类,4,564,82335
2021,4358,南华大学,014,信息与计算科学,4,568,76724
2021,4358,南华大学,015,临床医学类,4,616,27863
2021,4358,南华大学,016,药学,4,575,69526
2021,4358,南华大学,017,预防医学,2,594,48167
2021,4358,南华大学,018,护理学,8,564,81882
2021,4358,南华大学,019,工商管理类,3,579,64770
2021,4358,南华大学,020,物流工程,4,568,76733
2021,4358,南华大学,021,电子商务,2,581,62862
2021,4358,南华大学,022,外国语言文学类,6,580,63381
2021,4359,南华大学船山学院(独立学院),001,机械设计制造及其自动化,2,504,150423
2021,4359,南华大学船山学院(独立学院),002,电气工程及其自动化,2,502,152995
2021,4359,南华大学船山学院(独立学院),003,软件工程,2,522,130485
2021,4359,南华大学船山学院(独立学院),004,医学检验技术,2,546,102554
2021,4359,南华大学船山学院(独立学院),005,护理学,2,552,95964
2021,4359,南华大学船山学院(独立学院),006,工商管理,3,534,116447
2021,4359,南华大学船山学院(独立学院),007,会计学,3,545,103849
2021,4360,邵阳学院,001,金融工程,2,555,92822
2021,4360,邵阳学院,002,国际经济与贸易,2,555,92505
2021,4360,邵阳学院,003,法学,4,566,80094
2021,4360,邵阳学院,004,汉语国际教育(师范),4,565,81029
2021,4360,邵阳学院,005,历史学(师范),4,570,74690
2021,4360,邵阳学院,006,英语(师范),5,569,76045
2021,4360,邵阳学院,007,商务英语,5,555,92573
2021,4360,邵阳学院,008,数学与应用数学(师范),3,545,103839
2021,4360,邵阳学院,009,信息与计算科学,4,533,117825
2021,4360,邵阳学院,010,地理科学(师范),3,572,72392
2021,4360,邵阳学院,011,城乡规划,3,555,92991
2021,4360,邵阳学院,012,风景园林,3,555,93018
2021,4360,邵阳学院,013,园林,4,552,95624
2021,4360,邵阳学院,014,机械设计制造及其自动化,4,531,119714
2021,4360,邵阳学院,015,能源与动力工程,4,547,101491
2021,4360,邵阳学院,016,电气工程及其自动化,4,532,119301
2021,4360,邵阳学院,017,自动化,4,532,119374
2021,4361,湘南学院,009,金融工程,2,555,92623
2021,4361,湘南学院,010,汉语言文学(师范),4,575,69725
2021,4361,湘南学院,011,英语(师范),4,572,72324
2021,4361,湘南学院,012,翻译,5,556,91047
2021,4361,湘南学院,013,商务英语,3,558,89213
2021,4361,湘南学院,014,物流管理,2,554,93967
2021,4361,湘南学院,015,国际经济与贸易,3,552,95902
2021,4361,湘南学院,016,电气工程及其自动化,3,534,116938
2021,4361,湘南学院,017,光电信息科学与工程,3,533,117927
2021,4361,湘南学院,018,应用化学,5,551,96680
2021,4361,湘南学院,019,环境生态工程,5,547,101512
2021,4361,湘南学院,020,计算机科学与技术,2,546,102573
2021,4361,湘南学院,021,社会工作,5,552,95697
2021,4361,湘南学院,023,药学,5,558,88447
2021,4361,湘南学院,024,旅游管理,5,547,102410
2021,4361,湘南学院,025,医学检验技术,2,568,77529
2021,4361,湘南学院,026,医学影像技术,2,548,100351
2021,4361,湘南学院,027,临床医学,5,570,74627
2021,4362,湘潭大学,001,历史学,3,617,27038
2021,4362,湘潭大学,002,文化产业管理,3,600,42442
2021,4362,湘潭大学,003,经济学,4,607,35581
2021,4362,湘潭大学,004,金融学,3,605,37040
2021,4362,湘潭大学,005,工商管理,3,599,43352
2021,4362,湘潭大学,006,会计学(ACCA班),4,604,38029
2021,4362,湘潭大学,007,电子商务,3,595,47552
2021,4362,湘潭大学,008,法学类,4,636,13911
2021,4362,湘潭大学,009,法学(卓越班),2,640,11722
2021,4362,湘潭大学,010,知识产权,3,627,19406
2021,4362,湘潭大学,011,汉语言文学,4,618,26300
2021,4362,湘潭大学,012,广告学,3,607,35480
2021,4362,湘潭大学,013,汉语国际教育,3,607,35694
2021,4362,湘潭大学,014,西班牙语,3,606,36753
2021,4362,湘潭大学,015,数学类,4,616,27158
2021,4362,湘潭大学,016,数据科学与大数据技术,3,601,40686
2021,4362,湘潭大学,017,物理学,3,608,34393
2021,4362,湘潭大学,018,微电子科学与工程,3,597,44915
2021,4362,湘潭大学,019,材料类(师昌绪班),2,600,42465
2021,4362,湘潭大学,020,材料科学与工程,4,568,77617
2021,4362,湘潭大学,021,新能源材料与器件,3,592,49929
2021,4362,湘潭大学,022,材料化学,3,594,48551
2021,4362,湘潭大学,023,高分子材料与工程,3,597,44983
2021,4362,湘潭大学,024,化学工程与工艺,4,591,51123
2021,4362,湘潭大学,025,机械设计制造及其自动化,4,594,47828
2021,4362,湘潭大学,026,工业设计,3,591,51757
2021,4362,湘潭大学,027,能源动力类,4,586,56477
2021,4362,湘潭大学,028,电子信息工程,4,600,41889
2021,4362,湘潭大学,029,通信工程,4,597,44820
2021,4362,湘潭大学,030,人工智能,3,603,39155
2021,4362,湘潭大学,031,计算机科学与技术,3,611,31937
2021,4362,湘潭大学,032,软件工程,3,604,37788
2021,4362,湘潭大学,033,网络空间安全,3,597,44727
2021,4362,湘潭大学,034,土木工程,4,587,55238
2021,4363,湘潭大学兴湘学院(独立学院),001,广告学,3,534,116905
2021,4363,湘潭大学兴湘学院(独立学院),002,法学,3,547,101712
2021,4363,湘潭大学兴湘学院(独立学院),003,电子商务,3,534,116856
2021,4363,湘潭大学兴湘学院(独立学院),004,计算机科学与技术,3,518,134832
2021,4363,湘潭大学兴湘学院(独立学院),005,机械设计制造及其自动化,3,502,152830
2021,4364,永州职业技术学院,501,临床医学,6,501,154333
2021,4364,永州职业技术学院,502,口腔医学,6,508,146056
2021,4364,永州职业技术学院,503,中医学,3,495,
2021,4364,永州职业技术学院,504,药学,1,496,158804
2021,4364,永州职业技术学院,506,医学影像技术,3,505,149199
2021,4365,中南大学(一流大学建设高校),001,软件工程,8,647,8403
2021,4365,中南大学(一流大学建设高校),002,临床医学,2,669,2058
2021,4365,中南大学(一流大学建设高校),003,口腔医学(5+3一体化),2,665,2946
2021,4365,中南大学(一流大学建设高校),004,金融学类(经济管理类),9,650,7259
2021,4365,中南大学(一流大学建设高校),005,法学类,7,654,5894
2021,4365,中南大学(一流大学建设高校),006,中国语言文学类,11,651,6888
2021,4365,中南大学(一流大学建设高校),007,外国语言文学类,12,648,7877
2021,4365,中南大学(一流大学建设高校),008,建筑类(建筑城规类),2,649,7466
2021,4365,中南大学(一流大学建设高校),009,数学类(数学物理类),12,646,8552
2021,4365,中南大学(一流大学建设高校),010,化工与制药类(化学生物环境类),6,644,9609
2021,4365,中南大学(一流大学建设高校),012,材料类(冶金材料类),20,637,12892
2021,4365,中南大学(一流大学建设高校),013,土木类(土木安全类),19,640,11605
2021,4365,中南大学(一流大学建设高校),014,机械类,10,643,10111
2021,4365,中南大学(一流大学建设高校),015,能源动力类(能源类),8,641,10860
2021,4365,中南大学(一流大学建设高校),016,电子信息类,4,647,8289
2021,4365,中南大学(一流大学建设高校),017,自动化类,20,645,9190
2021,4365,中南大学(一流大学建设高校),018,计算机类(计算机通信类),16,648,7995
2021,4365,中南大学(一流大学建设高校),019,航空航天类,2,646,8795
2021,4365,中南大学(一流大学建设高校),020,临床医学类,12,657,4956
2021,4365,中南大学(一流大学建设高校),021,公共卫生与预防医学类,4,646,8791
2021,4365,中南大学(一流大学建设高校),022,医学技术类,4,645,9004
2021,4366,中南林业科技大学,001,园艺,3,571,73693
2021,4366,中南林业科技大学,002,林学类,8,568,76921
2021,4366,中南林业科技大学,003,土地资源管理,3,576,68120
2021,4366,中南林业科技大学,004,生物科学类,6,570,75035
2021,4366,中南林业科技大学,005,生物工程,2,569,75704
2021,4366,中南林业科技大学,006,材料类,8,561,85180
2021,4366,中南林业科技大学,007,森林工程,2,561,85531
2021,4366,中南林业科技大学,008,木材科学与工程,4,564,81583
2021,4366,中南林业科技大学,009,机械类,12,559,87794
2021,4366,中南林业科技大学,010,能源动力类,3,568,77439
2021,4366,中南林业科技大学,011,物流管理,2,573,71445
2021,4366,中南林业科技大学,012,物流工程,3,570,74526
2021,4366,中南林业科技大学,013,建筑类,2,586,56588
2021,4366,中南林业科技大学,014,风景园林,2,600,41936
2021,4366,中南林业科技大学,015,家具设计与工程,2,565,80880
2021,4366,中南林业科技大学,016,电子信息类,2,574,70416
2021,4366,中南林业科技大学,017,自动化,2,567,77990
2021,4366,中南林业科技大学,018,计算机类,4,580,63511
2021,4366,中南林业科技大学,019,工程力学,2,559,88090
2021,4366,中南林业科技大学,020,土木类,10,558,88559
2021,4366,中南林业科技大学,021,工程管理,2,559,87929
2021,4366,中南林业科技大学,022,食品科学与工程类,8,569,76460
2021,4366,中南林业科技大学,023,环境科学与工程类,8,567,78621
2021,4366,中南林业科技大学,024,工商管理类,7,581,62102
2021,4366,中南林业科技大学,025,会计学(ACCA卓越班),2,600,42066
2021,4366,中南林业科技大学,026,金融学类,3,584,59331
2021,4366,中南林业科技大学,027,外国语言文学类,2,585,57445
2021,4366,中南林业科技大学,028,法语,2,590,52424
2021,4366,中南林业科技大学,029,日语,2,576,67686
2021,4366,中南林业科技大学,030,朝鲜语,2,569,76707
2021,4366,中南林业科技大学,031,旅游管理类,10,566,79729
2021,4368,湖南铁路科技职业技术学院,501,铁道机车运用与维护,3,495,
2021,4368,湖南铁路科技职业技术学院,502,城市轨道车辆应用技术,10,495,
2021,4368,湖南铁路科技职业技术学院,503,动车组检修技术,5,495,
2021,4368,湖南铁路科技职业技术学院,504,城市轨道交通运营管理,12,495,
2021,4368,湖南铁路科技职业技术学院,505,铁道工程技术,2,500,155048
2021,4401,北京理工大学珠海学院(独立学院),001,智能科学与技术(国际班),2,521,132340
2021,4401,北京理工大学珠海学院(独立学院),002,计算机类,4,524,128766
2021,4401,北京理工大学珠海学院(独立学院),003,机器人工程,4,521,131790
2021,4401,北京理工大学珠海学院(独立学院),005,应用统计学,4,542,107758
2021,4401,北京理工大学珠海学院(独立学院),006,国际经济与贸易,4,544,105778
2021,4401,北京理工大学珠海学院(独立学院),007,财务管理,2,547,101963
2021,4401,北京理工大学珠海学院(独立学院),008,会计学,4,546,103698
2021,4401,北京理工大学珠海学院(独立学院),009,法学,4,564,82429
2021,4401,北京理工大学珠海学院(独立学院),010,法学(国际班),4,550,98716
2021,4402,北京师范大学-香港浸会大学联合国际学院,001,工商管理类(中外合作办学),5,583,60173
2021,4402,北京师范大学-香港浸会大学联合国际学院,002,新闻传播学类(中外合作办学),5,595,47591
2021,4402,北京师范大学-香港浸会大学联合国际学院,003,外国语言文学类(中外合作办学),4,587,55624
2021,4402,北京师范大学-香港浸会大学联合国际学院,004,计算机类(中外合作办学),2,584,59117
2021,4402,北京师范大学-香港浸会大学联合国际学院,005,会计学(中外合作办学),5,581,62493
2021,4402,北京师范大学-香港浸会大学联合国际学院,006,经济学(中外合作办学),3,588,54899
2021,4402,北京师范大学-香港浸会大学联合国际学院,007,社会学(中外合作办学),2,590,52378
2021,4402,北京师范大学-香港浸会大学联合国际学院,008,应用心理学(中外合作办学),4,604,38352
2021,4402,北京师范大学-香港浸会大学联合国际学院,009,环境科学(中外合作办学),2,582,61844
2021,4402,北京师范大学-香港浸会大学联合国际学院,010,金融数学(中外合作办学),2,598,43860
2021,4402,北京师范大学-香港浸会大学联合国际学院,011,数学与应用数学(中外合作办学),2,625,20963
2021,4403,电子科技大学中山学院(独立学院),001,电子信息类,10,506,148549
2021,4403,电子科技大学中山学院(独立学院),002,自动化,5,513,141127
2021,4403,电子科技大学中山学院(独立学院),003,电气工程及其自动化,5,502,153118
2021,4403,电子科技大学中山学院(独立学院),004,机械设计制造及其自动化,5,500,155235
2021,4403,电子科技大学中山学院(独立学院),005,计算机科学与技术,7,520,133424
2021,4403,电子科技大学中山学院(独立学院),006,软件工程,7,506,148788
2021,4403,电子科技大学中山学院(独立学院),007,应用化学,6,532,119290
2021,4403,电子科技大学中山学院(独立学院),008,环境工程,5,535,115583
2021,4403,电子科技大学中山学院(独立学院),009,食品质量与安全,5,534,116628
2021,4403,电子科技大学中山学院(独立学院),010,电子商务,3,544,105665
2021,4403,电子科技大学中山学院(独立学院),011,财务管理,5,539,111266
2021,4403,电子科技大学中山学院(独立学院),012,人力资源管理,3,540,110143
2021,4403,电子科技大学中山学院(独立学院),013,法学,3,547,101804
2021,4403,电子科技大学中山学院(独立学院),014,新闻学,3,546,102934
2021,4403,电子科技大学中山学院(独立学院),015,日语,3,538,111931
2021,4404,东莞城市学院(民办),001,物联网工程,2,495,
2021,4404,东莞城市学院(民办),002,计算机科学与技术,2,501,153317
2021,4404,东莞城市学院(民办),003,电子信息工程,2,497,157878
2021,4404,东莞城市学院(民办),004,电子商务,3,525,126989
2021,4404,东莞城市学院(民办),005,物流管理,2,516,137755
2021,4404,东莞城市学院(民办),006,市场营销,2,522,130980
2021,4405,广东白云学院(民办),001,跨境电子商务,3,520,132551
2021,4405,广东白云学院(民办),002,英语,2,529,122832
2021,4405,广东白云学院(民办),003,数据科学与大数据技术,2,501,153391
2021,4405,广东白云学院(民办),004,信息管理与信息系统,2,513,141283
2021,4405,广东白云学院(民办),005,智能制造工程,2,498,156770
2021,4405,广东白云学院(民办),006,工商管理(学分互认项目),2,523,129690
2021,4405,广东白云学院(民办),007,市场营销(学分互认项目),2,516,137142
2021,4406,广东工业大学,001,应用化学,5,573,71106
2021,4406,广东工业大学,002,电子信息类,4,605,36846
2021,4406,广东工业大学,003,交通运输,5,575,69276
2021,4406,广东工业大学,004,计算机类,4,612,31180
2021,4406,广东工业大学,005,能源动力类,6,588,54192
2021,4406,广东工业大学,006,工商管理类,4,597,45470
2021,4408,广东金融学院,001,金融学,5,592,50063
2021,4408,广东金融学院,002,财政学,1,600,42570
2021,4408,广东金融学院,003,金融工程,1,592,49861
2021,4408,广东金融学院,004,会计学,4,594,48304
2021,4408,广东金融学院,005,审计学,1,596,46490
2021,4408,广东金融学院,006,信用管理,1,590,52706
2021,4408,广东金融学院,007,软件工程,1,591,51553
2021,4408,广东金融学院,008,电子商务,1,587,55657
2021,4408,广东金融学院,009,商务英语,1,589,53690
2021,4409,广东培正学院(民办),001,日语,5,518,135405
2021,4409,广东培正学院(民办),002,商务英语,5,523,130049
2021,4409,广东培正学院(民办),003,工商管理,5,523,129902
2021,4409,广东培正学院(民办),004,酒店管理,6,518,135773
2021,4409,广东培正学院(民办),005,国际经济与贸易,5,521,132108
2021,4409,广东培正学院(民办),006,会计学,5,527,125354
2021,4409,广东培正学院(民办),007,法学,6,533,117976
2021,4409,广东培正学院(民办),008,应用心理学,6,528,123329
2021,4409,广东培正学院(民办),009,计算机科学与技术,6,495,
2021,4412,广东外语外贸大学,001,经济学,1,633,15460
2021,4412,广东外语外贸大学,002,金融学类,1,632,15944
2021,4412,广东外语外贸大学,003,法学,3,636,13651
2021,4412,广东外语外贸大学,004,社会工作,4,614,29361
2021,4412,广东外语外贸大学,005,中国语言文学类,5,631,16734
2021,4412,广东外语外贸大学,006,英语,4,639,12288
2021,4412,广东外语外贸大学,007,德语,1,643,10374
2021,4412,广东外语外贸大学,008,西班牙语,1,645,9253
2021,4412,广东外语外贸大学,009,朝鲜语,1,632,16345
2021,4412,广东外语外贸大学,010,印度尼西亚语,2,624,21558
2021,4412,广东外语外贸大学,011,希伯来语,2,627,19523
2021,4412,广东外语外贸大学,012,葡萄牙语,1,634,15058
2021,4412,广东外语外贸大学,013,商务英语,1,640,11715
2021,4412,广东外语外贸大学,014,新闻传播学类,2,636,13849
2021,4412,广东外语外贸大学,015,应用心理学,1,632,16180
2021,4412,广东外语外贸大学,016,计算机类,12,607,35162
2021,4412,广东外语外贸大学,017,工商管理类,1,634,14970
2021,4412,广东外语外贸大学,018,行政管理,4,622,22949
2021,4412,广东外语外贸大学,019,电子商务,2,623,22200
2021,4414,广东药科大学,001,药学类,6,597,44876
2021,4414,广东药科大学,002,中药学类,6,586,57270
2021,4414,广东药科大学,003,生物工程类,8,576,67969
2021,4414,广东药科大学,004,海洋药学,6,579,64727
2021,4414,广东药科大学,005,预防医学,6,589,53139
2021,4417,广州工商学院(民办),001,工商管理,3,522,130738
2021,4417,广州工商学院(民办),002,会计学,3,524,128747
2021,4417,广州工商学院(民办),003,电子商务,3,521,132387
2021,4417,广州工商学院(民办),004,数据科学与大数据技术,3,495,
2021,4419,广州美术学院,006,工业设计,1,609,33327
2021,4419,广州美术学院,007,建筑学,1,604,38359
2021,4419,广州美术学院,008,风景园林,1,604,38272
2021,4420,广州民航职业技术学院,501,飞机机电设备维修(中外合作办学),18,495,
2021,4420,广州民航职业技术学院,504,飞机部件修理,3,495,
2021,4420,广州民航职业技术学院,505,通用航空器维修,5,495,
2021,4420,广州民航职业技术学院,506,民航运输服务,3,495,
2021,4420,广州民航职业技术学院,512,机场运行服务与管理,1,502,153142
2021,4420,广州民航职业技术学院,514,电子信息工程技术,1,495,159954
2021,4420,广州民航职业技术学院,515,应用电子技术,3,495,
2021,4420,广州民航职业技术学院,518,计算机应用技术,2,514,139979
2021,4420,广州民航职业技术学院,520,通用航空航务技术(通航管制),2,495,
2021,4421,广州体育学院,007,体育经济与管理,1,564,82479
2021,4422,广州医科大学,001,临床医学,4,636,13612
2021,4422,广州医科大学,002,医学技术类,4,600,42074
2021,4422,广州医科大学,003,公共事业管理,5,586,57159
2021,4423,广州中医药大学(一流学科建设高校),001,中医学(5+3一体化),2,644,9667
2021,4423,广州中医药大学(一流学科建设高校),002,中医学,3,639,12283
2021,4423,广州中医药大学(一流学科建设高校),003,中西医临床医学,1,640,11552
2021,4423,广州中医药大学(一流学科建设高校),004,临床医学,1,637,13147
2021,4423,广州中医药大学(一流学科建设高校),005,针灸推拿学,2,635,13994
2021,4423,广州中医药大学(一流学科建设高校),006,康复治疗学,2,618,25643
2021,4423,广州中医药大学(一流学科建设高校),007,生物技术,1,620,24626
2021,4423,广州中医药大学(一流学科建设高校),008,中药学类,3,618,25564
2021,4423,广州中医药大学(一流学科建设高校),009,药学类,3,618,26307
2021,4423,广州中医药大学(一流学科建设高校),010,应用心理学,2,632,15770
2021,4423,广州中医药大学(一流学科建设高校),011,公共事业管理,2,605,37086
2021,4423,广州中医药大学(一流学科建设高校),012,医学信息工程,3,604,38038
2021,4423,广州中医药大学(一流学科建设高校),013,护理学,3,595,46761
2021,4424,华南理工大学(一流大学建设高校),001,机械类(创新班),1,651,6674
2021,4424,华南理工大学(一流大学建设高校),002,机械类,2,648,7831
2021,4424,华南理工大学(一流大学建设高校),003,建筑学,1,660,3908
2021,4424,华南理工大学(一流大学建设高校),004,城乡规划,1,651,6764
2021,4424,华南理工大学(一流大学建设高校),005,工程力学(创新班),1,648,7775
2021,4424,华南理工大学(一流大学建设高校),006,土木类,2,647,8255
2021,4424,华南理工大学(一流大学建设高校),007,电气工程及其自动化(卓越班),1,654,5878
2021,4424,华南理工大学(一流大学建设高校),008,电气类,2,650,7107
2021,4424,华南理工大学(一流大学建设高校),009,信息工程,2,651,6943
2021,4424,华南理工大学(一流大学建设高校),010,自动化类,2,651,6914
2021,4424,华南理工大学(一流大学建设高校),011,食品科学与工程类,1,649,7474
2021,4424,华南理工大学(一流大学建设高校),012,数学类,2,652,6566
2021,4424,华南理工大学(一流大学建设高校),013,物理学类,2,650,7311
2021,4424,华南理工大学(一流大学建设高校),014,工商管理类,2,654,5822
2021,4424,华南理工大学(一流大学建设高校),015,会计学,1,656,5236
2021,4424,华南理工大学(一流大学建设高校),016,行政管理,2,652,6617
2021,4424,华南理工大学(一流大学建设高校),017,商务英语,1,653,6124
2021,4424,华南理工大学(一流大学建设高校),018,日语,1,650,7306
2021,4424,华南理工大学(一流大学建设高校),019,计算机类,2,652,6343
2021,4424,华南理工大学(一流大学建设高校),020,软件工程(卓越班),2,652,6389
2021,4424,华南理工大学(一流大学建设高校),021,软件工程,2,652,6415
2021,4424,华南理工大学(一流大学建设高校),022,环境科学与工程类,1,652,6588
2021,4424,华南理工大学(一流大学建设高校),023,新闻传播学类,1,655,5567
2021,4424,华南理工大学(一流大学建设高校),024,工业设计,1,652,6467
2021,4424,华南理工大学(一流大学建设高校),028,经济学类,2,654,5677
2021,4424,华南理工大学(一流大学建设高校),029,电子商务类,1,653,6183
2021,4424,华南理工大学(一流大学建设高校),030,临床医学,2,655,5531
2021,4425,华南农业大学,001,蚕学,2,576,67978
2021,4425,华南农业大学,002,茶学,4,598,44613
2021,4425,华南农业大学,003,城乡规划(乡村振兴),1,614,29125
2021,4425,华南农业大学,004,地理信息科学,2,615,28152
2021,4425,华南农业大学,005,电子科学与技术,2,611,31904
2021,4425,华南农业大学,006,电子信息科学与技术,2,611,31820
2021,4425,华南农业大学,007,电子信息工程,4,609,33333
2021,4425,华南农业大学,008,动物科学(温氏班),1,605,37268
2021,4425,华南农业大学,009,动物科学,10,592,50863
2021,4425,华南农业大学,010,生物技术,3,596,45808
2021,4425,华南农业大学,011,法学,2,630,17358
2021,4425,华南农业大学,012,海洋科学,4,586,57010
2021,4425,华南农业大学,013,计算机科学与技术,1,608,34153
2021,4425,华南农业大学,014,建筑学,1,609,33329
2021,4425,华南农业大学,015,金融学,2,620,24664
2021,4425,华南农业大学,016,农学,10,602,40134
2021,4425,华南农业大学,017,农业机械化及其自动化(丁颖创新班),2,594,48364
2021,4425,华南农业大学,018,生物工程,1,615,28500
2021,4425,华南农业大学,019,生物科学(国家生物学理科基地班),4,615,28479
2021,4425,华南农业大学,020,生物科学(中外合作办学),2,591,51666
2021,4425,华南农业大学,021,食品质量与安全(中外合作办学),2,581,61986
2021,4425,华南农业大学,022,水产养殖学,10,586,57366
2021,4425,华南农业大学,023,水利水电工程,4,590,52462
2021,4425,华南农业大学,024,土木工程,10,588,54720
2021,4425,华南农业大学,025,应用化学,3,588,54408
2021,4425,华南农业大学,026,园林,2,607,35847
2021,4425,华南农业大学,027,园艺(中外合作办学),2,579,64522
2021,4425,华南农业大学,028,园艺,6,600,42425
2021,4425,华南农业大学,029,植物保护,12,590,52441
2021,4425,华南农业大学,030,农业资源与环境,4,596,46223
2021,4425,华南农业大学,031,工商管理类,2,619,25449
2021,4426,华南师范大学(一流学科建设高校),001,学前教育(师范),5,636,13843
2021,4426,华南师范大学(一流学科建设高校),002,地理科学(师范),4,646,8904
2021,4426,华南师范大学(一流学科建设高校),003,生物工程,3,626,20176
2021,4426,华南师范大学(一流学科建设高校),004,计算机科学与技术(师范),4,634,14535
2021,4426,华南师范大学(一流学科建设高校),005,经济学,5,643,10325
2021,4426,华南师范大学(一流学科建设高校),006,汉语言文学(师范),6,651,6937
2021,4426,华南师范大学(一流学科建设高校),007,光电信息科学与工程,5,629,17795
2021,4426,华南师范大学(一流学科建设高校),008,环境工程,4,628,18398
2021,4427,珠海科技学院(民办),001,广告学,3,549,99021
2021,4427,珠海科技学院(民办),002,健康服务与管理,3,539,111580
2021,4427,珠海科技学院(民办),003,护理学,3,540,109531
2021,4427,珠海科技学院(民办),004,会计学,3,557,90257
2021,4427,珠海科技学院(民办),005,金融学,3,558,89250
2021,4427,珠海科技学院(民办),006,电子商务,3,548,101167
2021,4427,珠海科技学院(民办),007,酒店管理,3,522,131119
2021,4427,珠海科技学院(民办),008,英语,3,550,98795
2021,4427,珠海科技学院(民办),009,日语,3,549,99638
2021,4427,珠海科技学院(民办),010,机械设计制造及其自动化,3,524,128503
2021,4427,珠海科技学院(民办),011,计算机科学与技术,3,542,107248
2021,4427,珠海科技学院(民办),012,软件工程,3,532,119273
2021,4427,珠海科技学院(民办),013,材料科学与工程,3,530,122024
2021,4427,珠海科技学院(民办),014,药物制剂,3,546,103202
2021,4427,珠海科技学院(民办),015,城乡规划,3,546,103334
2021,4428,暨南大学(一流学科建设高校),001,网络与新媒体,3,650,7234
2021,4428,暨南大学(一流学科建设高校),003,经济学,2,648,8093
2021,4428,暨南大学(一流学科建设高校),004,税收学,2,646,8790
2021,4428,暨南大学(一流学科建设高校),005,会计学,2,649,7620
2021,4428,暨南大学(一流学科建设高校),006,应用物理学,3,634,14575
2021,4428,暨南大学(一流学科建设高校),007,数学与应用数学,2,637,13130
2021,4428,暨南大学(一流学科建设高校),008,信息管理与信息系统,3,635,13978
2021,4428,暨南大学(一流学科建设高校),009,信息安全,3,637,13281
2021,4428,暨南大学(一流学科建设高校),010,国际经济与贸易,2,644,9809
2021,4428,暨南大学(一流学科建设高校),011,药学,3,637,13295
2021,4428,暨南大学(一流学科建设高校),012,临床医学,2,644,9506
2021,4428,暨南大学(一流学科建设高校),016,法学,3,648,7937
2021,4428,暨南大学(一流学科建设高校),017,行政管理,3,644,9794
2021,4428,暨南大学(一流学科建设高校),018,金融学,3,647,8239
2021,4428,暨南大学(一流学科建设高校),019,翻译,2,643,10129
2021,4428,暨南大学(一流学科建设高校),020,电气工程及其自动化,2,637,13383
2021,4428,暨南大学(一流学科建设高校),021,包装工程,3,631,16777
2021,4428,暨南大学(一流学科建设高校),022,人工智能,4,637,13186
2021,4428,暨南大学(一流学科建设高校),023,旅游管理,2,638,12580
2021,4428,暨南大学(一流学科建设高校),024,商务英语,3,643,10341
2021,4429,广东石油化工学院,001,化学工程与工艺(卓越班),2,552,96066
2021,4429,广东石油化工学院,002,计算机科学与技术,2,547,101797
2021,4429,广东石油化工学院,003,物联网工程,2,534,116704
2021,4429,广东石油化工学院,004,高分子材料与工程,2,530,121008
2021,4429,广东石油化工学院,005,过程装备与控制工程,2,534,116768
2021,4429,广东石油化工学院,006,电子信息工程,2,544,105022
2021,4430,广东南华工商职业学院,501,计算机网络技术,1,508,145855
2021,4430,广东南华工商职业学院,503,工商企业管理,1,507,147032
2021,4430,广东南华工商职业学院,504,大数据与会计,3,495,
2021,4430,广东南华工商职业学院,506,国际经济与贸易,8,495,
2021,4431,南方医科大学,001,临床医学(本硕博连读),4,661,3829
2021,4431,南方医科大学,002,临床医学(卓越创新班),1,655,5511
2021,4431,南方医科大学,003,临床医学,4,649,7431
2021,4431,南方医科大学,004,精神医学,3,639,11857
2021,4431,南方医科大学,005,法医学,2,633,15255
2021,4431,南方医科大学,006,口腔医学,2,649,7496
2021,4431,南方医科大学,007,医学影像学,3,638,12421
2021,4431,南方医科大学,008,预防医学,3,635,14010
2021,4431,南方医科大学,009,临床药学,4,626,19969
2021,4431,南方医科大学,010,生物技术,6,615,28024
2021,4431,南方医科大学,011,应用统计学(生物统计),6,617,26897
2021,4431,南方医科大学,012,生物医学工程(本硕连读培养),1,633,15409
2021,4431,南方医科大学,013,生物医学工程,14,611,31370
2021,4431,南方医科大学,014,中医学,2,637,13260
2021,4431,南方医科大学,015,医学检验技术,9,628,18824
2021,4431,南方医科大学,016,外国语言文学类,4,612,30892
2021,4431,南方医科大学,017,护理学,6,603,38849
2021,4431,南方医科大学,018,助产学,4,599,42932
2021,4431,南方医科大学,019,护理学(卓越班),2,606,36425
2021,4433,汕头大学,001,汉语言文学,3,623,21997
2021,4433,汕头大学,002,英语,2,621,23896
2021,4433,汕头大学,003,数学与应用数学,4,608,34019
2021,4433,汕头大学,004,光电信息科学与工程,2,610,32417
2021,4433,汕头大学,005,应用化学,3,605,37339
2021,4433,汕头大学,006,机械设计制造及其自动化,2,609,33692
2021,4433,汕头大学,007,电子信息工程,3,612,30763
2021,4433,汕头大学,008,计算机科学与技术,3,614,29024
2021,4433,汕头大学,009,法学,2,632,16330
2021,4433,汕头大学,010,法学(涉外法务英语特色班),1,634,15069
2021,4433,汕头大学,011,金融学,2,626,19864
2021,4433,汕头大学,012,工商管理,2,621,23840
2021,4433,汕头大学,013,会计学,2,624,21303
2021,4433,汕头大学,014,新闻学,1,632,15875
2021,4433,汕头大学,015,国际新闻与传播,1,626,20334
2021,4433,汕头大学,016,广告学,1,631,16573
2021,4433,汕头大学,023,临床医学(5+3一体化),3,637,13140
2021,4433,汕头大学,024,临床医学,2,630,17282
2021,4435,星海音乐学院,060,艺术管理,2,592,50300
2021,4436,中山大学(一流大学建设高校),001,临床医学,4,670,1854
2021,4436,中山大学(一流大学建设高校),002,计算机类(大数据实验班，广州),11,655,5504
2021,4436,中山大学(一流大学建设高校),003,计算机类(新工科实验班，深圳),19,652,6382
2021,4436,中山大学(一流大学建设高校),004,经济学类(经管实验班),13,656,5110
2021,4436,中山大学(一流大学建设高校),005,历史学类(新文科实验班，珠海),10,657,4809
2021,4436,中山大学(一流大学建设高校),006,法学类(社科实验班，广州),10,661,3833
2021,4436,中山大学(一流大学建设高校),007,生物科学类(理工实验班，广州),19,651,6939
2021,4436,中山大学(一流大学建设高校),008,临床医学类(医学实验班，广州),13,661,3867
2021,4438,珠海艺术职业学院(民办),511,电子竞技运动与管理,1,495,160288
2021,4440,深圳大学,001,材料科学与工程,2,631,16960
2021,4440,深圳大学,002,广告学,6,639,12312
2021,4440,深圳大学,003,电子信息工程,8,636,13866
2021,4440,深圳大学,004,法学,7,644,9713
2021,4440,深圳大学,005,工商管理,5,637,13103
2021,4440,深圳大学,006,电子商务,2,637,12898
2021,4440,深圳大学,007,环境工程,3,631,16384
2021,4440,深圳大学,008,自动化,5,633,15226
2021,4440,深圳大学,009,计算机科学与技术,6,638,12346
2021,4440,深圳大学,010,软件工程(腾班),2,642,10804
2021,4440,深圳大学,011,地理空间信息工程(智慧城市),1,636,13712
2021,4440,深圳大学,012,建筑学,4,640,11372
2021,4440,深圳大学,013,金融学,5,641,11146
2021,4440,深圳大学,014,国际经济与贸易,6,637,13254
2021,4440,深圳大学,015,金融科技,1,640,11751
2021,4440,深圳大学,016,数学与应用数学,4,636,13521
2021,4440,深圳大学,017,土木工程,3,627,19117
2021,4440,深圳大学,018,英语,2,640,11473
2021,4440,深圳大学,019,光电信息科学与工程,3,634,14756
2021,4440,深圳大学,020,核工程与核技术,1,631,16408
2021,4440,深圳大学,021,临床医学,5,639,12281
2021,4440,深圳大学,027,临床医学(卓越班),2,642,10803
2021,4441,广东医科大学,001,麻醉学,3,614,29279
2021,4441,广东医科大学,002,医学影像学,4,603,39203
2021,4441,广东医科大学,003,临床医学,5,626,19796
2021,4441,广东医科大学,004,口腔医学,2,640,11407
2021,4441,广东医科大学,005,医学检验技术,3,600,41859
2021,4441,广东医科大学,006,预防医学,3,594,47894
2021,4445,广东海洋大学,001,法学,1,593,49362
2021,4445,广东海洋大学,002,海洋科学,5,564,81599
2021,4445,广东海洋大学,003,机械设计制造及其自动化,1,568,77017
2021,4445,广东海洋大学,004,工业设计,1,576,68366
2021,4445,广东海洋大学,005,能源与动力工程,3,560,86245
2021,4445,广东海洋大学,006,电子信息工程,1,575,69139
2021,4445,广东海洋大学,007,食品科学与工程,5,564,81326
2021,4445,广东海洋大学,008,食品质量与安全,5,564,82150
2021,4445,广东海洋大学,009,动物科学,2,567,78847
2021,4445,广东海洋大学,010,水产养殖学,5,562,84253
2021,4445,广东海洋大学,011,海洋渔业科学与技术,3,561,85360
2021,4445,广东海洋大学,012,行政管理,2,576,68703
2021,4445,广东海洋大学,013,旅游管理,1,576,68347
2021,4450,韶关学院,001,行政管理,2,555,92924
2021,4450,韶关学院,002,汉语言文学(师范),4,573,71330
2021,4450,韶关学院,003,机械设计制造及其自动化,4,532,118921
2021,4450,韶关学院,004,商务英语,4,555,92347
2021,4450,韶关学院,006,通信工程,4,531,120584
2021,4450,韶关学院,008,临床医学,4,566,79230
2021,4451,东莞理工学院,001,网络工程,2,564,81993
2021,4451,东莞理工学院,002,光电信息科学与工程,2,558,88334
2021,4451,东莞理工学院,003,化学工程与工艺,2,563,82624
2021,4452,广东理工学院(民办),001,金融工程,2,522,130948
2021,4452,广东理工学院(民办),002,标准化工程,2,521,131577
2021,4452,广东理工学院(民办),003,电子商务,2,520,132508
2021,4452,广东理工学院(民办),005,会计学,2,530,121951
2021,4452,广东理工学院(民办),006,商务英语,2,519,134170
2021,4452,广东理工学院(民办),007,电气工程及其自动化,2,504,150149
2021,4452,广东理工学院(民办),008,机械设计制造及其自动化,2,498,156929
2021,4452,广东理工学院(民办),009,软件工程,2,510,143889
2021,4452,广东理工学院(民办),502,大数据与会计,3,495,
2021,4456,广东轻工职业技术学院,502,机械制造及自动化,2,507,147086
2021,4456,广东轻工职业技术学院,504,商务英语,2,511,143271
2021,4457,广州软件学院(民办),001,软件工程,1,525,126725
2021,4457,广州软件学院(民办),002,网络工程,1,522,130934
2021,4457,广州软件学院(民办),003,自动化,1,522,130244
2021,4457,广州软件学院(民办),004,电子信息工程,1,517,136795
2021,4457,广州软件学院(民办),005,计算机科学与技术,1,554,93633
2021,4457,广州软件学院(民办),006,物联网工程,1,523,129196
2021,4457,广州软件学院(民办),007,数字媒体技术,1,523,129334
2021,4457,广州软件学院(民办),008,行政管理,1,546,102567
2021,4457,广州软件学院(民办),009,物流管理,1,532,118996
2021,4457,广州软件学院(民办),010,工商管理,1,542,107403
2021,4457,广州软件学院(民办),011,国际经济与贸易,1,533,118402
2021,4457,广州软件学院(民办),012,财务管理,1,538,112169
2021,4458,广州铁路职业技术学院,505,城市轨道交通运营管理,3,503,151442
2021,4459,广东以色列理工学院(中外合作办学),001,数学与应用数学(中外合作办学),2,586,56299
2021,4459,广东以色列理工学院(中外合作办学),002,生物技术(中外合作办学),1,569,76354
2021,4459,广东以色列理工学院(中外合作办学),003,材料科学与工程(中外合作办学),1,581,62979
2021,4459,广东以色列理工学院(中外合作办学),004,化学工程与工艺(中外合作办学),1,577,66763
2021,4459,广东以色列理工学院(中外合作办学),005,机械工程(中外合作办学),1,589,53803
2021,4460,哈尔滨工业大学(深圳)(一流大学建设高校),001,计算机类,9,666,2676
2021,4460,哈尔滨工业大学(深圳)(一流大学建设高校),002,电子信息类,9,657,4969
2021,4460,哈尔滨工业大学(深圳)(一流大学建设高校),003,机械类,3,655,5499
2021,4460,哈尔滨工业大学(深圳)(一流大学建设高校),004,自动化类,9,658,4442
2021,4460,哈尔滨工业大学(深圳)(一流大学建设高校),005,电气类,5,655,5322
2021,4460,哈尔滨工业大学(深圳)(一流大学建设高校),006,建筑类,2,658,4692
2021,4460,哈尔滨工业大学(深圳)(一流大学建设高校),007,经济学类(含经济学实验班),5,659,4385
2021,4460,哈尔滨工业大学(深圳)(一流大学建设高校),008,数学类,8,657,4794
2021,4464,岭南师范学院,001,网络与新媒体,2,566,80111
2021,4464,岭南师范学院,002,商务英语,2,562,84355
2021,4464,岭南师范学院,003,信息与计算科学,2,526,126332
2021,4464,岭南师范学院,004,物理学(师范),2,553,94282
2021,4466,肇庆学院,001,法学类,5,558,89148
2021,4466,肇庆学院,002,中国语言文学类(师范),5,566,79859
2021,4466,肇庆学院,003,生物科学类(师范),5,549,99385
2021,4466,肇庆学院,004,机械类,5,517,135998
2021,4466,肇庆学院,005,食品科学与工程类,5,549,99981
2021,4501,北海艺术设计学院(民办),012,哲学,5,525,127324
2021,4501,北海艺术设计学院(民办),013,艺术教育,4,522,130670
2021,4501,北海艺术设计学院(民办),014,学前教育,5,533,117391
2021,4501,北海艺术设计学院(民办),015,汉语言文学,2,546,103585
2021,4503,广西财经学院,001,财政学,3,557,90330
2021,4503,广西财经学院,002,金融学,4,557,89765
2021,4503,广西财经学院,003,保险学,3,554,94122
2021,4503,广西财经学院,004,工商管理,4,554,93047
2021,4503,广西财经学院,005,会计学,3,565,80265
2021,4503,广西财经学院,006,资产评估,3,554,94089
2021,4504,广西大学(一流学科建设高校),001,电子科学与技术,10,612,30750
2021,4504,广西大学(一流学科建设高校),002,机械类,10,606,36299
2021,4504,广西大学(一流学科建设高校),003,土木工程,10,602,39970
2021,4504,广西大学(一流学科建设高校),004,计算机类,10,614,28861
2021,4504,广西大学(一流学科建设高校),005,汉语言文学,6,625,20810
2021,4504,广西大学(一流学科建设高校),006,汉语国际教育,6,614,29300
2021,4504,广西大学(一流学科建设高校),007,公共事业管理,6,621,23790
2021,4506,广西科技大学,001,数据科学与大数据技术,4,556,91072
2021,4506,广西科技大学,002,护理学,3,560,86800
2021,4506,广西科技大学,003,会计学,6,564,81879
2021,4506,广西科技大学,007,软件工程(启迪数字学院),4,553,94537
2021,4506,广西科技大学,008,软件工程(中外合作办学),10,533,118486
2021,4506,广西科技大学,009,机械工程(中外合作办学),6,524,128115
2021,4506,广西科技大学,010,新媒体技术(虚拟现实),4,542,107240
2021,4506,广西科技大学,011,康复治疗学,2,564,82195
2021,4507,柳州工学院(民办),007,土木工程,5,495,
2021,4507,柳州工学院(民办),008,商务英语,5,523,129739
2021,4507,柳州工学院(民办),009,车辆工程,5,495,
2021,4507,柳州工学院(民办),010,投资学,10,519,134712
2021,4507,柳州工学院(民办),011,财务管理,5,524,128734
2021,4507,柳州工学院(民办),012,人力资源管理,5,521,132105
2021,4511,广西民族大学,001,公共管理类,2,564,82378
2021,4511,广西民族大学,002,金融学,2,572,72406
2021,4511,广西民族大学,003,国际经济与贸易,2,564,81974
2021,4511,广西民族大学,004,工商管理,2,563,82781
2021,4511,广西民族大学,005,物流管理,2,561,85862
2021,4511,广西民族大学,006,电子商务,2,563,83251
2021,4511,广西民族大学,007,旅游管理,2,555,92485
2021,4511,广西民族大学,008,法学,2,581,62965
2021,4511,广西民族大学,009,社会学,2,571,74280
2021,4511,广西民族大学,010,英语,2,574,70662
2021,4511,广西民族大学,011,电子信息类,2,550,97805
2021,4511,广西民族大学,012,人工智能,2,541,108654
2021,4511,广西民族大学,013,化学工程与工艺,2,555,92809
2021,4511,广西民族大学,014,制药工程,2,558,88785
2021,4511,广西民族大学,015,金属材料工程,2,539,111157
2021,4511,广西民族大学,016,环境工程,2,550,98176
2021,4511,广西民族大学,017,海洋科学,5,546,103304
2021,4511,广西民族大学,018,工程管理,2,542,108042
2021,4512,广西民族大学相思湖学院(独立学院),001,国际经济与贸易,8,525,127164
2021,4512,广西民族大学相思湖学院(独立学院),002,印度尼西亚语,4,520,132458
2021,4512,广西民族大学相思湖学院(独立学院),003,泰语,2,524,128048
2021,4512,广西民族大学相思湖学院(独立学院),004,物流管理,4,525,127527
2021,4513,广西师范大学,001,汉语言文学(师范),4,612,30682
2021,4513,广西师范大学,002,历史学(师范),2,609,33996
2021,4513,广西师范大学,003,教育技术学(师范),2,565,80580
2021,4513,广西师范大学,004,日语,2,578,66470
2021,4513,广西师范大学,012,数学与应用数学(师范),2,603,38961
2021,4513,广西师范大学,013,科学教育(师范),4,586,57128
2021,4513,广西师范大学,014,生物科学(师范),2,602,39855
2021,4513,广西师范大学,015,计算机科学与技术,2,574,70714
2021,4513,广西师范大学,017,人工智能,2,565,80557
2021,4514,桂林学院(独立学院),003,商务英语,4,527,124811
2021,4514,桂林学院(独立学院),004,经济学,4,524,128480
2021,4514,桂林学院(独立学院),005,财务管理,4,527,125093
2021,4514,桂林学院(独立学院),006,审计学,5,525,127009
2021,4514,桂林学院(独立学院),007,电子商务,8,521,131979
2021,4514,桂林学院(独立学院),008,国际经济与贸易,5,523,129956
2021,4514,桂林学院(独立学院),009,电子信息工程,3,498,157380
2021,4515,南宁师范大学,001,法学,2,578,66326
2021,4515,南宁师范大学,002,应用心理学,2,571,74132
2021,4515,南宁师范大学,003,物流管理,2,558,89276
2021,4515,南宁师范大学,004,外国语言文学类,4,570,75520
2021,4515,南宁师范大学,005,工商管理类,6,559,87280
2021,4515,南宁师范大学,006,公共事业管理,2,561,85132
2021,4517,广西医科大学,001,临床医学(5+3一体化),2,639,12074
2021,4517,广西医科大学,002,临床医学,6,621,23461
2021,4517,广西医科大学,003,法医学,2,597,45356
2021,4517,广西医科大学,004,口腔医学,2,631,16716
2021,4517,广西医科大学,005,预防医学,4,589,53344
2021,4517,广西医科大学,006,临床药学,2,614,28892
2021,4517,广西医科大学,007,药学,2,582,61253
2021,4517,广西医科大学,008,生物医学工程,2,572,73200
2021,4517,广西医科大学,009,运动康复,2,572,73105
2021,4517,广西医科大学,010,护理学,4,566,79785
2021,4517,广西医科大学,011,社会工作,2,564,82436
2021,4517,广西医科大学,012,翻译,2,564,82105
2021,4518,广西艺术学院,001,美术学,2,532,119386
2021,4518,广西艺术学院,002,艺术设计学,1,565,80508
2021,4518,广西艺术学院,003,艺术史论,4,531,120213
2021,4518,广西艺术学院,008,戏剧影视文学,1,542,108204
2021,4519,广西中医药大学,001,针灸推拿学,4,576,67998
2021,4519,广西中医药大学,002,临床医学,4,587,55694
2021,4519,广西中医药大学,003,口腔医学,1,599,43257
2021,4519,广西中医药大学,004,食品质量与安全,1,564,82424
2021,4519,广西中医药大学,005,康复治疗学,2,544,105669
2021,4519,广西中医药大学,006,药学,2,573,72041
2021,4519,广西中医药大学,007,中药学,2,588,54724
2021,4519,广西中医药大学,008,中医学,6,595,46735
2021,4519,广西中医药大学,009,信息管理与信息系统,1,552,95848
2021,4519,广西中医药大学,010,中医学(5+3一体化),2,617,27004
2021,4520,广西中医药大学赛恩斯新医药学院(独立学院),001,中医学,30,542,107776
2021,4520,广西中医药大学赛恩斯新医药学院(独立学院),002,针灸推拿学,30,531,119958
2021,4520,广西中医药大学赛恩斯新医药学院(独立学院),003,护理学,6,542,107695
2021,4520,广西中医药大学赛恩斯新医药学院(独立学院),004,药学,4,543,106344
2021,4520,广西中医药大学赛恩斯新医药学院(独立学院),005,中药学,2,542,107552
2021,4520,广西中医药大学赛恩斯新医药学院(独立学院),006,药物制剂,2,539,111023
2021,4520,广西中医药大学赛恩斯新医药学院(独立学院),007,医学检验技术,9,541,108900
2021,4520,广西中医药大学赛恩斯新医药学院(独立学院),008,医学影像技术,6,543,106192
2021,4520,广西中医药大学赛恩斯新医药学院(独立学院),009,康复治疗学,4,540,110079
2021,4520,广西中医药大学赛恩斯新医药学院(独立学院),010,食品质量与安全,2,542,108377
2021,4521,桂林电子科技大学,001,机械类,9,556,91603
2021,4521,桂林电子科技大学,002,电气工程及其自动化,2,575,69685
2021,4521,桂林电子科技大学,003,智能制造工程,2,570,74798
2021,4521,桂林电子科技大学,004,电子信息类,10,577,66753
2021,4521,桂林电子科技大学,005,计算机类,8,582,61283
2021,4521,桂林电子科技大学,008,英语,3,570,75251
2021,4521,桂林电子科技大学,009,汉语国际教育,2,562,84542
2021,4521,桂林电子科技大学,010,信息与计算科学,2,579,64679
2021,4521,桂林电子科技大学,011,自动化类,2,577,67372
2021,4521,桂林电子科技大学,012,仪器类,6,543,106694
2021,4521,桂林电子科技大学,013,光电信息科学与工程,2,571,73302
2021,4521,桂林电子科技大学,014,生物医学工程,2,570,75386
2021,4521,桂林电子科技大学,015,土木类,4,553,94379
2021,4521,桂林电子科技大学,016,交通工程,4,555,92073
2021,4522,桂林信息科技学院(民办),006,通信工程,2,496,159219
2021,4522,桂林信息科技学院(民办),007,计算机科学与技术,2,501,153616
2021,4522,桂林信息科技学院(民办),008,软件工程,2,500,154744
2021,4522,桂林信息科技学院(民办),009,网络工程,2,502,153267
2021,4522,桂林信息科技学院(民办),010,数据科学与大数据技术,2,495,159496
2021,4522,桂林信息科技学院(民办),011,电子信息工程,2,496,158782
2021,4522,桂林信息科技学院(民办),012,物联网工程,2,511,142478
2021,4522,桂林信息科技学院(民办),013,电子信息科学与技术,2,495,
2021,4522,桂林信息科技学院(民办),014,机械电子工程,2,499,156057
2021,4522,桂林信息科技学院(民办),015,电气工程及其自动化,2,495,
2021,4522,桂林信息科技学院(民办),016,工业工程,2,531,119770
2021,4522,桂林信息科技学院(民办),017,电子商务,4,525,127554
2021,4522,桂林信息科技学院(民办),018,财务管理,4,522,130269
2021,4522,桂林信息科技学院(民办),019,人力资源管理,3,526,125604
2021,4522,桂林信息科技学院(民办),020,市场营销,3,526,126036
2021,4522,桂林信息科技学院(民办),021,英语(对外汉语),2,525,126717
2021,4522,桂林信息科技学院(民办),022,商务英语,4,524,128109
2021,4522,桂林信息科技学院(民办),023,国际商务,3,519,133694
2021,4522,桂林信息科技学院(民办),024,国际经济与贸易,4,524,128222
2021,4524,桂林航天工业学院,001,人力资源管理,2,553,94277
2021,4524,桂林航天工业学院,002,市场营销,2,548,101254
2021,4524,桂林航天工业学院,003,财务管理,2,553,94524
2021,4524,桂林航天工业学院,004,物流工程,2,547,102298
2021,4524,桂林航天工业学院,005,机械设计制造及其自动化,3,531,119890
2021,4524,桂林航天工业学院,006,机械电子工程,2,533,117524
2021,4524,桂林航天工业学院,007,电子信息工程,3,535,115264
2021,4524,桂林航天工业学院,008,自动化,2,535,115261
2021,4524,桂林航天工业学院,009,车辆工程,2,528,124149
2021,4524,桂林航天工业学院,010,软件工程,3,536,114720
2021,4524,桂林航天工业学院,011,计算机科学与技术,2,536,114878
2021,4524,桂林航天工业学院,012,商务英语,3,552,95957
2021,4524,桂林航天工业学院,013,数字媒体技术,2,536,114557
2021,4525,桂林理工大学,001,宝石及材料工艺学,2,550,97876
2021,4525,桂林理工大学,002,给排水科学与工程,2,545,103779
2021,4525,桂林理工大学,003,材料类,4,551,97703
2021,4525,桂林理工大学,004,化工与制药类,2,558,88741
2021,4525,桂林理工大学,005,建筑类,2,566,79927
2021,4525,桂林理工大学,006,测绘工程,2,543,106148
2021,4525,桂林理工大学,007,电子信息类,3,556,90700
2021,4525,桂林理工大学,008,计算机类,4,564,81772
2021,4525,桂林理工大学,009,机械类,2,553,94919
2021,4525,桂林理工大学,010,电子商务,3,559,87915
2021,4525,桂林理工大学,011,工商管理类,5,560,87078
2021,4525,桂林理工大学,012,会计学,4,567,77962
2021,4525,桂林理工大学,013,物流管理,5,556,91617
2021,4525,桂林理工大学,014,新闻传播学类,2,565,80659
2021,4525,桂林理工大学,015,社会工作,2,559,87732
2021,4525,桂林理工大学,016,英语,3,566,79919
2021,4525,桂林理工大学,018,应用统计学,3,565,80390
2021,4525,桂林理工大学,019,土木工程,5,549,99799
2021,4525,桂林理工大学,020,自动化类,5,554,93701
2021,4525,桂林理工大学,501,岩土工程技术,4,495,
2021,4525,桂林理工大学,502,工程测量技术,4,497,158189
2021,4525,桂林理工大学,503,测绘地理信息技术,4,504,151047
2021,4525,桂林理工大学,504,建筑智能化工程技术,4,500,155010
2021,4525,桂林理工大学,505,市政工程技术,4,500,154839
2021,4525,桂林理工大学,506,给排水工程技术,4,495,
2021,4525,桂林理工大学,507,机电设备技术,4,505,149538
2021,4525,桂林理工大学,508,应用化工技术,4,495,
2021,4525,桂林理工大学,509,分析检验技术,4,504,150819
2021,4525,桂林理工大学,510,电子信息工程技术,4,510,143758
2021,4525,桂林理工大学,511,计算机应用技术,4,515,138653
2021,4525,桂林理工大学,512,网络营销与直播电商,4,503,151574
2021,4525,桂林理工大学,513,旅游管理,4,495,
2021,4525,桂林理工大学,514,酒店管理与数字化运营,4,495,
2021,4525,桂林理工大学,515,商务英语,4,508,145810
2021,4526,桂林旅游学院,001,酒店管理(中外合作办学),16,523,129964
2021,4528,桂林医学院,001,临床医学,4,578,65595
2021,4528,桂林医学院,002,口腔医学,2,584,58996
2021,4528,桂林医学院,003,预防医学,2,568,77163
2021,4528,桂林医学院,004,医学检验技术,1,574,70663
2021,4528,桂林医学院,005,药学,1,567,78200
2021,4528,桂林医学院,006,康复治疗学,1,566,80175
2021,4528,桂林医学院,007,护理学,2,562,84664
2021,4528,桂林医学院,008,公共管理类,2,555,92057
2021,4529,北部湾大学,004,国际经济与贸易,2,559,88134
2021,4529,北部湾大学,005,海洋科学,1,555,92572
2021,4529,北部湾大学,006,机械工程,1,539,111020
2021,4529,北部湾大学,007,车辆工程,1,539,110968
2021,4529,北部湾大学,008,港口航道与海岸工程,1,534,116420
2021,4529,北部湾大学,009,测绘工程,1,577,66780
2021,4529,北部湾大学,010,水产养殖学,1,554,93814
2021,4529,北部湾大学,011,财务管理,1,559,87420
2021,4529,北部湾大学,012,机械工程(中外合作办学),1,518,135239
2021,4529,北部湾大学,014,车辆工程(中外合作办学),2,495,
2021,4529,北部湾大学,015,工程造价(中外合作办学),3,496,158862
2021,4530,梧州学院,001,财务管理,4,552,95764
2021,4530,梧州学院,002,电子商务,2,551,96961
2021,4530,梧州学院,003,电子信息工程,2,539,110840
2021,4530,梧州学院,004,法学,3,555,92840
2021,4530,梧州学院,005,工商管理,2,550,98333
2021,4530,梧州学院,006,国际经济与贸易,2,551,97738
2021,4530,梧州学院,007,汉语言文学,3,556,91032
2021,4530,梧州学院,008,机器人工程,2,529,122850
2021,4530,梧州学院,009,机械设计制造及其自动化,2,529,122135
2021,4530,梧州学院,010,软件工程,2,534,116642
2021,4530,梧州学院,011,市场营销,2,549,99333
2021,4530,梧州学院,012,数字媒体技术,3,529,122722
2021,4530,梧州学院,013,物联网工程,3,529,122769
2021,4531,玉林师范学院,001,法学,5,555,92476
2021,4531,玉林师范学院,002,数学与应用数学(师范),5,538,111904
2021,4531,玉林师范学院,003,材料化学,5,546,103102
2021,4531,玉林师范学院,004,园艺,5,546,103037
2021,4535,广西外国语学院(民办),001,英语,9,526,126520
2021,4535,广西外国语学院(民办),002,法语,2,538,111876
2021,4535,广西外国语学院(民办),003,西班牙语,3,520,133554
2021,4535,广西外国语学院(民办),004,翻译,5,522,130780
2021,4535,广西外国语学院(民办),005,商务英语,2,524,128889
2021,4535,广西外国语学院(民办),006,德语,2,524,128684
2021,4535,广西外国语学院(民办),007,泰语,3,519,134331
2021,4535,广西外国语学院(民办),008,日语,4,525,127788
2021,4535,广西外国语学院(民办),009,汉语国际教育,1,536,114435
2021,4535,广西外国语学院(民办),010,汉语言文学,5,532,118838
2021,4535,广西外国语学院(民办),011,新闻学,1,530,121272
2021,4535,广西外国语学院(民办),012,国际经济与贸易,1,530,121817
2021,4535,广西外国语学院(民办),013,金融工程,2,518,135196
2021,4535,广西外国语学院(民办),014,经济与金融,1,523,128974
2021,4535,广西外国语学院(民办),015,人力资源管理,1,526,125934
2021,4535,广西外国语学院(民办),016,酒店管理,1,519,133955
2021,4535,广西外国语学院(民办),017,财务管理,2,525,127676
2021,4535,广西外国语学院(民办),018,审计学,2,522,131085
2021,4535,广西外国语学院(民办),019,学前教育,2,534,116806
2021,4535,广西外国语学院(民办),025,越南语,1,519,133589
2021,4538,南宁理工学院(民办),001,国际经济与贸易,10,514,139510
2021,4538,南宁理工学院(民办),002,学前教育,5,522,130630
2021,4538,南宁理工学院(民办),003,汉语言文学,5,528,123863
2021,4538,南宁理工学院(民办),004,英语,5,516,137475
2021,4538,南宁理工学院(民办),005,商务英语,10,513,140495
2021,4538,南宁理工学院(民办),006,广告学,10,515,138045
2021,4538,南宁理工学院(民办),007,工商管理,5,517,136587
2021,4538,南宁理工学院(民办),008,会计学,5,525,127594
2021,4538,南宁理工学院(民办),009,财务管理,5,514,139764
2021,4538,南宁理工学院(民办),010,电子商务,10,514,140036
2021,4538,南宁理工学院(民办),011,旅游管理,10,513,141184
2021,4601,海口经济学院(民办),005,建筑类,2,523,129982
2021,4601,海口经济学院(民办),006,会计学,2,517,136735
2021,4601,海口经济学院(民办),007,电子商务(跨境电商直播),2,514,139965
2021,4601,海口经济学院(民办),008,经济学类,2,526,126107
2021,4601,海口经济学院(民办),501,大数据与会计,5,495,
2021,4602,海南大学(一流学科建设高校),001,金融学,2,633,15723
2021,4602,海南大学(一流学科建设高校),002,国际经济与贸易,2,631,16931
2021,4602,海南大学(一流学科建设高校),003,法学,4,641,11298
2021,4602,海南大学(一流学科建设高校),004,思想政治教育,2,632,16282
2021,4602,海南大学(一流学科建设高校),005,汉语言文学,2,635,14239
2021,4602,海南大学(一流学科建设高校),006,传播学,3,629,17804
2021,4602,海南大学(一流学科建设高校),007,戏剧影视文学,3,620,24598
2021,4602,海南大学(一流学科建设高校),008,英语,4,627,19600
2021,4602,海南大学(一流学科建设高校),009,俄语,2,623,22278
2021,4602,海南大学(一流学科建设高校),010,日语,2,624,21507
2021,4602,海南大学(一流学科建设高校),011,数学与应用数学,5,612,31059
2021,4602,海南大学(一流学科建设高校),012,应用物理学,2,614,29242
2021,4602,海南大学(一流学科建设高校),013,应用化学,4,614,28970
2021,4602,海南大学(一流学科建设高校),014,生物科学,5,612,30642
2021,4602,海南大学(一流学科建设高校),015,生物技术,2,620,24616
2021,4602,海南大学(一流学科建设高校),016,药学,4,617,27132
2021,4602,海南大学(一流学科建设高校),017,生态学,7,603,38858
2021,4602,海南大学(一流学科建设高校),018,环境科学,5,614,29169
2021,4602,海南大学(一流学科建设高校),019,机械设计制造及其自动化,8,610,32265
2021,4602,海南大学(一流学科建设高校),020,车辆工程,5,610,32524
2021,4602,海南大学(一流学科建设高校),021,自动化,5,619,25444
2021,4602,海南大学(一流学科建设高校),022,电子信息类,7,616,27533
2021,4602,海南大学(一流学科建设高校),023,人工智能,4,619,24992
2021,4602,海南大学(一流学科建设高校),024,计算机科学与技术,8,617,26498
2021,4602,海南大学(一流学科建设高校),025,软件工程(NIIT),11,613,30405
2021,4602,海南大学(一流学科建设高校),026,信息安全,6,614,29563
2021,4602,海南大学(一流学科建设高校),027,密码科学与技术,2,620,24436
2021,4602,海南大学(一流学科建设高校),028,材料类,10,606,36429
2021,4602,海南大学(一流学科建设高校),029,建筑学,2,616,27424
2021,4602,海南大学(一流学科建设高校),030,土木工程,6,610,32416
2021,4602,海南大学(一流学科建设高校),031,海洋工程与技术,2,611,31525
2021,4602,海南大学(一流学科建设高校),032,化学工程与工艺,2,614,29218
2021,4602,海南大学(一流学科建设高校),033,食品科学与工程类,7,608,34697
2021,4602,海南大学(一流学科建设高校),034,农学,4,607,35668
2021,4602,海南大学(一流学科建设高校),035,园艺,8,598,44627
2021,4602,海南大学(一流学科建设高校),036,设施农业科学与工程,6,600,41651
2021,4602,海南大学(一流学科建设高校),037,植物保护,8,600,41550
2021,4602,海南大学(一流学科建设高校),038,动物科学,3,602,40047
2021,4602,海南大学(一流学科建设高校),039,动物医学,3,610,32692
2021,4602,海南大学(一流学科建设高校),040,林学,8,599,43006
2021,4602,海南大学(一流学科建设高校),041,园林,2,616,27707
2021,4602,海南大学(一流学科建设高校),042,风景园林,2,617,26544
2021,4602,海南大学(一流学科建设高校),043,海洋科学,4,608,34293
2021,4602,海南大学(一流学科建设高校),044,水产养殖学,4,598,44018
2021,4602,海南大学(一流学科建设高校),045,旅游管理类,6,617,27034
2021,4602,海南大学(一流学科建设高校),046,会展经济与管理(中外合作办学),2,601,40741
2021,4602,海南大学(一流学科建设高校),047,会计学,6,625,20566
2021,4602,海南大学(一流学科建设高校),048,工商管理,6,625,20993
2021,4602,海南大学(一流学科建设高校),049,物流管理,3,623,21964
2021,4602,海南大学(一流学科建设高校),050,农林经济管理,2,622,22697
2021,4602,海南大学(一流学科建设高校),051,行政管理,3,626,20160
2021,4602,海南大学(一流学科建设高校),052,土地资源管理,4,617,26409
2021,4602,海南大学(一流学科建设高校),053,人文地理与城乡规划(中外合作办学),1,622,23286
2021,4602,海南大学(一流学科建设高校),054,行政管理(中外合作办学),1,610,32834
2021,4602,海南大学(一流学科建设高校),055,酒店管理(中外合作办学),4,588,54750
2021,4602,海南大学(一流学科建设高校),056,电子科学与技术,6,622,22633
2021,4602,海南大学(一流学科建设高校),057,物联网工程,6,612,30845
2021,4602,海南大学(一流学科建设高校),058,审计学,5,624,21321
2021,4602,海南大学(一流学科建设高校),059,电子商务,5,615,28125
2021,4602,海南大学(一流学科建设高校),060,生物医学工程,2,609,33561
2021,4603,三亚学院(民办),009,法学,5,538,112254
2021,4603,三亚学院(民办),010,行政管理,8,523,129501
2021,4603,三亚学院(民办),011,社会学,5,522,130561
2021,4603,三亚学院(民办),012,社会工作,5,520,133178
2021,4603,三亚学院(民办),013,国际经济与贸易,5,524,128649
2021,4603,三亚学院(民办),014,会计学,30,521,131865
2021,4603,三亚学院(民办),015,经济与金融,15,517,135908
2021,4603,三亚学院(民办),016,工商管理,15,518,135491
2021,4603,三亚学院(民办),017,财务管理,10,519,133815
2021,4603,三亚学院(民办),018,人力资源管理,10,519,134668
2021,4603,三亚学院(民办),019,物流管理,10,517,136279
2021,4603,三亚学院(民办),020,会展经济与管理,3,519,133908
2021,4603,三亚学院(民办),021,汉语言文学,40,526,126193
2021,4603,三亚学院(民办),022,汉语国际教育,5,523,129880
2021,4603,三亚学院(民办),023,网络与新媒体,15,523,128933
2021,4603,三亚学院(民办),024,广告学,10,519,133909
2021,4603,三亚学院(民办),025,英语,16,520,132819
2021,4603,三亚学院(民办),026,俄语,8,517,136178
2021,4603,三亚学院(民办),027,健康服务与管理,8,517,135826
2021,4603,三亚学院(民办),028,护理学,10,535,115254
2021,4603,三亚学院(民办),029,工商管理(国际产能合作服务),5,517,136804
2021,4603,三亚学院(民办),030,国际经济与贸易(自贸区贸易管理与服务),6,519,133936
2021,4603,三亚学院(民办),031,市场营销(数字营销),10,517,136326
2021,4603,三亚学院(民办),032,旅游管理(智慧旅游大数据),25,515,139048
2021,4603,三亚学院(民办),033,酒店管理(奢侈品管理与开发),10,516,137404
2021,4603,三亚学院(民办),034,工程管理(BIM技术与造价),4,497,158151
2021,4603,三亚学院(民办),035,应用心理学,5,531,120062
2021,4603,三亚学院(民办),036,城乡规划,8,524,128871
2021,4603,三亚学院(民办),037,车辆工程,12,495,
2021,4603,三亚学院(民办),038,测控技术与仪器,10,495,
2021,4603,三亚学院(民办),039,电子信息工程,10,495,
2021,4603,三亚学院(民办),040,通信工程,10,495,
2021,4603,三亚学院(民办),041,计算机科学与技术,6,496,158568
2021,4603,三亚学院(民办),042,软件工程,10,495,
2021,4603,三亚学院(民办),044,数据科学与大数据技术,15,495,
2021,4603,三亚学院(民办),045,康复治疗学,5,500,154610
2021,4603,三亚学院(民办),047,软件工程(区块链),12,495,
2021,4603,三亚学院(民办),048,风景园林,7,524,128146
2021,4603,三亚学院(民办),049,国际经济与贸易(中外合作办学),9,514,139545
2021,4603,三亚学院(民办),050,金融科技,9,515,138641
2021,4603,三亚学院(民办),051,法学(自贸港法律),13,530,121218
2021,4604,海南经贸职业技术学院,504,国际经济与贸易,8,495,
2021,4606,海南软件职业技术学院,506,应用电子技术,2,495,
2021,4607,海南师范大学,001,小学教育(数学与科学)(师范),4,590,51958
2021,4607,海南师范大学,002,学前教育(中外合作办学)(中美合作办学)(师范),3,566,79444
2021,4607,海南师范大学,003,汉语言文学(师范),7,591,51597
2021,4607,海南师范大学,004,数学与应用数学(师范),5,582,60786
2021,4607,海南师范大学,005,工商管理类,7,571,73940
2021,4607,海南师范大学,006,经济学类,9,570,75065
2021,4607,海南师范大学,009,软件工程(NIIT班),3,571,74075
2021,4607,海南师范大学,010,汉语国际教育(师范),5,586,57229
2021,4608,海南外国语职业学院,502,小学英语教育(师范),2,508,146714
2021,4608,海南外国语职业学院,503,商务英语,2,495,
2021,4609,海南医学院,001,临床医学,12,584,59440
2021,4609,海南医学院,002,医学影像学,2,583,59743
2021,4609,海南医学院,003,口腔医学,3,595,47381
2021,4609,海南医学院,004,预防医学,3,573,71562
2021,4609,海南医学院,005,中医学,2,586,57129
2021,4609,海南医学院,006,针灸推拿学,2,568,76721
2021,4609,海南医学院,007,中西医临床医学,3,586,56511
2021,4609,海南医学院,008,护理学,2,562,84269
2021,4609,海南医学院,009,药学,3,566,79089
2021,4609,海南医学院,010,海洋药学,4,553,94789
2021,4609,海南医学院,011,中药学,2,568,77400
2021,4609,海南医学院,012,医学检验技术,3,570,75314
2021,4609,海南医学院,013,康复治疗学,2,557,89956
2021,4609,海南医学院,014,医学影像技术,2,569,75910
2021,4609,海南医学院,015,生物技术,3,558,88939
2021,4609,海南医学院,016,应用心理学,2,573,71097
2021,4609,海南医学院,017,信息管理与信息系统,2,537,113548
2021,4609,海南医学院,501,口腔医学,9,495,
2021,4609,海南医学院,502,临床医学,28,495,
2021,4609,海南医学院,503,护理,10,512,141879
2021,4609,海南医学院,504,药学,15,513,140604
2021,4609,海南医学院,505,医学检验技术,10,513,140998
2021,4610,海南政法职业学院,501,司法警务,5,495,
2021,4610,海南政法职业学院,502,刑事执行,28,495,
2021,4610,海南政法职业学院,503,司法鉴定技术(物证技术),5,504,150492
2021,4610,海南政法职业学院,506,法律事务,9,495,
2021,4610,海南政法职业学院,507,法律事务(基层法律服务),5,495,
2021,4610,海南政法职业学院,509,法律事务(商事仲裁与人民调解),3,495,
2021,4610,海南政法职业学院,511,法律文秘(书记官),8,495,
2021,4610,海南政法职业学院,515,大数据与会计(司法会计),4,495,
2021,4612,琼台师范学院,003,特殊教育(师范),2,556,91704
2021,4612,琼台师范学院,004,软件工程,2,544,106010
2021,4612,琼台师范学院,005,计算机科学与技术,2,545,103729
2021,4612,琼台师范学院,006,数学与应用数学(师范),2,557,90570
2021,4612,琼台师范学院,007,英语(师范),2,574,70634
2021,4612,琼台师范学院,008,汉语言文学(师范),2,575,69287
2021,4612,琼台师范学院,009,学前教育(师范),3,570,75087
2021,4612,琼台师范学院,010,科学教育(师范),2,570,74742
2021,4612,琼台师范学院,011,生物科学,2,561,86023
2021,4613,海南热带海洋学院,001,社会工作,2,552,96240
2021,4613,海南热带海洋学院,002,小学教育(师范),2,568,76937
2021,4613,海南热带海洋学院,003,中国语言文学类,7,559,87789
2021,4613,海南热带海洋学院,004,俄语,4,556,91707
2021,4613,海南热带海洋学院,005,新闻学,2,561,85135
2021,4613,海南热带海洋学院,006,市场营销(中外合作办学),5,537,113684
2021,4613,海南热带海洋学院,007,电子商务,2,555,92439
2021,4613,海南热带海洋学院,008,旅游管理类,5,552,96131
2021,4613,海南热带海洋学院,009,旅游管理(中外合作办学),9,539,110679
2021,4613,海南热带海洋学院,010,数学与应用数学(师范),4,553,94225
2021,4613,海南热带海洋学院,011,海洋科学类,3,554,93169
2021,4613,海南热带海洋学院,012,海洋资源与环境,2,552,95919
2021,4613,海南热带海洋学院,013,生物科学类,3,553,94954
2021,4613,海南热带海洋学院,014,生态学,3,551,97592
2021,4613,海南热带海洋学院,015,电子信息类,2,533,117586
2021,4613,海南热带海洋学院,016,计算机类,7,540,110083
2021,4613,海南热带海洋学院,018,环境工程,3,551,97670
2021,4613,海南热带海洋学院,019,食品科学与工程类,4,552,96032
2021,4613,海南热带海洋学院,020,园艺,2,553,94858
2021,4613,海南热带海洋学院,021,水产养殖学,2,554,93682
2021,4613,海南热带海洋学院,022,海洋渔业科学与技术,2,553,95038
2021,4613,海南热带海洋学院,023,海事管理,3,526,125748
2021,4617,海南科技职业大学(民办),001,物联网工程技术,2,496,158466
2021,4617,海南科技职业大学(民办),003,大数据与财务管理,3,515,138579
2021,5001,长江师范学院,001,国际经济与贸易,3,562,84835
2021,5001,长江师范学院,002,市场营销,3,558,89067
2021,5001,长江师范学院,003,材料类,14,548,100892
2021,5002,四川美术学院,021,艺术教育,3,589,53589
2021,5002,四川美术学院,022,工业设计,1,608,34925
2021,5002,四川美术学院,023,建筑学,2,598,44392
2021,5002,四川美术学院,024,风景园林,1,618,25734
2021,5003,四川外国语大学,008,英语,6,610,32862
2021,5003,四川外国语大学,009,翻译,2,609,33266
2021,5003,四川外国语大学,010,商务英语,3,602,40084
2021,5003,四川外国语大学,011,商务英语(中外合作办学),2,587,56281
2021,5003,四川外国语大学,012,中国语言文学类,2,609,33976
2021,5003,四川外国语大学,013,新闻传播学类,1,608,34268
2021,5003,四川外国语大学,014,工商管理类,4,591,50949
2021,5003,四川外国语大学,015,电子商务,2,589,53038
2021,5003,四川外国语大学,016,物流管理,2,589,53625
2021,5003,四川外国语大学,017,大数据管理与应用,2,579,64299
2021,5003,四川外国语大学,018,国际经济与贸易,2,597,45613
2021,5003,四川外国语大学,019,金融学,2,593,49578
2021,5003,四川外国语大学,020,金融科技,2,595,47209
2021,5003,四川外国语大学,021,法学,2,609,33812
2021,5003,四川外国语大学,022,社会学类,2,594,48188
2021,5003,四川外国语大学,023,教育学,2,594,47766
2021,5003,四川外国语大学,024,物流管理(中外合作办学),2,575,69278
2021,5004,重庆外语外事学院(民办),001,英语,5,549,99948
2021,5004,重庆外语外事学院(民办),002,翻译,3,545,104428
2021,5004,重庆外语外事学院(民办),003,俄语,2,542,108346
2021,5004,重庆外语外事学院(民办),004,法语,3,543,106729
2021,5004,重庆外语外事学院(民办),005,德语,3,544,104952
2021,5004,重庆外语外事学院(民办),006,西班牙语,3,542,107870
2021,5004,重庆外语外事学院(民办),007,意大利语,2,537,113900
2021,5004,重庆外语外事学院(民办),008,葡萄牙语,2,533,118513
2021,5004,重庆外语外事学院(民办),009,日语,3,548,101277
2021,5004,重庆外语外事学院(民办),010,朝鲜语,2,534,116618
2021,5004,重庆外语外事学院(民办),011,新闻传播学类,4,545,103828
2021,5005,西南大学(一流学科建设高校),004,德语,1,647,8495
2021,5005,西南大学(一流学科建设高校),005,日语,1,640,11736
2021,5005,西南大学(一流学科建设高校),020,经济学类,2,643,10369
2021,5005,西南大学(一流学科建设高校),021,公共管理类,2,642,10775
2021,5005,西南大学(一流学科建设高校),023,法学,1,648,8065
2021,5005,西南大学(一流学科建设高校),027,应用心理学,2,650,7195
2021,5005,西南大学(一流学科建设高校),028,新闻学,1,646,8719
2021,5005,西南大学(一流学科建设高校),031,环境科学与工程类,1,635,14005
2021,5005,西南大学(一流学科建设高校),033,地理科学类,1,644,9841
2021,5005,西南大学(一流学科建设高校),034,电气工程及其自动化,1,635,14220
2021,5005,西南大学(一流学科建设高校),035,机械类,1,633,15345
2021,5005,西南大学(一流学科建设高校),036,食品科学与工程类,1,633,15443
2021,5005,西南大学(一流学科建设高校),039,计算机科学与技术,1,639,11896
2021,5005,西南大学(一流学科建设高校),040,网络工程,1,634,14605
2021,5005,西南大学(一流学科建设高校),041,软件工程,2,636,13647
2021,5005,西南大学(一流学科建设高校),042,电子信息类,1,635,14169
2021,5005,西南大学(一流学科建设高校),043,风景园林,1,634,14996
2021,5005,西南大学(一流学科建设高校),044,生物技术,1,633,15155
2021,5005,西南大学(一流学科建设高校),045,纺织类,1,623,22157
2021,5005,西南大学(一流学科建设高校),048,生物科学,1,643,10018
2021,5005,西南大学(一流学科建设高校),049,药学(全英文创新实验班),1,635,14066
2021,5005,西南大学(一流学科建设高校),050,制药工程,1,635,14193
2021,5005,西南大学(一流学科建设高校),051,计算机科学与技术(中外合作办学),3,627,19263
2021,5005,西南大学(一流学科建设高校),052,软件工程(中外合作办学),2,626,20233
2021,5005,西南大学(一流学科建设高校),053,自动化(中外合作办学),3,621,23365
2021,5005,西南大学(一流学科建设高校),054,心理学(中外合作办学),2,643,9935
2021,5005,西南大学(一流学科建设高校),055,植物科学与技术(中外合作办学),2,614,28941
2021,5005,西南大学(一流学科建设高校),056,动物科学(中外合作办学),2,609,33386
2021,5005,西南大学(一流学科建设高校),057,电子信息工程(中外合作办学),2,622,22846
2021,5005,西南大学(一流学科建设高校),058,经济学(中外合作办学),2,637,13233
2021,5005,西南大学(一流学科建设高校),059,生物技术(中外合作办学),2,620,24146
2021,5005,西南大学(一流学科建设高校),060,食品质量与安全(中外合作办学),2,617,27031
2021,5006,重庆人文科技学院(民办),006,新闻学,5,543,106940
2021,5006,重庆人文科技学院(民办),007,法学,6,542,108284
2021,5006,重庆人文科技学院(民办),008,经济学,5,535,115463
2021,5006,重庆人文科技学院(民办),009,金融工程,5,532,119078
2021,5006,重庆人文科技学院(民办),010,工程管理,1,504,150910
2021,5006,重庆人文科技学院(民办),011,会计学,5,539,111281
2021,5006,重庆人文科技学院(民办),012,人力资源管理,5,532,118727
2021,5006,重庆人文科技学院(民办),013,旅游管理类,6,528,124142
2021,5006,重庆人文科技学院(民办),014,物流管理,5,529,122964
2021,5006,重庆人文科技学院(民办),015,机械设计制造及其自动化,1,516,136881
2021,5006,重庆人文科技学院(民办),016,机械电子工程,1,517,136115
2021,5006,重庆人文科技学院(民办),017,车辆工程,1,511,142862
2021,5006,重庆人文科技学院(民办),019,新能源科学与工程,5,537,113465
2021,5006,重庆人文科技学院(民办),020,电子信息工程,1,511,142498
2021,5006,重庆人文科技学院(民办),021,计算机科学与技术,6,506,148128
2021,5006,重庆人文科技学院(民办),022,软件工程,6,501,153321
2021,5006,重庆人文科技学院(民办),023,物联网工程,2,501,153413
2021,5006,重庆人文科技学院(民办),024,建筑学,8,536,114845
2021,5006,重庆人文科技学院(民办),025,风景园林,10,531,120582
2021,5006,重庆人文科技学院(民办),026,园林,10,529,122891
2021,5007,西南政法大学,001,法学,32,651,6757
2021,5007,西南政法大学,002,法学,5,650,7044
2021,5007,西南政法大学,003,法学,6,654,5955
2021,5007,西南政法大学,004,法学,2,655,5462
2021,5007,西南政法大学,005,法学,5,654,5706
2021,5007,西南政法大学,006,法学,2,654,5808
2021,5007,西南政法大学,007,知识产权,6,650,7083
2021,5007,西南政法大学,008,法学(中外合作办学),10,648,8122
2021,5007,西南政法大学,009,刑事科学技术,2,639,12147
2021,5007,西南政法大学,010,工商管理类,6,643,10257
2021,5007,西南政法大学,011,经济学类,3,644,9475
2021,5007,西南政法大学,012,新闻传播学类,5,645,9197
2021,5007,西南政法大学,013,行政管理,2,643,10313
2021,5007,西南政法大学,014,政治学与行政学,4,645,9059
2021,5007,西南政法大学,015,哲学,2,645,9255
2021,5007,西南政法大学,016,思想政治教育,4,646,8990
2021,5009,重庆城市管理职业学院,501,大数据与会计,2,507,147322
2021,5011,重庆大学(一流大学建设高校),001,理科试验班(数学与物理类),6,644,9527
2021,5011,重庆大学(一流大学建设高校),002,工科试验班(环化与健康类),9,639,12005
2021,5011,重庆大学(一流大学建设高校),003,工科试验班(工程与能源类),42,641,11192
2021,5011,重庆大学(一流大学建设高校),004,工科试验班(电气与信息类),40,644,9483
2021,5011,重庆大学(一流大学建设高校),005,工科试验班(管理与经济类),28,642,10431
2021,5011,重庆大学(一流大学建设高校),006,人文科学试验班(法学与新闻类),7,652,6475
2021,5011,重庆大学(一流大学建设高校),007,建筑类,6,645,9027
2021,5011,重庆大学(一流大学建设高校),008,人文科学试验班(博雅类),3,653,6245
2021,5011,重庆大学(一流大学建设高校),009,工科试验班（中外合作培养类）,5,636,13851
2021,5012,重庆城市科技学院(民办),001,建筑类,3,538,111729
2021,5012,重庆城市科技学院(民办),002,土木类,2,518,134833
2021,5012,重庆城市科技学院(民办),003,工商管理类,7,533,117970
2021,5012,重庆城市科技学院(民办),004,电气工程及其自动化,3,515,138575
2021,5012,重庆城市科技学院(民办),005,机器人工程,2,510,143787
2021,5012,重庆城市科技学院(民办),006,计算机科学与技术,4,509,145577
2021,5012,重庆城市科技学院(民办),007,软件工程,3,504,150652
2021,5012,重庆城市科技学院(民办),008,物联网工程,2,515,138294
2021,5012,重庆城市科技学院(民办),009,数据科学与大数据技术,4,524,128336
2021,5012,重庆城市科技学院(民办),010,会计学,16,534,117128
2021,5012,重庆城市科技学院(民办),011,国际经济与贸易,6,533,117692
2021,5012,重庆城市科技学院(民办),012,金融学,2,533,118467
2021,5012,重庆城市科技学院(民办),013,英语,6,539,111407
2021,5012,重庆城市科技学院(民办),014,法学,9,544,105979
2021,5012,重庆城市科技学院(民办),015,网络与新媒体,7,544,105259
2021,5012,重庆城市科技学院(民办),019,工程造价,4,501,153830
2021,5013,重庆电力高等专科学校,501,电力系统自动化技术,5,495,
2021,5015,重庆工程职业技术学院,502,计算机类,3,496,158765
2021,5015,重庆工程职业技术学院,504,药品质量与安全,3,495,
2021,5015,重庆工程职业技术学院,507,无人机应用技术,4,495,
2021,5017,重庆工商大学,001,经济学,2,603,39214
2021,5017,重庆工商大学,002,工商管理类,2,592,49904
2021,5017,重庆工商大学,003,旅游管理类,3,581,62324
2021,5017,重庆工商大学,004,物流管理,2,587,55269
2021,5017,重庆工商大学,005,工程管理,2,574,70064
2021,5017,重庆工商大学,006,新闻传播学类,2,593,49463
2021,5017,重庆工商大学,007,计算机类,2,585,58035
2021,5017,重庆工商大学,008,机械类,3,575,68915
2021,5017,重庆工商大学,009,商务英语,2,592,50230
2021,5017,重庆工商大学,010,法语,1,592,50722
2021,5017,重庆工商大学,011,国际经济与贸易(中外合作办学),1,592,50773
2021,5017,重庆工商大学,012,工商管理(中外合作办学),2,582,61763
2021,5017,重庆工商大学,013,会计学(中外合作办学),2,592,50767
2021,5017,重庆工商大学,014,金融学(中外合作办学),2,583,60241
2021,5018,重庆工商大学派斯学院(独立学院),001,金融学类,15,527,124363
2021,5018,重庆工商大学派斯学院(独立学院),002,工商管理类,12,526,125810
2021,5018,重庆工商大学派斯学院(独立学院),003,数据科学与大数据技术,8,497,157666
2021,5018,重庆工商大学派斯学院(独立学院),004,大数据管理与应用,8,495,
2021,5018,重庆工商大学派斯学院(独立学院),005,信用管理,7,524,128300
2021,5018,重庆工商大学派斯学院(独立学院),006,商务英语,10,529,122613
2021,5018,重庆工商大学派斯学院(独立学院),007,英语,10,531,120671
2021,5018,重庆工商大学派斯学院(独立学院),008,会计学,25,528,123495
2021,5018,重庆工商大学派斯学院(独立学院),009,审计学,10,528,123725
2021,5018,重庆工商大学派斯学院(独立学院),010,新闻传播学类,15,534,117227
2021,5018,重庆工商大学派斯学院(独立学院),011,汉语言文学,10,538,112588
2021,5019,重庆财经学院(民办),001,经济学类,6,530,121064
2021,5019,重庆财经学院(民办),002,经济与贸易类,6,529,122374
2021,5019,重庆财经学院(民办),003,金融学类,9,534,116320
2021,5019,重庆财经学院(民办),004,工商管理类,10,530,121296
2021,5019,重庆财经学院(民办),005,计算机类,4,495,
2021,5019,重庆财经学院(民办),006,会计学,9,540,110398
2021,5019,重庆财经学院(民办),007,金融科技,8,528,123546
2021,5019,重庆财经学院(民办),008,数字经济,4,532,118708
2021,5019,重庆财经学院(民办),009,网络与新媒体,9,542,107503
2021,5019,重庆财经学院(民办),011,物流管理,8,528,123976
2021,5019,重庆财经学院(民办),012,电子商务,8,532,118915
2021,5019,重庆财经学院(民办),013,软件工程,4,509,144703
2021,5019,重庆财经学院(民办),014,大数据管理与应用,2,506,148110
2021,5021,重庆航天职业技术学院,502,电子商务,2,504,151037
2021,5022,重庆交通大学,001,土木类,7,580,63017
2021,5022,重庆交通大学,002,安全工程,3,572,72840
2021,5022,重庆交通大学,003,水利类,5,578,66101
2021,5022,重庆交通大学,004,交通运输类,3,582,61376
2021,5022,重庆交通大学,005,机械设计制造及其自动化(中外合作办学),5,558,89454
2021,5022,重庆交通大学,006,船舶与海洋工程,3,570,75063
2021,5022,重庆交通大学,007,电子信息类,3,581,62966
2021,5022,重庆交通大学,008,人工智能,3,578,65469
2021,5022,重庆交通大学,009,管理科学与工程类,4,573,71928
2021,5023,重庆科技学院,001,国际经济与贸易,5,562,84849
2021,5023,重庆科技学院,002,英语,5,565,80589
2021,5023,重庆科技学院,003,机械类,5,546,102671
2021,5023,重庆科技学院,004,电气工程及其自动化,5,551,97574
2021,5023,重庆科技学院,005,自动化,5,548,100493
2021,5023,重庆科技学院,006,管理科学与工程类,5,541,108420
2021,5023,重庆科技学院,007,工商管理类,5,565,80997
2021,5023,重庆科技学院,008,物流管理,5,557,90557
2021,5024,重庆理工大学,001,车辆工程,5,574,70296
2021,5024,重庆理工大学,002,软件工程,4,585,57969
2021,5024,重庆理工大学,003,金融数学,3,582,61175
2021,5024,重庆理工大学,004,会计学,5,594,48559
2021,5024,重庆理工大学,005,知识产权,3,587,55830
2021,5024,重庆理工大学,006,英语,2,592,49845
2021,5024,重庆理工大学,007,金融学类,2,589,53268
2021,5024,重庆理工大学,008,机械类,4,576,67800
2021,5024,重庆理工大学,009,材料类,4,572,72371
2021,5024,重庆理工大学,010,工商管理类,4,586,57202
2021,5024,重庆理工大学,011,计算机类,5,588,54954
2021,5024,重庆理工大学,012,电子信息类,4,583,60051
2021,5024,重庆理工大学,013,化工与制药类,3,569,75853
2021,5024,重庆理工大学,014,药学类,4,575,68766
2021,5024,重庆理工大学,015,公共管理类,4,582,61298
2021,5024,重庆理工大学,016,电气工程及其自动化,4,577,66641
2021,5025,重庆三峡学院,001,汉语言文学(师范),3,577,66802
2021,5025,重庆三峡学院,002,生物科学(师范),2,577,66724
2021,5025,重庆三峡学院,003,英语(师范),3,579,65252
2021,5025,重庆三峡学院,004,日语,3,559,88218
2021,5025,重庆三峡学院,005,会计学,2,566,79552
2021,5025,重庆三峡学院,006,旅游管理类,4,557,89817
2021,5025,重庆三峡学院,007,工商管理类,4,561,85949
2021,5025,重庆三峡学院,008,数学与应用数学(师范),2,563,83186
2021,5025,重庆三峡学院,009,软件工程,2,551,97084
2021,5025,重庆三峡学院,010,计算机科学与技术,3,549,100110
2021,5025,重庆三峡学院,011,物联网工程,2,546,102885
2021,5025,重庆三峡学院,012,数据科学与大数据技术,2,545,104508
2021,5025,重庆三峡学院,013,电子信息工程,3,545,104708
2021,5025,重庆三峡学院,014,电气工程及其自动化,2,552,96265
2021,5025,重庆三峡学院,015,通信工程,2,549,99478
2021,5025,重庆三峡学院,016,机械设计制造及其自动化,2,543,106105
2021,5025,重庆三峡学院,017,汽车服务工程,2,532,119447
2021,5025,重庆三峡学院,018,环境科学,2,556,90772
2021,5025,重庆三峡学院,019,给排水科学与工程,2,539,111033
2021,5025,重庆三峡学院,020,土木类,3,538,111959
2021,5026,重庆三峡医药高等专科学校,501,临床医学,15,504,150148
2021,5026,重庆三峡医药高等专科学校,502,口腔医学,5,514,139212
2021,5026,重庆三峡医药高等专科学校,503,中医学,9,507,147388
2021,5026,重庆三峡医药高等专科学校,504,护理,8,502,152664
2021,5026,重庆三峡医药高等专科学校,505,医学检验技术,4,499,156394
2021,5026,重庆三峡医药高等专科学校,506,药学,4,501,153957
2021,5027,重庆师范大学,001,思想政治教育(师范),3,615,28712
2021,5027,重庆师范大学,002,历史学(师范),5,613,30416
2021,5027,重庆师范大学,003,文物与博物馆学,3,607,35570
2021,5027,重庆师范大学,004,社会工作,3,584,58759
2021,5027,重庆师范大学,005,教育学类(师范),9,605,37102
2021,5027,重庆师范大学,006,应用心理学,3,600,41933
2021,5027,重庆师范大学,008,中国语言文学类,6,615,28789
2021,5027,重庆师范大学,009,英语(师范),3,618,25595
2021,5027,重庆师范大学,010,数学与应用数学(师范),3,607,35521
2021,5027,重庆师范大学,011,金融数学,3,586,56416
2021,5027,重庆师范大学,012,物理学(师范),3,596,45893
2021,5027,重庆师范大学,013,电子信息类,4,576,68166
2021,5027,重庆师范大学,014,化学(师范),2,611,31824
2021,5027,重庆师范大学,015,材料类,4,574,70450
2021,5027,重庆师范大学,016,生物科学(中外合作办学)(师范),4,587,55317
2021,5027,重庆师范大学,017,食品质量与安全,2,585,58120
2021,5027,重庆师范大学,018,经济学,2,588,54673
2021,5027,重庆师范大学,019,工商管理类,5,587,55663
2021,5027,重庆师范大学,020,计算机类,6,579,64934
2021,5027,重庆师范大学,021,电子商务,3,584,58621
2021,5027,重庆师范大学,022,旅游管理类,3,584,59514
2021,5027,重庆师范大学,023,新闻传播学类,5,594,48595
2021,5027,重庆师范大学,024,科学教育(师范),2,609,33287
2021,5028,重庆对外经贸学院(民办),001,经济学,6,528,123265
2021,5028,重庆对外经贸学院(民办),002,金融学类,8,527,124353
2021,5028,重庆对外经贸学院(民办),003,国际经济与贸易,5,530,121685
2021,5028,重庆对外经贸学院(民办),004,日语,5,529,123037
2021,5028,重庆对外经贸学院(民办),005,翻译,6,531,120876
2021,5028,重庆对外经贸学院(民办),006,商务英语,8,533,118318
2021,5028,重庆对外经贸学院(民办),007,新闻学,5,538,112521
2021,5028,重庆对外经贸学院(民办),008,计算机科学与技术,4,499,156094
2021,5028,重庆对外经贸学院(民办),009,数字媒体技术,3,499,155583
2021,5028,重庆对外经贸学院(民办),010,数据科学与大数据技术,3,502,152975
2021,5028,重庆对外经贸学院(民办),011,市场营销,4,527,125143
2021,5028,重庆对外经贸学院(民办),012,财务管理,6,532,119216
2021,5028,重庆对外经贸学院(民办),013,人力资源管理,4,532,119198
2021,5028,重庆对外经贸学院(民办),014,审计学,4,534,116692
2021,5028,重庆对外经贸学院(民办),015,健康服务与管理,4,527,125103
2021,5028,重庆对外经贸学院(民办),016,物流管理,5,527,125135
2021,5028,重庆对外经贸学院(民办),017,电子商务,8,527,125024
2021,5028,重庆对外经贸学院(民办),018,旅游管理,4,525,127692
2021,5028,重庆对外经贸学院(民办),019,网络与新媒体,8,538,111821
2021,5028,重庆对外经贸学院(民办),020,数字经济,6,525,126816
2021,5028,重庆对外经贸学院(民办),021,人工智能,3,495,160166
2021,5028,重庆对外经贸学院(民办),022,国际商务,6,525,127081
2021,5029,重庆文理学院,001,金融数学,2,567,77959
2021,5029,重庆文理学院,002,机器人工程,3,546,102797
2021,5029,重庆文理学院,003,风景园林,2,559,88023
2021,5029,重庆文理学院,004,计算机类,2,553,94400
2021,5029,重庆文理学院,005,电子信息类,2,548,100379
2021,5029,重庆文理学院,006,土木工程,2,541,108591
2021,5029,重庆文理学院,007,会展经济与管理,2,562,83686
2021,5029,重庆文理学院,008,法学,2,580,63958
2021,5029,重庆文理学院,009,商务英语,2,568,77043
2021,5029,重庆文理学院,010,药学,3,562,84361
2021,5029,重庆文理学院,011,工程审计,2,544,105739
2021,5029,重庆文理学院,012,电气类,2,544,105915
2021,5029,重庆文理学院,013,环境科学与工程类,2,557,89928
2021,5029,重庆文理学院,014,材料类,2,540,109550
2021,5031,重庆医科大学,001,临床医学(5+3一体化),3,647,8523
2021,5031,重庆医科大学,002,临床医学(5+3一体化),1,649,7403
2021,5031,重庆医科大学,003,临床医学,3,644,9729
2021,5031,重庆医科大学,004,儿科学,2,637,13426
2021,5031,重庆医科大学,005,口腔医学,2,651,6878
2021,5031,重庆医科大学,006,医学检验技术,3,615,27993
2021,5031,重庆医科大学,007,预防医学,2,623,22164
2021,5031,重庆医科大学,008,临床药学,1,631,16421
2021,5031,重庆医科大学,009,麻醉学,2,630,17395
2021,5031,重庆医科大学,010,医学影像学,2,634,14844
2021,5031,重庆医科大学,011,精神医学,2,622,23137
2021,5031,重庆医科大学,012,中西医临床医学,1,629,17853
2021,5031,重庆医科大学,013,中医学,2,622,22679
2021,5031,重庆医科大学,014,针灸推拿学,1,625,20968
2021,5031,重庆医科大学,015,法医学,2,620,24704
2021,5031,重庆医科大学,016,卫生检验与检疫,1,601,40565
2021,5031,重庆医科大学,017,生物医学工程,1,607,35469
2021,5031,重庆医科大学,018,医学影像技术,2,605,37020
2021,5031,重庆医科大学,019,口腔医学技术,2,626,20106
2021,5031,重庆医科大学,020,康复治疗学,1,606,36654
2021,5031,重庆医科大学,021,基础医学,1,621,23743
2021,5031,重庆医科大学,022,药物制剂,1,598,44296
2021,5031,重庆医科大学,023,中药学,2,609,33541
2021,5031,重庆医科大学,024,中药制药,1,609,33880
2021,5031,重庆医科大学,025,食品卫生与营养学,1,611,31830
2021,5031,重庆医科大学,026,医学实验技术,1,617,26528
2021,5031,重庆医科大学,027,护理学,3,597,45572
2021,5031,重庆医科大学,028,生物信息学,1,610,32576
2021,5031,重庆医科大学,029,应用统计学,1,596,45761
2021,5031,重庆医科大学,030,公共事业管理,1,596,46531
2021,5031,重庆医科大学,031,英语,1,602,39954
2021,5031,重庆医科大学,032,临床医学(中外合作办学),5,620,24715
2021,5032,重庆邮电大学,001,电子信息类(通信与信息类),8,612,30739
2021,5032,重庆邮电大学,002,计算机类(计算机与智能科学类),10,617,26989
2021,5032,重庆邮电大学,003,自动化类(自动化与电气工程类),10,598,43797
2021,5032,重庆邮电大学,004,电子信息类(集成电路与电子工程类),12,604,38369
2021,5032,重庆邮电大学,005,工商管理类,4,589,53205
2021,5032,重庆邮电大学,006,电子商务类,2,594,48124
2021,5032,重庆邮电大学,007,软件工程,4,613,30018
2021,5033,重庆移通学院(民办),001,电子信息类,10,502,152490
2021,5033,重庆移通学院(民办),002,电气类,3,495,
2021,5033,重庆移通学院(民办),003,自动化类,3,495,
2021,5033,重庆移通学院(民办),004,机械类,3,495,
2021,5033,重庆移通学院(民办),005,计算机科学与技术,6,498,157200
2021,5033,重庆移通学院(民办),006,软件工程,6,500,155136
2021,5033,重庆移通学院(民办),007,数据科学与大数据技术,6,495,
2021,5033,重庆移通学院(民办),008,工商管理类,15,527,124432
2021,5033,重庆移通学院(民办),009,资产评估,3,529,122433
2021,5033,重庆移通学院(民办),010,数字经济,3,526,125881
2021,5033,重庆移通学院(民办),011,供应链管理,3,523,129455
2021,5033,重庆移通学院(民办),012,外国语言文学类,8,524,128868
2021,5033,重庆移通学院(民办),013,电气工程及其自动化(中外合作办学),4,495,
2021,5033,重庆移通学院(民办),501,计算机应用技术,2,495,160459
2021,5033,重庆移通学院(民办),502,现代通信技术,2,495,
2021,5033,重庆移通学院(民办),503,工商企业管理,2,495,
2021,5035,重庆医药高等专科学校,501,药品经营与管理,2,516,137865
2021,5035,重庆医药高等专科学校,502,临床医学,2,532,119584
2021,5035,重庆医药高等专科学校,503,护理,4,508,146215
2021,5035,重庆医药高等专科学校,504,药学,3,511,142859
2021,5035,重庆医药高等专科学校,505,中医学,2,537,113306
2021,5035,重庆医药高等专科学校,506,针灸推拿,2,505,149657
2021,5035,重庆医药高等专科学校,507,医学检验技术,3,512,141698
2021,5035,重庆医药高等专科学校,508,眼视光技术,2,510,143938
2021,5101,成都工业学院,001,机械电子工程,3,549,99908
2021,5101,成都工业学院,002,材料成型及控制工程,15,533,117971
2021,5101,成都工业学院,003,计算机类,6,559,87848
2021,5101,成都工业学院,004,电子信息类,6,550,98073
2021,5101,成都工业学院,005,自动化,3,554,93996
2021,5101,成都工业学院,006,信息工程,3,553,95014
2021,5101,成都工业学院,007,互联网金融,3,568,77269
2021,5101,成都工业学院,008,数据科学与大数据技术,3,559,88186
2021,5101,成都工业学院,009,工业设计,3,551,97148
2021,5102,成都航空职业技术学院,501,航空材料精密成型技术,3,495,
2021,5102,成都航空职业技术学院,508,无人机应用技术,5,495,
2021,5102,成都航空职业技术学院,509,现代物业管理,3,495,
2021,5103,成都理工大学(一流学科建设高校),001,土木工程,9,596,46183
2021,5103,成都理工大学(一流学科建设高校),002,应用物理学,8,592,50447
2021,5103,成都理工大学(一流学科建设高校),003,核工程类,8,590,52908
2021,5103,成都理工大学(一流学科建设高校),004,工业设计,4,595,47015
2021,5103,成都理工大学(一流学科建设高校),005,电子商务,4,600,42396
2021,5103,成都理工大学(一流学科建设高校),006,测控技术与仪器,4,592,50557
2021,5103,成都理工大学(一流学科建设高校),007,材料科学与工程,6,594,48406
2021,5103,成都理工大学(一流学科建设高校),008,电子信息类,2,611,31865
2021,5103,成都理工大学(一流学科建设高校),009,思想政治教育,2,607,35401
2021,5103,成都理工大学(一流学科建设高校),010,法学,2,610,33009
2021,5103,成都理工大学(一流学科建设高校),011,日语,2,600,42565
2021,5103,成都理工大学(一流学科建设高校),012,新闻传播学类,5,606,36063
2021,5104,成都理工大学工程技术学院(独立学院),001,核工程与核技术,4,514,140015
2021,5104,成都理工大学工程技术学院(独立学院),002,土木工程,4,517,136214
2021,5104,成都理工大学工程技术学院(独立学院),003,机械工程,4,521,132259
2021,5104,成都理工大学工程技术学院(独立学院),004,电气工程及其自动化,4,508,145997
2021,5104,成都理工大学工程技术学院(独立学院),005,软件工程,4,505,149513
2021,5104,成都理工大学工程技术学院(独立学院),006,会计学,5,539,110761
2021,5104,成都理工大学工程技术学院(独立学院),007,审计学,5,537,113009
2021,5104,成都理工大学工程技术学院(独立学院),501,工程造价,3,508,146511
2021,5104,成都理工大学工程技术学院(独立学院),502,计算机应用技术,3,498,157389
2021,5104,成都理工大学工程技术学院(独立学院),503,大数据与会计,3,506,148553
2021,5107,成都信息工程大学,001,大气科学类,10,583,59785
2021,5107,成都信息工程大学,002,电子信息工程,6,582,61848
2021,5107,成都信息工程大学,003,通信工程,2,584,58523
2021,5107,成都信息工程大学,004,环境科学与工程类,2,583,60063
2021,5107,成都信息工程大学,005,电子科学与技术,2,586,57138
2021,5107,成都信息工程大学,006,电气工程及其自动化,2,581,62194
2021,5107,成都信息工程大学,007,机器人工程,2,582,61351
2021,5107,成都信息工程大学,008,计算机科学与技术,2,590,52557
2021,5107,成都信息工程大学,009,数字媒体技术,2,586,57102
2021,5107,成都信息工程大学,010,软件工程,2,587,55218
2021,5107,成都信息工程大学,011,数据科学与大数据技术,2,583,60168
2021,5107,成都信息工程大学,012,信息安全,6,582,61855
2021,5107,成都信息工程大学,013,翻译,2,585,57804
2021,5107,成都信息工程大学,014,区块链工程,3,582,61627
2021,5107,成都信息工程大学,015,金融工程,2,583,60399
2021,5107,成都信息工程大学,016,国际经济与贸易,2,589,53605
2021,5107,成都信息工程大学,017,财务管理,2,583,59781
2021,5107,成都信息工程大学,018,物流管理,2,580,63342
2021,5107,成都信息工程大学,019,电子商务,2,589,53126
2021,5108,成都银杏酒店管理学院(民办),001,旅游管理类,5,521,131323
2021,5108,成都银杏酒店管理学院(民办),002,工商管理类,10,525,126921
2021,5108,成都银杏酒店管理学院(民办),003,外国语言文学类,5,525,127053
2021,5108,成都银杏酒店管理学院(民办),502,旅游管理,5,495,
2021,5109,成都大学,001,金融科技,3,576,68749
2021,5109,成都大学,002,法学,4,592,50887
2021,5109,成都大学,003,社会工作,2,586,56483
2021,5109,成都大学,004,学前教育(师范),4,587,56078
2021,5109,成都大学,005,小学教育(师范),4,595,46803
2021,5109,成都大学,006,英语,5,587,56142
2021,5109,成都大学,007,通信工程,4,575,69192
2021,5109,成都大学,008,物联网工程,5,578,65583
2021,5109,成都大学,009,数字媒体技术,2,583,60084
2021,5109,成都大学,010,制药工程,4,580,63656
2021,5109,成都大学,011,环境工程,2,579,64201
2021,5109,成都大学,012,建筑学,3,590,52765
2021,5109,成都大学,013,生物工程,4,580,63996
2021,5109,成都大学,014,口腔医学技术,2,585,58080
2021,5109,成都大学,015,护理学,4,576,67683
2021,5109,成都大学,016,网络与新媒体(中外合作办学),4,573,71361
2021,5109,成都大学,017,数据科学与大数据技术(中外合作办学),4,570,74487
2021,5109,成都大学,501,工程造价(中外合作办学),10,513,140701
2021,5110,成都医学院,001,临床医学,10,588,54357
2021,5111,成都中医药大学(一流学科建设高校),001,中医学(5+3一体化),6,636,13904
2021,5111,成都中医药大学(一流学科建设高校),002,中西医临床医学,4,626,19690
2021,5111,成都中医药大学(一流学科建设高校),003,针灸推拿学,6,613,30323
2021,5111,成都中医药大学(一流学科建设高校),004,中药学(基地班),6,613,30337
2021,5111,成都中医药大学(一流学科建设高校),005,制药工程,4,590,52458
2021,5111,成都中医药大学(一流学科建设高校),006,预防医学,6,594,48474
2021,5111,成都中医药大学(一流学科建设高校),007,食品卫生与营养学,2,593,48840
2021,5112,川北医学院,001,临床医学,3,578,65907
2021,5112,川北医学院,002,药学,3,566,80106
2021,5113,电子科技大学(一流大学建设高校),001,经济管理试验班(管理与电子工程双学位培养),5,648,7752
2021,5113,电子科技大学(一流大学建设高校),002,电子信息类(信息与通信),13,650,7167
2021,5113,电子科技大学(一流大学建设高校),003,计算机类,10,656,5162
2021,5113,电子科技大学(一流大学建设高校),004,电子信息类(光电集成与光网络),15,648,8118
2021,5113,电子科技大学(一流大学建设高校),005,工科试验班(电子工程类),10,649,7456
2021,5113,电子科技大学(一流大学建设高校),006,工科试验班(机器人、电气信息、智能制造),12,649,7566
2021,5113,电子科技大学(一流大学建设高校),007,计算机科学与技术(互联网交叉复合型精英人才双学位培养计划),2,660,4103
2021,5113,电子科技大学(一流大学建设高校),008,金融学(互联网交叉复合型精英人才双学位培养计划),2,651,6711
2021,5113,电子科技大学(一流大学建设高校),009,电子信息类(成电英才计划拔尖创新人才实验班),3,662,3424
2021,5113,电子科技大学(一流大学建设高校),010,计算机科学与技术(智能金融与区块链金融双A联合学位实验班),2,664,3124
2021,5114,电子科技大学成都学院(独立学院),001,电子信息类,8,527,125025
2021,5114,电子科技大学成都学院(独立学院),002,机械设计制造及其自动化,2,527,124601
2021,5114,电子科技大学成都学院(独立学院),003,电气工程及其自动化,2,528,123400
2021,5114,电子科技大学成都学院(独立学院),004,机器人工程,4,521,132266
2021,5114,电子科技大学成都学院(独立学院),005,物联网工程,2,539,111612
2021,5114,电子科技大学成都学院(独立学院),006,智能科学与技术,3,519,133705
2021,5114,电子科技大学成都学院(独立学院),007,计算机科学与技术,5,534,116639
2021,5114,电子科技大学成都学院(独立学院),008,网络工程,3,525,127546
2021,5114,电子科技大学成都学院(独立学院),009,人工智能,4,521,131846
2021,5114,电子科技大学成都学院(独立学院),010,软件工程,3,532,119281
2021,5114,电子科技大学成都学院(独立学院),011,数字媒体技术,3,525,127645
2021,5114,电子科技大学成都学院(独立学院),012,飞行器动力工程,4,506,148979
2021,5114,电子科技大学成都学院(独立学院),013,电子商务,4,541,108400
2021,5114,电子科技大学成都学院(独立学院),014,国际经济与贸易,4,546,103213
2021,5114,电子科技大学成都学院(独立学院),015,信息管理与信息系统,2,523,129546
2021,5114,电子科技大学成都学院(独立学院),016,财务管理,3,540,110235
2021,5114,电子科技大学成都学院(独立学院),017,审计学,3,543,106476
2021,5115,乐山师范学院,001,材料科学与工程,5,529,122422
2021,5115,乐山师范学院,002,制药工程,4,556,91221
2021,5115,乐山师范学院,003,心理学,4,558,88897
2021,5115,乐山师范学院,004,工程造价,4,530,121649
2021,5115,乐山师范学院,005,汉语言文学(师范),5,567,78920
2021,5115,乐山师范学院,006,新闻学,4,556,90741
2021,5115,乐山师范学院,007,数字媒体技术,4,533,117955
2021,5116,西南医科大学,001,临床医学,3,614,29131
2021,5116,西南医科大学,002,儿科学,2,604,38411
2021,5117,绵阳师范学院,001,汉语言文学(师范),1,580,64002
2021,5117,绵阳师范学院,002,英语(师范),1,581,62609
2021,5117,绵阳师范学院,003,物流管理,1,556,91446
2021,5117,绵阳师范学院,004,数学与应用数学(师范),1,566,79126
2021,5118,内江师范学院,001,汉语言文学(师范),3,573,71615
2021,5118,内江师范学院,002,外国语言文学类,4,559,87597
2021,5118,内江师范学院,003,化学类,3,553,94670
2021,5118,内江师范学院,004,数学与应用数学(师范),5,538,112573
2021,5120,四川大学(一流大学建设高校),004,金融学类,6,652,6372
2021,5120,四川大学(一流大学建设高校),005,经济学类,5,652,6421
2021,5120,四川大学(一流大学建设高校),006,法学,3,656,5123
2021,5120,四川大学(一流大学建设高校),007,汉语言文学(基地班),2,660,4083
2021,5120,四川大学(一流大学建设高校),008,中国语言文学类,2,657,4801
2021,5120,四川大学(一流大学建设高校),009,新闻传播学类,3,655,5385
2021,5120,四川大学(一流大学建设高校),010,英语,2,654,5823
2021,5120,四川大学(一流大学建设高校),011,日语,2,651,6955
2021,5120,四川大学(一流大学建设高校),012,法语,2,651,6985
2021,5120,四川大学(一流大学建设高校),013,公共管理类,6,651,6824
2021,5120,四川大学(一流大学建设高校),014,档案学,2,651,6988
2021,5120,四川大学(一流大学建设高校),015,信息资源管理,3,650,7337
2021,5120,四川大学(一流大学建设高校),016,社会工作,4,649,7729
2021,5120,四川大学(一流大学建设高校),017,会计学(ACCA),4,653,6279
2021,5120,四川大学(一流大学建设高校),018,工商管理类,7,651,6847
2021,5120,四川大学(一流大学建设高校),019,数学与应用数学(数学经济学双学士学位),2,654,5876
2021,5120,四川大学(一流大学建设高校),020,微电子科学与工程,6,646,8594
2021,5120,四川大学(一流大学建设高校),021,化学类,14,644,9472
2021,5120,四川大学(一流大学建设高校),022,生物科学类,8,648,8092
2021,5120,四川大学(一流大学建设高校),023,电子信息类,10,647,8481
2021,5120,四川大学(一流大学建设高校),024,高分子材料与工程,10,643,10223
2021,5120,四川大学(一流大学建设高校),025,材料类,4,643,10117
2021,5120,四川大学(一流大学建设高校),026,医学信息工程,4,646,8950
2021,5120,四川大学(一流大学建设高校),027,工科试验班(机械及其自动化),6,645,9128
2021,5120,四川大学(一流大学建设高校),028,电气类,16,645,9226
2021,5120,四川大学(一流大学建设高校),029,计算机类,7,649,7440
2021,5120,四川大学(一流大学建设高校),030,建筑学,4,652,6639
2021,5120,四川大学(一流大学建设高校),031,土木工程,6,644,9856
2021,5120,四川大学(一流大学建设高校),032,工程力学,3,644,9578
2021,5120,四川大学(一流大学建设高校),033,工科试验班(动力装备与安全),4,644,9843
2021,5120,四川大学(一流大学建设高校),034,工科试验班(食品与发酵),6,641,10905
2021,5120,四川大学(一流大学建设高校),036,软件工程,4,649,7374
2021,5120,四川大学(一流大学建设高校),037,网络空间安全,4,649,7530
2021,5120,四川大学(一流大学建设高校),038,基础医学,2,646,8659
2021,5120,四川大学(一流大学建设高校),039,法医学,3,648,7789
2021,5120,四川大学(一流大学建设高校),040,临床医学,3,661,3664
2021,5120,四川大学(一流大学建设高校),041,医学技术类(医学技术与智能制造双学士学位),2,651,6776
2021,5120,四川大学(一流大学建设高校),042,口腔医学,3,666,2633
2021,5120,四川大学(一流大学建设高校),043,口腔医学(5+3一体化),2,675,1284
2021,5120,四川大学(一流大学建设高校),044,口腔医学,2,679,791
2021,5120,四川大学(一流大学建设高校),045,口腔医学技术,2,650,7301
2021,5120,四川大学(一流大学建设高校),046,卫生检验与检疫,5,645,9151
2021,5120,四川大学(一流大学建设高校),047,预防医学(预防与软件双学士学位),4,650,7076
2021,5120,四川大学(一流大学建设高校),048,药学,7,646,8579
2021,5120,四川大学(一流大学建设高校),049,工业工程(中外合作办学),11,632,16096
2021,5120,四川大学(一流大学建设高校),050,机械设计制造及其自动化(中外合作办学),5,638,12469
2021,5120,四川大学(一流大学建设高校),051,材料科学与工程(中外合作办学),6,631,16583
2021,5120,四川大学(一流大学建设高校),052,电气工程及其自动化(中外合作办学),5,635,14485
2021,5121,成都锦城学院(民办),001,网络与新媒体,2,554,93638
2021,5121,成都锦城学院(民办),005,建筑学,2,549,99173
2021,5121,成都锦城学院(民办),006,工程造价,2,507,147785
2021,5121,成都锦城学院(民办),007,城乡规划,2,546,103088
2021,5121,成都锦城学院(民办),008,电子商务,4,547,101806
2021,5121,成都锦城学院(民办),009,大数据管理与应用,5,503,151845
2021,5121,成都锦城学院(民办),010,经济统计学,2,548,100783
2021,5121,成都锦城学院(民办),011,机械设计制造及其自动化,2,508,145768
2021,5121,成都锦城学院(民办),012,机器人工程,2,515,139009
2021,5122,四川大学锦江学院(独立学院),001,经济学,2,542,107741
2021,5122,四川大学锦江学院(独立学院),002,国际经济与贸易,2,540,109899
2021,5122,四川大学锦江学院(独立学院),003,机械设计制造及其自动化,2,507,147770
2021,5122,四川大学锦江学院(独立学院),004,智能科学与技术,2,505,149806
2021,5122,四川大学锦江学院(独立学院),005,人工智能,2,509,145350
2021,5122,四川大学锦江学院(独立学院),006,土木工程,3,502,152391
2021,5122,四川大学锦江学院(独立学院),007,人力资源管理,2,541,108578
2021,5122,四川大学锦江学院(独立学院),008,会计学,3,544,104929
2021,5122,四川大学锦江学院(独立学院),009,财务管理,3,543,106586
2021,5125,四川建筑职业技术学院,502,建筑设备工程技术,2,506,148325
2021,5126,四川交通职业技术学院,501,现代物流管理,1,498,156714
2021,5126,四川交通职业技术学院,504,大数据与会计,3,497,157665
2021,5129,四川农业大学(一流学科建设高校),001,化学生物学,4,605,36941
2021,5129,四川农业大学(一流学科建设高校),002,信息与计算科学,4,608,34226
2021,5129,四川农业大学(一流学科建设高校),003,应用化学,4,599,42664
2021,5129,四川农业大学(一流学科建设高校),004,生物工程,4,600,42257
2021,5129,四川农业大学(一流学科建设高校),005,生物科学,4,604,38360
2021,5129,四川农业大学(一流学科建设高校),006,生物技术,4,602,39784
2021,5129,四川农业大学(一流学科建设高校),007,电子科学与技术,4,609,33646
2021,5129,四川农业大学(一流学科建设高校),008,食品科学与工程,5,603,39445
2021,5129,四川农业大学(一流学科建设高校),009,食品质量与安全,4,603,38942
2021,5129,四川农业大学(一流学科建设高校),010,计算机科学与技术,4,613,30382
2021,5129,四川农业大学(一流学科建设高校),011,物联网工程,4,611,31787
2021,5129,四川农业大学(一流学科建设高校),012,农业水利工程,4,598,44188
2021,5129,四川农业大学(一流学科建设高校),013,水利水电工程,4,600,42194
2021,5129,四川农业大学(一流学科建设高校),014,人力资源管理,4,611,31602
2021,5129,四川农业大学(一流学科建设高校),015,英语,4,617,26539
2021,5129,四川农业大学(一流学科建设高校),016,广告学,4,613,29826
2021,5129,四川农业大学(一流学科建设高校),017,农村区域发展,4,614,29231
2021,5129,四川农业大学(一流学科建设高校),018,农学,4,611,31963
2021,5129,四川农业大学(一流学科建设高校),019,植物保护,3,606,36588
2021,5129,四川农业大学(一流学科建设高校),020,草业科学,4,600,41677
2021,5129,四川农业大学(一流学科建设高校),021,动物科学,4,606,36388
2021,5129,四川农业大学(一流学科建设高校),022,水产养殖学,4,601,41021
2021,5129,四川农业大学(一流学科建设高校),023,动物医学,4,619,25143
2021,5129,四川农业大学(一流学科建设高校),024,动植物检疫,4,604,38187
2021,5129,四川农业大学(一流学科建设高校),025,药学,4,612,31328
2021,5129,四川农业大学(一流学科建设高校),026,林学,4,606,36366
2021,5129,四川农业大学(一流学科建设高校),027,森林保护,4,599,43125
2021,5129,四川农业大学(一流学科建设高校),028,茶学,4,602,39814
2021,5129,四川农业大学(一流学科建设高校),029,园艺,4,607,35230
2021,5129,四川农业大学(一流学科建设高校),030,土地资源管理,4,617,26495
2021,5129,四川农业大学(一流学科建设高校),031,环境工程,4,611,32051
2021,5129,四川农业大学(一流学科建设高校),032,环境生态工程,4,608,34693
2021,5129,四川农业大学(一流学科建设高校),033,国际经济与贸易,4,619,25199
2021,5129,四川农业大学(一流学科建设高校),034,经济学,5,623,21931
2021,5129,四川农业大学(一流学科建设高校),035,财务管理,4,624,21373
2021,5129,四川农业大学(一流学科建设高校),036,工商管理,5,620,24621
2021,5129,四川农业大学(一流学科建设高校),037,农林经济管理,4,620,24776
2021,5129,四川农业大学(一流学科建设高校),038,风景园林,4,623,22136
2021,5129,四川农业大学(一流学科建设高校),039,园林,4,618,26251
2021,5129,四川农业大学(一流学科建设高校),040,城乡规划,4,616,27555
2021,5129,四川农业大学(一流学科建设高校),041,工程管理,5,598,44404
2021,5129,四川农业大学(一流学科建设高校),042,土木工程,4,599,42636
2021,5129,四川农业大学(一流学科建设高校),043,旅游管理,4,605,37330
2021,5129,四川农业大学(一流学科建设高校),044,电子商务,4,612,30955
2021,5129,四川农业大学(一流学科建设高校),045,资产评估,4,609,33777
2021,5131,四川师范大学,001,法学,2,607,35880
2021,5131,四川师范大学,002,思想政治教育,2,617,27081
2021,5131,四川师范大学,003,小学教育,2,609,33456
2021,5131,四川师范大学,006,汉语言文学,2,615,28379
2021,5131,四川师范大学,007,汉语国际教育,2,611,32020
2021,5131,四川师范大学,008,英语,2,613,30207
2021,5131,四川师范大学,009,历史学,2,614,29121
2021,5131,四川师范大学,010,数学类,2,598,43672
2021,5131,四川师范大学,011,物理学,2,596,46063
2021,5131,四川师范大学,012,化学,2,595,47060
2021,5131,四川师范大学,013,地理科学类,2,611,31961
2021,5131,四川师范大学,014,生物科学类,2,602,40301
2021,5131,四川师范大学,015,心理学,2,600,42443
2021,5131,四川师范大学,016,电子信息类,2,591,51337
2021,5131,四川师范大学,017,计算机类,2,590,52473
2021,5131,四川师范大学,018,环境工程,2,589,53943
2021,5131,四川师范大学,019,大数据管理与应用,2,589,53155
2021,5131,四川师范大学,020,工商管理,2,591,51027
2021,5131,四川师范大学,021,会计学,2,593,48949
2021,5131,四川师范大学,022,财务管理,2,596,45844
2021,5131,四川师范大学,023,公共事业管理,2,589,53584
2021,5132,四川工商学院(民办),001,财务管理,2,540,110418
2021,5132,四川工商学院(民办),002,市场营销,2,538,111885
2021,5132,四川工商学院(民办),003,金融工程,2,544,105958
2021,5132,四川工商学院(民办),004,学前教育,2,550,98852
2021,5132,四川工商学院(民办),005,电子信息工程,2,519,134061
2021,5132,四川工商学院(民办),006,数字媒体技术,2,520,132457
2021,5132,四川工商学院(民办),007,物联网工程,3,518,135310
2021,5133,成都文理学院(民办),001,经济学,8,533,118287
2021,5133,成都文理学院(民办),002,工商管理,6,535,116158
2021,5133,成都文理学院(民办),003,市场营销,6,532,119526
2021,5133,成都文理学院(民办),004,会计学,10,537,113717
2021,5136,四川外国语大学成都学院(独立学院),001,英语,3,559,88094
2021,5136,四川外国语大学成都学院(独立学院),002,俄语,2,544,105795
2021,5136,四川外国语大学成都学院(独立学院),003,德语,2,555,92225
2021,5136,四川外国语大学成都学院(独立学院),004,法语,3,551,97560
2021,5136,四川外国语大学成都学院(独立学院),005,西班牙语,3,555,92560
2021,5136,四川外国语大学成都学院(独立学院),006,葡萄牙语,2,546,102773
2021,5136,四川外国语大学成都学院(独立学院),007,意大利语,2,546,102966
2021,5136,四川外国语大学成都学院(独立学院),008,阿拉伯语,4,539,111326
2021,5136,四川外国语大学成都学院(独立学院),009,朝鲜语,3,530,121961
2021,5136,四川外国语大学成都学院(独立学院),010,马来语,3,529,122815
2021,5136,四川外国语大学成都学院(独立学院),011,泰语,3,530,121038
2021,5136,四川外国语大学成都学院(独立学院),012,越南语,4,512,142309
2021,5136,四川外国语大学成都学院(独立学院),013,翻译,3,553,95015
2021,5136,四川外国语大学成都学院(独立学院),014,学前教育,2,555,92431
2021,5136,四川外国语大学成都学院(独立学院),015,汉语国际教育,2,550,97941
2021,5136,四川外国语大学成都学院(独立学院),016,新闻学,2,549,99605
2021,5136,四川外国语大学成都学院(独立学院),017,网络与新媒体,3,550,98080
2021,5136,四川外国语大学成都学院(独立学院),018,国际经济与贸易,3,540,109741
2021,5136,四川外国语大学成都学院(独立学院),019,财务管理,2,539,110859
2021,5136,四川外国语大学成都学院(独立学院),020,国际商务,2,546,102532
2021,5136,四川外国语大学成都学院(独立学院),021,电子商务,2,546,103105
2021,5136,四川外国语大学成都学院(独立学院),022,会展经济与管理,2,537,113787
2021,5136,四川外国语大学成都学院(独立学院),024,汉语言文学,5,550,98911
2021,5136,四川外国语大学成都学院(独立学院),025,商务英语,6,546,103541
2021,5136,四川外国语大学成都学院(独立学院),026,日语,5,545,104373
2021,5137,四川音乐学院,008,广播电视编导,7,548,100562
2021,5137,四川音乐学院,009,戏剧影视文学,7,556,91801
2021,5137,四川音乐学院,010,影视摄影与制作,3,552,96159
2021,5137,四川音乐学院,011,摄影,3,546,103531
2021,5137,四川音乐学院,018,艺术史论,4,548,101117
2021,5137,四川音乐学院,019,艺术管理,4,546,103650
2021,5139,西华大学,001,材料成型及控制工程,4,556,91540
2021,5139,西华大学,002,材料科学与工程,4,552,96040
2021,5139,西华大学,003,电气工程及其自动化,4,569,76100
2021,5139,西华大学,004,航空航天类,3,565,80644
2021,5139,西华大学,005,机械类,4,566,80152
2021,5139,西华大学,006,农业机械化及其自动化,4,554,93620
2021,5139,西华大学,007,电子商务,5,573,71417
2021,5139,西华大学,008,思想政治教育,3,576,68466
2021,5139,西华大学,009,能源与动力工程,4,560,86185
2021,5139,西华大学,010,车辆工程,4,558,88460
2021,5139,西华大学,011,环境工程,2,568,77364
2021,5139,西华大学,012,生物工程,3,570,75580
2021,5139,西华大学,013,食品科学与工程,4,570,75123
2021,5139,西华大学,014,法学,5,583,60479
2021,5140,西华师范大学,001,历史学(师范),4,588,54884
2021,5140,西华师范大学,002,日语,2,572,72834
2021,5140,西华师范大学,003,市场营销,6,563,82830
2021,5140,西华师范大学,004,电子信息工程,4,554,93919
2021,5140,西华师范大学,005,网络空间安全,6,553,94312
2021,5140,西华师范大学,006,飞行器控制与信息工程,4,546,102515
2021,5140,西华师范大学,007,计算机类,2,567,77964
2021,5140,西华师范大学,008,地理科学类,4,581,62973
2021,5141,西南财经大学(一流学科建设高校),001,金融学类,7,648,8131
2021,5141,西南财经大学(一流学科建设高校),002,金融科技,1,645,9268
2021,5141,西南财经大学(一流学科建设高校),003,金融学(双语实验班),2,648,7903
2021,5141,西南财经大学(一流学科建设高校),004,金融学(智能金融与区块链金融),1,654,5669
2021,5141,西南财经大学(一流学科建设高校),005,金融学类(保险学院),2,647,8511
2021,5141,西南财经大学(一流学科建设高校),006,精算学,1,646,8864
2021,5141,西南财经大学(一流学科建设高校),007,经济学(国家经济学基础人才培养基地班),4,647,8455
2021,5141,西南财经大学(一流学科建设高校),008,数字经济,2,641,11078
2021,5141,西南财经大学(一流学科建设高校),009,工商管理类,3,645,9079
2021,5141,西南财经大学(一流学科建设高校),010,工商管理(双语实验班),3,644,9712
2021,5141,西南财经大学(一流学科建设高校),011,市场营销(中外合作办学)(金融服务与营销),5,635,14365
2021,5141,西南财经大学(一流学科建设高校),012,工商管理类(会计学院),5,647,8512
2021,5141,西南财经大学(一流学科建设高校),013,会计学(注册会计师专门化),2,654,5860
2021,5141,西南财经大学(一流学科建设高校),014,会计学(双语实验班),2,651,6724
2021,5141,西南财经大学(一流学科建设高校),015,会计学(中外合作办学),3,640,11555
2021,5141,西南财经大学(一流学科建设高校),016,财政学类,3,647,8414
2021,5141,西南财经大学(一流学科建设高校),017,计算机类,3,641,11226
2021,5141,西南财经大学(一流学科建设高校),018,法学,1,650,7144
2021,5141,西南财经大学(一流学科建设高校),019,法学(法学与会计学双学位),1,651,6819
2021,5141,西南财经大学(一流学科建设高校),020,法学(法学与金融学双学位),1,655,5479
2021,5141,西南财经大学(一流学科建设高校),021,外国语言文学类,3,641,10918
2021,5141,西南财经大学(一流学科建设高校),022,经济与贸易类,4,646,8661
2021,5141,西南财经大学(一流学科建设高校),023,公共管理类,2,641,11256
2021,5141,西南财经大学(一流学科建设高校),024,数学与应用数学(经济数学),1,646,8647
2021,5141,西南财经大学(一流学科建设高校),025,信息管理与信息系统(中外合作办学)(信息系统与数据管理),4,625,20628
2021,5141,西南财经大学(一流学科建设高校),026,物流管理(中外合作办学)(运营管理与商务分析),2,633,15689
2021,5141,西南财经大学(一流学科建设高校),027,金融数学(中外合作办学)(金融服务与量化分析),3,640,11714
2021,5141,西南财经大学(一流学科建设高校),028,金融学(经管国际化创新实验班),1,648,8016
2021,5141,西南财经大学(一流学科建设高校),029,经济学(经管国际化创新实验班),1,647,8498
2021,5141,西南财经大学(一流学科建设高校),030,法学(法学与国商双学位),1,651,6934
2021,5141,西南财经大学(一流学科建设高校),031,金融数学,2,647,8193
2021,5141,西南财经大学(一流学科建设高校),032,计算金融,1,645,9080
2021,5142,西南财经大学天府学院(独立学院),001,会计学,6,541,108474
2021,5142,西南财经大学天府学院(独立学院),002,金融学,4,542,107831
2021,5143,西南交通大学(一流学科建设高校),001,计算机类(中外合作办学),5,631,16902
2021,5143,西南交通大学(一流学科建设高校),002,机械类(中外合作办学),4,617,26953
2021,5143,西南交通大学(一流学科建设高校),003,电子信息类(中外合作办学),4,624,21123
2021,5143,西南交通大学(一流学科建设高校),004,土木类(中外合作办学),5,615,28404
2021,5143,西南交通大学(一流学科建设高校),005,土木工程,13,628,18770
2021,5143,西南交通大学(一流学科建设高校),006,城市地下空间工程,1,629,18169
2021,5143,西南交通大学(一流学科建设高校),007,工程造价,1,633,15504
2021,5143,西南交通大学(一流学科建设高校),008,机械类,8,628,18442
2021,5143,西南交通大学(一流学科建设高校),009,能源动力类,4,627,19227
2021,5143,西南交通大学(一流学科建设高校),010,车辆工程,9,628,18321
2021,5143,西南交通大学(一流学科建设高校),011,电气工程及其自动化,14,636,13810
2021,5143,西南交通大学(一流学科建设高校),012,电子信息工程,6,635,13964
2021,5143,西南交通大学(一流学科建设高校),013,电气工程与智能控制,1,634,14579
2021,5143,西南交通大学(一流学科建设高校),014,轨道交通信号与控制,6,633,15741
2021,5143,西南交通大学(一流学科建设高校),015,通信工程,4,635,14307
2021,5143,西南交通大学(一流学科建设高校),016,计算机类,2,641,11048
2021,5143,西南交通大学(一流学科建设高校),017,人工智能,3,638,12806
2021,5143,西南交通大学(一流学科建设高校),018,物流管理与工程类,2,629,17878
2021,5143,西南交通大学(一流学科建设高校),019,交通运输类,11,634,15076
2021,5143,西南交通大学(一流学科建设高校),020,建筑类,6,632,15903
2021,5143,西南交通大学(一流学科建设高校),021,建筑学,4,637,13300
2021,5143,西南交通大学(一流学科建设高校),022,材料类,10,624,21543
2021,5143,西南交通大学(一流学科建设高校),023,生物医学工程,2,638,12570
2021,5143,西南交通大学(一流学科建设高校),024,环境科学与工程类,9,624,21535
2021,5143,西南交通大学(一流学科建设高校),025,地质工程,4,623,21983
2021,5143,西南交通大学(一流学科建设高校),026,测绘类,11,622,22834
2021,5143,西南交通大学(一流学科建设高校),027,安全科学与工程类(中外合作办学),4,598,43787
2021,5143,西南交通大学(一流学科建设高校),028,工程力学,4,627,19137
2021,5143,西南交通大学(一流学科建设高校),029,电子信息科学与技术,8,634,14727
2021,5143,西南交通大学(一流学科建设高校),030,应用物理学,6,627,19194
2021,5143,西南交通大学(一流学科建设高校),031,数学与应用数学,3,634,14813
2021,5143,西南交通大学(一流学科建设高校),032,统计学,2,641,11269
2021,5143,西南交通大学(一流学科建设高校),033,生物工程,7,625,20733
2021,5143,西南交通大学(一流学科建设高校),034,制药工程,7,626,20249
2021,5143,西南交通大学(一流学科建设高校),035,生物工程类(中外合作办学),6,613,30391
2021,5143,西南交通大学(一流学科建设高校),036,智能建造,5,633,15441
2021,5143,西南交通大学(一流学科建设高校),037,智能制造工程,7,630,17375
2021,5143,西南交通大学(一流学科建设高校),038,城市设计,3,629,17803
2021,5143,西南交通大学(一流学科建设高校),039,新能源科学与工程,6,627,19102
2021,5143,西南交通大学(一流学科建设高校),040,应用心理学,2,640,11381
2021,5143,西南交通大学(一流学科建设高校),041,工商管理类,19,625,20529
2021,5143,西南交通大学(一流学科建设高校),042,经济与贸易类,2,635,14015
2021,5143,西南交通大学(一流学科建设高校),043,公共事业管理,1,636,13876
2021,5143,西南交通大学(一流学科建设高校),044,政治学与行政学,5,638,12757
2021,5143,西南交通大学(一流学科建设高校),045,法学,2,642,10721
2021,5143,西南交通大学(一流学科建设高校),046,思想政治教育,2,640,11508
2021,5143,西南交通大学(一流学科建设高校),047,新闻传播学类,5,639,11949
2021,5143,西南交通大学(一流学科建设高校),048,汉语国际教育,1,638,12657
2021,5143,西南交通大学(一流学科建设高校),049,外国语言文学类,16,634,14731
2021,5143,西南交通大学(一流学科建设高校),053,交通设备与控制工程,2,632,16119
2021,5144,西南科技大学,001,电气工程及其自动化,3,570,75294
2021,5144,西南科技大学,002,电子信息类,4,572,72848
2021,5144,西南科技大学,003,安全科学与工程类,4,560,86312
2021,5144,西南科技大学,004,材料类,4,562,83990
2021,5144,西南科技大学,005,机械类,4,564,81421
2021,5144,西南科技大学,006,工业工程,3,560,86322
2021,5144,西南科技大学,007,土木类,3,565,80608
2021,5144,西南科技大学,008,制药工程,3,569,76489
2021,5144,西南科技大学,009,食品科学与工程,3,568,77206
2021,5144,西南科技大学,010,计算机类,3,578,65399
2021,5144,西南科技大学,011,兵器类,3,558,88950
2021,5144,西南科技大学,012,信息管理与信息系统,3,566,79072
2021,5144,西南科技大学,013,物流管理,3,572,72232
2021,5144,西南科技大学,014,电子商务,3,574,70926
2021,5144,西南科技大学,015,中国语言文学类,6,580,63913
2021,5144,西南科技大学,016,西班牙语,3,579,64490
2021,5144,西南科技大学,017,外国语言文学类,3,579,65208
2021,5145,西南民族大学,001,法学,2,605,36959
2021,5145,西南民族大学,002,国际经济与贸易,2,582,60878
2021,5145,西南民族大学,003,英语,3,587,55338
2021,5145,西南民族大学,004,电气工程及其自动化,3,568,77329
2021,5145,西南民族大学,005,动物医学,3,577,66794
2021,5145,西南民族大学,006,金融学类,4,587,55447
2021,5145,西南民族大学,007,公共管理类,3,584,58979
2021,5145,西南民族大学,008,计算机类,3,577,66493
2021,5145,西南民族大学,009,电子信息类,4,573,71224
2021,5145,西南民族大学,010,社会学类,4,584,59464
2021,5145,西南民族大学,011,工商管理类,3,585,57974
2021,5146,西南石油大学(一流学科建设高校),001,石油工程,2,602,40456
2021,5146,西南石油大学(一流学科建设高校),002,油气储运工程,2,596,45994
2021,5146,西南石油大学(一流学科建设高校),003,机械类,4,593,48998
2021,5146,西南石油大学(一流学科建设高校),004,计算机类,4,603,39038
2021,5146,西南石油大学(一流学科建设高校),005,电气工程及其自动化,3,597,45412
2021,5146,西南石油大学(一流学科建设高校),006,自动化类,3,595,47034
2021,5146,西南石油大学(一流学科建设高校),007,通信工程,3,595,46827
2021,5146,西南石油大学(一流学科建设高校),008,土木工程,3,593,48897
2021,5146,西南石油大学(一流学科建设高校),009,人工智能,3,594,47922
2021,5146,西南石油大学(一流学科建设高校),010,工商管理类,3,597,45558
2021,5146,西南石油大学(一流学科建设高校),011,会计学,3,601,40862
2021,5147,宜宾学院,001,法学,3,566,79792
2021,5147,宜宾学院,002,知识产权,2,558,89436
2021,5147,宜宾学院,003,汉语言文学(师范),3,573,71911
2021,5147,宜宾学院,004,电子信息工程,3,538,111923
2021,5147,宜宾学院,005,软件工程,3,543,106643
2021,5147,宜宾学院,006,工商管理,3,552,95825
2021,5147,宜宾学院,007,财务管理,3,558,88825
2021,5148,中国民用航空飞行学院,001,应用心理学,2,561,85577
2021,5148,中国民用航空飞行学院,002,交通运输(空中交通管制、飞行签派、航行情报),12,567,78014
2021,5148,中国民用航空飞行学院,003,应用气象学(机场气象预报、航空公司气象分析),5,567,78802
2021,5148,中国民用航空飞行学院,004,导航工程(导航应用与规划、空管保障设施),6,524,128487
2021,5148,中国民用航空飞行学院,005,飞行器动力工程(飞机发动机维修),5,530,121477
2021,5148,中国民用航空飞行学院,006,飞行器制造工程(飞机结构维修),5,545,104497
2021,5148,中国民用航空飞行学院,007,飞行器适航技术,3,573,71952
2021,5148,中国民用航空飞行学院,008,无人驾驶航空器系统工程,5,556,90883
2021,5148,中国民用航空飞行学院,009,电子信息工程(航空电子设备维修),5,545,103819
2021,5148,中国民用航空飞行学院,010,电气工程及其自动化(航空电气设备维修),5,558,88787
2021,5148,中国民用航空飞行学院,011,交通工程(机场管理与工程),2,591,51199
2021,5148,中国民用航空飞行学院,012,交通管理(机场运行管理),3,580,63339
2021,5148,中国民用航空飞行学院,013,物流工程(航空物流),3,566,79445
2021,5148,中国民用航空飞行学院,014,工商管理,2,567,78209
2021,5148,中国民用航空飞行学院,015,市场营销,2,557,90395
2021,5148,中国民用航空飞行学院,016,信息与计算科学,4,544,104878
2021,5148,中国民用航空飞行学院,017,计算机科学与技术,4,570,75098
2021,5148,中国民用航空飞行学院,018,物联网工程,1,571,74070
2021,5148,中国民用航空飞行学院,019,英语,2,571,73865
2021,5148,中国民用航空飞行学院,020,安全工程,4,539,110957
2021,5148,中国民用航空飞行学院,021,消防工程,2,548,100662
2021,5148,中国民用航空飞行学院,022,公共事业管理,2,570,75288
2021,5148,中国民用航空飞行学院,503,飞机机电设备维修,5,515,138861
2021,5150,电子科技大学(沙河校区)(一流大学建设高校),001,电子信息类(中外合作办学)(电子信息),10,642,10411
2021,5150,电子科技大学(沙河校区)(一流大学建设高校),002,电子信息类(中外合作办学)(通信、微电子),7,642,10619
2021,5150,电子科技大学(沙河校区)(一流大学建设高校),003,集成电路设计与集成系统(国家示范性微电子学院),5,647,8303
2021,5150,电子科技大学(沙河校区)(一流大学建设高校),004,软件工程(国家示范性软件学院),10,648,8077
2021,5162,成都东软学院(民办),001,软件工程,3,523,129044
2021,5162,成都东软学院(民办),002,电子商务,2,530,121739
2021,5162,成都东软学院(民办),501,信息安全技术应用,2,495,
2021,5162,成都东软学院(民办),502,软件技术,2,513,140548
2021,5162,成都东软学院(民办),504,大数据与财务管理,2,495,
2021,5162,成都东软学院(民办),505,应用英语,2,502,152704
2021,5163,四川轻化工大学,001,计算机科学与技术,1,572,72279
2021,5163,四川轻化工大学,002,机械电子工程,1,556,91670
2021,5163,四川轻化工大学,003,安全工程,1,557,89644
2021,5163,四川轻化工大学,004,轻化工程,1,558,88352
2021,5163,四川轻化工大学,005,工程造价,1,562,84276
2021,5163,四川轻化工大学,006,市场营销,1,568,77021
2021,5163,四川轻化工大学,007,人力资源管理,1,569,76117
2021,5163,四川轻化工大学,008,投资学,1,569,76288
2021,5163,四川轻化工大学,009,法学,1,577,67337
2021,5163,四川轻化工大学,010,英语,2,571,73403
2021,5163,四川轻化工大学,011,翻译,2,571,74394
2021,5163,四川轻化工大学,012,汉语言文学,2,581,62951
2021,5164,攀枝花学院,001,法学,2,557,89985
2021,5164,攀枝花学院,002,计算机科学与技术,1,542,108226
2021,5164,攀枝花学院,003,机械设计制造及其自动化,2,535,115577
2021,5203,贵州工程应用技术学院,001,汉语言文学(师范),3,561,85285
2021,5203,贵州工程应用技术学院,002,英语(师范),3,560,86604
2021,5203,贵州工程应用技术学院,003,数学与应用数学(师范),3,541,108404
2021,5204,贵州医科大学,001,临床医学,5,616,27646
2021,5204,贵州医科大学,002,预防医学,2,590,51931
2021,5204,贵州医科大学,003,卫生检验与检疫,1,592,50148
2021,5204,贵州医科大学,004,口腔医学,2,624,21335
2021,5204,贵州医科大学,005,医学影像学,2,585,57629
2021,5204,贵州医科大学,006,药学,2,586,57208
2021,5204,贵州医科大学,007,药物制剂,1,582,61223
2021,5206,贵州中医药大学,001,药物制剂(中外合作办学),2,548,100203
2021,5206,贵州中医药大学,002,针灸推拿学,4,574,70910
2021,5206,贵州中医药大学,003,中西医临床医学,6,583,60604
2021,5206,贵州中医药大学,004,中医学,4,583,60219
2021,5206,贵州中医药大学,005,中药学,6,567,78074
2021,5208,贵州财经大学,001,会计学(中外合作办学),1,570,74586
2021,5208,贵州财经大学,002,财务管理(中外合作办学),2,555,92986
2021,5208,贵州财经大学,003,市场营销(中外合作办学),2,554,93194
2021,5209,贵州黔南经济学院(民办),001,会计学,3,536,114108
2021,5209,贵州黔南经济学院(民办),002,金融学,2,526,125522
2021,5210,贵州大学(一流学科建设高校),001,日语,3,619,24836
2021,5210,贵州大学(一流学科建设高校),002,经济与贸易类,3,620,24193
2021,5210,贵州大学(一流学科建设高校),003,财政学类,4,623,22492
2021,5210,贵州大学(一流学科建设高校),004,文化产业管理,2,615,28815
2021,5210,贵州大学(一流学科建设高校),005,工业设计,2,610,32410
2021,5210,贵州大学(一流学科建设高校),006,电气类,2,618,25569
2021,5210,贵州大学(一流学科建设高校),007,土木类,4,604,38185
2021,5210,贵州大学(一流学科建设高校),008,水利水电工程,2,605,37002
2021,5210,贵州大学(一流学科建设高校),009,建筑类,2,612,31253
2021,5210,贵州大学(一流学科建设高校),010,新能源科学与工程,2,611,31471
2021,5210,贵州大学(一流学科建设高校),011,化学类,3,605,36994
2021,5210,贵州大学(一流学科建设高校),012,环境工程,2,603,39036
2021,5210,贵州大学(一流学科建设高校),013,食品科学与工程类,4,603,38744
2021,5210,贵州大学(一流学科建设高校),014,冶金工程,2,495,
2021,5210,贵州大学(一流学科建设高校),015,英语,2,627,19546
2021,5210,贵州大学(一流学科建设高校),016,工商管理类,3,621,23727
2021,5210,贵州大学(一流学科建设高校),017,公共管理类,2,620,24736
2021,5210,贵州大学(一流学科建设高校),018,计算机类,2,621,23494
2021,5210,贵州大学(一流学科建设高校),019,汉语言文学,2,630,17200
2021,5210,贵州大学(一流学科建设高校),020,人工智能,2,616,27169
2021,5210,贵州大学(一流学科建设高校),021,信息管理与信息系统(中外合作办学),3,580,64025
2021,5211,贵州黔南科技学院(民办),001,法学,3,540,109965
2021,5211,贵州黔南科技学院(民办),002,电子信息工程,2,498,156483
2021,5212,贵州电子信息职业技术学院,504,电子信息类,2,495,
2021,5219,黔南民族师范学院,001,中国语言文学类,1,569,76403
2021,5219,黔南民族师范学院,002,地理科学类,1,562,84293
2021,5219,黔南民族师范学院,003,学前教育(师范),1,561,85469
2021,5219,黔南民族师范学院,004,物理学(师范),1,534,117199
2021,5220,遵义医科大学,001,临床医学,8,586,56679
2021,5220,遵义医科大学,002,麻醉学,10,572,73113
2021,5220,遵义医科大学,003,口腔医学,9,607,35800
2021,5220,遵义医科大学,004,临床医学,5,595,46663
2021,5221,贵州理工学院,001,电气工程及其自动化,2,536,114350
2021,5221,贵州理工学院,002,制药工程,2,528,123493
2021,5221,贵州理工学院,003,计算机类,2,542,107331
2021,5221,贵州理工学院,004,英语,2,555,92446
2021,5225,贵州师范学院,001,电子信息类,3,532,119437
2021,5226,贵阳信息科技学院(独立学院),001,休闲体育,5,516,137303
2021,5301,楚雄师范学院,002,社会工作,3,552,96477
2021,5301,楚雄师范学院,003,思想政治教育(师范),4,559,87991
2021,5301,楚雄师范学院,004,教育技术学(师范),5,527,124430
2021,5301,楚雄师范学院,005,英语(师范),3,559,88247
2021,5301,楚雄师范学院,006,泰语,3,536,114469
2021,5301,楚雄师范学院,007,数字媒体技术,3,524,128058
2021,5301,楚雄师范学院,008,城乡规划,6,549,99452
2021,5302,大理大学,001,临床医学,4,585,57553
2021,5302,大理大学,002,口腔医学,2,592,49852
2021,5302,大理大学,003,医学影像学,2,561,85443
2021,5302,大理大学,004,医学检验技术,2,573,71267
2021,5302,大理大学,005,预防医学,2,571,73685
2021,5302,大理大学,006,卫生检验与检疫,2,562,84003
2021,5302,大理大学,007,临床药学,2,579,64236
2021,5302,大理大学,008,生物科学类,2,554,93851
2021,5302,大理大学,009,环境科学,2,558,88840
2021,5302,大理大学,010,数学与应用数学,2,550,98159
2021,5302,大理大学,011,计算机类,2,559,87272
2021,5302,大理大学,012,通信工程,2,545,104126
2021,5302,大理大学,013,电气工程及其自动化,2,555,92000
2021,5302,大理大学,014,建筑学,2,570,75416
2021,5302,大理大学,015,新闻学,2,571,74230
2021,5302,大理大学,016,汉语国际教育(师范),2,576,68578
2021,5302,大理大学,017,英语,2,578,65579
2021,5302,大理大学,018,工商管理类,2,569,76433
2021,5302,大理大学,019,法学,2,581,62519
2021,5303,红河学院,001,汉语言文学(师范),2,565,80513
2021,5303,红河学院,002,广播电视学,2,550,97809
2021,5303,红河学院,003,网络与新媒体,2,551,97301
2021,5303,红河学院,004,教育技术学,2,552,96217
2021,5303,红河学院,005,英语,2,550,98158
2021,5303,红河学院,006,商务英语,2,553,95457
2021,5303,红河学院,007,国际经济与贸易,2,551,97390
2021,5303,红河学院,008,财务管理,2,553,95190
2021,5303,红河学院,009,物流管理,2,550,98551
2021,5303,红河学院,010,经济学,2,550,98253
2021,5303,红河学院,011,酒店管理,2,549,99769
2021,5303,红河学院,012,机械工程,2,525,127349
2021,5303,红河学院,013,通信工程,2,526,125585
2021,5303,红河学院,014,数字媒体技术,2,524,128270
2021,5303,红河学院,015,物理学(师范),2,527,124687
2021,5303,红河学院,016,化学,2,549,99798
2021,5303,红河学院,017,食品质量与安全,2,545,104382
2021,5303,红河学院,018,生物科学(师范),2,563,82751
2021,5303,红河学院,019,数学与应用数学,2,525,127077
2021,5303,红河学院,020,应用统计学,2,550,98171
2021,5304,昆明理工大学,001,测绘工程,2,582,60783
2021,5304,昆明理工大学,002,资源勘查工程,2,574,70811
2021,5304,昆明理工大学,003,采矿工程,2,565,80522
2021,5304,昆明理工大学,004,矿物加工工程,2,513,141189
2021,5304,昆明理工大学,005,冶金工程,2,577,66649
2021,5304,昆明理工大学,006,能源与动力工程,2,587,55495
2021,5304,昆明理工大学,007,机械工程,2,590,52545
2021,5304,昆明理工大学,008,测控技术与仪器,2,583,59810
2021,5304,昆明理工大学,009,通信工程,2,590,52471
2021,5304,昆明理工大学,010,自动化,2,602,39911
2021,5304,昆明理工大学,011,计算机科学与技术,2,599,43169
2021,5304,昆明理工大学,012,电气工程及其自动化,2,604,38142
2021,5304,昆明理工大学,013,水利类,2,578,65529
2021,5304,昆明理工大学,014,交通运输类,1,615,28153
2021,5304,昆明理工大学,015,环境科学与工程类,2,595,46812
2021,5304,昆明理工大学,016,过程装备与控制工程,1,589,53645
2021,5304,昆明理工大学,017,金融学,1,604,38092
2021,5304,昆明理工大学,018,国际经济与贸易,1,599,43362
2021,5304,昆明理工大学,019,信息管理与信息系统,1,585,58086
2021,5304,昆明理工大学,020,工商管理,1,591,51329
2021,5304,昆明理工大学,021,市场营销,1,588,54856
2021,5304,昆明理工大学,022,会计学,1,605,36932
2021,5304,昆明理工大学,023,工程力学,1,587,55181
2021,5304,昆明理工大学,024,土木工程,3,593,49074
2021,5304,昆明理工大学,025,工程造价,1,578,65812
2021,5304,昆明理工大学,026,应用化学,1,589,53135
2021,5304,昆明理工大学,027,法学,1,607,35618
2021,5304,昆明理工大学,028,材料成型及控制工程,1,574,70269
2021,5304,昆明理工大学,029,材料科学与工程,2,585,57670
2021,5304,昆明理工大学,030,宝石及材料工艺学,2,563,83471
2021,5304,昆明理工大学,031,制药工程,2,583,60060
2021,5304,昆明理工大学,032,生物工程,2,586,56634
2021,5304,昆明理工大学,033,汉语国际教育,1,593,48925
2021,5304,昆明理工大学,034,临床医学,3,618,25696
2021,5304,昆明理工大学,035,护理学,2,571,74379
2021,5304,昆明理工大学,036,食品科学与工程类,2,582,61785
2021,5304,昆明理工大学,037,智能制造工程,2,585,57551
2021,5304,昆明理工大学,042,土木工程(中外合作办学),10,545,104440
2021,5305,昆明理工大学津桥学院(独立学院),001,计算机科学与技术,1,506,148032
2021,5305,昆明理工大学津桥学院(独立学院),002,电子信息科学与技术,2,496,158600
2021,5305,昆明理工大学津桥学院(独立学院),003,电气工程及其自动化,1,512,141596
2021,5305,昆明理工大学津桥学院(独立学院),005,建筑学,1,547,102495
2021,5305,昆明理工大学津桥学院(独立学院),006,城乡规划,1,545,103968
2021,5305,昆明理工大学津桥学院(独立学院),007,土木工程,2,498,157315
2021,5305,昆明理工大学津桥学院(独立学院),009,水利水电工程,1,541,108713
2021,5305,昆明理工大学津桥学院(独立学院),010,工程造价,2,502,152578
2021,5305,昆明理工大学津桥学院(独立学院),011,工程管理,2,496,158484
2021,5305,昆明理工大学津桥学院(独立学院),012,测绘工程,2,495,
2021,5305,昆明理工大学津桥学院(独立学院),014,工商管理,2,530,121770
2021,5305,昆明理工大学津桥学院(独立学院),015,国际经济与贸易,2,526,125677
2021,5305,昆明理工大学津桥学院(独立学院),016,会计学,3,532,119324
2021,5305,昆明理工大学津桥学院(独立学院),017,市场营销,1,529,122330
2021,5305,昆明理工大学津桥学院(独立学院),018,酒店管理,2,523,129082
2021,5305,昆明理工大学津桥学院(独立学院),019,文化产业管理,1,531,120875
2021,5305,昆明理工大学津桥学院(独立学院),020,英语,1,545,104494
2021,5305,昆明理工大学津桥学院(独立学院),021,法学,4,535,116107
2021,5306,昆明冶金高等专科学校,503,大数据与会计,5,495,
2021,5307,昆明医科大学,001,临床医学,6,623,22317
2021,5307,昆明医科大学,002,麻醉学,2,618,25864
2021,5307,昆明医科大学,003,医学影像学,2,612,30902
2021,5307,昆明医科大学,004,口腔医学,1,636,13495
2021,5307,昆明医科大学,005,预防医学,2,592,49998
2021,5307,昆明医科大学,006,康复物理治疗,1,583,60255
2021,5307,昆明医科大学,007,康复作业治疗,1,576,68424
2021,5307,昆明医科大学,008,药学,2,579,64620
2021,5307,昆明医科大学,009,法医学,1,617,26881
2021,5307,昆明医科大学,010,护理学(中外合作办学),2,569,76293
2021,5308,昆明医科大学海源学院(独立学院),001,临床医学,32,544,105698
2021,5308,昆明医科大学海源学院(独立学院),002,口腔医学,16,565,80465
2021,5308,昆明医科大学海源学院(独立学院),003,医学影像技术,5,544,105642
2021,5308,昆明医科大学海源学院(独立学院),004,医学检验技术,3,547,102513
2021,5308,昆明医科大学海源学院(独立学院),005,药学,2,542,107389
2021,5308,昆明医科大学海源学院(独立学院),006,康复治疗学,2,542,107255
2021,5308,昆明医科大学海源学院(独立学院),007,护理学,2,547,102193
2021,5308,昆明医科大学海源学院(独立学院),008,运动康复,1,551,97499
2021,5308,昆明医科大学海源学院(独立学院),009,应用心理学,2,550,98272
2021,5310,曲靖师范学院,001,学前教育(师范),2,565,80295
2021,5310,曲靖师范学院,002,小学教育(师范),2,571,73565
2021,5310,曲靖师范学院,003,汉语言文学(师范),4,572,73234
2021,5310,曲靖师范学院,004,英语(师范),3,570,74747
2021,5310,曲靖师范学院,005,泰语,2,551,97714
2021,5310,曲靖师范学院,006,历史学(师范),2,571,73531
2021,5310,曲靖师范学院,007,数学与应用数学(师范),3,545,103883
2021,5310,曲靖师范学院,008,信息与计算科学,2,530,121998
2021,5310,曲靖师范学院,009,物理学(师范),2,543,106085
2021,5310,曲靖师范学院,010,化学(师范),2,561,85397
2021,5310,曲靖师范学院,011,地理科学(师范),2,568,77045
2021,5310,曲靖师范学院,012,生物科学(师范),2,567,78882
2021,5310,曲靖师范学院,013,电子信息工程,1,537,113454
2021,5310,曲靖师范学院,014,计算机科学与技术(师范),2,541,108625
2021,5310,曲靖师范学院,015,物联网工程,2,529,122296
2021,5310,曲靖师范学院,016,化学工程与工艺,2,550,98285
2021,5310,曲靖师范学院,017,制药工程,2,549,99157
2021,5310,曲靖师范学院,018,食品质量与安全,2,553,94427
2021,5310,曲靖师范学院,019,会计学,1,559,88099
2021,5310,曲靖师范学院,020,酒店管理,1,550,98722
2021,5310,曲靖师范学院,021,经济学,2,555,92727
2021,5310,曲靖师范学院,022,思想政治教育(师范),2,568,77791
2021,5311,西南林业大学,001,英语,3,568,77827
2021,5311,西南林业大学,002,法语,3,569,76584
2021,5311,西南林业大学,003,法学,3,577,67060
2021,5311,西南林业大学,004,车辆工程,3,539,110783
2021,5311,西南林业大学,005,通信工程,3,541,108500
2021,5311,西南林业大学,006,计算机科学与技术,2,561,85453
2021,5311,西南林业大学,007,土木工程,2,545,104341
2021,5311,西南林业大学,008,木材科学与工程,2,561,85383
2021,5311,西南林业大学,009,环境工程,1,561,85345
2021,5311,西南林业大学,010,环境科学,1,562,84616
2021,5311,西南林业大学,011,城乡规划,2,567,78744
2021,5311,西南林业大学,012,消防工程,1,570,74534
2021,5311,西南林业大学,013,林学,2,565,80299
2021,5311,西南林业大学,014,园林,1,576,67676
2021,5311,西南林业大学,015,工商管理,2,565,81309
2021,5311,西南林业大学,018,旅游管理,1,565,80566
2021,5312,玉溪师范学院,001,法学,2,558,88708
2021,5312,玉溪师范学院,002,汉语言文学(师范),2,570,75254
2021,5312,玉溪师范学院,003,学前教育(师范),2,562,84173
2021,5312,玉溪师范学院,004,地理科学(师范),2,567,77999
2021,5312,玉溪师范学院,006,工商管理类,2,555,92223
2021,5313,云南财经大学,001,金融学,10,579,64971
2021,5313,云南财经大学,002,金融工程,6,574,70210
2021,5313,云南财经大学,003,保险学,4,562,83941
2021,5313,云南财经大学,004,投资学,4,569,76264
2021,5313,云南财经大学,005,数学与应用数学,4,545,104149
2021,5313,云南财经大学,006,统计学,4,555,92724
2021,5313,云南财经大学,007,管理科学,4,546,102750
2021,5313,云南财经大学,008,工商管理,4,573,71866
2021,5313,云南财经大学,009,房地产开发与管理,4,536,114209
2021,5313,云南财经大学,010,英语,4,571,74435
2021,5313,云南财经大学,011,市场营销,4,567,78726
2021,5313,云南财经大学,012,会计学,4,587,55854
2021,5313,云南财经大学,013,财务管理,6,578,65943
2021,5313,云南财经大学,014,新闻学,4,572,72813
2021,5313,云南财经大学,015,广告学,4,567,78238
2021,5313,云南财经大学,016,物流管理,4,560,86400
2021,5313,云南财经大学,017,旅游管理,4,559,87558
2021,5313,云南财经大学,022,财政学,4,573,71167
2021,5313,云南财经大学,023,劳动与社会保障,4,560,86954
2021,5313,云南财经大学,024,计算机科学与技术,4,564,82443
2021,5313,云南财经大学,025,物联网工程,4,551,96724
2021,5313,云南财经大学,026,经济学,4,575,69866
2021,5313,云南财经大学,027,贸易经济,4,568,77029
2021,5313,云南财经大学,028,信息管理与信息系统,4,535,115287
2021,5313,云南财经大学,029,国际经贸规则,4,563,83050
2021,5314,云南大学(一流大学建设高校),004,哲学,3,628,18959
2021,5314,云南大学(一流大学建设高校),005,经济学类,5,621,23510
2021,5314,云南大学(一流大学建设高校),006,法学,5,635,14200
2021,5314,云南大学(一流大学建设高校),007,社会学,2,631,16939
2021,5314,云南大学(一流大学建设高校),008,社会工作,2,627,19626
2021,5314,云南大学(一流大学建设高校),009,民族学,1,639,12255
2021,5314,云南大学(一流大学建设高校),011,汉语言文学,4,635,14213
2021,5314,云南大学(一流大学建设高校),012,英语,5,628,18583
2021,5314,云南大学(一流大学建设高校),013,日语,2,626,19960
2021,5314,云南大学(一流大学建设高校),014,泰语,2,621,23996
2021,5314,云南大学(一流大学建设高校),015,尼泊尔语,2,612,31257
2021,5314,云南大学(一流大学建设高校),016,新闻学,3,635,14524
2021,5314,云南大学(一流大学建设高校),017,广播电视学,3,629,18212
2021,5314,云南大学(一流大学建设高校),018,数学与应用数学,3,623,21860
2021,5314,云南大学(一流大学建设高校),019,数理基础科学,3,624,21261
2021,5314,云南大学(一流大学建设高校),020,化学类,4,616,27404
2021,5314,云南大学(一流大学建设高校),021,天文学,3,621,23372
2021,5314,云南大学(一流大学建设高校),022,地理信息科学,4,630,17254
2021,5314,云南大学(一流大学建设高校),023,大气科学,2,618,26142
2021,5314,云南大学(一流大学建设高校),024,生物科学,3,624,21787
2021,5314,云南大学(一流大学建设高校),025,生物技术,3,623,22236
2021,5314,云南大学(一流大学建设高校),026,生物科学类,3,622,23280
2021,5314,云南大学(一流大学建设高校),027,生态学,2,625,20961
2021,5314,云南大学(一流大学建设高校),028,材料科学与工程,5,611,31663
2021,5314,云南大学(一流大学建设高校),029,电子信息类,6,621,23925
2021,5314,云南大学(一流大学建设高校),030,计算机类,21,622,22961
2021,5314,云南大学(一流大学建设高校),031,土木工程,4,617,26523
2021,5314,云南大学(一流大学建设高校),032,环境科学与工程类,3,620,24239
2021,5314,云南大学(一流大学建设高校),033,临床医学,1,624,21631
2021,5314,云南大学(一流大学建设高校),034,工商管理类,6,617,26476
2021,5314,云南大学(一流大学建设高校),035,公共事业管理,3,630,17533
2021,5314,云南大学(一流大学建设高校),036,行政管理,4,626,19904
2021,5314,云南大学(一流大学建设高校),037,信息资源管理,2,628,18418
2021,5315,云南大学滇池学院(独立学院),001,经济学,3,528,124006
2021,5315,云南大学滇池学院(独立学院),002,金融学,2,528,123286
2021,5315,云南大学滇池学院(独立学院),003,国际经济与贸易,3,527,125438
2021,5315,云南大学滇池学院(独立学院),004,法学,6,538,111846
2021,5315,云南大学滇池学院(独立学院),005,社会工作,3,528,123539
2021,5315,云南大学滇池学院(独立学院),008,汉语言文学,4,543,107190
2021,5315,云南大学滇池学院(独立学院),009,汉语国际教育,3,527,124552
2021,5315,云南大学滇池学院(独立学院),010,新闻传播学类,6,530,121952
2021,5315,云南大学滇池学院(独立学院),011,英语,3,535,115458
2021,5315,云南大学滇池学院(独立学院),012,日语,2,527,124813
2021,5315,云南大学滇池学院(独立学院),013,泰语,2,509,144947
2021,5315,云南大学滇池学院(独立学院),014,数学与应用数学,2,516,136966
2021,5315,云南大学滇池学院(独立学院),015,物联网工程,2,495,160335
2021,5315,云南大学滇池学院(独立学院),016,土木类,2,495,
2021,5315,云南大学滇池学院(独立学院),017,工商管理类,4,522,130899
2021,5315,云南大学滇池学院(独立学院),018,行政管理,3,522,131033
2021,5315,云南大学滇池学院(独立学院),019,会计学,2,537,113580
2021,5315,云南大学滇池学院(独立学院),020,财务管理,2,529,122241
2021,5316,丽江文化旅游学院(民办),001,经济学,6,517,136131
2021,5316,丽江文化旅游学院(民办),002,金融学,5,518,135529
2021,5316,丽江文化旅游学院(民办),003,国际经济与贸易,5,519,134724
2021,5316,丽江文化旅游学院(民办),004,工商管理,5,518,135445
2021,5316,丽江文化旅游学院(民办),005,会计学,8,522,130956
2021,5316,丽江文化旅游学院(民办),006,财务管理,8,519,134105
2021,5316,丽江文化旅游学院(民办),007,审计学,9,520,133150
2021,5316,丽江文化旅游学院(民办),008,旅游管理,15,514,139302
2021,5316,丽江文化旅游学院(民办),009,酒店管理,6,515,138074
2021,5316,丽江文化旅游学院(民办),010,英语,6,519,133973
2021,5316,丽江文化旅游学院(民办),011,日语,4,525,127759
2021,5316,丽江文化旅游学院(民办),012,汉语言文学,2,539,111710
2021,5316,丽江文化旅游学院(民办),013,汉语国际教育,4,521,131309
2021,5316,丽江文化旅游学院(民办),014,新闻学,2,529,122110
2021,5316,丽江文化旅游学院(民办),015,学前教育,5,528,124218
2021,5316,丽江文化旅游学院(民办),016,小学教育,4,536,114151
2021,5316,丽江文化旅游学院(民办),017,护理学,20,527,124761
2021,5316,丽江文化旅游学院(民办),018,助产学,11,520,132944
2021,5316,丽江文化旅游学院(民办),019,药学,5,526,126109
2021,5318,云南警官学院,001,法学,4,576,68728
2021,5318,云南警官学院,002,网络空间安全,2,551,97437
2021,5319,云南民族大学,001,老挝语,2,567,78772
2021,5319,云南民族大学,002,越南语,2,538,112770
2021,5319,云南民族大学,003,电子信息工程,2,546,103428
2021,5319,云南民族大学,004,通信工程,2,546,103499
2021,5319,云南民族大学,005,汉语言文学,4,581,62858
2021,5319,云南民族大学,006,广告学,2,569,76090
2021,5320,云南农业大学,001,生物技术,2,558,89311
2021,5320,云南农业大学,002,农学,2,565,81100
2021,5320,云南农业大学,003,水产养殖学,1,558,89318
2021,5320,云南农业大学,004,动物医学,2,571,73762
2021,5320,云南农业大学,005,植物保护,2,561,85378
2021,5320,云南农业大学,006,动植物检疫(植物检疫),2,561,85560
2021,5320,云南农业大学,007,森林保护,1,553,95165
2021,5320,云南农业大学,008,风景园林,2,572,72606
2021,5320,云南农业大学,009,食品质量与安全,2,561,85675
2021,5320,云南农业大学,010,烟草,1,561,85412
2021,5320,云南农业大学,011,茶学,2,566,80183
2021,5320,云南农业大学,012,土木工程,2,553,94949
2021,5320,云南农业大学,013,水利水电工程,2,559,87808
2021,5320,云南农业大学,014,机械电子工程,2,547,102147
2021,5320,云南农业大学,015,电气工程及其自动化,2,547,101511
2021,5320,云南农业大学,016,人工智能,2,550,98257
2021,5320,云南农业大学,017,数据科学与大数据技术,2,551,97613
2021,5320,云南农业大学,018,经济学,2,562,84534
2021,5320,云南农业大学,019,投资学,2,566,80037
2021,5320,云南农业大学,020,电子商务,2,562,84398
2021,5320,云南农业大学,021,社会工作,1,560,87186
2021,5320,云南农业大学,022,英语,2,564,81937
2021,5321,云南师范大学,001,汉语言文学(师范),4,610,32672
2021,5321,云南师范大学,002,历史学(师范),4,609,33872
2021,5321,云南师范大学,004,化学(师范),4,596,46541
2021,5321,云南师范大学,005,新闻传播学类,4,589,53941
2021,5321,云南师范大学,006,数学与应用数学(师范),4,594,48546
2021,5321,云南师范大学,007,物理学(师范),4,584,59343
2021,5321,云南师范大学,008,生物科学类,6,595,46843
2021,5321,云南师范大学,009,地理科学类,6,602,40473
2021,5322,昆明城市学院(民办),006,经济学,4,524,128838
2021,5322,昆明城市学院(民办),010,会计学,4,526,126493
2021,5322,昆明城市学院(民办),011,财务管理,4,520,132513
2021,5322,昆明城市学院(民办),012,金融学,3,523,129502
2021,5322,昆明城市学院(民办),013,工商管理,5,518,135575
2021,5322,昆明城市学院(民办),014,电子商务,4,518,135792
2021,5322,昆明城市学院(民办),015,跨境电子商务,5,516,137257
2021,5322,昆明城市学院(民办),016,法学,3,537,113314
2021,5322,昆明城市学院(民办),017,汉语言文学,5,531,119940
2021,5322,昆明城市学院(民办),018,小学教育,5,542,108307
2021,5322,昆明城市学院(民办),019,英语,4,521,132107
2021,5322,昆明城市学院(民办),020,学前教育,5,536,114115
2021,5322,昆明城市学院(民办),021,应用心理学,5,531,119837
2021,5322,昆明城市学院(民办),022,网络与新媒体,4,521,131355
2021,5323,昆明文理学院(民办),001,英语,2,531,120678
2021,5323,昆明文理学院(民办),002,法语,2,516,137909
2021,5323,昆明文理学院(民办),003,日语,2,518,135636
2021,5323,昆明文理学院(民办),004,西班牙语,2,512,141417
2021,5323,昆明文理学院(民办),005,阿拉伯语,2,519,134319
2021,5323,昆明文理学院(民办),006,翻译,2,517,136822
2021,5323,昆明文理学院(民办),007,网络与新媒体,1,538,112247
2021,5323,昆明文理学院(民办),008,旅游管理,2,519,134469
2021,5323,昆明文理学院(民办),009,经济统计学,1,527,124574
2021,5323,昆明文理学院(民办),010,互联网金融,2,525,126756
2021,5323,昆明文理学院(民办),011,审计学,1,526,126431
2021,5323,昆明文理学院(民办),012,数学与应用数学,2,502,152660
2021,5323,昆明文理学院(民办),013,建筑学,2,535,116030
2021,5323,昆明文理学院(民办),014,学前教育,2,537,113856
2021,5325,云南经济管理学院(民办),001,财务管理,2,523,129377
2021,5325,云南经济管理学院(民办),002,水利水电工程,2,495,
2021,5325,云南经济管理学院(民办),003,建筑学,2,530,121680
2021,5325,云南经济管理学院(民办),005,人工智能,2,495,
2021,5325,云南经济管理学院(民办),006,虚拟现实技术,2,495,
2021,5325,云南经济管理学院(民办),007,电子商务,2,522,130129
2021,5325,云南经济管理学院(民办),008,学前教育,2,528,123877
2021,5325,云南经济管理学院(民办),009,医学检验技术,2,539,111322
2021,5325,云南经济管理学院(民办),010,护理学,2,534,116669
2021,5325,云南经济管理学院(民办),510,医学检验技术,4,496,158661
2021,5330,文山学院,001,学前教育(师范),5,556,91588
2021,5330,文山学院,002,物流管理,5,548,100456
2021,5330,文山学院,003,酒店管理,5,542,107441
2021,5331,云南医药健康职业学院(民办),501,临床医学,20,495,
2021,5331,云南医药健康职业学院(民办),502,口腔医学,20,495,
2021,5331,云南医药健康职业学院(民办),507,医学检验技术,4,495,
2021,5332,普洱学院,001,数字媒体技术,5,526,125645
2021,5332,普洱学院,002,信息管理与信息系统,5,523,129214
2021,5401,西藏大学(一流学科建设高校),001,历史学(师范),1,598,43806
2021,5401,西藏大学(一流学科建设高校),002,旅游管理,2,574,70557
2021,5401,西藏大学(一流学科建设高校),003,法学,2,580,64049
2021,5401,西藏大学(一流学科建设高校),004,交通运输,1,567,78952
2021,5401,西藏大学(一流学科建设高校),005,临床医学,1,548,100168
2021,5401,西藏大学(一流学科建设高校),006,环境科学,1,577,66925
2021,5401,西藏大学(一流学科建设高校),007,金融学,2,577,67053
2021,6101,宝鸡文理学院,001,教育学类(师范),2,565,81123
2021,6101,宝鸡文理学院,002,外国语言文学类,2,564,82167
2021,6101,宝鸡文理学院,003,旅游管理,2,549,99976
2021,6101,宝鸡文理学院,004,经济学,2,529,122400
2021,6101,宝鸡文理学院,005,机械设计制造及其自动化,2,530,121595
2021,6101,宝鸡文理学院,006,自动化类,2,527,124702
2021,6101,宝鸡文理学院,007,计算机类,2,538,112344
2021,6101,宝鸡文理学院,008,应用心理学(师范),1,567,77925
2021,6102,长安大学(一流学科建设高校),001,道路桥梁与渡河工程,6,628,18840
2021,6102,长安大学(一流学科建设高校),002,道路桥梁与渡河工程(国际工程班),4,624,21133
2021,6102,长安大学(一流学科建设高校),003,城市地下空间工程,1,622,23246
2021,6102,长安大学(一流学科建设高校),004,车辆工程,2,624,21428
2021,6102,长安大学(一流学科建设高校),005,机械类,6,620,24163
2021,6102,长安大学(一流学科建设高校),006,工商管理类,3,631,16486
2021,6102,长安大学(一流学科建设高校),007,管理科学与工程类,3,617,26663
2021,6102,长安大学(一流学科建设高校),008,经济学类,2,632,16156
2021,6102,长安大学(一流学科建设高校),009,电气工程及其自动化,8,625,20719
2021,6102,长安大学(一流学科建设高校),010,自动化类,4,626,20278
2021,6102,长安大学(一流学科建设高校),011,交通设备与控制工程,2,620,24232
2021,6102,长安大学(一流学科建设高校),012,计算机类,4,629,18282
2021,6102,长安大学(一流学科建设高校),013,电子信息类,4,625,20576
2021,6102,长安大学(一流学科建设高校),014,地质工程,6,619,25249
2021,6102,长安大学(一流学科建设高校),015,地球物理学类,2,619,25496
2021,6102,长安大学(一流学科建设高校),016,测绘类,6,617,26961
2021,6102,长安大学(一流学科建设高校),017,土木类,10,618,26096
2021,6102,长安大学(一流学科建设高校),018,水利类,4,621,23603
2021,6102,长安大学(一流学科建设高校),019,建筑类,6,630,17234
2021,6102,长安大学(一流学科建设高校),020,材料类,7,616,27527
2021,6102,长安大学(一流学科建设高校),021,交通工程,2,630,16991
2021,6102,长安大学(一流学科建设高校),022,交通工程(国际工程班),3,627,19461
2021,6102,长安大学(一流学科建设高校),023,交通运输,3,624,21208
2021,6102,长安大学(一流学科建设高校),024,大数据管理与应用,3,624,21359
2021,6102,长安大学(一流学科建设高校),025,思想政治教育,3,633,15736
2021,6102,长安大学(一流学科建设高校),026,新闻传播学类,3,637,13071
2021,6102,长安大学(一流学科建设高校),027,数学类,2,625,20462
2021,6102,长安大学(一流学科建设高校),028,工程力学,2,621,23434
2021,6102,长安大学(一流学科建设高校),029,英语,2,633,15749
2021,6102,长安大学(一流学科建设高校),030,日语,3,629,18230
2021,6102,长安大学(一流学科建设高校),032,道路桥梁与渡河工程(中外合作办学),6,605,37507
2021,6102,长安大学(一流学科建设高校),033,车辆工程(中外合作办学),6,593,48862
2021,6102,长安大学(一流学科建设高校),034,交通运输(中外合作办学),3,605,37556
2021,6103,陕西服装工程学院(民办),001,学前教育,8,526,126212
2021,6103,陕西服装工程学院(民办),002,小学教育,8,532,118734
2021,6103,陕西服装工程学院(民办),003,会计学,2,523,129002
2021,6103,陕西服装工程学院(民办),508,小学教育,25,495,
2021,6105,陕西科技大学,001,英语,4,578,66333
2021,6105,陕西科技大学,002,会计学,5,584,58909
2021,6105,陕西科技大学,003,机械类,6,571,73384
2021,6105,陕西科技大学,004,材料类,4,571,73311
2021,6105,陕西科技大学,005,电子信息类,6,580,63652
2021,6105,陕西科技大学,006,计算机类,8,588,55144
2021,6105,陕西科技大学,007,轻化工程,4,571,73671
2021,6105,陕西科技大学,008,工商管理,6,576,67905
2021,6105,陕西科技大学,009,机械设计制造及其自动化(中外合作办学),2,558,88577
2021,6105,陕西科技大学,010,工业设计(中外合作办学),2,552,95951
2021,6105,陕西科技大学,011,计算机科学与技术(中外合作办学),2,571,73751
2021,6106,陕西科技大学镐京学院(独立学院),001,会计学,3,527,125207
2021,6106,陕西科技大学镐京学院(独立学院),002,财务管理,3,523,129130
2021,6106,陕西科技大学镐京学院(独立学院),003,人力资源管理,3,524,128262
2021,6106,陕西科技大学镐京学院(独立学院),004,国际经济与贸易,2,523,129575
2021,6106,陕西科技大学镐京学院(独立学院),005,物流管理,3,520,133092
2021,6106,陕西科技大学镐京学院(独立学院),006,电子商务,3,528,123660
2021,6106,陕西科技大学镐京学院(独立学院),007,健康服务与管理,3,521,132296
2021,6107,陕西理工大学,006,经济学,2,571,74350
2021,6107,陕西理工大学,007,国际经济与贸易,2,562,84478
2021,6107,陕西理工大学,008,学前教育(师范),2,568,77241
2021,6107,陕西理工大学,011,汉语国际教育,2,569,76517
2021,6107,陕西理工大学,012,英语(师范),2,577,67259
2021,6107,陕西理工大学,013,广播电视学,2,566,79829
2021,6107,陕西理工大学,014,化学(师范),2,574,70897
2021,6107,陕西理工大学,015,应用统计学,2,563,83280
2021,6107,陕西理工大学,016,机械设计制造及其自动化,3,546,103177
2021,6107,陕西理工大学,017,材料成型及控制工程,2,539,111280
2021,6107,陕西理工大学,018,车辆工程,2,543,106786
2021,6107,陕西理工大学,019,电气工程及其自动化,2,554,93758
2021,6107,陕西理工大学,020,电子信息工程,2,560,86146
2021,6107,陕西理工大学,021,通信工程,3,550,97806
2021,6107,陕西理工大学,022,电子信息科学与技术,2,555,92798
2021,6107,陕西理工大学,023,土木工程,2,548,100755
2021,6107,陕西理工大学,024,食品质量与安全,2,559,88020
2021,6107,陕西理工大学,025,生物工程,2,554,93617
2021,6107,陕西理工大学,026,物流管理,2,556,90863
2021,6107,陕西理工大学,027,旅游管理,2,555,92070
2021,6108,陕西师范大学(一流学科建设高校),001,新闻传播学类,2,642,10823
2021,6108,陕西师范大学(一流学科建设高校),002,历史学类,2,647,8168
2021,6108,陕西师范大学(一流学科建设高校),003,数学类,2,639,11973
2021,6108,陕西师范大学(一流学科建设高校),004,物理学类,2,636,13473
2021,6108,陕西师范大学(一流学科建设高校),005,生物科学类,2,645,9301
2021,6108,陕西师范大学(一流学科建设高校),006,计算机类,8,625,20669
2021,6108,陕西师范大学(一流学科建设高校),007,食品科学与工程类,2,628,18301
2021,6111,陕西中医药大学,001,临床医学,3,603,38801
2021,6111,陕西中医药大学,002,中医学,2,603,38771
2021,6112,渭南师范学院,002,电子商务,15,552,96532
2021,6113,西安财经大学,001,经济学,4,581,62347
2021,6113,西安财经大学,002,金融数学,2,577,67015
2021,6113,西安财经大学,003,商务英语,4,576,68286
2021,6113,西安财经大学,004,市场营销,3,575,69093
2021,6113,西安财经大学,005,会计学,2,603,39555
2021,6113,西安财经大学,006,城市管理,3,568,77103
2021,6113,西安财经大学,007,电子商务,4,572,73206
2021,6113,西安财经大学,008,大数据管理与应用,4,563,83142
2021,6113,西安财经大学,009,金融学(中外合作办学),4,565,81099
2021,6114,西安财经大学行知学院(独立学院),001,会计学,4,531,119755
2021,6114,西安财经大学行知学院(独立学院),002,金融学,4,528,123866
2021,6114,西安财经大学行知学院(独立学院),003,财政学,4,527,125359
2021,6114,西安财经大学行知学院(独立学院),005,经济统计学,6,495,
2021,6116,西安电子科技大学(一流学科建设高校),001,电子信息类,93,640,11750
2021,6116,西安电子科技大学(一流学科建设高校),002,计算机类,50,643,10136
2021,6116,西安电子科技大学(一流学科建设高校),003,自动化类(智能制造及智能测控),25,638,12471
2021,6116,西安电子科技大学(一流学科建设高校),004,数学类(数学、统计与信息、计算机科学深度融合培养),14,637,12899
2021,6118,西安翻译学院(民办),001,学前教育,4,532,119076
2021,6118,西安翻译学院(民办),002,汉语言文学,2,542,107782
2021,6118,西安翻译学院(民办),003,英语,4,529,122837
2021,6118,西安翻译学院(民办),004,德语,4,520,133423
2021,6118,西安翻译学院(民办),005,法语,4,524,128579
2021,6118,西安翻译学院(民办),006,西班牙语,2,526,125968
2021,6118,西安翻译学院(民办),007,日语,4,522,130629
2021,6118,西安翻译学院(民办),008,翻译,4,527,125105
2021,6118,西安翻译学院(民办),009,商务英语,4,526,126343
2021,6118,西安翻译学院(民办),010,财务管理,4,525,127769
2021,6118,西安翻译学院(民办),011,电子商务,4,522,130897
2021,6118,西安翻译学院(民办),502,大数据与会计,4,495,
2021,6118,西安翻译学院(民办),503,国际经济与贸易,4,495,
2021,6118,西安翻译学院(民办),508,小学英语教育,6,495,
2021,6118,西安翻译学院(民办),509,商务英语,4,495,
2021,6118,西安翻译学院(民办),510,旅游英语,4,495,
2021,6118,西安翻译学院(民办),511,应用日语,4,495,159596
2021,6118,西安翻译学院(民办),513,应用德语,4,495,
2021,6119,西安工程大学,004,金融工程,2,577,67443
2021,6119,西安工程大学,005,机械类,3,563,83105
2021,6119,西安工程大学,006,智能制造工程,2,560,86462
2021,6119,西安工程大学,007,材料类,3,560,86027
2021,6119,西安工程大学,008,电子信息类,3,564,81379
2021,6119,西安工程大学,009,计算机类,5,568,77419
2021,6119,西安工程大学,010,纺织类,5,558,88911
2021,6119,西安工程大学,011,大数据管理与应用,3,564,81512
2021,6119,西安工程大学,012,工商管理,4,569,76589
2021,6120,西安工业大学,001,数学与应用数学,2,578,66422
2021,6120,西安工业大学,002,机械电子工程,2,581,62298
2021,6120,西安工业大学,003,测控技术与仪器,2,575,68861
2021,6120,西安工业大学,004,自动化,2,578,65617
2021,6120,西安工业大学,005,材料类,3,569,75662
2021,6120,西安工业大学,006,工商管理类,2,584,59533
2021,6120,西安工业大学,007,英语,2,589,53672
2021,6121,西安工商学院(民办),001,计算机科学与技术,2,500,154913
2021,6121,西安工商学院(民办),002,电气工程及其自动化,2,496,159301
2021,6121,西安工商学院(民办),003,人力资源管理,3,520,132976
2021,6121,西安工商学院(民办),004,会计学,3,526,126404
2021,6121,西安工商学院(民办),005,财务管理,3,525,127552
2021,6121,西安工商学院(民办),006,汉语言文学,3,526,125681
2021,6121,西安工商学院(民办),007,网络与新媒体,4,521,131826
2021,6121,西安工商学院(民办),008,广告学,3,518,135489
2021,6121,西安工商学院(民办),009,金融科技,5,518,135737
2021,6121,西安工商学院(民办),503,跨境电子商务,2,495,
2021,6121,西安工商学院(民办),504,网络新闻与传播,4,495,
2021,6123,西安航空学院,001,机械设计制造及其自动化,5,535,115296
2021,6123,西安航空学院,002,材料科学与工程,5,532,119189
2021,6123,西安航空学院,003,电气工程及其自动化,5,538,112279
2021,6123,西安航空学院,004,建筑环境与能源应用工程,5,531,119857
2021,6125,西安建筑科技大学,001,建筑学,2,639,12156
2021,6125,西安建筑科技大学,002,城乡规划,2,631,16349
2021,6125,西安建筑科技大学,003,信息管理与信息系统,1,606,36156
2021,6125,西安建筑科技大学,004,工程管理,2,583,60034
2021,6125,西安建筑科技大学,005,会计学,2,595,47070
2021,6125,西安建筑科技大学,006,自动化,3,597,44692
2021,6125,西安建筑科技大学,007,计算机科学与技术,3,610,32545
2021,6125,西安建筑科技大学,008,通信工程,3,598,43932
2021,6125,西安建筑科技大学,009,人工智能,3,598,44299
2021,6125,西安建筑科技大学,010,材料类,3,579,64386
2021,6125,西安建筑科技大学,011,化工与制药类,2,586,56726
2021,6125,西安建筑科技大学,012,城市管理,2,594,48354
2021,6125,西安建筑科技大学,013,数学与应用数学,4,605,37365
2021,6125,西安建筑科技大学,014,数据科学与大数据技术,2,604,38137
2021,6125,西安建筑科技大学,015,法学,2,605,37492
2021,6125,西安建筑科技大学,016,英语,2,592,50001
2021,6125,西安建筑科技大学,017,公共管理类,2,590,52623
2021,6125,西安建筑科技大学,019,土木工程,3,612,30823
2021,6125,西安建筑科技大学,020,给排水科学与工程,2,603,38696
2021,6125,西安建筑科技大学,021,材料科学与工程,3,572,72276
2021,6125,西安建筑科技大学,022,机械设计制造及其自动化,3,604,38113
2021,6126,西安建筑科技大学华清学院(独立学院),001,建筑学,2,550,97924
2021,6126,西安建筑科技大学华清学院(独立学院),002,风景园林,3,537,113857
2021,6126,西安建筑科技大学华清学院(独立学院),003,给排水科学与工程,3,496,158914
2021,6126,西安建筑科技大学华清学院(独立学院),004,经济学,3,527,124787
2021,6126,西安建筑科技大学华清学院(独立学院),005,英语,4,526,126500
2021,6127,西安交通大学(一流大学建设高校),001,工科试验班(钱学森班之智能电气Q),6,656,5138
2021,6127,西安交通大学(一流大学建设高校),002,工科试验班(钱学森班之智慧能源动力Q),6,654,5707
2021,6127,西安交通大学(一流大学建设高校),003,工科试验班(钱学森班之智能技术与自动化Q),6,659,4381
2021,6127,西安交通大学(一流大学建设高校),004,工科试验班(钱学森班之智能制造Q),6,653,6081
2021,6127,西安交通大学(一流大学建设高校),005,工科试验班(越杰计划之智能电气与信息类Q),6,655,5308
2021,6127,西安交通大学(一流大学建设高校),006,工科试验班(越杰计划之智慧能源与智能制造类Q),6,652,6584
2021,6127,西安交通大学(一流大学建设高校),007,人工智能(AIH),2,660,3993
2021,6127,西安交通大学(一流大学建设高校),008,理科试验班(数学H),3,655,5523
2021,6127,西安交通大学(一流大学建设高校),009,理科试验班(计算机H),3,657,4811
2021,6127,西安交通大学(一流大学建设高校),010,工科试验班(智慧能源与智能制造类),49,648,8036
2021,6127,西安交通大学(一流大学建设高校),011,工科试验班(智能电气与信息类),53,651,6835
2021,6127,西安交通大学(一流大学建设高校),012,工科试验班(经管类),9,650,7048
2021,6127,西安交通大学(一流大学建设高校),013,会计学(ACCA),4,652,6533
2021,6127,西安交通大学(一流大学建设高校),014,理科试验班,2,653,6056
2021,6127,西安交通大学(一流大学建设高校),015,医学试验班(侯宗濂班H),3,656,5011
2021,6128,西安科技大学,001,建筑学,2,581,62830
2021,6128,西安科技大学,002,城乡规划,2,578,65336
2021,6128,西安科技大学,003,机械设计制造及其自动化,2,579,64908
2021,6128,西安科技大学,004,自动化,2,585,57458
2021,6128,西安科技大学,005,电气工程及其自动化,2,582,61479
2021,6128,西安科技大学,006,测控技术与仪器,2,576,68291
2021,6128,西安科技大学,007,电子信息工程,2,582,61353
2021,6128,西安科技大学,008,数据科学与大数据技术,2,581,62943
2021,6128,西安科技大学,009,环境工程,2,570,74596
2021,6128,西安科技大学,010,无机非金属材料工程,2,571,74382
2021,6128,西安科技大学,011,高分子材料与工程,2,569,76356
2021,6128,西安科技大学,012,工程力学,2,570,74587
2021,6128,西安科技大学,013,信息管理与信息系统,2,580,63628
2021,6128,西安科技大学,014,土木工程(中外合作办学),3,556,90776
2021,6128,西安科技大学,015,工商管理,2,578,66350
2021,6128,西安科技大学,016,电子商务,2,580,63903
2021,6129,西安科技大学高新学院(独立学院),001,汉语国际教育,2,531,120861
2021,6129,西安科技大学高新学院(独立学院),002,工程管理,2,495,
2021,6129,西安科技大学高新学院(独立学院),003,机械设计制造及其自动化,2,506,148336
2021,6129,西安科技大学高新学院(独立学院),004,电气工程及其自动化,2,503,152144
2021,6130,西安理工大学,001,材料科学与工程,2,588,54400
2021,6130,西安理工大学,002,机械设计制造及其自动化,2,591,50980
2021,6130,西安理工大学,003,光电信息科学与工程,2,603,38994
2021,6130,西安理工大学,004,数字媒体技术,2,587,55463
2021,6130,西安理工大学,005,自动化类,2,597,44897
2021,6130,西安理工大学,006,通信工程,2,593,49210
2021,6130,西安理工大学,007,微电子科学与工程,2,591,51407
2021,6130,西安理工大学,008,金融学,2,591,51863
2021,6130,西安理工大学,009,会计学,2,590,52049
2021,6130,西安理工大学,010,水利水电工程,3,595,46885
2021,6130,西安理工大学,011,计算机科学与技术,3,595,47087
2021,6130,西安理工大学,012,软件工程,2,596,46106
2021,6130,西安理工大学,013,人工智能,2,598,43713
2021,6130,西安理工大学,014,工业设计,1,597,45477
2021,6130,西安理工大学,015,土木工程,2,588,54649
2021,6130,西安理工大学,016,电气类,2,600,41588
2021,6131,西安理工大学高科学院(独立学院),001,机械设计制造及其自动化,5,495,
2021,6131,西安理工大学高科学院(独立学院),002,计算机科学与技术,2,499,156338
2021,6131,西安理工大学高科学院(独立学院),003,软件工程,3,495,
2021,6132,西安美术学院,008,艺术教育,2,565,80870
2021,6132,西安美术学院,009,学前教育,1,564,82290
2021,6133,西安欧亚学院(民办),001,经济统计学,2,523,129031
2021,6133,西安欧亚学院(民办),002,金融学,2,529,122979
2021,6133,西安欧亚学院(民办),003,国际经济与贸易,2,522,130929
2021,6133,西安欧亚学院(民办),004,学前教育,8,530,121121
2021,6133,西安欧亚学院(民办),005,小学教育,8,542,108193
2021,6133,西安欧亚学院(民办),006,英语,6,527,125401
2021,6133,西安欧亚学院(民办),007,新闻学,2,530,121127
2021,6133,西安欧亚学院(民办),008,网络与新媒体,2,533,117750
2021,6133,西安欧亚学院(民办),009,数字出版,2,527,124453
2021,6133,西安欧亚学院(民办),010,应用心理学,2,531,120772
2021,6133,西安欧亚学院(民办),011,数据科学与大数据技术,2,495,
2021,6133,西安欧亚学院(民办),013,工商管理,3,524,128363
2021,6133,西安欧亚学院(民办),014,市场营销,2,524,128134
2021,6133,西安欧亚学院(民办),015,会计学,3,527,125305
2021,6133,西安欧亚学院(民办),016,财务管理,3,526,125844
2021,6133,西安欧亚学院(民办),017,国际商务,5,521,132165
2021,6133,西安欧亚学院(民办),018,人力资源管理,8,520,132956
2021,6133,西安欧亚学院(民办),019,审计学,8,521,131606
2021,6133,西安欧亚学院(民办),020,体育经济与管理,4,516,137930
2021,6133,西安欧亚学院(民办),021,电子商务,5,520,133286
2021,6133,西安欧亚学院(民办),022,旅游管理,7,516,137002
2021,6133,西安欧亚学院(民办),023,会展经济与管理,2,521,131568
2021,6133,西安欧亚学院(民办),504,动漫制作技术,2,501,153495
2021,6133,西安欧亚学院(民办),517,软件技术,2,495,
2021,6134,西安培华学院(民办),005,市场营销,2,527,125044
2021,6134,西安培华学院(民办),006,会计学,2,534,117161
2021,6134,西安培华学院(民办),007,人力资源管理,2,532,119540
2021,6134,西安培华学院(民办),008,电子商务,2,529,122922
2021,6134,西安培华学院(民办),009,法学,2,551,97177
2021,6134,西安培华学院(民办),010,学前教育,2,547,102231
2021,6134,西安培华学院(民办),011,汉语言文学,2,543,107208
2021,6134,西安培华学院(民办),012,汉语国际教育,2,534,116434
2021,6134,西安培华学院(民办),013,英语,2,531,120793
2021,6134,西安培华学院(民办),014,日语,2,537,113340
2021,6134,西安培华学院(民办),015,新闻学,2,536,114520
2021,6134,西安培华学院(民办),016,电子信息工程,1,501,153455
2021,6134,西安培华学院(民办),017,通信工程,1,505,149996
2021,6134,西安培华学院(民办),018,软件工程,1,523,129454
2021,6134,西安培华学院(民办),019,数据科学与大数据技术,1,527,124404
2021,6134,西安培华学院(民办),020,土木工程,1,522,130786
2021,6134,西安培华学院(民办),021,建筑学,1,536,115143
2021,6134,西安培华学院(民办),022,药学,1,542,107669
2021,6134,西安培华学院(民办),023,护理学,2,544,105911
2021,6134,西安培华学院(民办),502,大数据与会计,4,495,
2021,6134,西安培华学院(民办),504,学前教育,4,495,
2021,6134,西安培华学院(民办),505,中文,4,495,160086
2021,6134,西安培华学院(民办),506,计算机应用技术,4,495,
2021,6134,西安培华学院(民办),509,口腔医学技术,10,495,
2021,6135,西安石油大学,003,英语,2,577,67601
2021,6135,西安石油大学,004,海洋油气工程,2,570,75581
2021,6135,西安石油大学,005,工业设计,2,568,77245
2021,6135,西安石油大学,006,计算机类,2,578,65338
2021,6136,西安思源学院(民办),001,教育学,2,527,124821
2021,6136,西安思源学院(民办),002,艺术教育,3,513,140583
2021,6136,西安思源学院(民办),003,学前教育,3,537,113477
2021,6136,西安思源学院(民办),004,小学教育,3,548,101008
2021,6136,西安思源学院(民办),005,中国语言文学类,3,537,113334
2021,6136,西安思源学院(民办),006,英语,2,531,120687
2021,6136,西安思源学院(民办),007,护理学,2,537,113834
2021,6136,西安思源学院(民办),008,财务管理,2,528,123263
2021,6136,西安思源学院(民办),503,护理,13,495,
2021,6136,西安思源学院(民办),508,学前教育,8,495,
2021,6139,西安外国语大学,001,经济学,1,625,20411
2021,6139,西安外国语大学,002,金融学,1,619,25439
2021,6139,西安外国语大学,003,国际经济与贸易,2,615,28267
2021,6139,西安外国语大学,004,汉语言文学,2,631,16975
2021,6139,西安外国语大学,005,汉语国际教育,1,629,18216
2021,6139,西安外国语大学,006,英语,7,623,22001
2021,6139,西安外国语大学,008,德语,2,621,23755
2021,6139,西安外国语大学,009,法语,2,623,22437
2021,6139,西安外国语大学,010,西班牙语,3,626,20269
2021,6139,西安外国语大学,013,葡萄牙语,2,617,26748
2021,6139,西安外国语大学,014,意大利语,1,619,25326
2021,6139,西安外国语大学,015,翻译,4,625,20881
2021,6139,西安外国语大学,016,商务英语,4,618,26125
2021,6139,西安外国语大学,017,新闻学,1,628,18967
2021,6139,西安外国语大学,018,会计学,2,612,30973
2021,6139,西安外国语大学,019,审计学,2,606,36058
2021,6140,西安外事学院(民办),001,俄语,4,518,135795
2021,6140,西安外事学院(民办),002,国际经济与贸易,2,523,129308
2021,6140,西安外事学院(民办),003,会计学,2,527,125425
2021,6140,西安外事学院(民办),004,旅游管理,3,518,135707
2021,6140,西安外事学院(民办),005,物流管理,2,519,134256
2021,6140,西安外事学院(民办),006,西班牙语,3,522,130574
2021,6140,西安外事学院(民办),007,德语,2,530,121518
2021,6140,西安外事学院(民办),502,应用英语(商贸英语),3,495,
2021,6140,西安外事学院(民办),503,大数据与会计,3,495,
2021,6140,西安外事学院(民办),504,应用日语,3,495,
2021,6140,西安外事学院(民办),506,应用法语,3,495,
2021,6141,西安文理学院,001,秘书学,3,558,88498
2021,6141,西安文理学院,002,文物与博物馆学,3,566,80185
2021,6141,西安文理学院,003,历史学,3,569,76675
2021,6141,西安文理学院,004,小学教育(师范),2,577,66968
2021,6141,西安文理学院,005,数据科学与大数据技术,3,548,101200
2021,6141,西安文理学院,006,材料科学与工程,3,554,93305
2021,6141,西安文理学院,007,化学工程与工艺,3,551,96929
2021,6141,西安文理学院,008,经济与金融,3,561,85649
2021,6141,西安文理学院,009,市场营销,3,556,91274
2021,6143,西安邮电大学,001,电子商务,2,578,65342
2021,6143,西安邮电大学,002,物流管理,2,579,64509
2021,6143,西安邮电大学,003,工业工程,2,581,62056
2021,6143,西安邮电大学,004,信息与计算科学,2,586,56824
2021,6143,西安邮电大学,005,应用物理学,2,578,66348
2021,6143,西安邮电大学,006,电子信息科学与技术,2,587,55734
2021,6143,西安邮电大学,007,通信工程,2,596,46333
2021,6143,西安邮电大学,008,电子信息工程,2,587,55713
2021,6143,西安邮电大学,009,电子科学与技术,2,596,45814
2021,6143,西安邮电大学,010,微电子科学与工程,1,587,56246
2021,6143,西安邮电大学,011,光电信息科学与工程,2,582,60907
2021,6143,西安邮电大学,012,集成电路设计与集成系统,2,590,52324
2021,6143,西安邮电大学,013,计算机科学与技术,2,596,45718
2021,6143,西安邮电大学,014,自动化,2,584,58967
2021,6143,西安邮电大学,015,智能科学与技术,2,586,56577
2021,6143,西安邮电大学,016,信息安全,2,593,49111
2021,6144,西北大学(一流学科建设高校),001,财政学,2,636,13786
2021,6144,西北大学(一流学科建设高校),002,社会工作,2,634,15068
2021,6144,西北大学(一流学科建设高校),003,外国语言文学类,4,634,14809
2021,6144,西北大学(一流学科建设高校),004,新闻传播学类,2,638,12865
2021,6144,西北大学(一流学科建设高校),005,考古学,1,651,6922
2021,6144,西北大学(一流学科建设高校),006,公共管理类,4,631,16725
2021,6144,西北大学(一流学科建设高校),007,化学,3,628,18790
2021,6144,西北大学(一流学科建设高校),008,生物技术,2,631,16881
2021,6144,西北大学(一流学科建设高校),009,数学类,4,631,16499
2021,6144,西北大学(一流学科建设高校),010,物理学类,4,630,17239
2021,6144,西北大学(一流学科建设高校),011,环境科学与工程类,4,624,21500
2021,6144,西北大学(一流学科建设高校),012,电子信息科学与技术(中外合作办学),10,608,34272
2021,6144,西北大学(一流学科建设高校),013,计算机类,8,634,14572
2021,6144,西北大学(一流学科建设高校),014,化工与制药类,4,623,22454
2021,6144,西北大学(一流学科建设高校),015,食品科学与工程,3,624,21768
2021,6145,西北工业大学(一流大学建设高校),001,航空航天类(本研衔接班),2,649,7669
2021,6145,西北工业大学(一流大学建设高校),002,计算机类(本研衔接班),3,649,7401
2021,6145,西北工业大学(一流大学建设高校),003,材料类(本研衔接班),2,643,10222
2021,6145,西北工业大学(一流大学建设高校),004,航空航天类(黄玉珊航空班),3,648,7745
2021,6145,西北工业大学(一流大学建设高校),005,航空航天类(陈士橹飞天班),2,649,7713
2021,6145,西北工业大学(一流大学建设高校),006,航空航天类,4,646,8679
2021,6145,西北工业大学(一流大学建设高校),007,海洋工程类(智慧海洋试验班),11,637,13204
2021,6145,西北工业大学(一流大学建设高校),008,材料类(新材料与化工试验班),8,640,11583
2021,6145,西北工业大学(一流大学建设高校),009,机械类(航宇智能制造试验班),6,642,10603
2021,6145,西北工业大学(一流大学建设高校),010,力学类(工程应用力学试验班),3,640,11727
2021,6145,西北工业大学(一流大学建设高校),011,能源动力类(航空动力与新能源试验班),8,641,11113
2021,6145,西北工业大学(一流大学建设高校),012,电子信息类,4,644,9512
2021,6145,西北工业大学(一流大学建设高校),013,自动化类,10,643,10008
2021,6145,西北工业大学(一流大学建设高校),014,计算机类,6,647,8162
2021,6145,西北工业大学(一流大学建设高校),015,物理学类,6,640,11688
2021,6145,西北工业大学(一流大学建设高校),016,经济与贸易类(国贸与法学),4,643,10145
2021,6145,西北工业大学(一流大学建设高校),017,外国语言文学类,4,640,11467
2021,6145,西北工业大学(一流大学建设高校),018,柔性电子学,3,643,9973
2021,6145,西北工业大学(一流大学建设高校),019,航空航天类(民用航空),8,645,9414
2021,6145,西北工业大学(一流大学建设高校),020,软件工程,12,645,9219
2021,6145,西北工业大学(一流大学建设高校),021,微电子科学与工程,13,641,10900
2021,6145,西北工业大学(一流大学建设高校),022,计算机类(网络安全),5,645,9111
2021,6145,西北工业大学(一流大学建设高校),023,材料科学与工程(中外合作办学),4,634,14944
2021,6145,西北工业大学(一流大学建设高校),024,高分子材料与工程(中外合作办学),3,632,16264
2021,6146,西安明德理工学院(民办),001,英语,3,526,125790
2021,6146,西安明德理工学院(民办),002,翻译,2,516,137275
2021,6146,西安明德理工学院(民办),003,德语,2,513,140289
2021,6146,西安明德理工学院(民办),004,日语,2,519,133835
2021,6146,西安明德理工学院(民办),005,能源经济,2,520,132886
2021,6146,西安明德理工学院(民办),006,金融学,2,519,133627
2021,6146,西安明德理工学院(民办),007,国际经济与贸易,2,525,127606
2021,6146,西安明德理工学院(民办),008,市场营销,2,515,138661
2021,6146,西安明德理工学院(民办),009,会计学,2,528,123802
2021,6146,西安明德理工学院(民办),010,财务管理,2,522,130516
2021,6146,西安明德理工学院(民办),011,电子信息工程,2,498,156413
2021,6146,西安明德理工学院(民办),012,机械设计制造及其自动化,2,508,145809
2021,6146,西安明德理工学院(民办),502,计算机应用技术,3,495,
2021,6147,西北农林科技大学(一流大学建设高校),001,法学,2,640,11799
2021,6147,西北农林科技大学(一流大学建设高校),002,社会学类,2,636,13855
2021,6147,西北农林科技大学(一流大学建设高校),003,英语,2,637,13324
2021,6147,西北农林科技大学(一流大学建设高校),004,农学(农学类),2,631,16438
2021,6147,西北农林科技大学(一流大学建设高校),005,智慧农业,2,630,17418
2021,6147,西北农林科技大学(一流大学建设高校),006,动物科学(动物类),2,625,20903
2021,6147,西北农林科技大学(一流大学建设高校),007,智慧牧业科学与工程,2,624,21450
2021,6147,西北农林科技大学(一流大学建设高校),008,草业科学,2,626,19736
2021,6147,西北农林科技大学(一流大学建设高校),010,风景园林,2,634,14983
2021,6147,西北农林科技大学(一流大学建设高校),011,环境科学与工程类,2,629,18030
2021,6147,西北农林科技大学(一流大学建设高校),012,环境科学(中外合作办学),4,615,28695
2021,6147,西北农林科技大学(一流大学建设高校),013,水利类,3,627,19175
2021,6147,西北农林科技大学(一流大学建设高校),014,机械类,3,628,18756
2021,6147,西北农林科技大学(一流大学建设高校),015,计算机类,3,633,15693
2021,6147,西北农林科技大学(一流大学建设高校),016,食品科学与工程类,2,628,18392
2021,6147,西北农林科技大学(一流大学建设高校),017,食品科学与工程(中外合作办学),3,617,27130
2021,6147,西北农林科技大学(一流大学建设高校),018,葡萄与葡萄酒工程,2,627,19491
2021,6147,西北农林科技大学(一流大学建设高校),019,生物科学类,2,628,18715
2021,6147,西北农林科技大学(一流大学建设高校),020,信息与计算科学,2,631,16427
2021,6147,西北农林科技大学(一流大学建设高校),021,化学类,2,627,19329
2021,6147,西北农林科技大学(一流大学建设高校),022,经济学类,2,636,13778
2021,6147,西北农林科技大学(一流大学建设高校),023,工商管理类,2,637,13340
2021,6147,西北农林科技大学(一流大学建设高校),024,植物生产类(卓越班),4,631,16465
2021,6147,西北农林科技大学(一流大学建设高校),025,动物医学(卓越班),4,628,18783
2021,6147,西北农林科技大学(一流大学建设高校),026,食品营养与健康(卓越班),2,628,18552
2021,6148,西北政法大学,001,法学(民商法),7,648,7980
2021,6148,西北政法大学,002,法学(经济法),7,644,9784
2021,6148,西北政法大学,003,法学(刑事法),5,643,10005
2021,6148,西北政法大学,004,法学(行政法),5,642,10767
2021,6148,西北政法大学,005,法学(国际法),5,641,11132
2021,6148,西北政法大学,006,法学(反恐怖主义法),2,641,11206
2021,6148,西北政法大学,007,经济学类,4,633,15624
2021,6149,西京学院(民办),005,国际经济与贸易,6,526,126625
2021,6149,西京学院(民办),006,汉语国际教育,2,530,121883
2021,6149,西京学院(民办),007,英语,5,526,126253
2021,6149,西京学院(民办),008,新闻学,3,534,116706
2021,6149,西京学院(民办),009,网络与新媒体,5,534,117344
2021,6149,西京学院(民办),010,医学影像技术,3,545,104652
2021,6149,西京学院(民办),011,会计学,8,526,126300
2021,6149,西京学院(民办),012,财务管理,6,523,129301
2021,6149,西京学院(民办),013,审计学,5,525,127170
2021,6149,西京学院(民办),014,电子商务,7,523,129086
2021,6150,咸阳师范学院,001,经济学,2,556,90719
2021,6150,咸阳师范学院,002,学前教育(师范),2,567,78661
2021,6150,咸阳师范学院,003,英语(师范),2,570,75529
2021,6150,咸阳师范学院,004,财务管理(师范),2,558,88933
2021,6150,咸阳师范学院,005,材料化学,2,550,98049
2021,6151,延安大学,001,汉语国际教育(师范),2,581,62251
2021,6151,延安大学,002,智能制造工程,2,543,106538
2021,6151,延安大学,003,过程装备与控制工程,2,535,115511
2021,6151,延安大学,004,化学工程与工艺,2,555,92756
2021,6151,延安大学,005,工程管理,5,536,114691
2021,6151,延安大学,006,生物科学类,6,558,89264
2021,6151,延安大学,007,土木类,6,543,106955
2021,6152,陕西国际商贸学院(民办),001,国际经济与贸易,2,522,130338
2021,6152,陕西国际商贸学院(民办),002,金融工程,2,523,128980
2021,6152,陕西国际商贸学院(民办),003,电子商务,3,524,128259
2021,6152,陕西国际商贸学院(民办),004,财务管理,2,522,130203
2021,6152,陕西国际商贸学院(民办),005,物流管理,2,525,127588
2021,6152,陕西国际商贸学院(民办),006,审计学,2,524,128108
2021,6152,陕西国际商贸学院(民办),007,英语,2,526,126376
2021,6152,陕西国际商贸学院(民办),008,汉语国际教育,1,532,118557
2021,6152,陕西国际商贸学院(民办),009,学前教育,2,529,122742
2021,6153,西安交通大学城市学院(独立学院),001,国际经济与贸易,5,495,
2021,6153,西安交通大学城市学院(独立学院),002,机械类,5,515,138320
2021,6153,西安交通大学城市学院(独立学院),003,能源与动力工程,2,514,139333
2021,6153,西安交通大学城市学院(独立学院),004,土木类,5,514,139290
2021,6153,西安交通大学城市学院(独立学院),005,电气类,5,508,146462
2021,6153,西安交通大学城市学院(独立学院),006,计算机类,10,518,135386
2021,6154,西安交通工程学院(民办),001,交通运输,3,499,155967
2021,6154,西安交通工程学院(民办),505,城市轨道交通通信信号技术,4,495,
2021,6154,西安交通工程学院(民办),509,工商企业管理,20,495,
2021,6156,商洛学院,001,英语(师范),2,564,82059
2021,6156,商洛学院,002,文化产业管理,2,552,95752
2021,6156,商洛学院,003,电子信息科学与技术,2,533,118046
2021,6156,商洛学院,004,电气工程及其自动化,2,531,120743
2021,6156,商洛学院,005,网络工程,2,530,121659
2021,6203,兰州城市学院,001,数学与应用数学(师范),2,534,116652
2021,6203,兰州城市学院,002,地理信息科学,2,556,91270
2021,6203,兰州城市学院,003,历史学(师范),2,564,81644
2021,6203,兰州城市学院,004,审计学,3,553,95366
2021,6203,兰州城市学院,006,通信工程,3,524,128032
2021,6203,兰州城市学院,007,汉语言文学(师范),2,564,82228
2021,6203,兰州城市学院,008,会计学(智能会计),3,553,95200
2021,6204,兰州大学(一流大学建设高校),001,法学,4,641,11117
2021,6204,兰州大学(一流大学建设高校),002,知识产权,5,639,12103
2021,6204,兰州大学(一流大学建设高校),003,汉语言文学,6,643,10351
2021,6204,兰州大学(一流大学建设高校),004,新闻传播学类,6,639,12285
2021,6204,兰州大学(一流大学建设高校),005,历史学类,6,643,10097
2021,6204,兰州大学(一流大学建设高校),006,经济学类,8,639,12083
2021,6204,兰州大学(一流大学建设高校),007,数学类,8,636,13483
2021,6204,兰州大学(一流大学建设高校),008,物理学类,17,633,15170
2021,6204,兰州大学(一流大学建设高校),009,化学类,10,632,15992
2021,6204,兰州大学(一流大学建设高校),010,生物科学类,8,631,16540
2021,6204,兰州大学(一流大学建设高校),011,理论与应用力学(基地班),6,632,16074
2021,6204,兰州大学(一流大学建设高校),012,电子信息类,9,635,14076
2021,6204,兰州大学(一流大学建设高校),013,计算机类,8,638,12480
2021,6204,兰州大学(一流大学建设高校),014,化工与制药类,6,631,16618
2021,6204,兰州大学(一流大学建设高校),015,临床医学类,14,633,15215
2021,6204,兰州大学(一流大学建设高校),016,口腔医学,7,643,10181
2021,6204,兰州大学(一流大学建设高校),018,工商管理类,13,635,14337
2021,6205,兰州交通大学,001,交通运输,3,588,54544
2021,6205,兰州交通大学,002,物流管理,3,554,93511
2021,6205,兰州交通大学,003,建筑环境与能源应用工程,3,549,99255
2021,6205,兰州交通大学,004,给排水科学与工程,2,563,82731
2021,6205,兰州交通大学,005,土木工程,2,576,68612
2021,6205,兰州交通大学,006,土木工程(卓越计划班),2,576,68139
2021,6205,兰州交通大学,007,工程造价,2,558,89219
2021,6205,兰州交通大学,008,水利水电工程,2,557,89638
2021,6205,兰州交通大学,009,工程管理,2,555,92659
2021,6205,兰州交通大学,010,机械设计制造及其自动化,2,568,77631
2021,6205,兰州交通大学,011,车辆工程,2,562,84058
2021,6205,兰州交通大学,012,车辆工程(卓越计划班),2,589,53970
2021,6205,兰州交通大学,013,测控技术与仪器,2,555,92086
2021,6205,兰州交通大学,014,国际经济与贸易,2,568,77205
2021,6205,兰州交通大学,015,工商管理,2,587,56091
2021,6205,兰州交通大学,016,财务管理,4,577,67517
2021,6205,兰州交通大学,017,电气工程及其自动化,3,572,72334
2021,6205,兰州交通大学,018,自动化,2,564,81337
2021,6205,兰州交通大学,019,轨道交通信号与控制,3,572,73013
2021,6205,兰州交通大学,020,电子信息工程,4,561,84966
2021,6205,兰州交通大学,021,通信工程,4,563,83551
2021,6205,兰州交通大学,022,计算机科学与技术,2,566,79240
2021,6205,兰州交通大学,023,物联网工程,2,563,83566
2021,6205,兰州交通大学,024,软件工程,2,567,78323
2021,6205,兰州交通大学,025,新能源科学与工程,2,555,91978
2021,6205,兰州交通大学,026,数据科学与大数据技术,4,561,85429
2021,6206,兰州博文科技学院(民办),001,投资学,2,518,135051
2021,6206,兰州博文科技学院(民办),002,地理信息科学,2,535,115488
2021,6206,兰州博文科技学院(民办),006,自动化,2,501,153607
2021,6206,兰州博文科技学院(民办),009,交通运输,3,530,121937
2021,6206,兰州博文科技学院(民办),010,交通工程,2,529,122438
2021,6206,兰州博文科技学院(民办),012,会计学,3,530,121299
2021,6206,兰州博文科技学院(民办),013,财务管理,2,530,121458
2021,6206,兰州博文科技学院(民办),014,酒店管理,2,517,136840
2021,6206,兰州博文科技学院(民办),015,国际经济与贸易,2,522,130081
2021,6206,兰州博文科技学院(民办),016,英语,2,526,125994
2021,6207,兰州理工大学,001,材料成型及控制工程,2,545,103904
2021,6207,兰州理工大学,002,功能材料,2,544,105966
2021,6207,兰州理工大学,003,焊接技术与工程,2,542,107609
2021,6207,兰州理工大学,004,金属材料工程,2,537,113825
2021,6207,兰州理工大学,005,机械设计制造及其自动化,6,548,101035
2021,6207,兰州理工大学,006,机械电子工程(流体传动与控制),4,547,101762
2021,6207,兰州理工大学,007,能源与动力工程(流体机械及工程),2,546,102620
2021,6207,兰州理工大学,008,水利水电工程,2,549,100079
2021,6207,兰州理工大学,009,过程装备与控制工程,2,544,104919
2021,6207,兰州理工大学,010,电气工程及其自动化,3,561,85965
2021,6207,兰州理工大学,011,电子信息科学与技术,3,555,92837
2021,6207,兰州理工大学,012,自动化,5,556,91183
2021,6207,兰州理工大学,013,计算机科学与技术,2,571,73818
2021,6207,兰州理工大学,014,软件工程,10,557,90641
2021,6207,兰州理工大学,015,通信工程,4,556,90996
2021,6207,兰州理工大学,016,物联网工程,2,562,84829
2021,6207,兰州理工大学,017,道路桥梁与渡河工程,4,544,104884
2021,6207,兰州理工大学,018,工程造价,2,547,101624
2021,6207,兰州理工大学,019,土木工程,6,549,99010
2021,6207,兰州理工大学,020,城乡规划,4,567,78895
2021,6207,兰州理工大学,021,工业设计,4,552,95652
2021,6207,兰州理工大学,022,建筑学,4,572,72972
2021,6207,兰州理工大学,023,信息与计算科学(计算数学与软件),4,551,96840
2021,6207,兰州理工大学,024,工商管理,2,568,77460
2021,6207,兰州理工大学,025,国际经济与贸易,4,561,85954
2021,6207,兰州理工大学,026,会计学,2,569,75974
2021,6207,兰州理工大学,029,金融学,3,565,80517
2021,6207,兰州理工大学,030,日语,3,556,91551
2021,6207,兰州理工大学,031,英语,2,572,73182
2021,6207,兰州理工大学,032,法学,2,580,64083
2021,6207,兰州理工大学,033,知识产权,3,569,76246
2021,6207,兰州理工大学,034,机器人工程,2,557,90304
2021,6207,兰州理工大学,035,微电子科学与工程,3,555,92385
2021,6208,兰州信息科技学院(民办),002,能源与动力工程,2,530,121742
2021,6208,兰州信息科技学院(民办),003,电子信息工程,2,495,
2021,6208,兰州信息科技学院(民办),004,通信工程,2,495,
2021,6208,兰州信息科技学院(民办),005,计算机科学与技术,2,498,157381
2021,6208,兰州信息科技学院(民办),006,软件工程,2,500,154544
2021,6208,兰州信息科技学院(民办),009,食品科学与工程,2,529,122870
2021,6208,兰州信息科技学院(民办),010,市场营销,4,517,136563
2021,6208,兰州信息科技学院(民办),011,财务管理,4,517,136554
2021,6208,兰州信息科技学院(民办),012,电子商务,4,516,137797
2021,6208,兰州信息科技学院(民办),014,物流管理,4,516,137239
2021,6209,兰州财经大学,001,财政学,2,563,83221
2021,6209,兰州财经大学,002,金融学,2,568,77714
2021,6209,兰州财经大学,003,金融工程,2,565,80847
2021,6209,兰州财经大学,004,保险学,2,558,88485
2021,6209,兰州财经大学,005,投资学,2,563,83544
2021,6209,兰州财经大学,006,国际经济与贸易,2,557,89815
2021,6209,兰州财经大学,007,法学,2,575,69194
2021,6209,兰州财经大学,008,人文地理与城乡规划,2,561,85759
2021,6209,兰州财经大学,009,房地产开发与管理,2,534,117290
2021,6209,兰州财经大学,010,会计学,2,573,71324
2021,6209,兰州财经大学,011,财务管理,2,565,80625
2021,6209,兰州财经大学,012,国际商务,2,555,92154
2021,6209,兰州财经大学,013,公共事业管理,2,557,90117
2021,6209,兰州财经大学,014,劳动与社会保障,2,561,85905
2021,6209,兰州财经大学,015,资产评估,2,562,84391
2021,6209,兰州财经大学,016,审计学,2,567,78298
2021,6209,兰州财经大学,017,经济学,2,564,81557
2021,6209,兰州财经大学,018,社会工作,2,557,89930
2021,6209,兰州财经大学,019,计算机科学与技术,2,554,93340
2021,6209,兰州财经大学,020,电子商务,2,556,91331
2021,6209,兰州财经大学,021,新闻学,2,564,81459
2021,6209,兰州财经大学,022,商务英语,2,557,89768
2021,6209,兰州财经大学,023,人力资源管理,2,557,89647
2021,6209,兰州财经大学,024,电子信息工程,2,547,101326
2021,6209,兰州财经大学,025,数字经济,2,563,83631
2021,6211,兰州工商学院(民办),001,金融学,9,518,134859
2021,6211,兰州工商学院(民办),002,信用管理,5,520,133175
2021,6211,兰州工商学院(民办),003,会计学,6,523,129094
2021,6211,兰州工商学院(民办),004,英语(金融与商务),4,524,128711
2021,6211,兰州工商学院(民办),006,工程管理,3,495,
2021,6211,兰州工商学院(民办),007,财务管理,3,520,133148
2021,6211,兰州工商学院(民办),008,审计学,4,523,129613
2021,6213,天水师范学院,001,汉语言文学(师范),4,560,86723
2021,6213,天水师范学院,002,法学,4,554,93603
2021,6213,天水师范学院,003,英语(师范),4,558,89231
2021,6213,天水师范学院,004,电子信息工程,2,521,131408
2021,6213,天水师范学院,005,数学与应用数学(师范),4,526,125962
2021,6213,天水师范学院,006,应用化学,4,543,106418
2021,6214,西北民族大学,001,教育技术学,2,545,104096
2021,6214,西北民族大学,002,电子信息类,10,495,
2021,6214,西北民族大学,003,动物科学,2,530,121109
2021,6214,西北民族大学,004,动物医学,2,538,112811
2021,6214,西北民族大学,005,食品科学与工程,3,535,116241
2021,6214,西北民族大学,006,计算机类,15,495,
2021,6214,西北民族大学,007,数学与应用数学,2,503,151488
2021,6214,西北民族大学,008,土木工程,6,495,
2021,6214,西北民族大学,009,无机非金属材料工程,2,528,123860
2021,6214,西北民族大学,010,工商管理,2,533,118409
2021,6214,西北民族大学,011,法学,4,549,99430
2021,6214,西北民族大学,012,文物与博物馆学,2,547,102067
2021,6214,西北民族大学,013,民族学,2,550,98079
2021,6214,西北民族大学,014,社会学类,7,532,118893
2021,6214,西北民族大学,015,英语,3,543,106922
2021,6214,西北民族大学,016,新闻传播学类,4,540,110513
2021,6214,西北民族大学,017,中国语言文学类,2,551,96804
2021,6215,西北师范大学,001,大数据管理与应用,2,565,80933
2021,6215,西北师范大学,002,特殊教育(师范),2,578,65684
2021,6215,西北师范大学,003,心理学类(师范),2,592,50449
2021,6215,西北师范大学,004,金融学,2,572,73292
2021,6215,西北师范大学,005,工商管理类,4,564,81513
2021,6215,西北师范大学,006,翻译,2,578,65621
2021,6215,西北师范大学,007,电子信息工程,2,562,84601
2021,6215,西北师范大学,008,社会学类,2,572,72681
2021,6215,西北师范大学,009,化学工程与工艺,2,560,87118
2021,6215,西北师范大学,010,生物科学类,2,573,71869
2021,6215,西北师范大学,011,制药工程,2,562,83775
2021,6215,西北师范大学,012,教育技术学(师范),2,564,81877
2021,6215,西北师范大学,013,新闻学,2,578,66471
2021,6215,西北师范大学,014,汉语国际教育(师范),2,589,53147
2021,6217,甘肃农业大学,001,园林,3,554,93864
2021,6217,甘肃农业大学,002,地理信息科学,5,557,90184
2021,6217,甘肃农业大学,003,劳动与社会保障,3,555,92265
2021,6218,甘肃政法大学,001,金融学,1,568,77372
2021,6218,甘肃政法大学,002,知识产权,1,584,59578
2021,6218,甘肃政法大学,003,政治学与行政学,1,574,71012
2021,6218,甘肃政法大学,004,思想政治教育,1,572,73274
2021,6218,甘肃政法大学,005,人工智能,1,549,99359
2021,6218,甘肃政法大学,006,计算机科学与技术,1,551,96734
2021,6218,甘肃政法大学,007,信息安全,1,556,91388
2021,6218,甘肃政法大学,008,网络空间安全,1,563,82914
2021,6218,甘肃政法大学,009,信息管理与信息系统,1,548,100528
2021,6218,甘肃政法大学,010,会计学,1,569,76669
2021,6218,甘肃政法大学,011,财务管理,1,570,74622
2021,6218,甘肃政法大学,012,行政管理,1,573,71520
2021,6218,甘肃政法大学,013,法学,10,587,56201
2021,6218,甘肃政法大学,014,安全防范工程,1,582,61113
2021,6218,甘肃政法大学,015,法学(涉外法治),2,584,58853
2021,6219,兰州石化职业技术大学(独立学院),502,石油炼制技术,1,513,141155
2021,6301,青海大学(一流学科建设高校),001,经济学,1,620,24272
2021,6301,青海大学(一流学科建设高校),002,临床医学,2,620,24223
2021,6301,青海大学(一流学科建设高校),003,信息管理与信息系统,1,596,46014
2021,6301,青海大学(一流学科建设高校),004,麻醉学,1,614,29571
2021,6301,青海大学(一流学科建设高校),005,口腔医学,1,631,16509
2021,6301,青海大学(一流学科建设高校),006,预防医学,1,613,30088
2021,6301,青海大学(一流学科建设高校),007,药学,1,621,23342
2021,6301,青海大学(一流学科建设高校),008,护理学,2,580,63277
2021,6301,青海大学(一流学科建设高校),009,食品科学与工程,1,622,22708
2021,6301,青海大学(一流学科建设高校),010,植物生产类,1,580,63049
2021,6301,青海大学(一流学科建设高校),011,动物科学,1,589,53039
2021,6301,青海大学(一流学科建设高校),012,林学,1,596,46091
2021,6301,青海大学(一流学科建设高校),013,园林,1,592,50599
2021,6301,青海大学(一流学科建设高校),014,草业科学,1,590,52476
2021,6301,青海大学(一流学科建设高校),015,应用化学,2,593,48901
2021,6301,青海大学(一流学科建设高校),016,化学工程与工艺(卓越工程师),2,589,53397
2021,6301,青海大学(一流学科建设高校),017,环境工程,1,593,49337
2021,6301,青海大学(一流学科建设高校),018,自动化,1,601,40792
2021,6301,青海大学(一流学科建设高校),019,电气工程及其自动化,2,615,28350
2021,6301,青海大学(一流学科建设高校),020,土木工程,2,595,47692
2021,6301,青海大学(一流学科建设高校),021,给排水科学与工程,1,592,49876
2021,6301,青海大学(一流学科建设高校),022,城乡规划,1,607,35877
2021,6301,青海大学(一流学科建设高校),023,生物工程,1,597,45638
2021,6301,青海大学(一流学科建设高校),024,环境生态工程,1,596,46505
2021,6301,青海大学(一流学科建设高校),025,测绘工程,1,595,46722
2021,6301,青海大学(一流学科建设高校),026,新能源材料与器件,1,595,46880
2021,6301,青海大学(一流学科建设高校),027,金融学,1,609,33614
2021,6301,青海大学(一流学科建设高校),028,计算机科学与技术,2,608,34322
2021,6301,青海大学(一流学科建设高校),029,动物医学(卓越兽医师),1,599,42770
2021,6301,青海大学(一流学科建设高校),030,材料成型及控制工程(卓越工程师),1,589,53851
2021,6301,青海大学(一流学科建设高校),031,机械设计制造及其自动化,2,598,44341
2021,6301,青海大学(一流学科建设高校),032,材料科学与工程,1,593,49402
2021,6301,青海大学(一流学科建设高校),033,水利水电工程,2,594,47823
2021,6303,青海民族大学,001,经济与金融,2,554,93841
2021,6303,青海民族大学,002,汉语言文学,2,561,85027
2021,6303,青海民族大学,003,广播电视学,2,552,96162
2021,6303,青海民族大学,004,数学与应用数学(师范),2,532,118574
2021,6303,青海民族大学,005,应用化学,2,544,104877
2021,6303,青海民族大学,006,材料物理,2,526,125792
2021,6303,青海民族大学,007,电子信息科学与技术,2,524,128857
2021,6303,青海民族大学,008,计算机科学与技术,2,540,109730
2021,6303,青海民族大学,009,水利水电工程,2,529,122447
2021,6303,青海民族大学,010,交通运输,2,544,105827
2021,6303,青海民族大学,011,交通工程,2,542,107394
2021,6303,青海民族大学,012,信息管理与信息系统,2,522,130144
2021,6303,青海民族大学,013,会计学,2,521,131359
2021,6303,青海民族大学,014,土木工程,2,523,129129
2021,6303,青海民族大学,015,物理学(师范),2,526,125673
2021,6404,北方民族大学,001,电气类,1,533,118233
2021,6404,北方民族大学,002,电子信息类,2,533,117518
2021,6404,北方民族大学,003,医学技术类,1,554,93882
2021,6404,北方民族大学,004,旅游管理,1,555,92808
2021,6404,北方民族大学,005,计算机类,3,547,101739
2021,6404,北方民族大学,006,工商管理类,1,566,80088
2021,6404,北方民族大学,007,生物科学类,2,551,96899
2021,6404,北方民族大学,008,食品科学与工程,1,565,81302
2021,6404,北方民族大学,009,外国语言文学类,1,560,87164
2021,6404,北方民族大学,010,阿拉伯语,1,557,90285
2021,6404,北方民族大学,011,汉语言文学,1,572,72694
2021,6404,北方民族大学,012,新闻传播学类,1,567,78986
2021,6404,北方民族大学,013,数学类,2,540,109487
2021,6404,北方民族大学,014,统计学类,1,552,95832
2021,6404,北方民族大学,015,电子商务,2,551,97277
2021,6404,北方民族大学,016,物流管理,1,552,95747
2021,6404,北方民族大学,017,法学,1,571,74274
2021,6404,北方民族大学,018,经济学类,1,558,88643
2021,6404,北方民族大学,019,金融学,1,559,88034
2021,6405,宁夏大学(一流学科建设高校),001,英语(翻译),3,604,38605
2021,6405,宁夏大学(一流学科建设高校),002,工商管理类,3,602,39889
2021,6405,宁夏大学(一流学科建设高校),003,电气工程及其自动化,2,609,33693
2021,6405,宁夏大学(一流学科建设高校),004,电子信息类,3,602,40088
2021,6405,宁夏大学(一流学科建设高校),005,新能源材料与器件,2,598,43726
2021,6405,宁夏大学(一流学科建设高校),006,化学工程与工艺,3,594,48041
2021,6405,宁夏大学(一流学科建设高校),007,机械类,3,595,46679
2021,6405,宁夏大学(一流学科建设高校),008,建筑类,2,603,38983
2021,6406,宁夏大学新华学院(独立学院),001,汉语言文学,2,535,115928
2021,6406,宁夏大学新华学院(独立学院),002,工商管理(人力资源),3,524,128117
2021,6406,宁夏大学新华学院(独立学院),003,财务管理,3,524,128170
2021,6408,宁夏理工学院(民办),001,会计学,4,521,132071
2021,6408,宁夏理工学院(民办),002,审计学,3,521,132075
2021,6408,宁夏理工学院(民办),003,财务管理(大数据财务),15,516,137724
2021,6408,宁夏理工学院(民办),004,电子商务,8,516,137047
2021,6408,宁夏理工学院(民办),005,市场营销,7,517,136846
2021,6408,宁夏理工学院(民办),006,国际经济与贸易,6,517,136321
2021,6408,宁夏理工学院(民办),007,金融学,6,520,132957
2021,6408,宁夏理工学院(民办),008,经济与金融,6,515,138416
2021,6408,宁夏理工学院(民办),009,社会工作,4,520,132697
2021,6408,宁夏理工学院(民办),010,物联网工程,3,495,
2021,6408,宁夏理工学院(民办),012,电气工程及其自动化(智能电气),2,495,
2021,6408,宁夏理工学院(民办),013,自动化,2,495,
2021,6408,宁夏理工学院(民办),016,机械工程,4,495,
2021,6408,宁夏理工学院(民办),017,能源与动力工程,6,522,130461
2021,6408,宁夏理工学院(民办),018,工业设计,2,495,160430
2021,6408,宁夏理工学院(民办),019,交通运输,4,522,130543
2021,6408,宁夏理工学院(民办),022,计算机类,7,495,
2021,6408,宁夏理工学院(民办),023,土木工程,4,495,
2021,6408,宁夏理工学院(民办),024,工程管理,2,498,156487
2021,6408,宁夏理工学院(民办),026,环境工程,4,524,128877
2021,6408,宁夏理工学院(民办),028,应用化学(卓越班),4,528,124038
2021,6408,宁夏理工学院(民办),029,制药工程,6,527,124951
2021,6408,宁夏理工学院(民办),030,资源循环科学与工程,2,523,129250
2021,6408,宁夏理工学院(民办),031,能源化学工程,2,529,122810
2021,6408,宁夏理工学院(民办),032,英语,22,518,134901
2021,6408,宁夏理工学院(民办),033,日语,6,519,134426
2021,6408,宁夏理工学院(民办),035,汉语言文学,7,526,125778
2021,6408,宁夏理工学院(民办),036,学前教育,5,526,126535
2021,6408,宁夏理工学院(民办),501,大数据与会计,2,507,147429
2021,6408,宁夏理工学院(民办),505,计算机应用技术,2,495,
2021,6408,宁夏理工学院(民办),506,建筑工程技术,1,507,147270
2021,6408,宁夏理工学院(民办),507,应用化工技术,2,509,145068
2021,6408,宁夏理工学院(民办),508,化学制药技术,2,495,160478
2021,6408,宁夏理工学院(民办),509,应用英语,1,496,158960
2021,6409,宁夏医科大学,001,临床医学,5,603,38693
2021,6409,宁夏医科大学,002,麻醉学,2,599,43241
2021,6409,宁夏医科大学,003,医学影像学,1,590,52459
2021,6409,宁夏医科大学,004,口腔医学,2,613,30190
2021,6409,宁夏医科大学,005,中医学,2,584,58748
2021,6501,石河子大学(一流学科建设高校),001,环境工程,2,579,64433
2021,6501,石河子大学(一流学科建设高校),002,电气工程及其自动化,4,591,51538
2021,6501,石河子大学(一流学科建设高校),003,食品科学与工程类,2,583,59937
2021,6501,石河子大学(一流学科建设高校),004,计算机类,4,582,61029
2021,6501,石河子大学(一流学科建设高校),005,临床医学,6,596,45665
2021,6501,石河子大学(一流学科建设高校),006,口腔医学,2,601,41363
2021,6501,石河子大学(一流学科建设高校),007,经济学类,6,585,57977
2021,6501,石河子大学(一流学科建设高校),008,新闻传播学类,2,590,52697
2021,6501,石河子大学(一流学科建设高校),009,工商管理类,6,582,61898
2021,6501,石河子大学(一流学科建设高校),010,护理学,4,576,68294
2021,6501,石河子大学(一流学科建设高校),011,社会工作,4,581,62833
2021,6501,石河子大学(一流学科建设高校),012,机械类,4,575,69707
2021,6502,新疆财经大学,001,金融科技,2,543,106048
2021,6502,新疆财经大学,002,金融工程,5,525,127586
2021,6502,新疆财经大学,003,保险学,2,545,104412
2021,6502,新疆财经大学,004,数据科学与大数据技术,5,522,131043
2021,6502,新疆财经大学,005,工商管理,2,551,96753
2021,6502,新疆财经大学,006,会计学,5,556,91012
2021,6502,新疆财经大学,007,财务管理,2,551,97105
2021,6502,新疆财经大学,008,审计学,2,554,93965
2021,6502,新疆财经大学,009,经济学,8,549,99470
2021,6502,新疆财经大学,010,财政学,3,550,98287
2021,6502,新疆财经大学,011,新闻学,5,548,100940
2021,6502,新疆财经大学,012,网络空间安全,4,521,131616
2021,6503,新疆科技学院,001,会计学,3,546,103368
2021,6503,新疆科技学院,002,财务管理,3,545,104340
2021,6503,新疆科技学院,003,金融学,3,545,104865
2021,6503,新疆科技学院,004,国际经济与贸易,3,542,108221
2021,6503,新疆科技学院,005,新闻学,2,549,100075
2021,6503,新疆科技学院,006,税收学,3,545,104301
2021,6503,新疆科技学院,007,人力资源管理,3,543,107141
2021,6503,新疆科技学院,008,市场营销,3,542,108324
2021,6503,新疆科技学院,009,法学,2,548,100697
2021,6503,新疆科技学院,010,电子商务,3,541,109107
2021,6503,新疆科技学院,011,旅游管理,2,543,107026
2021,6503,新疆科技学院,012,计算机科学与技术,2,523,129475
2021,6503,新疆科技学院,013,信息安全,2,516,137288
2021,6503,新疆科技学院,014,化学工程与工艺,2,513,140234
2021,6503,新疆科技学院,015,纺织工程,2,504,150200
2021,6503,新疆科技学院,016,轻化工程,2,511,142560
2021,6504,新疆大学(一流大学建设高校),001,物理学,2,592,49808
2021,6504,新疆大学(一流大学建设高校),002,资源勘查工程,2,582,60822
2021,6504,新疆大学(一流大学建设高校),004,数学与应用数学,2,598,43661
2021,6504,新疆大学(一流大学建设高校),005,自然地理与资源环境,2,586,57266
2021,6504,新疆大学(一流大学建设高校),006,电子信息工程,2,591,51149
2021,6504,新疆大学(一流大学建设高校),007,自动化,2,584,58686
2021,6504,新疆大学(一流大学建设高校),008,经济学,2,599,43388
2021,6504,新疆大学(一流大学建设高校),009,信息安全,2,591,51403
2021,6504,新疆大学(一流大学建设高校),010,机器人工程,3,586,57254
2021,6504,新疆大学(一流大学建设高校),011,国际经济与贸易,2,590,52231
2021,6504,新疆大学(一流大学建设高校),012,工商管理类,4,580,64088
2021,6504,新疆大学(一流大学建设高校),013,化学工程与工艺,2,585,58372
2021,6504,新疆大学(一流大学建设高校),014,土木工程,3,579,64663
2021,6504,新疆大学(一流大学建设高校),015,法学,2,601,41138
2021,6504,新疆大学(一流大学建设高校),016,新闻传播学类,4,587,56280
2021,6504,新疆大学(一流大学建设高校),017,汉语国际教育,2,589,53972
2021,6504,新疆大学(一流大学建设高校),018,机械类,2,599,42769
2021,6504,新疆大学(一流大学建设高校),019,纺织工程,2,579,64623
2021,6504,新疆大学(一流大学建设高校),020,电气工程及其自动化,4,600,41703
2021,6504,新疆大学(一流大学建设高校),021,英语,2,599,43426
2021,6504,新疆大学(一流大学建设高校),022,数据科学与大数据技术,1,591,51088
2021,6504,新疆大学(一流大学建设高校),023,计算机科学与技术,2,595,47414
2021,6504,新疆大学(一流大学建设高校),024,汉语言文学,2,593,49645
2021,6504,新疆大学(一流大学建设高校),025,生态学,2,582,61362
2021,6504,新疆大学(一流大学建设高校),026,机械类,4,586,57021
2021,6504,新疆大学(一流大学建设高校),027,软件工程,17,580,63881
2021,6504,新疆大学(一流大学建设高校),028,软件工程,2,587,55426
2021,6505,新疆理工学院,001,市场营销,6,539,110820
2021,6505,新疆理工学院,002,物流管理,6,539,111683
2021,6505,新疆理工学院,003,国际经济与贸易,9,539,110866
2021,6505,新疆理工学院,004,法学,6,546,103432
2021,6505,新疆理工学院,005,社会工作,4,543,106283
2021,6505,新疆理工学院,006,机械设计制造及其自动化,4,516,137611
2021,6505,新疆理工学院,007,电气工程及其自动化,4,517,136092
2021,6505,新疆理工学院,008,智能科学与技术,4,512,141966
2021,6505,新疆理工学院,009,土木工程,4,512,141550
2021,6505,新疆理工学院,010,食品营养与检验教育,3,532,118578
2021,6506,新疆工程学院,001,消防工程,4,503,151458
2021,6506,新疆工程学院,002,机械电子工程,6,508,145854
2021,6506,新疆工程学院,003,机械设计制造及其自动化,4,516,137088
2021,6506,新疆工程学院,004,测控技术与仪器,5,507,147330
2021,6506,新疆工程学院,005,自动化,5,513,140878
2021,6506,新疆工程学院,006,建筑环境与能源应用工程,5,504,150348
2021,6506,新疆工程学院,007,土木工程,5,517,135907
2021,6506,新疆工程学院,008,数据科学与大数据技术,2,521,131892
2021,6506,新疆工程学院,009,通信工程,4,512,141830
2021,6507,新疆农业大学,001,经济学,10,539,111194
2021,6507,新疆农业大学,002,经济与贸易类,5,543,106884
2021,6507,新疆农业大学,003,国际经济与贸易,10,543,107098
2021,6507,新疆农业大学,004,法学,10,551,97567
2021,6507,新疆农业大学,005,英语,3,553,95155
2021,6507,新疆农业大学,006,地理信息科学,10,546,103503
2021,6507,新疆农业大学,007,土木工程,10,519,133763
2021,6507,新疆农业大学,008,水利水电工程,10,544,105654
2021,6507,新疆农业大学,009,农业水利工程,10,533,118379
2021,6507,新疆农业大学,010,自然保护与环境生态类,10,538,111840
2021,6507,新疆农业大学,011,动物科学,10,536,115037
2021,6507,新疆农业大学,012,动物医学,5,543,106679
2021,6507,新疆农业大学,013,工商管理类,20,525,127417
2021,6507,新疆农业大学,014,市场营销,10,539,111098
2021,6507,新疆农业大学,015,会计学,10,542,108172
2021,6507,新疆农业大学,016,人力资源管理,10,536,114924
2021,6507,新疆农业大学,017,农林经济管理,17,536,114176
2021,6507,新疆农业大学,018,土地资源管理,10,534,116930
2021,6507,新疆农业大学,019,城市管理,10,535,115807
2021,6507,新疆农业大学,020,旅游管理,10,538,112527
2021,6509,新疆师范大学,001,思想政治教育(师范),4,567,79014
2021,6509,新疆师范大学,002,公共事业管理,4,550,98400
2021,6509,新疆师范大学,003,经济学,4,556,90989
2021,6509,新疆师范大学,004,学前教育(师范),1,563,83271
2021,6509,新疆师范大学,005,小学教育(师范),1,568,76794
2021,6509,新疆师范大学,006,特殊教育(师范),1,564,82002
2021,6509,新疆师范大学,007,汉语言文学(师范),3,569,75664
2021,6509,新疆师范大学,008,历史学(师范),2,566,79219
2021,6509,新疆师范大学,009,社会工作,2,550,98887
2021,6509,新疆师范大学,010,英语(师范),1,566,79323
2021,6509,新疆师范大学,011,俄语,3,544,105750
2021,6509,新疆师范大学,012,汉语国际教育,2,557,90062
2021,6509,新疆师范大学,013,数学与应用数学(师范),2,545,104349
2021,6509,新疆师范大学,014,信息与计算科学,1,531,119727
2021,6509,新疆师范大学,015,物理学(师范),4,531,120837
2021,6509,新疆师范大学,016,电子信息科学与技术,4,527,124754
2021,6509,新疆师范大学,017,计算机科学与技术(师范),4,536,114221
2021,6509,新疆师范大学,018,软件工程,3,527,124339
2021,6509,新疆师范大学,019,生物科学(师范),1,577,67064
2021,6510,新疆第二医学院,001,临床医学,8,551,96746
2021,6510,新疆第二医学院,002,口腔医学,2,561,84950
2021,6510,新疆第二医学院,003,中西医临床医学,3,553,94945
2021,6510,新疆第二医学院,004,药学,2,548,101115
2021,6510,新疆第二医学院,005,医学检验技术,2,547,101852
2021,6510,新疆第二医学院,006,医学影像技术,3,532,118613
2021,6510,新疆第二医学院,007,护理学,2,545,103730
2021,6510,新疆第二医学院,008,信息管理与信息系统,2,518,134857
2021,6510,新疆第二医学院,009,公共事业管理,2,555,92617
2021,6510,新疆第二医学院,010,卫生检验与检疫,2,547,101843
2021,6510,新疆第二医学院,011,麻醉学,2,555,92372
2021,6515,塔里木大学,001,工商管理类,5,545,103978
2021,6515,塔里木大学,002,物流管理,5,543,106573
2021,6515,塔里木大学,003,电气工程及其自动化,5,527,124886
2021,6515,塔里木大学,004,机械电子工程,5,524,127927
2021,6516,新疆医科大学,001,临床医学(5+3一体化),2,606,36247
2021,6516,新疆医科大学,002,临床医学,15,572,72257
2021,6516,新疆医科大学,003,口腔医学,1,592,50021
2021,6516,新疆医科大学,004,中医学,5,570,74777
2021,6516,新疆医科大学,005,儿科学,2,564,82211
2021,6516,新疆医科大学,006,麻醉学,2,568,76918
2021,6516,新疆医科大学,007,医学影像学,2,565,81194
2021,6516,新疆医科大学,008,医学检验技术,2,537,113723
2021,6516,新疆医科大学,009,药学,3,554,93857
2021,6516,新疆医科大学,010,预防医学,2,556,90705
2021,6516,新疆医科大学,011,中药学,2,552,96384
2021,6516,新疆医科大学,012,信息管理与信息系统,1,536,114564
2021,6516,新疆医科大学,013,公共事业管理,1,555,92522
2021,6517,中国石油大学(北京)克拉玛依校区(一流学科建设高校),001,石油工程,2,590,52796
2021,6517,中国石油大学(北京)克拉玛依校区(一流学科建设高校),002,计算机类,2,610,33042
2021,6517,中国石油大学(北京)克拉玛依校区(一流学科建设高校),003,化学工程与工艺,2,578,65331
2021,6517,中国石油大学(北京)克拉玛依校区(一流学科建设高校),004,能源化学工程,2,575,69319
2021,6517,中国石油大学(北京)克拉玛依校区(一流学科建设高校),005,机械类,2,576,67774
2021,6517,中国石油大学(北京)克拉玛依校区(一流学科建设高校),006,油气储运工程,2,585,58055
2021,6517,中国石油大学(北京)克拉玛依校区(一流学科建设高校),007,环境工程,2,569,75801
2021,6517,中国石油大学(北京)克拉玛依校区(一流学科建设高校),008,自动化,2,586,56672
2021,6517,中国石油大学(北京)克拉玛依校区(一流学科建设高校),009,经济学类,2,581,61954
2021,6517,中国石油大学(北京)克拉玛依校区(一流学科建设高校),010,会计学,2,579,64750
2021,9001,海军军医大学(一流学科建设高校),007,生物技术,1,639,12135
2021,9001,海军军医大学(一流学科建设高校),008,临床医学(高级临床医师),5,657,4947
2021,9001,海军军医大学(一流学科建设高校),009,临床医学(临床医师),10,646,8756
2021,9001,海军军医大学(一流学科建设高校),010,麻醉学(临床麻醉医师),1,647,8247
2021,9001,海军军医大学(一流学科建设高校),011,医学影像学(临床影像医师),1,643,9959
2021,9001,海军军医大学(一流学科建设高校),012,中医学(中医临床医师),1,644,9695
2021,9001,海军军医大学(一流学科建设高校),013,药学(药剂师),2,637,13369
2021,9001,海军军医大学(一流学科建设高校),014,中药学(药剂师),1,647,8266
2021,9001,海军军医大学(一流学科建设高校),015,护理学(护师),2,589,
2021,9031,中国人民警察大学,001,消防工程,4,588,54535
2021,9031,中国人民警察大学,002,电子信息工程(智慧消防),2,602,39629
2021,9031,中国人民警察大学,003,消防指挥,1,593,48931
2021,9031,中国人民警察大学,004,抢险救援指挥与技术,1,583,60743
2021,9031,中国人民警察大学,005,核生化消防,2,581,62722
2021,9031,中国人民警察大学,006,海外安全管理,2,600,42127
2021,9034,中国人民公安大学(一流学科建设高校),001,法学,3,649,7687
